"33_076. Galantis - Firebird (Official Audio)_noise_-15dB_sample1.wav",182,0,0,1,0,0,0,0,0,1,0,0,0,0,29,0,0,22,0,0,0,1,0,0,0,0,0,0,0,2,0,0,1,0,0,0,0,0,0,0,0,5,0,0,0,0,1,1,0,0,0,0,0,1,0,0,0,0,0,0,16,0,0,0,0,0,1,0,1,36,0,0,0,1,0,0,0,0,0,1,0,0,0,0,1,0,0,0,0,0,1,0,0,0,1,0,2,0,0,1,0
"31_058. Rub Some Bacon on It_noise_-15dB_sample1.wav",165,0,0,0,0,0,0,0,0,0,0,0,0,0,22,0,0,22,0,0,0,0,0,0,0,0,0,0,0,0,0,0,0,8,0,1,0,0,0,0,0,3,0,0,1,0,0,0,0,0,0,0,0,0,0,0,1,0,0,0,0,0,0,0,0,0,0,0,0,22,0,0,0,1,0,0,0,0,0,0,0,0,0,0,0,0,0,0,0,1,0,0,0,0,0,0,0,0,0,0,0
"15_060. My OCD (Song)_noise_-15dB_sample1.wav",176,0,0,1,0,0,0,1,0,0,0,0,13,0,28,0,0,22,0,0,0,0,0,0,0,1,0,0,0,0,0,0,0,0,0,0,0,0,0,0,0,7,0,0,0,0,0,0,0,0,0,0,0,0,0,0,0,0,0,0,0,0,0,0,0,0,0,0,0,31,0,0,0,0,0,0,0,0,0,0,0,0,0,0,0,0,0,0,0,0,1,0,1,0,0,0,0,0,0,2,0
"70_You and Me_noise_-15dB_sample2.wav",164,4,0,0,0,0,0,0,0,0,0,0,0,0,26,1,0,22,0,0,0,0,0,0,1,1,0,0,0,5,0,0,0,0,1,1,1,0,0,0,0,3,0,0,0,0,0,0,0,0,0,0,0,0,0,0,4,0,0,0,0,0,0,0,0,0,6,0,0,30,0,0,0,0,70,0,0,3,0,0,0,0,0,4,0,4,0,1,0,0,1,0,0,0,0,0,0,0,0,0,0
"69_066. Jessie J - Bang Bang ft. Ariana Grande, Nicki Minaj_noise_-15dB_sample2.wav",163,0,0,0,0,0,0,0,0,0,0,0,0,0,33,0,0,25,0,0,0,0,0,0,0,1,0,0,0,1,0,0,0,0,0,0,0,0,0,0,0,11,1,0,0,0,0,0,0,0,0,0,0,0,0,64,0,0,0,0,7,0,0,0,0,0,2,0,1,44,0,0,0,3,0,0,0,0,0,0,0,0,0,0,0,0,0,0,0,0,0,0,0,0,0,0,2,0,0,1,0
"45_005. OneRepublic - Counting Stars_noise_-15dB_sample2.wav",160,0,0,0,0,0,0,0,2,0,0,0,0,0,32,0,0,28,0,0,0,0,0,1,0,0,0,2,0,1,0,1,1,0,0,1,0,0,0,0,0,7,0,0,3,0,1,0,0,0,0,0,0,0,0,0,0,0,0,0,0,0,0,0,0,0,0,0,24,39,0,0,0,0,0,0,0,0,0,0,0,0,0,0,0,0,1,2,2,0,1,1,0,0,1,0,4,0,1,1,0
"4_003. Lorde - Royals (US Version)_noise_-15dB_sample2.wav",166,0,0,44,0,0,0,0,0,0,0,0,0,0,33,0,0,29,32,44,0,0,0,2,0,1,0,0,0,11,0,0,0,0,0,0,0,0,0,2,0,11,0,0,0,0,0,0,0,0,0,0,0,0,1,0,0,0,0,0,0,0,1,0,0,7,4,0,0,44,1,8,0,0,0,0,0,1,0,0,0,0,0,0,0,0,0,0,0,0,0,0,0,0,0,0,4,0,0,1,0
"82_A Lady_noise_-15dB_sample2.wav",170,0,0,0,4,0,1,30,0,0,0,0,20,50,33,0,0,24,2,0,1,0,0,0,1,0,0,0,15,1,0,5,0,0,0,0,0,0,1163,151,0,11,0,0,0,1,5,0,0,10,0,0,2,10,0,0,3,0,0,0,1,0,0,0,0,7,2,1,0,44,9,0,5,1,1,0,62,0,5,0,0,5,8,3,0,0,54,0,0,0,1,0,0,0,3,0,2,9,0,1,0
"101_070. Eminence - Knock Me Out (feat. Anna Cyzon) [Monstercat Official Music Video]_noise_-15dB_sample2.wav",177,0,0,0,0,0,0,0,1,0,0,0,0,1,32,0,0,28,0,0,0,0,0,0,0,2,0,0,0,1,0,0,0,0,0,0,0,0,0,0,0,8,0,0,0,0,0,0,0,0,0,0,0,0,0,0,0,0,0,0,0,0,0,0,0,0,1,0,0,41,0,0,0,0,0,0,0,0,0,0,0,0,1,0,0,0,0,0,0,0,1,0,0,0,0,0,3,0,0,3,0
"76_073. Lindsey Stirling - Crystallize (Dubstep Violin Original Song)_noise_-15dB_sample1.wav",173,2,2,11,0,0,1,0,0,0,9,0,0,0,34,6,3,22,0,0,2,0,0,0,2,0,7,0,0,1,9,1,2,0,6,1,0,0,0,3,0,11,15,0,5,0,0,9,0,5,0,0,0,0,7,0,1,6,0,0,0,0,0,0,2,626,3,1,2,44,0,6,0,2,0,5,0,9,0,4,0,0,0,4,3,0,0,0,0,0,1,3,1,0,47,0,0,2,0,4,1
"31_058. Rub Some Bacon on It_noise_-15dB_sample2.wav",163,0,0,0,0,0,0,0,0,0,0,0,0,0,33,0,0,24,0,0,1,0,0,0,0,2,0,0,0,1,0,0,0,26,0,0,0,0,0,0,0,9,0,0,0,0,0,0,0,0,0,0,0,0,0,0,0,0,0,0,0,0,0,0,0,1,4,0,0,43,0,0,0,0,0,0,0,0,0,0,0,0,0,0,0,0,0,0,0,0,0,0,0,0,0,0,2,0,0,0,0
"20_Never Meant to Know_noise_-15dB_sample1.wav",159,3,0,0,2,0,0,0,0,7,0,0,0,0,26,0,0,22,0,0,0,0,0,2,0,0,0,0,0,2,0,0,0,0,0,0,0,0,0,0,0,3,5,2,0,3,0,246,0,0,61,9,0,123,8,0,2,0,5,0,4,0,0,1,0,0,2,0,0,30,0,0,0,0,0,0,0,0,0,0,0,0,0,22,4,2,0,0,0,0,0,0,0,0,0,0,2,0,0,13,0
"43_098. Nightcore~ The Wolf_noise_-15dB_sample1.wav",181,1,0,0,0,0,0,0,0,0,0,0,0,1,31,0,0,22,0,0,0,0,0,0,0,7,0,0,0,2,0,0,0,0,0,0,7,0,0,0,0,6,0,0,0,0,0,3,0,0,0,0,0,0,0,0,0,0,0,4,0,0,0,0,0,0,8,0,0,30,0,0,0,0,0,0,0,0,0,0,0,0,0,0,0,1,0,3,0,0,0,0,0,0,1,122,2,0,0,0,0
"2_023. Rachel Platten - Fight Song (Official Video)_noise_-15dB_sample1.wav",180,0,0,2,3,0,0,0,0,0,0,0,3,0,33,160,0,34,0,0,0,0,0,0,0,0,0,0,0,2,0,1,176,0,0,0,1,0,0,0,1,10,0,0,0,0,0,0,1,1,0,0,0,0,2,0,0,1,0,0,0,1,0,0,0,0,5,0,0,44,0,7,0,3,0,1,0,0,0,0,0,1,0,3,0,0,0,0,0,0,0,0,0,0,0,0,0,0,0,0,2
"14_099. Sheppard Geronimo - [International Version] (Official music Video)_noise_-15dB_sample2.wav",181,0,0,0,0,0,0,3,0,2,0,0,0,4,33,0,0,22,0,0,0,1,0,0,0,0,18,0,0,2,1,4,0,0,0,0,0,0,0,1,0,11,0,0,1,0,0,0,0,5,0,0,2,0,0,0,0,1,0,0,0,0,0,0,0,0,2,0,1,44,0,0,0,0,0,0,0,0,0,0,0,0,0,0,0,1,0,3,0,0,0,0,0,0,0,0,2,0,0,2,0
"104_024. twenty one pilots Stressed Out [OFFICIAL VIDEO]_noise_-15dB_sample1.wav",174,0,0,11,0,0,0,1,0,0,0,0,0,0,30,0,3,24,0,3,0,0,0,0,0,0,0,0,0,3,0,0,0,0,0,0,0,0,0,2,0,6,0,0,2,0,0,0,0,0,0,0,0,0,0,0,0,0,0,0,0,0,0,0,0,0,21,0,0,38,0,6,0,2,0,1,0,0,0,0,0,0,0,0,0,0,0,0,0,0,0,1,1,0,0,0,4,0,0,0,0
"96_089. American Boy by Estelle and Kanye West_noise_-15dB_sample2.wav",175,0,0,0,0,0,0,0,0,0,0,0,0,0,33,0,0,22,0,0,0,0,0,0,0,0,6,0,0,0,0,0,0,0,0,0,0,0,0,0,0,11,0,0,0,0,0,0,0,0,0,0,0,0,0,0,0,0,0,0,0,0,0,0,0,0,1,0,0,44,0,0,0,0,0,0,0,0,0,0,0,0,0,0,0,0,0,0,0,0,0,0,0,0,0,0,0,0,8,0,0
"66_Cruel_Summer_noise_-15dB_sample2.wav",179,0,0,0,0,0,0,0,2,0,0,0,0,0,33,0,0,26,1,0,0,0,0,0,0,1,0,0,0,0,0,0,1,0,0,0,0,0,0,1,0,11,0,0,0,0,0,0,40,0,0,0,0,0,0,0,0,0,0,0,0,0,0,2,0,0,6,0,0,44,0,0,0,0,0,0,0,0,0,0,0,0,0,3,0,2,0,0,0,0,1,0,0,0,0,0,4,1,0,3,0
"60_057. Get Off The Phone Song_noise_-15dB_sample1.wav",169,0,0,0,0,1,0,0,0,0,0,0,0,0,30,0,4,25,0,0,0,0,0,0,3,1,0,0,0,2,0,0,0,0,2,0,2,0,0,0,0,7,0,32,0,0,0,0,0,0,0,0,0,1,0,0,0,0,0,0,0,0,0,0,0,0,7,0,0,36,0,0,0,5,0,0,0,2,0,0,0,0,0,0,0,0,2,0,0,0,1,0,0,0,0,0,2,0,0,1,0
"46_032. Katy Perry - Wide Awake (Official Video)_noise_-15dB_sample1.wav",167,0,0,66,1,69,0,0,1,0,0,0,0,2,33,0,0,25,0,1,0,0,0,3,0,3,0,27,0,1,0,3,0,66,0,0,0,0,0,0,0,11,1,2,6,0,2,0,0,0,0,0,0,0,21,0,0,0,0,0,0,3,0,0,0,21,2,0,0,42,1,0,0,2,3,0,0,0,0,0,0,0,0,0,1,0,27,12,0,0,0,0,0,0,0,0,2,0,0,2,0
"24_047. Girls Talk Boys (from the Ghostbusters Original Motion Picture Soundtrack)_noise_-15dB_sample2.wav",175,0,0,0,0,1,0,0,0,0,0,0,0,0,33,0,0,22,1,0,0,0,0,2,0,0,0,3,0,1,0,4,16,28,0,21,0,0,4,0,1,11,0,0,2,0,0,0,0,0,0,0,0,0,0,0,0,1,0,0,0,1,0,0,0,4,2,4,0,43,1,11,0,0,0,4,0,0,0,0,0,0,2,0,0,0,8,1,0,0,0,50,0,0,1,0,4,0,0,0,0
"23_048. Pharrell Williams - Happy (Official Music Video)_noise_-15dB_sample2.wav",157,85,0,252,0,0,9,0,0,0,0,0,2,1,33,0,0,22,0,1,0,0,0,0,0,5,0,0,0,0,30,0,4,0,0,0,0,0,0,0,0,11,0,0,6,0,107,2,0,0,0,5,0,13,0,0,0,0,0,3,26,0,0,0,0,9,0,0,0,44,0,0,0,0,0,0,0,0,0,13,0,0,0,0,0,0,2,0,0,1,38,0,0,128,4,0,0,0,1,1,0
"17_084. Thomas Rhett - Crash and Burn_noise_-15dB_sample2.wav",160,0,0,0,0,0,0,0,1,0,0,0,0,0,30,0,16,26,0,0,0,0,0,1,0,1,0,0,0,2,0,0,0,0,0,0,0,0,0,1,0,5,0,0,0,0,0,0,0,0,0,0,0,0,0,0,0,0,0,0,0,0,0,0,0,0,3,0,0,36,0,0,0,0,0,0,0,0,0,0,0,0,0,0,0,0,0,0,0,0,1,0,0,0,0,0,1,0,2,1,0
"84_001. Anna Kendrick - Cups_noise_-15dB_sample2.wav",171,0,0,0,0,0,0,0,0,0,0,0,0,0,29,0,2,22,0,0,0,0,0,0,0,1,0,0,0,3,0,0,0,0,0,0,0,0,0,0,0,4,0,0,0,0,0,0,0,0,0,0,0,0,0,0,0,0,0,0,0,0,0,0,0,0,3,0,0,36,0,0,0,0,0,0,0,0,0,0,0,0,0,0,0,0,0,0,0,0,0,0,0,0,0,0,2,0,0,0,0
"11_062. Pipe Guy - HouseTranceTechno Live_noise_-15dB_sample1.wav",178,0,0,6,0,0,0,1,0,0,0,0,0,0,33,1,3,25,0,0,0,2,0,0,0,1,0,0,0,4,0,0,0,0,0,2,0,0,0,0,0,10,0,0,0,0,0,0,0,7,0,0,0,0,0,0,0,0,0,0,0,0,0,0,0,0,5,0,0,44,0,120,0,3,0,0,0,0,0,0,0,0,0,0,0,0,2,0,0,0,0,0,6,0,0,0,2,0,0,2,0
"104_024. twenty one pilots Stressed Out [OFFICIAL VIDEO]_noise_-15dB_sample2.wav",160,1,0,33,0,0,1,0,1,0,0,0,0,0,21,6,0,16,0,0,0,0,0,1,0,0,7,0,0,2,13,0,2,0,0,1,0,0,0,0,0,6,0,0,5,0,0,0,1,5,0,0,0,0,0,0,0,0,0,0,0,0,0,0,0,9,49,0,3,28,0,4,0,0,0,5,0,4,0,0,0,0,0,9,0,0,5,1,0,0,0,3,1,0,0,0,0,2,0,0,1
"98_021. Alan Walker - Faded_noise_-15dB_sample2.wav",159,1,0,0,0,0,5,0,0,1,0,0,0,0,33,0,2,22,0,0,0,0,0,0,0,0,0,0,0,2,0,0,0,0,0,1,0,0,0,0,0,11,0,0,0,0,0,42,0,1,0,100,0,0,0,0,0,0,2,0,12,1,0,0,0,8,4,0,0,44,0,3,0,0,0,6,0,0,0,1,0,0,0,0,1,0,0,0,0,0,0,0,0,0,0,0,0,0,0,0,0
"83_004. Katy Perry - Roar_noise_-15dB_sample1.wav",174,0,0,0,0,0,0,0,1,0,0,0,0,0,29,2,2,28,0,0,0,0,0,0,3,1,0,0,0,1,0,0,0,0,0,1,0,0,0,0,0,5,0,0,0,1,0,4,0,0,0,0,0,0,1,0,58,0,0,0,0,0,0,0,0,0,3,0,0,36,0,1,0,2,0,0,0,0,0,0,0,0,0,0,0,0,0,0,0,0,0,0,0,0,0,0,4,0,0,1,0
"39_051. Galantis - No Money (Official Video)_noise_-15dB_sample1.wav",245,0,0,0,0,0,0,0,0,0,0,0,0,0,32,0,0,22,0,0,0,0,0,0,0,0,0,0,0,0,0,0,0,0,0,0,0,0,0,0,0,10,7,0,0,0,0,1,0,0,0,0,0,0,0,0,0,4,0,0,0,0,0,2,0,0,0,0,0,42,0,0,0,0,0,0,0,0,0,0,0,0,0,0,0,0,0,0,0,1,1,0,0,0,11,0,0,0,0,5,0
"95_053. Avicii - Hey Brother_noise_-15dB_sample1.wav",277,2,0,0,0,0,0,0,0,0,9,0,0,0,29,0,0,26,3,26,0,3,0,0,249,1,0,0,0,11,0,0,17,0,298,0,12,0,0,0,0,4,0,1,0,0,0,0,0,40,0,0,0,0,10,0,0,0,0,35,0,0,0,0,0,5,4,0,0,35,0,0,1,0,7,0,0,0,0,167,0,0,0,34,0,3,0,0,0,0,1,32,0,9,0,0,2,0,0,1,0
"11_062. Pipe Guy - HouseTranceTechno Live_noise_-15dB_sample2.wav",273,0,0,0,0,0,1,0,1,0,0,0,0,0,33,0,0,22,0,0,0,0,0,0,1,1,0,0,0,2,0,0,0,0,3,0,0,0,0,0,0,9,3,0,0,0,0,3,0,0,0,0,0,1,0,0,0,2,0,0,0,0,0,0,0,9,2,0,0,44,0,3,0,0,0,0,0,2,0,0,0,0,0,0,0,0,0,0,0,0,0,0,0,0,10,0,0,0,0,1,0
"58_039. OMFG - Hello_noise_-15dB_sample1.wav",193,10,0,4,0,0,0,0,0,0,0,0,0,0,33,0,0,22,0,0,0,0,0,0,0,0,0,0,0,1,0,0,0,0,0,0,0,0,0,0,0,9,0,0,0,0,27,0,0,0,0,0,0,1,0,0,0,0,0,0,0,0,0,0,0,0,2,0,0,44,0,0,0,0,0,0,0,0,0,3,0,0,0,0,0,0,0,0,0,0,0,0,0,60,0,0,3,0,0,0,0
"38_082. Smoke and Mirrors_noise_-15dB_sample2.wav",256,0,1,0,0,0,0,21,1,0,0,0,1,0,29,0,0,25,0,0,0,0,0,0,0,1,0,0,0,2,0,0,0,1,0,0,0,0,0,0,0,3,0,0,0,0,0,0,0,68,0,0,0,0,0,0,0,0,0,0,0,0,0,0,0,0,0,0,0,36,0,0,0,0,0,0,0,0,0,0,0,0,0,4,0,0,0,0,0,0,0,0,0,0,1,0,2,0,0,1,0
"42_046. Meghan Trainor - NO_noise_-15dB_sample1.wav",296,5,0,0,0,0,0,0,2,0,0,0,0,0,33,0,0,22,0,0,0,0,0,0,0,0,0,10,23,5,0,8,8,0,0,0,0,0,1,0,0,10,0,0,0,0,10,0,2,0,0,0,0,64,0,0,0,2,0,0,0,0,0,1,0,0,2,0,0,43,0,0,0,0,2,0,0,0,0,0,0,0,0,2,0,0,0,1,0,0,0,0,0,0,1,0,5,0,1,1,0
"26_017. David Guetta - Titanium ft. Sia (Official Video)_noise_-15dB_sample1.wav",282,0,0,6,0,0,0,0,1,0,0,0,0,0,33,0,4,22,0,0,0,0,0,0,0,1,0,0,0,0,0,0,0,0,0,0,1,0,0,0,0,11,0,0,0,0,0,0,0,0,0,0,0,0,0,0,0,0,0,68,0,0,0,0,0,0,2,0,1,49,0,0,0,3,0,0,0,0,0,0,0,0,0,0,0,0,2,0,0,0,0,0,0,0,0,0,0,0,0,0,0
"54_016. Taylor Swift - Blank Space_noise_-15dB_sample1.wav",268,1,0,23,3,0,3,0,1,0,0,0,0,0,30,0,2,22,4,1,0,0,0,0,0,2,2,2,0,1,0,17,0,5,0,0,0,0,0,0,0,6,1,0,7,0,1,2,1,6,0,0,0,0,1,0,0,16,0,0,0,0,0,0,0,10,1,1,0,38,3,0,0,0,0,0,0,0,0,0,0,0,0,0,5,0,0,1,2,0,0,1,4,0,8,0,2,0,0,2,0
"41_The Bidding_noise_-15dB_sample2.wav",289,0,0,0,0,0,0,0,1,0,0,0,0,0,33,0,0,26,0,0,0,0,0,0,0,1,0,0,1,2,0,0,0,0,0,0,1,0,0,0,0,11,0,0,0,0,0,0,0,0,0,0,0,0,0,0,0,0,0,0,0,0,0,0,0,0,2,0,0,44,0,0,0,0,1,0,0,0,0,2,0,0,0,0,0,0,0,0,0,0,2,0,0,0,0,0,18,0,0,2,0
"5_002. Avicii - Wake Me Up (Official Video)_noise_-15dB_sample1.wav",315,0,12,0,0,0,0,0,0,0,0,0,0,0,33,0,0,27,0,1,0,0,0,0,0,0,0,0,0,2,0,0,0,0,0,0,0,0,0,0,0,11,0,0,0,0,0,0,0,0,0,0,0,0,1,0,0,0,0,0,0,0,0,0,0,0,2,0,0,44,0,0,0,1,0,0,0,0,0,0,0,0,0,0,0,0,0,0,0,0,0,0,0,0,0,0,0,0,1,1,0
"100_059. Nilla Wafer Top Hat Time  Song - Rhett & Link_noise_-15dB_sample1.wav",270,0,0,0,0,0,0,0,2,0,0,0,0,1,33,0,0,26,0,0,0,0,1,0,0,1,0,0,0,1,0,0,0,0,0,0,1,0,0,1,0,10,0,0,0,0,0,0,0,59,0,0,0,0,0,1,0,0,0,0,0,2,0,0,6,0,1,0,0,42,0,0,0,2,16,0,0,0,0,0,0,0,0,10,0,0,0,3,320,0,1,0,0,0,0,0,2,0,0,3,0
"82_A Lady_noise_-15dB_sample1.wav",279,1,0,50,0,0,0,0,0,0,0,0,0,0,32,2,1,25,0,0,0,0,0,0,0,1,0,0,0,5,0,0,0,0,0,0,0,0,474,0,0,9,0,0,0,0,24,4,0,0,0,0,1,0,0,0,8,0,0,0,0,0,0,0,0,0,3,0,0,42,0,0,0,0,0,0,0,1,23,0,0,9,0,0,0,0,0,0,0,0,0,0,0,0,1,0,2,0,0,12,0
"40_052. Lindsey Stirling - Moon Trance (Official Music Video)_noise_-15dB_sample2.wav",265,0,0,0,0,0,0,0,0,0,0,0,0,0,26,0,0,25,0,10,0,0,0,0,6,1,0,0,0,1,0,1,0,0,0,0,0,0,0,0,0,1,0,0,0,0,0,0,0,0,0,0,0,0,0,0,0,0,0,0,0,11,0,0,0,0,3,0,0,30,0,0,0,0,0,0,0,0,0,0,0,0,0,0,0,0,5,0,0,0,0,0,0,0,0,0,2,0,0,1,0
"89_091. Faster Car - Anders Lystell feat. Kaliber [EPIDEMIC SOUND] (Lyrics)_noise_-15dB_sample2.wav",269,0,0,0,0,0,0,0,0,0,0,0,0,0,30,0,0,22,0,0,0,0,1,0,0,0,0,0,0,1,0,0,0,0,0,0,0,0,0,0,0,7,0,0,0,0,0,0,0,0,0,0,30,11,0,0,0,0,0,0,0,0,0,0,0,0,7,0,0,38,0,0,0,0,0,0,0,0,0,0,0,0,0,0,0,0,0,1,0,0,0,0,0,0,1,0,3,0,0,0,5
"94_Banana Man_noise_-15dB_sample1.wav",286,0,0,16,7,0,0,0,1,0,0,0,0,0,30,0,2,22,5,8,0,0,0,1,1,227,0,3,0,1,0,21,6,0,0,4,6,0,0,0,0,6,0,0,0,0,0,0,0,0,0,0,0,0,0,0,0,5,0,16,0,0,0,0,0,9,1,8,0,37,12,0,0,3,0,32,0,0,2,0,0,1,0,0,0,0,0,0,0,0,1,0,2,0,0,0,0,0,0,2,0
"85_011. Martin Garrix - Animals (Official Video)_noise_-15dB_sample2.wav",274,0,0,1,0,0,0,1,1,0,0,0,0,245,32,0,0,25,0,0,0,0,0,0,0,0,0,0,0,1,0,1,0,0,0,2,0,0,0,2,0,9,0,0,0,0,0,0,0,0,0,1,0,0,0,0,0,0,0,0,0,0,0,0,0,0,1,0,0,42,0,0,0,1,0,0,0,0,0,0,0,1,0,0,0,0,0,1,0,0,0,0,0,0,1,8,4,0,0,1,0
"50_006. Wiz Khalifa - See You Again ft. Charlie Puth [Official Video] Furious 7 Soundtrack_noise_-15dB_sample2.wav",268,6,19,0,0,0,0,73,0,0,0,0,2,0,33,1,0,25,0,0,0,2,0,0,0,7,0,0,0,4,0,4,6,5,1,2,0,0,0,0,0,11,0,0,0,5,0,59,2,0,35,0,0,0,124,0,0,0,0,1,0,0,0,0,0,2,0,0,0,44,0,0,0,0,0,0,0,0,0,0,0,0,0,0,0,0,6,0,0,0,0,0,0,0,0,0,4,0,0,1,0
"79_095. Alan Walker - Alone_noise_-15dB_sample1.wav",260,0,0,11,2,0,0,0,0,2,0,0,0,0,32,0,0,22,0,11,0,0,0,0,0,2,0,0,0,1,0,0,0,0,0,0,1,0,0,2,0,9,1,0,0,1,1,2,0,6,13,0,0,0,4,0,0,0,92,0,1,0,1,0,0,2,8,4,0,38,0,6,0,0,0,0,0,0,0,0,0,0,0,0,2,2,0,0,0,0,0,0,0,0,0,3,4,0,0,2,0
"49_050. Carly Rae Jepsen - I Really Like You_noise_-15dB_sample2.wav",295,3,0,0,0,1,0,0,0,3,0,0,0,0,31,0,0,22,0,0,0,0,0,0,0,1,0,0,0,0,0,0,0,0,0,0,0,0,2,0,0,8,1,0,0,11,5,65,0,0,31,21,0,10,6,0,7,0,3,0,5,0,0,0,0,0,1,0,0,37,0,0,0,0,0,0,0,5,0,0,0,0,0,0,37,0,0,2,0,0,0,0,0,0,0,0,2,0,0,2,0
"25_035. Alan Walker - Sing Me To Sleep_noise_-15dB_sample2.wav",294,0,0,11,1,11,0,0,2,0,1,0,0,0,32,0,0,22,0,0,0,0,0,2,0,5,0,4,0,1,0,2,1,11,0,0,0,0,0,0,0,8,0,0,1,0,1,0,0,0,1,0,0,0,7,0,0,0,0,1,0,0,4,0,0,6,3,0,0,42,0,3,0,4,5,0,0,0,0,0,0,0,0,0,4,0,6,3,0,0,0,2,0,0,0,0,2,42,0,2,0
"9_034. Pitbull - Timber (Official Video) ft. Ke$ha_noise_-15dB_sample1.wav",266,0,0,1,0,0,0,1,0,0,0,0,0,0,32,0,0,22,0,0,0,0,0,0,0,3,0,0,7,1,21,0,0,0,0,0,0,0,2,0,0,10,0,1,7,0,11,0,0,0,0,7,14,0,0,0,0,0,0,0,0,0,0,0,0,0,2,0,0,42,0,9,0,0,0,0,0,0,0,0,0,0,0,0,0,0,0,0,0,0,0,0,0,0,0,0,0,0,0,0,0
"91_Greener_noise_-15dB_sample2.wav",261,0,0,0,0,0,0,0,0,0,1,0,0,0,33,0,0,23,0,0,0,0,0,0,0,0,0,0,0,0,0,0,0,0,0,0,0,0,0,0,0,11,0,0,0,0,0,0,0,0,0,0,0,0,0,0,0,0,0,0,0,0,0,0,49,0,0,0,0,44,0,0,0,0,0,0,0,0,0,0,0,0,0,0,0,0,0,0,0,0,1,0,0,0,0,0,4,0,0,1,0
"86_019. Naughty Boy - La la la ft. Sam Smith (Official Video)_noise_-15dB_sample2.wav",262,0,0,1,0,0,0,0,1,0,0,0,0,0,33,0,0,27,1,0,0,0,0,0,0,1,0,1,1,1,1,0,0,0,0,0,0,0,0,0,0,11,0,1,2,0,3,0,0,0,0,14,0,0,0,0,0,0,0,0,0,0,0,0,0,0,0,0,0,44,0,0,0,0,0,0,0,0,0,0,0,0,0,0,0,0,0,91,0,0,0,0,2,0,0,0,6,0,1,2,0
"78_026. Katy Perry - Firework (Official Music Video)_noise_-15dB_sample2.wav",281,1,0,0,0,0,0,0,0,4,0,0,0,0,33,0,0,23,0,0,0,0,0,0,0,0,0,401,0,81,0,0,0,0,0,0,0,2,0,0,0,11,0,0,0,0,0,1517,0,0,14,22,0,3395,0,0,3,0,1,0,0,0,0,11,0,0,2,0,0,42,0,0,0,0,0,0,0,33,0,0,0,0,0,0,0,0,0,0,0,0,58,0,0,0,0,0,1,0,0,2,0
"33_076. Galantis - Firebird (Official Audio)_noise_-15dB_sample2.wav",256,0,0,0,0,0,0,0,0,0,0,0,0,1,33,0,0,28,0,0,2,0,0,0,0,1,0,0,0,1,0,0,0,0,0,0,1,0,0,1,0,11,0,0,1,0,0,0,0,1,0,0,0,0,0,0,0,0,0,0,8,0,1,0,0,0,3,0,0,44,0,0,0,1,0,0,0,0,0,0,0,0,0,0,0,0,0,1,0,0,0,0,0,0,0,0,2,0,0,1,0
"0_096. Nightcore - Mad World_noise_-15dB_sample1.wav",263,0,0,0,0,0,0,0,0,0,0,0,0,0,25,0,2,22,0,0,45,0,0,0,0,0,0,0,0,2,0,0,0,0,0,0,0,0,0,0,0,1,0,0,0,0,0,0,0,0,0,0,0,0,0,0,0,0,0,0,0,0,0,0,0,0,1,0,0,28,0,0,0,0,0,0,0,1,0,0,0,0,0,0,0,0,0,0,0,0,0,0,0,0,0,0,0,0,0,0,0
"24_047. Girls Talk Boys (from the Ghostbusters Original Motion Picture Soundtrack)_noise_-15dB_sample1.wav",282,0,0,0,0,0,0,0,0,0,0,0,0,1,32,0,0,24,0,0,0,0,0,0,0,0,0,1,0,1,0,5,0,0,0,7,0,0,0,0,0,8,0,0,1,0,0,0,1,0,0,0,0,0,0,0,0,2,0,0,0,0,0,0,0,1,0,0,0,42,0,0,0,3,0,0,0,0,0,0,0,0,0,0,0,0,0,0,0,0,0,48,0,0,0,0,2,0,0,1,0
"70_You and Me_noise_-15dB_sample1.wav",284,0,7,231,6,370,0,0,0,0,0,0,0,0,33,2,0,32,0,2,0,0,2,26,12,108,0,96,0,8,0,23,6,594,9,0,0,0,3,0,0,11,0,0,24,0,6,0,0,0,0,0,0,2,116,0,0,4,0,11,0,0,0,2,0,108,1,0,0,43,0,86,0,50,609,0,0,0,0,0,0,0,0,0,50,0,159,54,1,0,2,17,0,0,0,0,2,0,0,1,0
"29_010. Katy Perry - Part Of Me (Official)_noise_-15dB_sample1.wav",293,0,0,0,43,0,0,0,1,0,0,0,0,0,29,0,0,25,0,0,0,0,0,0,0,0,0,0,0,3,0,0,0,0,0,0,0,0,0,0,0,6,0,0,0,0,0,0,0,0,0,0,0,0,1,0,0,0,0,0,0,0,0,0,0,0,4,0,1,34,0,0,0,0,0,0,0,0,0,0,0,0,0,0,0,0,0,2,0,0,0,0,0,0,0,0,3,0,0,1,0
"0_096. Nightcore - Mad World_noise_-15dB_sample2.wav",274,0,0,0,0,0,0,0,0,0,0,0,0,7,23,0,0,22,0,0,326,0,0,0,0,0,1,0,0,0,0,0,0,0,0,0,0,0,2,0,0,3,0,0,0,0,0,0,0,0,0,0,0,0,0,0,0,0,0,0,0,0,0,0,0,0,0,0,0,22,0,0,0,0,0,0,0,0,0,0,0,0,0,0,0,0,3,0,0,0,0,0,0,0,0,0,0,0,0,1,0
"27_022. Major Lazer & DJ Snake - Lean On (feat. MØ) [Official Music Video]_noise_-15dB_sample2.wav",292,0,0,0,0,0,1,0,0,38,0,1,0,0,31,4,0,25,0,1,0,0,0,0,0,1,2,0,0,2,0,0,0,0,0,1,0,0,9,0,0,6,0,0,0,0,0,0,0,0,0,1,0,0,0,0,0,0,0,0,0,0,0,0,0,0,2,0,0,40,0,1,0,1,0,0,0,0,0,0,0,0,2,0,0,0,0,0,0,0,2,0,0,0,0,0,2,0,1,1,0
"42_046. Meghan Trainor - NO_noise_-15dB_sample2.wav",283,0,0,0,0,0,0,0,2,0,0,0,0,0,33,1,4,22,1,0,0,0,0,0,0,1,0,0,61,2,0,1,0,0,0,0,0,0,0,0,0,10,0,0,0,0,4,0,2,0,0,0,0,0,0,0,0,0,0,0,0,0,0,0,0,0,3,0,1,44,0,0,0,3,0,0,0,6,0,0,0,0,0,1,0,0,0,0,0,0,0,0,0,1,0,0,0,0,0,3,0
"93_015. Lukas Graham - 7 Years [Official Music Video]_noise_-15dB_sample1.wav",266,0,0,0,0,0,0,0,0,0,0,0,0,0,27,0,0,22,0,1,0,0,0,0,0,0,0,0,0,0,0,0,0,0,0,0,0,0,0,0,0,4,0,0,0,0,0,0,0,0,13,0,0,0,0,0,0,0,0,0,0,0,0,0,0,0,0,0,0,32,0,0,0,0,0,0,0,0,0,0,0,0,0,0,0,0,0,0,0,0,0,0,0,0,0,0,0,0,0,0,1
"46_032. Katy Perry - Wide Awake (Official Video)_noise_-15dB_sample2.wav",271,0,0,0,0,15,0,0,2,0,0,0,0,0,32,0,0,24,0,1,0,0,0,0,0,1,0,0,0,1,0,0,0,0,0,1,0,0,0,0,0,8,0,0,0,0,0,0,0,0,0,0,0,0,0,0,0,0,0,0,0,0,0,0,0,0,3,0,0,41,0,0,0,0,0,0,0,0,0,0,0,0,1,0,0,0,0,0,0,0,1,0,0,0,0,0,1,0,2,3,0
"86_019. Naughty Boy - La la la ft. Sam Smith (Official Video)_noise_-15dB_sample1.wav",261,0,0,0,0,0,0,0,0,0,0,0,0,0,29,0,0,22,0,0,0,0,0,0,0,2,0,0,0,1,0,0,0,0,0,0,2,0,0,0,0,2,0,0,0,0,0,0,0,0,0,0,0,0,0,0,0,0,0,0,0,0,0,0,0,0,6,0,0,26,0,0,0,0,0,0,0,0,0,0,0,0,0,1,0,0,0,21,0,0,0,0,0,0,0,0,0,0,0,1,0
"57_Numb_noise_-15dB_sample2.wav",256,8,0,0,0,0,0,0,2,0,0,0,0,0,31,0,0,22,0,0,0,0,0,0,0,0,0,1,0,1,0,2,0,0,0,9,0,0,0,0,0,5,0,0,0,0,0,0,0,0,0,0,4,0,0,0,0,0,0,0,0,0,0,0,0,0,2,0,0,39,0,24,0,0,0,0,3,0,0,0,0,0,0,0,0,2,53,2,0,0,0,0,0,0,0,0,0,2,0,2,0
"81_013. Passenger  Let Her Go (Official Video)_noise_-15dB_sample2.wav",255,2,0,165,0,8,2,0,0,14,16,0,0,0,33,0,6,22,0,22,0,0,0,0,0,0,0,0,0,1,0,0,0,0,0,1,2,0,0,10,0,11,0,0,0,0,0,71,0,3,0,0,0,0,4,0,0,10,17,0,0,0,219,0,2,7,0,0,0,44,5,11,0,3,0,0,0,0,0,0,0,0,0,0,7,0,0,0,0,0,8,0,0,0,76,2,2,0,0,1,7
"87_079. twenty one pilots Heathens (from Suicide Squad The Album) [OFFICIAL VIDEO]_noise_-15dB_sample2.wav",253,0,2,1,0,0,0,0,0,0,1,0,0,2,26,0,0,22,1,0,0,0,0,1,0,2,0,2,0,1,0,6,0,0,0,0,2,0,0,0,0,1,0,0,2,0,1,0,1,0,0,0,0,0,1,0,0,1,0,3,0,0,0,0,0,12,2,1,0,30,5,17,0,0,0,108,0,0,0,0,0,0,5,0,3,0,8,1,0,0,0,0,5,0,1,0,0,0,0,0,0
"52_007. Katy Perry - Dark Horse ft. Juicy J_noise_-15dB_sample1.wav",255,1,0,0,0,0,0,0,2,1,0,0,0,0,33,0,3,22,0,0,0,0,0,1,0,0,0,0,0,2,0,0,0,0,0,0,1,0,14,0,0,10,1,1,0,1,9,23,0,0,9,16,0,3,3,0,1,0,2,0,1,0,0,0,0,0,1,0,1,44,0,0,0,3,0,0,0,0,0,0,0,0,0,0,1,0,0,0,0,0,0,0,0,0,1,0,1,0,0,49,0
"97_075. Lindsey Stirling - Prism (Official Video)_noise_-15dB_sample2.wav",262,0,0,3,0,0,0,273,0,0,0,0,0,0,31,0,0,26,0,0,0,0,0,0,0,5,0,0,4,2,10,0,0,0,0,1,0,0,2,0,0,6,0,0,18,0,15,0,0,0,0,16,0,0,0,0,0,0,0,0,0,0,0,0,0,0,0,0,0,32,0,19,0,3,0,0,0,0,0,0,0,1,0,0,0,0,0,0,0,0,0,0,0,0,0,0,0,0,0,0,0
"92_025. Fall Out Boy - Immortals (From Big Hero 6)_noise_-15dB_sample1.wav",258,0,1,221,0,223,0,0,0,0,0,0,0,0,33,0,0,22,1,0,0,0,0,15,0,16,0,84,0,9,0,7,2,318,0,0,1,0,0,0,0,11,0,0,29,0,0,0,1,0,0,0,2,9,48,0,0,2,0,1,0,0,0,0,0,92,4,1,0,45,0,33,0,9,16,13,0,0,0,0,0,0,0,0,11,0,95,72,0,0,1,1,0,0,1,0,4,0,0,1,0
"21_085. Janji ft. Johnning - Heroes Tonight 1 HOUR_noise_-15dB_sample2.wav",253,7,0,7,0,0,5,0,0,0,0,0,0,0,31,0,7,22,0,0,0,0,0,0,0,0,0,0,0,1,2,0,0,0,0,0,0,0,0,0,0,7,1,0,0,0,9,0,0,0,0,0,0,11,0,0,0,0,0,5,1,0,0,4,0,0,7,0,0,39,0,0,0,0,0,0,0,0,0,1,0,0,0,0,0,0,0,0,0,0,0,0,2,4,0,0,1,0,0,0,0
"44_Sacred Beast_noise_-15dB_sample1.wav",254,4,0,110,0,0,1,10,0,0,0,0,0,0,33,51,0,23,0,0,0,0,0,0,0,0,60,0,0,1,81,0,17,0,0,10,0,0,0,0,0,9,0,0,40,0,0,0,0,69,0,0,0,0,0,0,0,0,0,0,0,0,0,0,0,30,11,0,12,44,0,30,0,0,0,40,0,93,0,0,0,0,0,25,0,0,2,0,0,0,1,21,15,0,0,0,2,16,2,1,4
"53_102. What_noise_-15dB_sample1.wav",276,0,0,0,0,0,0,0,0,0,0,0,0,1,33,0,0,25,0,2,0,0,0,0,0,0,0,0,0,2,0,0,1,0,0,0,0,0,0,0,0,11,1,0,0,0,0,0,0,0,0,0,0,0,0,0,0,0,0,0,0,38,0,0,0,0,1,0,0,47,0,0,0,0,0,0,0,0,0,0,0,0,0,0,0,0,0,0,0,0,1,0,0,0,1,0,0,0,2,1,0
"20_Never Meant to Know_noise_-15dB_sample2.wav",283,0,0,0,0,0,1,0,0,0,0,0,0,0,28,0,0,22,0,0,0,0,0,0,0,0,0,0,0,0,0,0,0,0,0,0,0,0,0,0,0,6,1,0,0,0,0,0,0,0,0,0,0,52,0,0,0,0,0,0,0,0,0,0,0,0,1,0,0,32,0,0,0,0,0,0,0,0,0,0,0,0,0,3,0,0,0,0,0,0,0,0,0,0,0,0,2,0,0,0,0
"98_021. Alan Walker - Faded_noise_-15dB_sample1.wav",282,0,0,0,0,0,6,9,0,0,0,0,0,3,33,0,2,25,0,0,6,0,0,0,0,0,0,0,0,0,2,0,0,0,0,3,0,0,0,0,0,11,2,0,17,0,6,1,0,1,0,170,0,0,0,0,0,0,1,0,2,1,0,0,0,11,4,1,0,44,0,58,0,0,0,0,0,0,0,0,0,0,0,0,2,0,0,0,2,0,1,0,0,0,0,0,0,0,0,1,0
"73_Turn the Lights Off_noise_-15dB_sample2.wav",275,0,0,0,0,0,0,0,0,0,0,0,0,1,33,0,0,22,0,0,1,0,0,0,0,0,0,0,0,14,0,0,0,0,0,0,0,0,0,0,0,9,0,0,0,0,0,0,0,0,0,0,0,0,0,0,0,0,0,0,0,0,0,0,0,0,2,0,0,42,0,0,0,0,0,0,0,0,0,0,0,0,0,0,0,0,0,0,0,0,0,0,0,0,0,0,0,0,0,0,0
"96_089. American Boy by Estelle and Kanye West_noise_-15dB_sample1.wav",271,0,0,0,0,0,0,0,0,0,0,0,0,0,23,0,0,23,0,1,0,1,0,0,0,1,0,0,0,1,0,0,0,0,0,0,1,0,0,0,0,2,0,1,0,0,0,0,0,0,0,0,0,0,0,0,0,0,0,0,0,0,0,0,0,0,0,0,0,24,0,0,0,0,0,0,0,0,0,0,0,0,0,0,0,0,0,1,0,0,0,0,2,0,0,0,6,0,136,0,0
"62_061. LEFT SCREEN ONLY Spot the Differences_noise_-15dB_sample1.wav",254,0,0,0,0,0,0,0,0,0,0,0,2,0,33,0,0,22,0,0,0,0,0,0,0,0,0,0,0,2,0,0,0,0,0,0,0,0,0,0,0,11,0,0,0,0,0,0,0,0,0,0,0,0,0,0,1,0,0,0,0,0,0,0,0,0,4,0,0,44,0,0,27,0,1,0,0,0,0,0,86,0,0,17,0,0,1,0,0,0,0,0,5,0,0,0,0,0,0,0,0
"80_077. Emeli Sandé - Hurts_noise_-15dB_sample1.wav",263,0,0,0,0,0,0,0,0,0,0,0,0,0,33,0,0,26,0,0,0,0,0,0,0,0,0,0,0,1,0,0,1,0,0,0,0,0,0,0,0,11,0,0,55,0,0,0,0,0,0,0,0,0,0,0,0,0,0,0,0,0,0,0,0,0,2,0,0,44,0,0,0,0,0,0,0,0,0,0,0,1,0,0,0,0,0,0,0,0,1,0,0,0,1,0,2,0,0,1,0
"95_053. Avicii - Hey Brother_noise_-15dB_sample2.wav",264,1,0,0,0,0,0,0,1,0,0,0,0,0,33,0,0,23,1,0,0,0,0,0,31,1,0,0,0,2,0,0,0,0,18,0,0,0,0,0,0,11,0,0,0,0,0,0,0,0,0,0,0,0,0,0,0,0,0,0,0,0,0,0,0,0,4,0,0,44,0,0,0,0,0,0,0,0,0,0,0,0,0,0,0,0,0,0,0,0,0,0,0,0,0,0,4,0,0,2,0
"77_065. Nightcore - Ghostbusters_noise_-15dB_sample2.wav",280,0,0,0,0,0,0,22,1,0,0,0,0,0,33,0,0,25,0,0,0,30,0,0,0,1,0,0,0,1,0,0,0,0,0,0,0,0,0,0,0,9,0,0,0,0,0,0,0,0,0,0,0,0,0,0,0,0,0,0,0,0,0,0,0,0,1,0,0,44,0,0,0,0,0,0,0,0,0,0,0,0,0,0,0,0,3,0,0,0,0,0,0,0,0,0,2,0,1,1,1
"69_066. Jessie J - Bang Bang ft. Ariana Grande, Nicki Minaj_noise_-15dB_sample1.wav",270,0,0,0,0,0,0,0,0,0,0,0,0,0,32,0,4,22,0,0,0,0,0,0,0,0,0,0,0,1,0,0,1,0,0,0,0,0,0,0,0,9,0,0,1,0,1,0,0,0,0,0,0,0,1,12,0,0,0,0,0,0,0,0,0,0,2,0,0,42,0,0,0,2,0,0,0,0,0,0,0,0,0,0,0,0,0,0,0,0,1,1,0,0,0,0,4,0,3,0,0
"30_Cannibal_noise_-15dB_sample1.wav",265,4,0,19,0,0,0,0,0,0,0,0,14,0,27,0,0,26,0,0,0,0,0,0,0,0,0,2,0,1,0,0,0,1,0,3,0,0,0,0,0,5,0,0,0,0,0,0,0,0,0,0,0,0,0,0,0,9,0,0,0,0,1,0,10,3,1,1,0,32,2,9,0,0,48,3,0,5,0,0,0,0,0,72,4,0,0,5,0,0,0,0,0,5,0,0,2,4,0,0,0
"43_098. Nightcore~ The Wolf_noise_-15dB_sample2.wav",252,0,0,0,0,0,0,0,1,0,0,0,0,0,32,0,0,26,0,0,0,0,0,0,0,1,0,0,0,1,0,0,0,0,0,0,0,0,0,1,0,8,0,0,0,0,1,0,0,0,0,0,0,0,0,0,0,0,0,0,0,0,0,0,0,0,1,0,1,41,0,0,0,0,0,0,0,1,0,0,0,0,0,0,0,0,0,0,0,0,0,0,0,0,0,63,2,0,0,1,0
"8_081. The Beach Boys - I Get Around_noise_-15dB_sample2.wav",253,0,0,1,0,0,0,0,1,0,0,0,0,0,32,0,10,26,0,0,0,0,0,0,0,1,0,0,0,1,0,0,0,0,0,0,0,0,0,0,0,9,0,0,2,0,1,3,2,0,0,0,0,0,0,0,0,0,0,15,0,0,0,0,0,0,1,0,0,33,0,0,0,1,0,0,0,3,0,0,0,0,0,0,0,0,0,0,0,7,1,0,0,0,2,0,4,0,0,0,0
"8_081. The Beach Boys - I Get Around_noise_-15dB_sample1.wav",262,0,0,0,0,7,0,0,1,0,0,0,0,0,31,0,1,24,0,7,0,0,0,0,1,2,0,0,0,1,0,0,0,0,1,0,0,0,1,0,0,32,0,0,0,0,0,0,0,0,0,0,0,0,0,1,0,0,0,0,0,0,0,0,0,0,3,0,0,40,0,22,0,0,0,0,0,0,0,0,0,0,0,0,0,0,5,0,0,0,1,0,0,0,0,0,4,0,1,2,0
"45_005. OneRepublic - Counting Stars_noise_-15dB_sample1.wav",261,0,0,0,0,0,0,0,0,0,0,0,0,0,33,0,0,25,1,0,0,0,0,1,0,1,0,0,0,2,0,0,0,0,0,0,0,0,0,0,0,11,0,0,0,0,0,1,0,0,0,0,0,0,0,0,0,0,0,0,0,0,0,0,0,0,3,0,35,44,0,0,0,0,0,0,0,0,0,0,0,0,0,0,0,0,0,0,0,0,0,0,0,0,0,0,0,0,0,1,0
"34_The Trap_noise_-15dB_sample1.wav",265,6,0,10,0,0,0,0,0,0,0,0,0,0,33,0,0,25,0,0,54,1,17,2,0,3,0,1,0,1,0,8,7,0,0,0,4,0,4,0,0,22,0,0,0,0,18749,0,1,0,5,0,1,6,0,0,0,0,0,0,0,0,1,0,0,0,7,17,0,44,0,0,0,1,5,57,0,3,0,0,0,0,0,8,0,0,0,2,0,0,0,0,0,0,0,0,10,0,5,0,0
"84_001. Anna Kendrick - Cups_noise_-15dB_sample1.wav",258,0,0,0,0,0,0,0,17,0,0,0,0,0,33,0,2,26,0,0,0,0,0,0,0,0,0,0,0,0,0,0,0,1,0,0,0,0,0,1,0,11,0,0,0,3,0,2,0,0,0,3,0,0,0,0,0,0,0,0,0,0,0,0,0,0,1,0,0,44,0,0,0,2,0,0,0,0,0,0,0,0,0,0,0,0,0,0,0,0,0,0,0,0,2,0,4,0,0,0,0
"61_045. The Black Eyed Peas - I Gotta Feeling (Official Music Video)_noise_-15dB_sample1.wav",258,0,0,1,0,0,0,2,0,2,0,0,0,0,33,0,1,22,0,0,0,0,0,0,2,1,2,0,0,1,1,0,0,0,3,0,2,0,0,0,0,11,0,0,0,0,0,0,0,0,0,0,5,0,0,0,0,0,0,0,1,0,0,0,0,0,5,0,0,44,0,0,0,0,0,0,0,0,0,0,0,0,0,0,0,43,0,1,0,0,0,0,2,0,0,0,1,0,3,1,0
"28_074. American Authors - Best Day Of My Life_noise_-15dB_sample1.wav",262,0,1,2,0,0,0,0,0,0,0,0,0,0,25,0,0,57,0,0,0,2,1,0,2,2,0,0,0,2,0,0,0,1,1,0,0,0,0,0,0,3,0,0,0,0,0,0,0,0,0,0,0,0,1,0,0,0,0,0,0,0,0,0,0,1,0,0,1,33,0,0,0,0,2,0,0,0,0,0,0,1,0,0,0,0,0,0,0,0,0,0,0,0,1,0,4,0,0,2,0
"68_055. Madness - Our House (Official 4K Video)_noise_-15dB_sample2.wav",258,0,0,0,0,0,0,0,0,0,0,0,0,0,31,0,0,22,0,0,0,0,0,0,0,0,0,0,0,0,0,0,0,0,0,0,0,0,0,0,0,8,0,0,0,0,0,0,0,0,0,0,0,0,0,0,0,0,0,0,0,0,0,0,0,0,0,0,0,37,0,0,0,0,0,0,0,0,0,0,0,0,26,0,0,0,0,0,0,0,0,0,0,0,0,0,0,0,0,0,0
"3_100. Owl City & Carly Rae Jepsen - Good Time (Official Video)_noise_-15dB_sample2.wav",259,10,0,4,0,0,3,0,0,0,5,0,0,1,33,0,4,25,0,0,0,0,0,0,0,1,0,0,0,2,0,0,0,0,0,0,0,0,0,0,0,11,108,0,0,0,0,1,0,0,0,0,6,0,3,0,0,8,1,0,0,1,0,0,0,1,4,0,0,49,0,0,0,2,0,0,0,0,0,1,0,0,1,0,0,0,0,0,0,0,2,0,0,0,15,0,2,0,0,3,0
"1_028. Capital Cities - Safe And Sound_noise_-15dB_sample2.wav",250,1,0,23,1,1,1,0,0,2,3,0,0,0,30,0,0,29,0,1,0,4,0,0,1,1,2,0,0,3,0,0,49,0,1,0,83,0,0,1,0,5,0,0,0,0,0,5,0,0,0,0,0,0,2,1,0,1,2,0,0,0,2,0,0,3,1,0,0,34,0,8,1,0,0,1,0,0,0,0,0,4,0,0,0,0,3,0,0,0,1,1,0,0,13,1,2,0,1,1,2
"9_034. Pitbull - Timber (Official Video) ft. Ke$ha_noise_-15dB_sample2.wav",258,0,4,41,0,0,0,4,0,0,2,0,0,0,31,6,0,22,0,0,0,0,0,0,0,3,0,1,7,1,72,2,1,0,2,6,0,0,2,0,10,6,0,0,1,0,8,0,0,0,0,12,11,0,0,0,0,0,0,0,0,0,5,0,8,8,1,0,2,40,0,18,0,4,0,0,0,0,0,0,8,0,0,12,0,0,3,0,1,0,0,0,0,0,0,0,2,0,0,0,88
"102_018. Shawn Mendes - Stitches (Official Music Video)_noise_-15dB_sample2.wav",253,0,0,0,0,0,0,0,0,0,0,81,0,0,32,0,0,25,0,0,0,0,0,0,0,0,0,0,0,2,0,0,0,0,0,0,0,0,0,0,0,8,0,0,0,0,14,0,0,0,0,0,0,0,0,0,0,0,0,0,0,0,0,0,0,0,5,1,0,41,0,11,0,0,0,0,1,0,0,0,0,0,0,0,0,0,0,1,0,0,0,0,0,0,1,0,0,0,0,2,0
"105_101. Yann Tiersen - Comptine d`un autre ete - l`apres-midi_noise_-15dB_sample2.wav",264,0,0,267,12,0,0,42,0,0,0,0,0,0,31,35,0,25,17,1,0,2,0,0,0,0,10,0,1,2,140,9,50,0,0,86,13,0,0,0,40,9,0,0,5,0,0,0,0,17,0,0,0,0,0,0,0,0,6,0,0,0,0,0,7,2,3,0,0,38,4,1329,0,0,0,9,0,32,0,0,0,0,0,11,0,0,0,0,4,0,0,8,40,0,0,0,6,3,2,3,44
"85_011. Martin Garrix - Animals (Official Video)_noise_-15dB_sample1.wav",293,3,0,1,0,0,0,1,1,0,0,0,0,152,30,0,0,25,0,3,0,0,0,0,0,1,0,0,0,1,0,1,0,0,0,0,0,0,0,0,0,8,0,0,0,0,0,0,0,0,0,1,0,0,0,1,0,0,0,0,1,0,0,0,0,0,0,0,0,37,0,2,0,2,0,0,0,0,0,0,0,2,0,0,0,0,0,0,0,0,0,0,0,0,0,0,2,0,1,1,0
"52_007. Katy Perry - Dark Horse ft. Juicy J_noise_-15dB_sample2.wav",266,1,0,0,0,0,0,0,1,0,1,0,0,0,28,0,3,22,0,0,0,0,0,0,0,0,0,2,0,4,3,1,1,0,0,0,0,3,0,0,0,3,0,4,2,1,8,0,0,0,0,0,10,0,0,0,0,0,0,0,0,0,0,0,0,18,1,0,0,34,0,0,0,0,0,24,0,0,0,2,0,0,0,0,0,0,14,0,0,0,0,0,0,0,0,3,1,0,0,96,0
"7_092. Harry Potter Medley on Marimba_noise_-15dB_sample2.wav",268,7,3,565,0,0,0,59,0,0,0,0,0,0,31,117,0,22,0,0,0,0,0,0,0,0,138,0,0,1,263,3,57,0,0,26,1,0,0,1,0,6,0,0,85,0,0,0,0,93,0,0,0,0,0,0,0,0,0,0,1,0,5,0,32,97,29,0,32,39,0,83,1,5,0,85,0,60,0,0,7,0,0,98,0,0,0,0,4,0,0,46,33,0,0,0,0,31,1,0,308
"36_072. Jessie J - Price Tag ft. B.o.B_noise_-15dB_sample1.wav",272,0,0,0,0,0,0,0,1,0,0,0,0,0,33,0,0,22,0,0,0,0,0,1,0,2,0,0,0,1,0,0,1,0,0,0,0,0,0,0,0,11,0,0,0,0,0,0,0,0,0,0,0,0,0,0,0,0,0,0,0,0,0,0,0,0,1,0,0,44,0,0,0,0,0,0,0,0,0,0,0,0,0,0,0,0,0,0,0,0,0,0,0,0,17,0,2,0,0,0,0
"76_073. Lindsey Stirling - Crystallize (Dubstep Violin Original Song)_noise_-15dB_sample2.wav",260,4,0,209,3,145,0,15,1,0,0,0,0,1,29,51,0,25,3,4,0,0,4,12,0,30,60,66,0,0,104,13,17,154,0,10,2,0,0,1,0,5,0,0,40,4,9,0,2,40,0,11,0,0,61,0,0,22,3,7,17,0,0,0,0,832,15,1,16,36,4,30,0,20,30,50,0,30,0,0,0,0,0,46,20,0,144,32,0,0,0,21,15,0,0,5,2,16,0,1,4
"78_026. Katy Perry - Firework (Official Music Video)_noise_-15dB_sample1.wav",262,0,0,0,0,0,0,0,1,0,0,0,0,1,31,0,3,22,0,0,0,4,0,0,0,1,0,0,0,1,0,0,0,0,0,0,0,0,0,1,0,8,0,0,0,0,0,19,0,0,0,0,0,0,0,0,0,0,0,0,0,0,0,0,0,0,2,0,0,40,0,0,0,1,0,0,0,0,0,0,0,0,0,0,0,0,0,0,0,0,1,0,0,0,0,0,4,0,0,1,0
"103_037. Calvin Harris, Rihanna - This Is What You Came For (Official Video) ft. Rihanna_noise_-15dB_sample2.wav",267,0,0,0,0,0,0,0,0,0,2,0,6,1,32,0,0,22,0,0,0,0,0,0,0,0,1,0,0,0,0,3,0,9,0,0,0,0,3,0,0,10,0,0,0,0,0,0,0,0,0,0,0,0,0,0,0,0,0,0,0,0,0,0,0,0,2,0,0,42,0,0,0,2,0,0,0,0,0,0,0,0,0,0,0,0,10,6,0,0,0,0,0,0,0,0,0,0,0,0,8
"13_030. Maroon 5 - Animals_noise_-15dB_sample1.wav",257,0,0,0,0,0,0,0,0,0,0,0,0,0,33,0,0,22,0,0,0,0,0,0,0,1,0,0,1,1,0,0,0,0,0,7,0,0,0,1,38,11,0,0,0,0,0,0,0,0,0,0,0,0,0,0,0,0,0,0,0,0,0,0,0,0,2,0,0,44,1,10,0,0,0,0,0,0,0,0,0,2,0,0,0,0,0,0,0,0,0,1,0,0,0,0,0,0,0,1,0
"71_083. My Singing Monsters - Plant Island Theme_noise_-15dB_sample2.wav",258,0,0,0,9,0,0,0,0,0,0,0,0,0,33,0,0,25,0,0,0,0,1000,0,0,1,0,0,0,5,0,0,0,0,0,0,0,0,0,0,0,11,0,0,0,0,0,0,0,0,0,0,0,0,0,0,0,0,0,0,0,0,0,0,0,0,2,0,0,44,0,0,0,3,0,0,0,0,0,0,0,0,0,0,0,0,0,0,0,0,1,0,0,4,0,0,2,0,0,1,0
"67_090. Josh Groban - You Raise Me Up (Official Music Video) [HD Remaster]_noise_-15dB_sample1.wav",264,301,0,0,0,0,0,0,0,0,0,0,0,10,27,0,3,26,0,0,0,0,0,0,0,0,0,0,0,2,0,0,0,0,0,0,0,0,0,1,0,3,0,0,0,0,8,0,0,0,0,2,0,10,0,0,0,0,0,0,0,0,0,0,0,0,1,0,0,32,0,0,0,0,0,0,0,0,0,0,0,1,0,0,0,0,0,1,0,0,1,0,0,0,0,0,2,0,0,1,0
"77_065. Nightcore - Ghostbusters_noise_-15dB_sample1.wav",270,0,1,0,1,0,0,0,0,0,0,0,0,0,28,0,0,30,0,0,0,27,0,0,0,2,0,0,0,1,0,0,0,0,0,0,0,0,0,1,0,4,0,0,0,0,0,0,0,0,0,0,0,0,0,0,0,0,0,2,0,0,0,0,0,0,4,1,0,33,0,0,0,0,0,0,0,0,0,0,0,0,0,0,0,0,0,1,0,0,0,0,0,0,0,0,0,0,0,2,0
"74_029. David Guetta - Hey Mama (Official Video) ft Nicki Minaj, Bebe Rexha & Afrojack_noise_-15dB_sample2.wav",279,0,0,0,0,0,0,0,0,0,0,0,0,0,15,0,0,11,0,2,0,0,0,0,0,0,0,0,0,2,0,2,0,0,0,3,0,0,0,0,2,5,0,0,0,0,0,0,0,0,0,0,0,0,0,0,0,0,0,0,0,0,0,0,0,2,3,0,1,16,0,13,0,0,0,0,0,1,0,0,0,0,0,0,0,0,0,0,0,0,0,1,27,0,5,0,4,0,0,0,0
"64_097. Nightcore - Running With the Wolves [Lyrics]_noise_-15dB_sample2.wav",294,4,0,0,1,0,0,0,1,0,5,4,0,0,33,0,0,22,0,0,9,0,0,0,0,1,0,0,0,2,0,0,0,0,0,1,0,0,0,0,0,11,0,0,0,0,54,0,0,4,0,9,0,0,0,1,0,0,0,0,0,23,0,0,0,0,11,0,0,44,0,355,0,1,8,0,534,0,0,0,0,0,0,0,0,0,0,0,0,0,3,0,0,0,2,0,1,0,0,2,6
"10_012. Calvin Harris - I Need Your Love (Official Video) ft. Ellie Goulding_noise_-15dB_sample1.wav",275,2,0,0,0,1,0,0,0,0,1,0,0,0,33,0,0,22,0,0,0,0,0,0,0,0,0,0,0,1,0,0,0,0,0,0,0,0,0,0,0,10,0,0,0,126,0,0,0,0,0,0,0,0,0,0,1,0,0,6,0,0,0,0,0,1,1,0,1,44,0,0,0,0,0,0,0,0,0,1,0,0,0,0,0,8,0,1,0,0,0,0,0,0,0,0,2,0,0,0,0
"87_079. twenty one pilots Heathens (from Suicide Squad The Album) [OFFICIAL VIDEO]_noise_-15dB_sample1.wav",285,0,0,14,0,1,0,10,0,0,0,0,4,0,33,1,0,25,0,0,0,0,0,0,0,0,0,0,0,2,9,1,5,0,0,14,5,0,0,3,0,9,0,2,0,0,0,0,0,2,0,0,0,0,0,0,0,0,0,0,0,9,0,0,0,1,5,0,0,43,0,10,0,0,0,273,0,0,0,0,0,10,0,1,0,0,9,0,0,0,2,0,12,0,2,0,2,1,0,2,5
"80_077. Emeli Sandé - Hurts_noise_-15dB_sample2.wav",288,0,0,0,0,0,0,0,0,0,0,0,0,0,33,0,0,24,0,0,0,0,0,0,0,0,0,0,0,1,0,2,1,0,0,2,0,0,0,0,0,11,0,0,41,4,3,0,0,0,0,0,0,0,0,0,0,0,0,0,0,0,0,0,0,0,2,0,0,44,0,0,0,0,0,0,0,0,0,0,0,0,0,0,0,0,0,0,0,0,0,0,2,0,0,0,2,0,0,0,0
"44_Sacred Beast_noise_-15dB_sample2.wav",262,0,0,0,0,0,44,0,0,0,0,0,0,12,33,0,4,22,10,6,0,0,0,0,33,2,0,0,0,2,0,0,0,0,33,0,10,0,43,0,0,11,3,15,0,5,6,0,0,3,0,17,9,0,20,0,0,1,0,0,2,0,0,0,0,5,3,0,0,44,0,44,14,2,0,0,0,3705,0,15,0,0,100,54,4,0,0,0,3,0,0,0,6,0,0,0,2,0,0,0,0
"101_070. Eminence - Knock Me Out (feat. Anna Cyzon) [Monstercat Official Music Video]_noise_-15dB_sample1.wav",256,0,0,0,0,0,0,0,0,0,0,0,0,0,32,0,0,25,0,1,0,0,0,0,0,1,0,0,0,1,0,0,0,0,0,0,0,0,0,0,0,9,0,0,0,0,0,0,0,0,0,0,0,0,0,0,0,0,0,0,0,0,0,0,0,0,2,0,0,42,0,0,0,0,0,0,0,0,0,0,0,0,0,0,0,0,0,0,0,0,0,0,2,0,0,0,0,0,0,0,0
"73_Turn the Lights Off_noise_-15dB_sample1.wav",247,0,0,0,0,0,0,0,1,0,0,0,0,0,24,0,0,22,0,0,0,0,0,0,0,1,0,0,0,27,0,1,0,0,0,0,0,0,0,1,0,1,0,0,0,0,0,0,0,0,0,0,0,0,0,0,0,0,0,0,0,0,0,0,0,0,8,0,0,24,0,0,0,0,0,0,0,0,0,0,0,2,0,0,0,0,0,5,0,0,0,0,0,0,0,0,4,0,0,0,0
"16_038. P!nk - Just Give Me A Reason ft. Nate Ruess_noise_-15dB_sample1.wav",252,2,0,0,0,0,1,0,0,0,0,0,0,0,33,1,0,26,0,3,0,0,0,0,0,0,0,0,0,1,1,0,0,0,0,1,3,0,0,0,0,11,0,0,0,1,5,0,1,0,0,0,0,0,0,0,0,0,0,0,0,15,0,0,4,0,2,0,0,44,6,0,0,141,0,1,0,0,0,0,0,0,0,0,0,0,66,0,0,0,0,0,0,0,0,0,4,0,0,1,0
"23_048. Pharrell Williams - Happy (Official Music Video)_noise_-15dB_sample1.wav",256,1,0,0,0,0,0,0,0,0,0,0,0,1,33,0,3,24,0,0,0,0,0,0,0,1,0,0,0,1,0,0,0,0,0,0,0,0,0,0,0,11,0,0,0,0,0,0,0,0,0,0,0,0,0,0,0,0,0,0,0,0,0,0,0,0,2,0,0,44,0,0,0,2,0,0,1,4,0,0,0,0,0,0,0,0,0,0,0,0,80,0,0,0,0,0,2,0,0,1,0
"89_091. Faster Car - Anders Lystell feat. Kaliber [EPIDEMIC SOUND] (Lyrics)_noise_-15dB_sample1.wav",255,0,0,0,0,0,0,18,0,0,0,0,0,0,31,0,0,25,0,1,0,0,0,0,4,0,0,1,0,2,2,0,0,0,0,0,0,1,0,1,0,7,0,3,1,0,0,0,0,0,0,1,74,0,0,0,0,0,0,0,0,0,0,1,0,0,3,0,0,30,0,4,0,1,0,0,0,0,0,1,0,0,0,0,0,7,1,0,0,1,1,0,0,0,1,2,0,0,0,2,3
"10_012. Calvin Harris - I Need Your Love (Official Video) ft. Ellie Goulding_noise_-15dB_sample2.wav",263,0,0,0,0,0,0,0,0,2,2,0,0,0,31,4,1,22,0,1,0,0,0,0,3,0,4,0,0,2,0,0,0,0,1,0,1,0,14,1,0,7,0,0,0,305,0,0,0,0,0,0,0,0,0,0,0,0,0,0,0,0,0,0,0,0,3,0,0,28,1,0,0,2,0,0,0,0,0,0,0,0,0,0,0,7,0,0,0,2,0,2,0,0,0,0,4,0,8,0,0
"41_The Bidding_noise_-15dB_sample1.wav",259,0,0,0,0,0,0,0,0,0,0,0,0,0,30,0,0,26,0,0,0,0,0,0,0,1,0,0,0,3,0,0,0,0,0,0,0,0,0,0,0,7,0,0,0,0,0,1,0,0,0,0,0,0,1,0,0,0,0,0,0,0,0,0,0,0,4,0,0,38,0,0,0,0,0,0,0,0,0,0,0,0,0,0,0,0,0,0,0,0,1,0,0,0,2,0,62,0,0,1,0
"48_027. MAGIC! - Rude (Official Video)_noise_-15dB_sample2.wav",295,3,0,0,0,0,0,0,0,0,0,0,0,0,30,0,4,22,0,0,0,0,0,0,0,0,0,0,0,1,0,0,0,0,0,0,0,5,0,0,0,8,0,0,0,0,0,0,0,0,0,0,0,0,0,0,0,0,0,0,0,0,0,0,0,0,1,0,0,42,0,0,0,0,0,0,0,0,0,0,0,0,0,0,0,0,0,0,0,0,0,0,0,0,0,0,4,0,0,0,0
"71_083. My Singing Monsters - Plant Island Theme_noise_-15dB_sample1.wav",293,0,0,0,9,0,0,0,0,0,0,0,0,2,32,0,0,25,0,0,0,0,1097,0,0,2,0,0,0,1,0,0,0,0,0,0,0,0,0,0,0,8,0,0,0,0,0,0,0,0,0,0,0,0,0,0,0,0,0,0,0,0,0,0,0,0,1,0,0,41,0,0,0,0,0,0,0,0,0,0,0,0,0,0,0,140,0,0,0,0,0,0,0,5,0,0,4,0,0,1,0
"40_052. Lindsey Stirling - Moon Trance (Official Music Video)_noise_-15dB_sample1.wav",276,0,0,48,0,0,1,6,0,0,0,0,0,1,31,6,0,28,0,18,1,0,0,0,0,1,1,0,0,2,17,2,30,0,0,15,4,0,0,2,0,8,0,0,0,0,0,0,0,23,0,0,0,0,0,0,0,0,0,0,0,0,0,0,0,0,3,0,0,39,2,96,0,0,0,3,0,0,0,0,0,0,0,0,0,0,0,0,0,0,0,0,8,0,0,0,2,0,0,1,2
"59_014. Avicii - Hey Brother (Lyric)_noise_-15dB_sample2.wav",298,0,0,3,5,0,0,0,0,0,0,0,0,1,35,0,0,22,0,0,0,0,0,0,4,1,0,0,0,4,0,0,11,0,27,0,4,0,0,11,0,4,0,0,0,0,0,6,1,0,0,0,0,0,1,0,0,0,0,0,0,0,1,0,0,0,3,0,0,36,1,2,0,5,0,1,0,0,0,5,0,1,0,3,0,0,0,0,0,0,0,0,0,0,0,0,4,0,0,0,2
"47_020. Warriors (ft. Imagine Dragons)  Worlds 2014 - League of Legends_noise_-15dB_sample1.wav",298,0,0,0,0,0,1,0,0,0,0,0,0,1,30,0,0,22,0,0,1,1,0,0,0,0,0,0,0,3,0,0,0,0,0,0,0,0,0,1,0,6,0,0,0,0,0,0,0,0,0,0,0,0,1,0,0,0,0,0,0,0,0,0,0,3,2,0,0,130,0,0,0,0,0,0,0,2,0,0,0,0,0,0,0,0,0,0,0,0,2,0,0,0,0,0,2,0,0,2,0
"59_014. Avicii - Hey Brother (Lyric)_noise_-15dB_sample1.wav",299,0,0,0,1,0,0,0,0,0,0,0,0,0,33,0,0,22,0,1,0,0,0,0,445,1,0,0,0,2,0,0,0,0,442,0,2,0,0,0,0,10,32,0,0,11,20,0,0,100,0,7,0,0,207,0,0,0,0,0,4,0,0,0,0,25,8,0,0,42,0,0,0,2,0,0,0,0,0,0,0,0,0,0,0,0,0,2,0,0,1,0,0,0,0,3,0,0,0,0,0
"63_087. Anaconda - Nicki Minaj  The Fitness Marshall  Dance Workout_noise_-15dB_sample2.wav",265,0,0,0,0,0,0,0,0,0,0,0,0,8,26,0,0,23,0,0,0,1,0,4,0,1,0,0,0,1,0,5,3,0,0,0,0,0,0,0,0,2,0,0,0,0,0,0,0,0,0,0,0,0,0,0,0,0,0,0,0,0,0,0,0,1,4,0,0,29,0,0,0,0,0,0,0,0,35,0,0,0,0,0,0,0,0,0,0,0,0,0,0,0,0,0,2,0,0,1,0
"37_063. Bastille - Pompeii (Official Music Video)_noise_-15dB_sample1.wav",280,0,0,0,0,0,0,0,0,0,0,0,0,0,33,0,0,25,0,0,0,0,0,40,0,1,0,0,0,1,0,0,0,0,0,1,0,0,0,0,0,11,0,0,0,0,0,0,0,0,0,0,0,0,0,0,0,0,0,0,0,0,0,0,0,0,0,0,0,44,0,2,0,2,0,0,0,0,0,0,0,0,0,0,0,0,0,0,0,0,1,0,0,0,1,0,2,0,0,1,0
"16_038. P!nk - Just Give Me A Reason ft. Nate Ruess_noise_-15dB_sample2.wav",292,0,0,1,0,0,0,0,0,0,0,0,0,0,33,0,0,22,0,0,0,0,0,0,0,2,0,3,0,2,0,0,0,0,0,1,0,0,0,0,0,11,0,0,0,2,0,1,0,0,0,0,0,0,0,0,0,0,0,0,0,0,0,0,0,0,3,0,0,44,0,0,0,112,0,11,0,0,0,0,0,0,0,3,3,0,0,0,0,0,0,0,4,0,2,0,4,3,0,2,0
"3_100. Owl City & Carly Rae Jepsen - Good Time (Official Video)_noise_-15dB_sample1.wav",282,0,0,0,0,0,11,0,0,0,0,0,0,0,33,0,0,26,0,0,0,0,0,0,0,0,0,0,0,1,0,0,0,0,0,1,0,0,0,2,0,11,105,0,0,0,5,1,0,4,0,0,0,0,0,0,0,0,0,0,4,0,0,0,0,0,0,0,0,42,0,0,0,0,0,0,0,0,0,0,0,1,0,0,3,0,0,0,0,0,1,0,2,0,0,0,2,0,0,0,0
"66_Cruel_Summer_noise_-15dB_sample1.wav",260,0,0,5,8,0,1,0,0,1,0,0,0,0,36,3,0,25,0,1,0,0,0,0,0,1,0,0,0,1,0,0,17,0,0,0,4,0,0,0,0,11,0,0,0,0,1,1,41,0,0,0,0,0,0,0,0,0,0,0,0,0,0,0,0,0,0,1,0,44,0,3,0,8,0,2,0,0,0,0,0,1,0,3,0,0,0,0,0,0,2,0,0,0,1,0,4,0,1,0,0
"62_061. LEFT SCREEN ONLY Spot the Differences_noise_-15dB_sample2.wav",262,0,0,0,0,0,0,0,0,0,0,0,0,0,33,0,0,22,0,0,0,1,0,0,3,0,0,0,3,1,0,0,0,0,0,0,0,0,0,0,2,11,0,0,0,0,0,0,0,0,0,0,0,0,0,0,0,0,0,0,0,0,0,0,0,0,2,0,2,44,0,0,0,0,0,0,0,0,0,0,294,0,0,0,0,0,1,0,0,0,0,0,0,0,0,0,39,0,0,0,1
"2_023. Rachel Platten - Fight Song (Official Video)_noise_-15dB_sample2.wav",269,0,0,0,0,0,0,0,0,8,1,0,0,0,33,75,4,28,2,2,0,0,0,1,2,1,8,0,0,1,0,0,0,0,3,0,0,0,22,1,0,11,0,0,1,8,0,0,0,0,0,0,0,0,0,0,0,2,0,0,0,0,0,0,0,0,1,0,0,44,0,4,0,2,3,0,0,1,0,0,0,0,0,0,0,1,5,0,0,0,1,3,0,1,0,0,2,0,18,1,0
"91_Greener_noise_-15dB_sample1.wav",278,0,0,0,0,0,0,0,1,0,0,0,0,0,30,0,0,22,0,0,0,0,1,0,0,0,0,0,0,1,0,0,0,1,0,0,0,0,0,0,0,6,0,0,0,0,0,0,0,0,0,0,0,0,0,0,0,0,0,0,0,0,0,0,42,0,1,0,0,38,0,0,0,0,0,1,0,0,0,0,0,0,0,0,0,0,0,0,0,0,0,0,2,0,0,0,2,0,0,1,0
"94_Banana Man_noise_-15dB_sample2.wav",289,0,0,0,0,0,0,0,0,0,0,0,0,0,29,0,0,25,0,0,0,0,0,0,0,2,0,0,0,1,0,0,0,0,0,0,2,0,0,0,0,6,0,0,0,0,0,0,0,0,0,0,0,0,0,0,0,0,0,0,0,0,0,0,0,0,5,0,0,35,0,0,0,1,0,0,0,0,0,0,0,0,0,0,0,0,0,1,0,0,0,0,0,0,1,0,2,0,0,1,0
"93_015. Lukas Graham - 7 Years [Official Music Video]_noise_-15dB_sample2.wav",279,0,0,0,0,0,0,0,0,0,0,0,0,0,31,0,0,26,0,0,0,0,0,0,0,1,0,0,0,0,1,0,0,0,0,0,1,0,0,1,0,7,0,0,0,0,0,0,0,0,26,0,0,0,0,0,0,0,0,0,0,0,0,0,0,0,2,0,0,39,0,0,0,0,0,0,0,0,0,0,0,0,0,0,0,0,0,0,0,0,0,3,0,0,1,0,2,0,0,0,0
"19_054. Owl City - When Can I See You Again (From Wreck it Ralph)_noise_-15dB_sample2.wav",256,2,2,0,0,1,0,0,1,0,0,0,0,0,33,0,0,25,4,2,0,0,0,1,1,6,1,3,0,3,0,14,0,1,1,0,0,0,0,0,0,11,0,0,4,0,0,0,0,0,0,0,0,0,2,0,2,1,0,1,0,0,0,0,0,6,7,7,0,44,34,0,0,0,1,3,0,1,0,0,0,0,0,0,0,2,1,0,0,0,1,1,0,0,0,0,2,0,0,1,0
"39_051. Galantis - No Money (Official Video)_noise_-15dB_sample2.wav",281,0,0,0,0,0,0,74,0,0,0,0,0,0,26,1,0,22,0,0,0,0,0,0,0,0,0,0,0,1,0,0,0,0,0,0,0,0,0,0,0,4,0,0,0,0,0,0,0,0,0,31,4,0,0,0,0,0,0,0,4,0,0,57,5,0,2,0,4,26,0,0,0,0,0,0,0,0,0,26,0,1,4,0,0,0,8,1,0,4,0,0,0,0,0,0,2,0,0,0,0
"79_095. Alan Walker - Alone_noise_-15dB_sample2.wav",299,4,0,0,0,0,0,0,0,3,0,0,0,1,28,0,0,22,1,0,0,0,0,0,0,0,0,0,0,2,0,3,0,0,0,0,0,0,0,0,0,6,2,2,0,4,0,33,0,0,55,14,0,9,8,0,9,1,122,0,4,0,0,1,0,2,1,0,0,34,0,2,3,2,0,0,0,0,0,0,0,0,0,0,15,0,4,0,0,0,0,0,0,0,0,0,0,0,0,3,0
"67_090. Josh Groban - You Raise Me Up (Official Music Video) [HD Remaster]_noise_-15dB_sample2.wav",278,348,0,323,0,0,13,0,0,0,3,0,2,0,32,0,1,22,0,0,0,0,12,6,1,2,0,0,0,2,41,0,7,0,0,2,1,0,0,0,0,10,0,0,13,5,516,0,0,0,0,6,0,40,0,0,0,1,0,3,35,0,0,0,0,0,2,0,0,43,0,0,0,3,0,0,0,0,0,19,0,0,0,0,0,0,0,1,0,0,0,0,0,468,0,0,0,0,0,1,0
"105_101. Yann Tiersen - Comptine d`un autre ete - l`apres-midi_noise_-15dB_sample1.wav",267,0,0,166,5,0,0,31,0,4,1,0,0,0,33,31,0,28,11,0,0,3,0,8,11,1,50,0,0,1,94,9,146,0,11,84,11,0,19,9,65,10,0,0,7,0,0,1,0,9,0,0,0,0,0,0,0,22,4,0,0,8,0,1,18,14,2,0,2,44,7,1750,0,4,0,9,0,62,0,0,0,31,1,3,0,7,0,0,2,0,0,38,24,0,1,0,2,17,39,0,66
"18_044. tony igy-stop in my mind_noise_-15dB_sample2.wav",268,0,1,30,6,0,0,15,0,0,0,0,0,7,32,6,0,21,1,1,0,0,0,2,2,7,5,1,0,3,18,59,13,0,1,9,2,0,0,1,0,11,0,0,4,0,0,0,1,4,0,0,0,0,0,0,0,14,0,0,0,0,0,0,0,10,0,0,1,41,0,36,0,3,1,8,0,2,0,0,0,0,0,13,0,0,0,0,1,0,0,6,6,0,0,0,0,0,2,2,6
"88_033. Fifth Harmony - Worth It (Official Video) ft. Kid Ink_noise_-15dB_sample2.wav",261,0,0,44,16,1,0,0,0,0,98,0,0,3,33,0,1,22,0,0,0,0,0,0,0,0,0,0,0,2,0,0,0,0,0,0,2,0,0,0,0,11,0,0,0,0,0,8,0,0,0,0,0,0,0,0,0,3,2,2,0,0,2,0,0,8,1,0,0,44,0,0,0,1,0,0,0,0,0,0,0,0,0,0,0,0,0,0,0,0,1,0,0,0,6,3,0,0,0,0,0
"32_086. Olly Murs - Grow Up (Official Video)_noise_-15dB_sample1.wav",274,2,0,0,0,0,0,0,0,1,0,0,0,0,33,0,0,28,0,0,0,0,0,0,0,2,0,0,0,2,0,0,1,0,0,0,0,0,0,0,0,11,0,0,0,1,0,9,0,0,0,1,0,0,0,0,0,0,0,0,1,0,0,0,0,0,4,0,0,44,0,0,0,3,1,0,0,0,0,101,0,0,0,1,0,0,0,0,0,0,0,0,0,0,0,0,4,0,0,2,0
"25_035. Alan Walker - Sing Me To Sleep_noise_-15dB_sample1.wav",293,1,0,84,0,0,0,34,0,0,1,0,0,0,31,11,0,25,2,0,0,0,0,0,0,0,7,0,0,0,52,6,23,0,0,59,1,0,0,1,0,10,0,5,5,0,0,0,0,5,0,0,0,0,0,0,0,0,0,0,0,0,0,0,0,4,2,0,2,32,0,47,21,0,11,28,0,6,0,0,0,0,0,4,0,0,0,0,0,0,1,3,51,0,0,0,4,52,0,1,20
"63_087. Anaconda - Nicki Minaj  The Fitness Marshall  Dance Workout_noise_-15dB_sample1.wav",293,0,0,0,0,0,0,0,1,0,0,0,0,0,31,0,0,25,0,0,0,0,0,0,0,0,0,0,0,1,0,0,0,0,0,0,0,0,0,0,0,7,0,0,0,0,0,0,0,0,0,7,0,0,3,0,0,0,0,0,0,0,0,0,0,0,1,0,0,39,0,0,0,0,0,0,0,0,135,0,0,0,0,0,0,0,0,0,0,0,0,0,0,0,0,0,4,0,0,0,0
"38_082. Smoke and Mirrors_noise_-15dB_sample1.wav",288,0,0,0,0,0,0,0,0,0,0,0,0,0,32,0,0,22,0,0,0,0,0,0,0,0,0,0,0,2,0,0,0,0,0,0,1,0,0,1,0,9,0,0,0,0,7,0,0,31,0,0,0,0,0,0,0,0,0,0,0,0,0,0,0,0,4,0,2,41,0,3,0,0,0,0,3,0,2,0,0,0,0,0,0,0,0,0,0,0,1,0,0,0,0,0,0,0,0,1,0
"53_102. What_noise_-15dB_sample2.wav",275,0,0,0,0,0,0,0,0,1,0,0,0,1,33,0,0,22,0,0,0,0,0,0,0,0,0,0,0,0,0,0,0,0,0,0,0,0,1,1,0,11,0,0,0,0,0,1,0,1,0,0,0,0,0,0,0,0,0,0,0,21,0,0,0,0,2,0,0,44,0,0,2,0,0,0,0,0,0,0,0,0,0,0,0,0,0,0,0,0,2,0,0,0,2,0,2,0,0,2,0
"18_044. tony igy-stop in my mind_noise_-15dB_sample1.wav",264,0,0,0,0,0,0,0,0,0,0,0,0,1,27,0,2,25,0,0,0,0,0,4,3,1,1,5,0,2,1,408,0,0,0,0,0,0,0,0,0,4,0,3,2,0,0,2,0,0,0,0,4,18,2,0,0,1,0,0,0,0,0,4,0,0,3,0,0,32,0,0,0,1,0,0,0,0,1,0,0,0,0,0,0,0,1,2,0,0,0,0,0,0,0,0,4,5,0,17,0
"55_009. Taylor Swift - Shake It Off_noise_-15dB_sample2.wav",280,0,1,0,0,0,0,19,0,0,0,0,15,0,33,0,0,22,0,0,0,0,0,0,0,1,0,0,0,1,0,0,0,0,0,0,0,0,2,149,0,11,0,0,0,0,8,1,0,5,0,4,0,0,0,0,0,0,0,0,0,0,0,0,0,0,3,0,0,44,0,0,0,7,1,0,0,4,0,0,0,0,0,0,0,0,0,0,0,0,0,0,0,0,2,0,2,2,0,0,0
"61_045. The Black Eyed Peas - I Gotta Feeling (Official Music Video)_noise_-15dB_sample2.wav",284,0,0,0,0,0,0,0,0,0,0,0,0,1,33,0,0,28,0,0,2,0,0,0,0,2,1,0,0,0,0,0,0,0,0,0,0,0,0,1,0,11,0,0,0,0,1,0,0,0,0,0,0,0,0,0,0,0,0,0,0,0,0,0,0,0,2,0,0,44,0,0,0,0,0,0,0,0,0,0,0,0,0,0,0,22,0,0,0,0,1,0,0,0,0,0,4,0,0,2,0
"90_064. Eurythmics, Annie Lennox, Dave Stewart - Sweet Dreams (Are Made Of This) (Official Video)_noise_-15dB_sample2.wav",271,1,0,32,0,0,0,0,1,0,0,0,0,0,33,0,0,26,0,1,0,0,0,0,0,0,0,0,0,1,0,0,0,0,0,0,0,0,0,0,0,11,0,0,0,0,0,0,0,0,0,0,1,0,0,0,0,0,0,0,0,0,0,0,0,0,5,0,0,44,0,0,0,0,0,0,0,0,0,0,0,0,0,0,0,0,0,0,0,8,0,0,0,0,0,0,2,0,1,1,0
"4_003. Lorde - Royals (US Version)_noise_-15dB_sample1.wav",270,0,4,0,0,0,0,0,0,0,0,0,0,1,33,0,0,25,10,2,0,0,0,0,0,2,0,1,0,1,0,0,0,0,0,0,0,0,0,0,0,11,0,0,0,0,0,0,0,0,0,0,0,0,0,0,0,0,0,0,0,0,0,0,0,0,2,0,0,44,0,5,0,0,0,0,0,0,0,0,0,0,0,0,0,0,0,0,0,0,0,0,0,0,0,0,4,0,2,0,0
"28_074. American Authors - Best Day Of My Life_noise_-15dB_sample2.wav",260,0,0,0,0,0,0,0,0,0,0,0,0,0,33,0,0,25,0,0,0,0,0,0,0,1,0,0,0,2,0,0,9,0,0,39,0,0,0,0,0,11,0,0,0,0,0,0,0,0,0,0,0,0,0,0,0,0,0,0,0,0,0,0,23,16,0,0,0,37,0,2,0,0,0,0,0,0,0,0,0,2,0,0,0,3,0,0,0,0,0,0,0,0,1,0,2,0,0,1,1
"103_037. Calvin Harris, Rihanna - This Is What You Came For (Official Video) ft. Rihanna_noise_-15dB_sample1.wav",262,2,0,33,1,2,2,16,1,6,8,0,0,2,33,3,0,22,0,0,0,0,0,0,0,0,0,0,0,0,8,3,8,0,0,14,2,0,0,2,0,11,0,0,0,0,0,13,0,15,0,0,0,0,2,0,0,2,5,1,0,0,7,0,0,1,1,0,0,44,0,24,1,0,0,9,1,15,0,0,0,1,0,0,0,0,0,0,2,0,1,0,12,0,15,2,2,0,0,2,175
"22_094. Harry Potter Puppet Pals - The Mysterious Ticking Noise (Video With Lyrics)_noise_-15dB_sample1.wav",275,0,0,0,0,0,0,0,2,1,0,0,0,0,31,1,0,26,0,0,0,0,0,0,2,0,6,0,0,1,0,0,6,0,2,0,0,0,0,1,3,8,0,1,0,0,0,0,0,0,0,0,0,0,0,0,0,2,0,0,0,3,0,0,0,0,0,0,0,40,0,4,0,3,0,0,0,1,0,0,0,33,0,6,0,1,0,0,0,0,1,3,0,0,1,0,2,0,4,2,0
"83_004. Katy Perry - Roar_noise_-15dB_sample2.wav",272,5,2,0,0,0,0,0,2,0,0,0,0,1,33,0,0,26,0,0,0,0,0,0,2,0,0,0,0,0,0,0,0,0,2,0,0,0,0,0,0,11,0,0,0,0,0,10,0,0,8,0,0,0,0,0,151,0,0,0,0,0,0,0,0,0,6,0,0,44,0,0,0,1,4,0,0,3,0,0,0,0,0,0,0,5,0,0,0,0,0,0,0,0,0,0,0,0,0,1,0
"14_099. Sheppard Geronimo - [International Version] (Official music Video)_noise_-15dB_sample1.wav",283,0,0,1,0,0,0,0,1,0,0,0,0,0,31,2,0,24,0,0,0,0,0,0,0,1,73,0,0,2,0,0,0,0,0,0,0,0,1,1,0,10,0,0,0,0,0,0,0,0,0,0,0,0,0,0,0,0,0,0,0,0,0,0,0,0,1,0,0,40,0,0,0,0,0,0,0,0,0,0,0,0,0,0,0,0,0,0,0,0,1,0,2,0,1,0,1,0,0,1,0
"22_094. Harry Potter Puppet Pals - The Mysterious Ticking Noise (Video With Lyrics)_noise_-15dB_sample2.wav",270,0,0,4,1,0,0,0,0,0,0,0,0,0,27,0,0,16,0,0,0,1,0,6,0,1,0,0,0,0,0,0,0,0,0,0,0,0,1,1,0,6,0,0,0,0,0,0,0,0,0,0,0,0,0,0,0,0,0,0,0,0,0,0,0,9,3,0,0,27,0,0,0,0,0,0,0,4,0,0,0,92,0,0,0,0,0,0,0,0,0,0,1,0,0,0,2,0,0,1,0
"26_017. David Guetta - Titanium ft. Sia (Official Video)_noise_-15dB_sample2.wav",255,2,0,0,0,0,0,0,0,0,1,0,0,0,30,0,0,22,0,9,0,0,1,0,0,0,0,0,0,3,0,1,8,0,1,0,0,0,0,0,0,5,3,0,1,0,8,0,1,0,0,0,0,1,2,0,0,0,0,64,0,0,0,0,0,0,4,0,0,38,0,6,0,3,3,0,0,3,0,0,0,0,0,1,0,0,0,0,0,0,0,1,0,0,0,0,9,0,6,0,0
"102_018. Shawn Mendes - Stitches (Official Music Video)_noise_-15dB_sample1.wav",261,0,0,0,0,0,0,0,0,0,0,58,0,0,31,0,2,22,0,0,0,1,0,0,0,0,0,0,0,3,0,1,0,0,0,0,0,0,0,1,0,6,0,0,0,0,21,1,0,0,0,0,0,0,0,0,0,0,0,0,0,0,0,0,0,1,3,0,0,39,0,0,0,1,0,0,0,0,0,0,0,0,0,0,0,0,0,0,0,0,0,0,0,0,2,0,2,0,0,0,0
"99_080. Melanie Martinez - Carousel (Official Music Video)_noise_-15dB_sample2.wav",280,0,0,0,0,0,0,0,0,0,0,0,0,0,27,0,0,22,0,0,0,0,0,0,0,0,0,0,0,2,0,0,0,0,0,0,0,0,0,0,0,4,0,0,0,0,0,0,0,0,0,0,0,0,0,0,0,0,0,0,0,0,0,0,0,0,1,0,0,35,0,0,0,0,0,0,0,0,0,0,0,0,0,0,0,0,0,0,0,0,0,0,0,0,0,0,2,0,0,0,0
"60_057. Get Off The Phone Song_noise_-15dB_sample2.wav",280,0,0,0,0,0,0,0,1,0,0,0,0,0,32,0,0,23,0,0,0,0,0,4,0,1,0,6,1,2,6,4,11,0,0,0,0,0,0,1,0,8,0,149,0,0,0,0,0,0,0,0,32,45,0,0,0,0,0,0,0,0,0,1,0,0,2,0,3,41,0,0,0,0,0,0,0,0,0,4,0,0,0,0,0,0,0,4,0,0,1,0,0,0,0,0,2,0,4,3,0
"47_020. Warriors (ft. Imagine Dragons)  Worlds 2014 - League of Legends_noise_-15dB_sample2.wav",255,0,0,0,0,0,0,0,1,0,0,0,1,0,29,0,0,22,0,6,0,0,0,0,0,1,0,0,0,3,0,1,3,0,1,1,2,0,0,0,0,5,0,0,0,0,0,1,0,0,0,0,0,0,3,0,0,0,0,0,0,0,0,2,0,0,3,0,0,56,0,0,0,0,0,0,0,0,0,0,0,0,0,0,0,0,0,0,0,0,0,0,0,0,0,0,2,0,0,1,0
"48_027. MAGIC! - Rude (Official Video)_noise_-15dB_sample1.wav",248,0,0,0,0,0,0,1,0,0,0,0,0,0,33,0,0,22,0,0,0,2,0,0,0,2,0,0,0,2,0,0,0,0,0,0,3,57,0,0,0,11,0,0,0,0,0,0,0,0,0,0,0,15,0,0,0,0,0,0,0,0,0,0,0,0,1,0,0,44,0,0,0,0,0,0,0,0,0,0,0,0,0,0,0,0,2,1,0,0,0,0,2,0,0,0,0,0,0,0,0
"100_059. Nilla Wafer Top Hat Time  Song - Rhett & Link_noise_-15dB_sample2.wav",262,1,0,0,1,0,0,0,2,0,0,0,1,0,32,0,0,22,0,0,0,0,0,0,0,1,0,0,0,1,0,0,1,0,0,0,2,1,0,0,0,9,0,0,0,0,0,0,0,6,0,0,1,0,1,0,0,0,0,0,0,0,0,1,0,0,3,0,1,42,0,0,0,2,0,0,0,2,0,0,0,0,0,0,0,0,0,1,120,0,1,0,0,0,0,0,3,0,0,0,0
"54_016. Taylor Swift - Blank Space_noise_-15dB_sample2.wav",260,0,0,0,0,0,0,5,0,0,0,0,0,2,33,0,3,22,0,2,0,0,0,0,0,2,7,0,2,1,0,1,0,0,0,0,0,0,0,1,0,10,0,0,7,0,2,0,0,22,0,0,0,0,0,0,0,47,0,0,0,0,0,1,0,1,1,0,0,43,0,0,0,4,0,0,0,0,0,0,0,0,0,0,0,0,0,0,0,0,1,0,2,0,2,0,0,0,0,1,0
"35_036. Fall Out Boy - Centuries (Official Video)_noise_-15dB_sample2.wav",251,2,22,0,0,0,0,0,0,0,0,0,0,1,29,10,0,23,0,1,0,0,0,0,0,0,0,0,3,1,0,0,75,0,0,595,0,0,0,0,4,5,0,0,0,0,0,0,0,0,0,0,0,0,0,0,0,0,0,0,0,0,0,0,141,101,1,0,0,35,0,117,0,1,0,0,0,0,0,0,0,1,0,0,0,11,1,0,0,0,2,11,0,0,1,0,0,2,1,2,3
"68_055. Madness - Our House (Official 4K Video)_noise_-15dB_sample1.wav",284,2,6,0,0,0,0,4,0,2,0,0,1,1,30,3,0,22,0,0,0,0,0,0,0,1,0,0,0,0,0,4,2,0,0,0,0,0,8,0,0,6,0,4,7,0,0,0,0,1,0,0,0,0,0,0,0,0,0,0,0,0,3,0,0,0,0,0,2,37,1,1,13,0,5,4,0,1,0,0,0,0,63,7,0,1,0,4,1,0,0,0,2,0,2,0,0,7,0,0,2
"49_050. Carly Rae Jepsen - I Really Like You_noise_-15dB_sample1.wav",264,0,0,0,0,0,0,0,0,0,0,0,0,0,28,0,0,22,0,0,0,0,0,5,0,0,0,2,0,2,0,0,0,0,0,0,0,0,0,0,0,2,0,0,15,0,0,0,0,0,0,0,0,0,0,0,0,0,0,0,0,0,0,0,0,0,1,0,0,26,0,0,0,1,0,0,0,0,0,0,0,0,0,0,4,0,0,0,0,0,0,0,0,0,0,0,0,0,0,0,0
"21_085. Janji ft. Johnning - Heroes Tonight 1 HOUR_noise_-15dB_sample1.wav",255,2,0,0,0,0,0,0,0,4,0,20,0,0,28,0,0,5,0,0,0,0,0,0,0,0,0,0,0,3,0,1,1,0,0,0,0,0,0,0,0,5,2,0,0,21,0,110,0,1,25,8,6,6,6,0,7,0,1,0,27,0,0,1,0,3,1,0,0,12,0,0,0,0,0,0,0,0,0,11,0,0,0,1,6,0,0,1,0,0,0,0,0,0,0,0,1,0,1,1,0
"92_025. Fall Out Boy - Immortals (From Big Hero 6)_noise_-15dB_sample2.wav",267,0,0,0,0,0,0,0,0,0,0,0,0,0,33,0,0,23,0,1,0,0,0,0,0,1,0,94,0,4,0,2,1,0,0,0,0,0,0,0,0,11,0,3,0,0,0,19,0,0,0,1,10,36,0,0,0,0,0,0,0,0,0,0,5,0,1,0,0,44,0,0,0,1,0,11,0,5,0,1,1,1,0,0,3,0,0,2,0,0,3,0,0,0,1,0,1,0,1,1,0
"50_006. Wiz Khalifa - See You Again ft. Charlie Puth [Official Video] Furious 7 Soundtrack_noise_-15dB_sample1.wav",251,0,0,47,0,0,0,16,0,0,0,0,0,0,30,1,0,26,0,0,0,0,0,0,15,1,0,0,0,5,0,0,3,0,6,0,1,0,0,1,0,4,0,0,0,0,0,10,1,3,0,0,1,0,107,0,0,1,1,0,0,0,0,0,0,8,0,0,0,35,0,0,0,0,0,0,0,0,0,0,0,0,0,0,0,0,3,0,0,0,3,0,0,0,1,0,4,0,0,0,0
"58_039. OMFG - Hello_noise_-15dB_sample2.wav",248,0,0,0,0,0,0,0,0,0,1,0,0,0,33,0,0,22,0,0,0,0,0,0,0,1,0,0,0,0,0,0,0,0,0,0,2,0,0,0,0,11,0,0,0,0,0,0,0,3,0,0,0,0,0,0,0,0,0,0,0,0,0,0,1,0,9,0,0,44,0,0,0,0,0,0,0,0,0,0,0,0,0,0,0,0,0,0,0,0,0,0,0,27,0,0,0,0,0,0,0
"75_078. Kungs vs Cookin on 3 Burners - This Girl (Official Music Video)_noise_-15dB_sample1.wav",254,0,0,0,0,0,285,0,0,0,0,0,0,0,30,0,2,22,0,0,10,0,0,0,0,0,0,0,0,2,0,0,0,0,0,0,0,0,4,0,0,6,2,0,0,0,0,0,0,0,0,0,0,0,0,0,0,0,0,0,0,0,0,0,0,0,2,0,0,38,0,0,0,2,0,0,0,50,0,0,0,0,0,0,0,0,0,0,0,0,1,0,0,0,1,0,0,0,0,1,0
"81_013. Passenger  Let Her Go (Official Video)_noise_-15dB_sample1.wav",247,0,0,0,0,0,0,0,0,0,2,0,0,0,32,0,0,25,0,0,0,0,0,0,0,1,0,0,0,1,0,0,1,0,0,0,0,0,0,2,0,9,0,0,0,0,0,0,0,0,0,0,0,0,0,0,0,0,0,0,0,0,35,0,0,0,1,0,0,41,0,0,0,0,0,0,0,0,0,0,0,0,0,0,0,0,0,0,0,0,0,0,0,0,0,0,2,0,0,1,0
"51_088. Steven Universe - We Are The Crystal Gems_noise_-15dB_sample1.wav",248,20,0,0,0,0,44,0,1,0,0,0,0,0,32,0,12,26,1,0,0,0,0,0,0,1,0,0,0,1,0,0,5,0,0,4,0,0,0,0,0,9,0,4,0,0,0,0,0,0,0,111,0,0,0,0,0,0,0,0,0,2,0,0,0,0,2,0,0,42,0,0,209,0,0,0,0,38,0,0,0,0,0,38,22,0,0,0,0,0,1,0,0,0,2,0,0,0,0,1,1
"19_054. Owl City - When Can I See You Again (From Wreck it Ralph)_noise_-15dB_sample1.wav",257,0,5,0,1,0,0,0,0,0,2,0,0,1,33,0,0,22,3,0,2,0,0,0,0,7,0,2,2,1,0,11,0,0,0,0,0,0,0,0,0,11,0,0,3,0,0,0,0,0,0,0,0,0,3,0,0,0,0,4,0,0,0,0,0,3,3,3,0,44,27,4,0,0,0,7,0,0,0,0,0,0,0,0,0,0,2,0,0,0,0,2,0,0,0,0,0,0,0,0,1
"32_086. Olly Murs - Grow Up (Official Video)_noise_-15dB_sample2.wav",256,0,0,0,0,0,0,0,0,0,0,0,0,0,25,0,0,22,0,0,0,0,0,0,0,0,0,3,0,2,0,0,1,1,0,0,4,0,0,0,0,6,0,0,0,0,0,2,0,0,0,0,0,0,3,0,0,0,0,0,0,0,0,0,0,0,4,0,0,27,0,0,0,0,0,0,0,3,0,67,0,0,0,2,0,0,0,0,0,0,0,0,0,0,2,0,0,0,0,1,0
"55_009. Taylor Swift - Shake It Off_noise_-15dB_sample1.wav",252,0,0,0,0,0,0,0,0,0,0,0,0,1,33,0,0,25,0,1,2,0,0,0,0,0,0,0,0,0,0,0,0,0,0,0,0,0,0,12,0,11,0,0,0,0,0,0,0,0,0,0,0,0,0,0,0,0,0,0,0,0,0,0,0,0,4,0,0,44,0,0,0,0,0,0,0,0,0,0,0,0,0,0,0,0,0,0,0,0,0,0,0,0,0,0,2,0,2,1,0
"37_063. Bastille - Pompeii (Official Music Video)_noise_-15dB_sample2.wav",275,0,0,0,0,0,0,6,1,0,0,0,0,0,33,0,0,22,0,0,0,0,0,33,0,0,0,0,0,4,0,9,0,0,0,0,0,0,0,0,0,11,0,0,0,0,32,0,0,0,0,0,0,0,0,0,0,0,0,1,0,0,0,9,0,0,3,0,0,41,0,0,0,0,0,0,0,0,0,0,0,0,0,0,0,0,0,2,0,0,0,0,0,0,0,0,0,0,0,0,0
"90_064. Eurythmics, Annie Lennox, Dave Stewart - Sweet Dreams (Are Made Of This) (Official Video)_noise_-15dB_sample1.wav",279,0,0,0,0,0,0,0,1,0,0,0,0,1,33,0,0,28,0,0,2,0,0,0,0,0,0,0,0,5,0,0,0,0,0,0,0,0,0,0,0,11,0,0,0,0,0,0,0,0,0,0,0,0,0,0,0,0,0,0,0,0,0,0,0,0,1,0,0,36,0,0,0,0,0,0,0,0,0,0,0,0,0,0,0,0,0,0,0,11,0,0,0,0,0,0,2,0,0,0,0
"6_043. Wintergatan - Marble Machine (music instrument using 2000 marbles)_noise_-15dB_sample2.wav",264,0,0,11,26,2,15,3,1,0,3,0,4,2,591,1,4,25,1,0,4,0,0,0,13,2,0,0,0,1,3,0,26,0,43,1,23,0,2,14,0,11,79,0,0,0,0,55,2,3,0,0,0,0,21,2,0,54,0,0,0,0,0,0,0,160,5,0,0,44,0,16,0,11,3,2,0,56,0,0,0,5,2,5,31,0,0,0,2,1,0,0,2,0,257,0,2,7,0,35,22
"75_078. Kungs vs Cookin on 3 Burners - This Girl (Official Music Video)_noise_-15dB_sample2.wav",267,23,0,72,0,6,129,0,0,0,1,0,0,1,25,0,0,22,0,0,0,0,0,0,44,0,0,0,0,2,3,4,1,0,50,0,0,0,0,0,0,1,6,0,2,5,48,0,0,9,0,1,0,13,4,0,1,0,0,5,6,0,1,0,0,0,0,0,0,28,0,0,0,0,0,0,0,0,0,1,0,0,0,1,0,0,0,1,0,0,0,0,0,34,0,0,4,0,0,1,2
"99_080. Melanie Martinez - Carousel (Official Music Video)_noise_-15dB_sample1.wav",258,0,0,0,1,0,0,0,0,0,0,1,0,0,33,0,0,22,0,0,0,0,0,0,0,0,0,5,0,1,0,0,0,1,0,0,0,0,0,0,0,11,0,0,0,0,0,0,0,0,0,0,0,0,0,0,0,0,0,0,0,0,0,0,0,0,0,499,0,44,0,0,0,0,0,0,0,0,0,0,0,0,0,0,0,1,0,5,0,0,0,0,0,0,0,0,0,0,0,0,1
"35_036. Fall Out Boy - Centuries (Official Video)_noise_-15dB_sample1.wav",251,0,0,0,0,0,0,0,1,0,0,0,0,0,33,0,0,25,1,0,2,0,0,0,0,1,0,0,0,1,0,0,0,0,0,0,0,0,0,0,0,10,0,0,0,0,0,1,0,0,0,0,0,0,0,0,0,0,0,0,0,0,0,0,0,0,2,0,1,42,0,0,0,2,0,0,0,0,0,0,0,0,0,0,0,0,0,0,0,0,0,0,0,0,0,0,4,0,0,1,0
"13_030. Maroon 5 - Animals_noise_-15dB_sample2.wav",258,0,0,0,0,0,0,0,0,0,0,0,0,0,33,0,0,22,0,0,0,0,0,0,1,2,0,0,0,3,0,1,0,0,0,3,0,0,0,1,34,10,0,0,0,0,0,0,0,0,0,0,0,0,1,0,0,0,0,0,0,0,0,0,0,0,8,0,0,34,0,3,0,0,0,0,0,0,0,0,0,0,0,0,0,0,0,0,0,0,0,0,0,0,0,0,2,0,0,0,0
"5_002. Avicii - Wake Me Up (Official Video)_noise_-15dB_sample2.wav",266,0,70,0,0,0,0,6,0,0,0,0,5,0,33,6,0,22,0,0,0,0,0,0,0,0,0,0,0,3,8,7,0,0,0,10,0,0,0,3,11,9,0,0,0,0,0,0,0,0,0,14,0,0,0,0,0,0,0,0,0,0,6,0,0,0,1,0,0,40,0,20,0,2,1,0,0,0,0,0,0,0,0,0,0,1,3,0,6,0,0,1,0,0,0,0,2,2,0,1,0
"30_Cannibal_noise_-15dB_sample2.wav",267,0,0,2,3,0,0,0,0,0,0,0,3,2,29,0,0,25,0,0,0,0,1,5,0,1,0,0,0,10,0,0,18,0,0,33,10,0,0,1,0,5,0,0,0,0,0,0,1,0,0,0,0,0,0,0,1,0,0,0,0,0,0,0,0,0,2,0,0,36,0,1,0,3,0,1,0,0,0,24,9,3,0,427,0,0,0,0,0,0,0,3,0,0,1,0,4,0,0,1,0
"27_022. Major Lazer & DJ Snake - Lean On (feat. MØ) [Official Music Video]_noise_-15dB_sample1.wav",272,1,44,0,0,0,0,0,0,16,0,0,0,0,33,0,4,30,0,0,0,0,0,0,0,0,0,0,0,0,11,0,1,0,0,3,0,0,0,0,0,11,0,0,0,0,0,0,0,0,0,0,0,2,0,0,0,0,0,0,0,0,0,0,0,0,4,0,0,44,0,0,0,2,0,0,0,0,0,0,0,0,0,0,0,0,0,0,0,0,0,0,0,0,0,3,0,0,0,0,0
"57_Numb_noise_-15dB_sample1.wav",261,0,0,24,0,0,0,0,0,0,0,0,0,0,33,0,0,22,0,0,0,0,0,0,0,2,0,1,0,2,0,0,1,0,0,0,1,0,0,0,0,9,0,0,0,0,0,0,0,0,0,0,0,0,0,0,0,0,0,0,0,0,5,0,0,0,7,1,0,43,0,0,0,0,0,0,0,0,0,0,0,0,0,0,0,0,62,1,0,0,1,0,0,0,0,0,0,0,0,2,0
"29_010. Katy Perry - Part Of Me (Official)_noise_-15dB_sample2.wav",268,1,0,0,7,0,0,0,0,0,0,0,0,0,30,0,7,22,0,0,0,0,0,0,0,0,0,0,0,2,0,0,0,0,0,0,0,0,0,0,0,6,0,0,0,0,0,1,0,0,0,0,0,0,0,0,0,0,0,0,0,0,0,0,0,0,3,0,0,36,0,0,0,5,0,0,0,0,0,0,0,0,0,0,0,0,0,0,0,0,0,0,0,0,0,5,1,0,0,1,0
"64_097. Nightcore - Running With the Wolves [Lyrics]_noise_-15dB_sample1.wav",297,0,0,0,0,0,0,0,0,0,0,0,0,0,33,0,0,22,0,0,0,0,0,0,0,2,0,0,0,1,0,0,0,0,0,0,0,1,0,0,0,11,0,0,0,0,0,0,0,0,0,0,0,0,0,0,0,1,0,0,0,4,0,0,0,0,3,0,0,44,0,0,0,0,0,0,132,0,0,0,0,0,0,0,0,0,0,0,0,0,0,0,0,0,0,0,2,0,0,1,0
"1_028. Capital Cities - Safe And Sound_noise_-15dB_sample1.wav",274,0,0,0,0,0,0,7,0,0,0,0,0,0,32,0,0,26,0,0,0,0,0,0,0,0,0,0,0,1,0,0,20,0,0,0,43,0,0,0,0,8,0,0,0,3,0,0,3,0,0,0,0,0,0,0,0,0,0,0,0,0,0,0,0,0,1,0,0,42,0,0,0,2,1,0,0,0,0,2,0,0,0,2,0,0,0,1,0,0,1,1,1,0,0,0,6,0,0,0,1
"7_092. Harry Potter Medley on Marimba_noise_-15dB_sample1.wav",267,11,0,17447,132,63,11,0,0,55,66,0,0,22,28,0,32,22,49,1305,0,0,0,0,0,1,0,1,0,2,11,0,0,0,0,0,11,0,0,55,0,4,0,0,0,0,6,622,0,6,0,0,0,10,110,0,0,231,75,66,0,0,130,0,0,124,3,40,0,34,0,225,0,0,0,0,0,2,0,4,0,0,0,0,33,0,0,0,0,0,57,0,0,0,416,11,0,0,0,0,33
"74_029. David Guetta - Hey Mama (Official Video) ft Nicki Minaj, Bebe Rexha & Afrojack_noise_-15dB_sample1.wav",263,0,1,0,0,0,0,0,1,0,0,0,0,0,29,0,0,22,0,0,0,0,0,0,0,0,0,0,0,3,0,0,0,0,0,0,0,0,0,1,0,4,0,4,0,0,0,0,0,0,0,0,0,0,0,0,0,0,0,0,0,0,0,0,0,0,1,0,0,33,0,0,9,0,3,0,0,0,0,0,0,0,0,1,0,0,0,0,1,0,0,0,26,0,8,0,2,3,0,1,0
"6_043. Wintergatan - Marble Machine (music instrument using 2000 marbles)_noise_-15dB_sample1.wav",266,7,0,308,12,17,22,0,2,20,27,0,0,0,125,0,24,25,0,0,0,0,0,1,17,1,0,0,0,3,0,0,27,0,23,0,11,0,0,0,0,11,29,0,0,1,18,109,1,0,0,0,0,0,21,2,0,17,23,0,0,0,40,0,0,48,4,0,0,44,0,5,0,9,0,1,0,20,0,0,0,4,2,7,17,1,1,1,0,0,13,0,0,0,283,4,4,3,0,2,12
"34_The Trap_noise_-15dB_sample2.wav",286,0,0,0,0,0,0,0,0,0,0,0,0,0,33,0,4,22,0,0,0,0,0,0,0,0,0,0,0,2,0,0,0,0,0,0,0,0,0,1,0,11,0,0,0,0,11,0,0,0,0,0,0,0,3,0,0,0,0,0,0,0,0,0,0,0,1,0,0,44,0,0,0,3,0,0,0,0,0,0,0,0,0,0,0,3,0,0,0,0,0,0,0,0,1,0,0,0,0,0,0
"51_088. Steven Universe - We Are The Crystal Gems_noise_-15dB_sample2.wav",287,0,0,0,0,0,0,0,1,0,0,0,0,0,33,0,4,24,0,0,0,0,0,0,0,0,0,0,0,4,0,0,0,0,0,0,0,0,0,0,0,11,0,0,0,0,19,0,0,0,0,0,0,0,0,0,0,0,0,0,0,0,0,0,0,0,4,0,0,44,0,0,135,2,0,0,0,0,0,0,0,0,0,0,0,0,0,0,0,0,0,0,0,0,0,0,2,0,0,2,0
"36_072. Jessie J - Price Tag ft. B.o.B_noise_-15dB_sample2.wav",275,1,0,0,0,7,42,0,0,0,0,0,0,0,97,0,24,22,0,0,0,0,0,0,33,0,0,0,1,3,0,0,0,0,93,0,0,0,0,1,0,8,167,0,0,0,0,144,0,0,0,0,0,0,47,12,0,35,0,0,0,0,0,0,0,281,3,0,0,42,0,0,0,0,0,0,0,138,0,30,0,0,7,0,118,0,0,2,0,0,5,0,0,0,718,12,2,0,0,20,0
"17_084. Thomas Rhett - Crash and Burn_noise_-15dB_sample1.wav",259,0,0,0,0,0,0,0,0,0,0,0,0,0,33,0,10,24,0,0,0,0,0,0,0,2,0,0,0,1,0,0,0,0,0,0,0,0,0,0,0,11,0,0,0,0,0,0,0,0,0,0,0,0,0,0,0,0,0,0,0,0,0,0,0,0,4,0,0,44,0,0,0,0,0,0,0,4,0,0,0,0,0,0,0,0,0,1,0,1,0,0,0,0,0,0,0,0,0,1,0
"88_033. Fifth Harmony - Worth It (Official Video) ft. Kid Ink_noise_-15dB_sample1.wav",259,4,0,1,0,0,0,0,1,0,13,0,0,0,31,0,2,22,0,0,0,0,0,0,0,1,0,0,0,2,0,0,0,0,0,0,2,0,0,0,0,6,0,0,0,0,0,0,0,0,0,0,0,0,0,0,0,0,0,0,0,0,0,0,0,0,4,0,0,40,0,0,0,0,0,0,0,0,0,0,0,0,0,0,0,0,0,1,0,0,0,0,0,0,0,1,2,0,0,1,0
"97_075. Lindsey Stirling - Prism (Official Video)_noise_-15dB_sample1.wav",271,0,0,25,0,0,0,169,1,3,0,0,0,4,33,0,0,22,0,3,0,0,0,0,0,0,1,0,0,2,0,4,4,0,0,0,0,0,0,1,0,11,1,0,0,0,5,1,0,1,0,0,0,0,0,0,0,2,3,0,2,0,0,0,8,1,6,0,1,44,0,0,2,1,0,0,0,2,0,0,0,0,0,0,0,0,0,1,3,0,1,0,0,0,5,0,2,0,0,2,66
"15_060. My OCD (Song)_noise_-15dB_sample2.wav",288,0,0,0,0,0,0,0,1,0,0,0,10,2,33,0,0,30,0,0,0,0,0,0,0,2,0,0,0,3,0,0,0,0,0,1,0,0,0,1,0,12,0,0,0,0,0,1,0,0,0,0,0,0,0,0,0,0,0,0,0,0,0,0,0,0,3,0,0,44,0,0,0,0,0,0,0,0,0,0,0,0,0,0,0,0,0,0,0,0,1,0,0,0,1,0,2,0,0,2,0
