"16_038. P!nk - Just Give Me A Reason ft. Nate Ruess_noise_-12.5dB_sample1.wav",165,0,0,0,0,0,0,0,0,0,0,0,0,0,27,0,2,26,0,0,0,0,1,0,0,0,0,0,0,1,0,0,0,0,0,0,0,0,0,1,0,3,0,0,0,0,0,0,0,0,0,0,0,0,0,0,0,0,0,0,0,0,0,0,0,0,1,2,0,31,0,0,0,73,0,0,0,0,0,0,0,0,0,0,0,0,2,0,0,0,2,0,0,0,0,0,4,0,0,2,0
"10_012. Calvin Harris - I Need Your Love (Official Video) ft. Ellie Goulding_noise_-12.5dB_sample1.wav",155,0,0,0,0,0,0,0,0,0,2,0,0,0,33,0,3,22,0,1,0,0,0,0,0,0,0,0,0,2,0,0,0,0,0,0,0,0,0,1,0,11,0,0,0,102,0,33,0,0,5,1,0,2,3,0,3,0,2,0,2,0,0,0,0,0,4,0,1,44,0,1,0,3,0,0,0,4,0,0,0,0,0,0,3,8,0,0,0,0,2,0,0,0,0,0,0,2,0,0,0
"59_014. Avicii - Hey Brother (Lyric)_noise_-12.5dB_sample1.wav",154,0,0,1,0,0,0,0,2,3,0,0,0,0,33,1,8,25,0,0,0,0,0,0,39,1,4,0,0,1,0,0,1,1,65,0,0,0,0,0,0,11,0,0,0,4,0,0,0,0,0,0,0,0,0,0,2,4,0,1,1,0,0,0,0,0,4,0,1,44,0,0,0,0,0,0,0,0,0,1,0,0,0,0,0,4,0,0,0,0,1,1,0,1,1,0,2,1,23,4,0
"50_006. Wiz Khalifa - See You Again ft. Charlie Puth [Official Video] Furious 7 Soundtrack_noise_-12.5dB_sample2.wav",153,0,0,18,0,0,0,5,1,0,0,0,0,0,33,1,0,25,0,0,0,0,0,0,0,4,0,0,0,2,0,0,0,0,0,0,0,0,0,0,0,9,0,0,0,0,0,0,0,0,2,0,0,0,95,0,0,0,1,0,0,0,0,0,0,0,2,2,0,42,0,0,0,0,0,0,0,0,0,0,0,0,0,0,0,0,0,0,0,0,1,0,0,0,2,0,2,0,0,2,0
"24_047. Girls Talk Boys (from the Ghostbusters Original Motion Picture Soundtrack)_noise_-12.5dB_sample1.wav",152,0,0,33,2,33,0,0,0,0,0,0,0,3,26,0,2,22,0,0,0,4,0,6,0,14,0,13,0,2,0,0,5,33,0,6,1,0,6,0,0,2,0,0,3,0,2,0,0,0,0,0,0,0,21,0,0,0,0,3,0,0,0,0,0,17,1,1,3,30,0,8,0,11,14,4,0,0,0,0,0,0,0,0,13,0,19,9,0,0,0,42,0,0,0,0,2,1,0,0,0
"74_029. David Guetta - Hey Mama (Official Video) ft Nicki Minaj, Bebe Rexha & Afrojack_noise_-12.5dB_sample2.wav",155,1,0,22,0,0,0,5,0,0,0,0,0,0,30,11,0,24,0,0,0,0,0,0,0,1,13,0,0,1,17,1,4,0,0,4,2,0,2,1,0,8,0,0,9,0,0,0,0,9,0,0,0,0,0,0,0,0,0,0,0,0,2,0,3,7,4,0,3,26,0,18,0,2,0,9,0,7,0,0,3,0,0,6,0,0,0,2,1,0,0,5,18,0,5,0,2,4,0,1,12
"80_077. Emeli Sandé - Hurts_noise_-12.5dB_sample2.wav",151,3,0,114,1,110,0,0,0,0,0,0,0,0,33,6,0,22,0,0,0,0,0,5,0,10,7,34,0,3,9,0,2,121,0,1,1,1,0,0,0,11,0,0,82,0,1,0,0,5,0,2,0,6,23,0,0,2,0,2,0,0,1,0,0,50,3,0,2,42,1,15,0,7,10,5,0,4,0,0,0,0,0,4,7,0,49,8,0,0,0,3,1,0,3,0,2,2,0,0,1
"82_A Lady_noise_-12.5dB_sample1.wav",153,0,0,61,6,45,0,25,0,0,4,0,39,69,33,5,0,22,2,0,3,0,0,1,3,10,0,10,21,1,0,14,1,55,0,0,0,0,675,259,0,10,2,0,7,3,1,19,0,14,4,0,0,0,8,0,3,1,0,0,3,0,0,0,0,20,3,4,0,44,18,10,5,5,3,0,0,1,0,0,0,4,9,0,2,0,93,4,0,0,1,0,4,0,8,1,0,12,0,1,0
"57_Numb_noise_-12.5dB_sample2.wav",151,0,0,0,0,0,0,0,1,0,0,0,0,0,31,0,0,26,0,0,0,1,0,0,0,1,0,0,0,3,0,8,0,0,0,1,0,0,0,0,5,6,0,0,0,0,0,1,0,0,0,0,0,0,0,0,0,0,0,0,0,0,0,0,0,0,3,0,0,39,0,0,0,1,0,0,0,0,0,0,0,0,0,0,0,0,55,3,0,0,0,0,0,0,2,0,4,0,0,1,0
"25_035. Alan Walker - Sing Me To Sleep_noise_-12.5dB_sample1.wav",153,2,0,66,0,0,0,9,1,0,0,0,0,0,33,26,0,25,0,0,0,0,0,0,0,0,32,0,0,1,48,26,24,0,0,6,1,0,0,3,0,11,0,0,20,0,0,0,0,21,0,0,0,0,2,0,0,0,0,0,0,0,0,0,0,14,5,0,33,44,0,67,0,0,0,20,0,14,0,0,0,0,0,13,0,0,0,0,1,0,0,18,12,0,0,0,6,207,0,1,2
"100_059. Nilla Wafer Top Hat Time  Song - Rhett & Link_noise_-12.5dB_sample2.wav",161,0,0,8,1,0,0,0,0,0,0,0,0,0,33,0,0,25,0,0,0,0,0,0,0,0,0,1,0,2,0,1,1,2,0,0,0,0,0,0,0,9,0,0,0,0,0,0,0,2,0,0,1,0,0,0,0,0,0,0,0,0,0,0,0,1,0,0,0,43,0,0,0,0,1,0,0,0,0,0,0,0,0,0,2,0,0,0,42,0,0,0,0,0,1,0,4,0,0,1,0
"105_101. Yann Tiersen - Comptine d`un autre ete - l`apres-midi_noise_-12.5dB_sample1.wav",153,4,0,146,0,0,0,57,0,0,0,0,0,0,34,42,0,23,2,3,0,1,0,0,0,1,8,0,0,2,23,11,78,0,0,37,30,0,12,8,0,11,0,0,21,0,0,2,0,94,0,12,0,0,1,0,0,0,0,0,0,1,1,0,7,0,5,0,19,44,2,4186,2,1,0,24,0,0,0,0,0,6,0,0,0,1,0,1,6,0,0,15,56,0,0,0,2,29,0,0,176
"58_039. OMFG - Hello_noise_-12.5dB_sample1.wav",150,0,0,0,0,0,0,0,2,0,0,0,0,0,29,0,0,22,0,0,0,0,0,0,0,0,0,0,0,1,0,0,0,0,0,0,0,0,0,0,0,4,0,0,0,0,0,0,0,5,0,0,0,0,0,0,0,0,0,0,0,0,0,0,0,0,1,0,0,30,0,0,0,2,0,0,0,0,0,0,0,0,0,0,0,0,0,0,0,0,0,0,0,2,0,0,0,0,0,3,0
"30_Cannibal_noise_-12.5dB_sample1.wav",151,0,0,0,0,0,0,0,1,0,0,0,0,0,33,0,12,22,0,0,0,0,0,0,0,3,0,1,0,1,0,0,0,0,0,0,2,0,2,0,0,11,0,0,0,5,0,0,0,0,0,0,0,0,1,0,0,0,0,0,0,0,0,0,0,0,3,0,0,44,0,0,0,9,1,0,0,0,0,0,0,0,0,23,5,0,0,1,0,0,0,0,0,0,0,0,2,0,0,2,0
"88_033. Fifth Harmony - Worth It (Official Video) ft. Kid Ink_noise_-12.5dB_sample2.wav",150,0,0,0,0,0,0,0,0,0,141,0,2,0,33,0,0,23,0,1,0,0,0,0,0,2,1,0,0,0,0,1,0,0,0,0,3,0,0,0,0,11,0,0,0,0,0,0,0,0,0,0,0,0,0,0,0,0,0,0,0,0,0,0,0,0,3,0,0,44,0,0,0,0,9,0,0,0,0,4,0,0,23,0,0,0,0,0,0,0,0,0,0,3,0,0,2,1,2,0,0
"22_094. Harry Potter Puppet Pals - The Mysterious Ticking Noise (Video With Lyrics)_noise_-12.5dB_sample1.wav",149,0,0,11,0,0,0,0,0,0,0,0,0,0,33,6,5,25,0,0,0,0,0,0,0,1,2,0,0,2,0,0,11,0,0,39,0,0,0,1,5,12,0,1,0,0,0,0,0,0,0,0,0,0,0,0,0,0,0,0,0,3,0,0,0,0,5,0,0,44,0,7,0,0,0,2,0,0,0,0,0,146,0,10,0,0,0,1,0,0,0,0,1,1,0,0,4,0,0,1,0
"5_002. Avicii - Wake Me Up (Official Video)_noise_-12.5dB_sample1.wav",153,0,59,0,0,0,0,2,0,0,0,0,0,0,33,2,0,26,0,0,0,0,0,0,0,1,0,0,0,0,7,5,0,0,0,4,0,0,0,0,4,11,0,0,0,0,0,0,0,0,0,5,0,0,0,0,0,0,0,0,0,0,2,0,0,0,7,0,0,44,0,7,0,2,0,0,0,0,0,0,0,0,0,0,0,4,1,0,4,0,0,0,2,0,0,0,2,2,0,4,0
"73_Turn the Lights Off_noise_-12.5dB_sample1.wav",152,0,2,3,4,0,0,0,3,0,0,2,0,0,47,3,0,26,3,0,0,0,0,4,0,4,0,0,0,336,0,25,64,0,0,0,11,0,0,0,0,2,0,0,0,0,0,0,0,15,0,0,0,0,0,0,0,0,0,0,0,15,0,4,0,0,1,0,1,31,5,1,0,1,15,0,0,0,0,8,0,4,0,14,0,0,6,2,2,0,1,0,2,0,0,0,0,0,0,1,1
"1_028. Capital Cities - Safe And Sound_noise_-12.5dB_sample1.wav",154,0,0,1,0,0,0,0,0,0,4,0,0,0,32,0,0,22,0,0,0,0,0,0,2,0,0,0,0,4,0,0,0,0,2,0,33,0,0,1,0,9,0,0,0,0,0,0,0,0,0,0,0,0,0,0,0,0,0,0,0,0,0,0,0,0,3,0,0,42,0,0,0,0,0,0,0,0,0,7,0,1,0,0,8,1,0,0,0,1,0,0,0,1,1,0,2,0,0,3,0
"23_048. Pharrell Williams - Happy (Official Music Video)_noise_-12.5dB_sample2.wav",148,0,0,0,0,0,0,0,0,0,1,0,0,1,32,0,0,22,0,0,1,0,0,1,0,0,0,0,0,0,0,0,0,0,0,0,0,0,0,0,0,8,0,0,0,0,0,0,0,0,0,0,0,0,0,1,0,0,0,0,0,0,0,0,0,0,2,0,0,38,0,0,0,0,0,0,0,0,0,0,0,0,0,0,0,0,0,0,0,0,70,0,0,0,6,0,0,0,0,1,0
"70_You and Me_noise_-12.5dB_sample2.wav",150,1,0,4,0,0,0,0,0,0,0,1,0,1,31,0,0,25,0,1,1,0,0,0,0,1,0,0,0,1,0,0,0,0,0,0,0,0,0,0,0,7,0,0,0,0,0,0,0,0,0,0,0,0,0,0,0,0,0,0,0,0,0,0,0,0,5,0,0,40,0,0,0,1,89,0,0,0,0,0,0,0,0,0,0,0,0,0,0,0,0,0,0,0,3,4,2,0,0,1,0
"77_065. Nightcore - Ghostbusters_noise_-12.5dB_sample2.wav",149,0,0,0,0,0,0,0,1,0,0,0,0,0,32,0,0,25,0,0,5,34,0,0,0,1,0,0,0,2,0,0,0,0,0,0,0,0,0,1,0,9,0,0,0,0,1,0,0,0,0,0,0,0,0,0,0,0,0,0,0,0,0,0,0,0,2,0,0,42,0,0,0,0,0,0,0,0,0,0,0,0,0,0,0,0,0,0,0,0,1,0,0,0,0,0,2,0,0,1,0
"90_064. Eurythmics, Annie Lennox, Dave Stewart - Sweet Dreams (Are Made Of This) (Official Video)_noise_-12.5dB_sample1.wav",148,0,0,1,0,0,0,0,0,0,0,0,0,0,33,0,0,26,0,0,0,0,0,0,0,1,0,0,0,1,0,0,0,0,0,0,0,0,0,0,0,11,0,0,0,0,0,0,0,1,0,0,0,0,0,0,0,0,0,0,0,0,0,0,0,1,3,0,0,41,0,0,0,0,0,0,0,0,0,0,0,0,0,0,0,0,0,0,0,13,1,0,0,0,0,0,0,0,0,1,0
"104_024. twenty one pilots Stressed Out [OFFICIAL VIDEO]_noise_-12.5dB_sample2.wav",150,0,0,0,0,0,0,0,1,0,0,0,0,0,33,0,0,26,0,1,0,0,0,0,0,0,0,0,0,2,0,0,0,0,0,1,0,0,0,0,0,11,0,0,0,0,0,1,0,0,0,0,0,0,0,0,0,0,0,0,0,0,0,0,0,0,2,0,0,44,0,0,0,1,0,0,0,0,0,0,0,0,0,0,0,0,3,0,0,0,0,0,0,0,2,0,2,0,1,1,0
"6_043. Wintergatan - Marble Machine (music instrument using 2000 marbles)_noise_-12.5dB_sample1.wav",151,0,0,11,28,0,0,0,1,0,0,0,0,0,100,0,4,23,0,0,0,0,0,9,0,0,0,0,0,9,0,0,79,0,0,0,31,0,0,0,0,11,0,0,0,0,0,0,2,0,0,4,0,0,0,0,0,0,0,0,0,0,0,4,0,0,6,0,0,44,0,11,0,19,0,2,0,0,0,0,0,9,0,28,0,0,0,0,0,0,0,0,0,0,0,0,2,0,0,1,0
"102_018. Shawn Mendes - Stitches (Official Music Video)_noise_-12.5dB_sample2.wav",151,0,0,0,1,0,0,0,0,0,0,103,0,0,33,0,3,22,1,0,0,0,0,0,0,1,0,0,0,2,0,0,0,0,0,0,0,0,3,0,0,11,0,0,0,0,0,1,0,0,0,0,0,1,1,0,0,0,0,0,0,0,0,0,0,0,2,3,0,44,0,16,0,0,1,0,2,0,0,0,0,0,0,0,0,0,0,0,0,0,1,0,0,0,1,0,6,0,0,2,0
"20_Never Meant to Know_noise_-12.5dB_sample1.wav",150,0,0,0,0,0,0,0,0,0,0,0,0,0,33,0,0,29,0,0,0,0,0,0,0,3,0,0,0,2,0,0,0,0,0,0,0,0,0,1,0,10,0,0,0,0,0,0,0,0,0,0,0,40,0,0,0,0,0,0,0,0,0,0,0,0,4,0,0,44,0,0,0,0,0,0,0,1,0,0,0,0,0,0,0,0,0,0,1,0,1,0,0,0,0,0,3,0,0,1,0
"5_002. Avicii - Wake Me Up (Official Video)_noise_-12.5dB_sample2.wav",152,0,0,0,0,0,0,0,0,0,0,0,0,0,26,0,0,22,0,0,0,0,0,0,0,1,0,0,0,1,0,0,0,0,0,0,1,0,0,0,0,2,0,0,0,0,0,0,0,0,0,0,0,0,0,0,0,0,0,0,0,0,0,0,0,0,6,0,0,30,0,0,0,0,0,0,0,0,0,0,0,0,0,0,0,0,0,0,0,0,0,0,0,0,0,0,2,0,0,1,0
"11_062. Pipe Guy - HouseTranceTechno Live_noise_-12.5dB_sample2.wav",155,4,0,3,0,0,0,2,0,0,0,0,0,0,33,2,3,29,0,0,0,0,0,1,0,1,0,0,0,1,1,3,3,0,0,0,0,0,1,1,0,10,0,0,0,0,0,0,0,0,0,0,0,0,0,0,0,0,0,0,0,0,0,0,0,0,3,0,2,44,0,6,0,5,0,1,0,0,1,0,0,2,0,0,0,0,0,0,0,0,2,0,3,0,0,0,2,0,0,3,0
"98_021. Alan Walker - Faded_noise_-12.5dB_sample2.wav",152,11,0,21,0,0,1,8,1,5,0,0,0,1,33,0,0,22,0,0,0,0,0,4,0,21,0,0,34,4,27,0,1,4,0,0,0,0,7,0,0,10,2,2,31,7,92,55,0,0,57,473,3,15,12,0,6,0,15,0,7,0,0,1,0,0,4,0,0,42,0,31,0,1,0,0,0,0,0,2,0,5,0,0,18,3,0,14,0,0,4,0,0,12,2,0,2,0,0,2,0
"51_088. Steven Universe - We Are The Crystal Gems_noise_-12.5dB_sample2.wav",146,36,0,0,16,0,0,0,2,0,0,39,0,0,29,0,0,23,0,0,0,0,0,0,146,2,2,0,0,1,0,0,0,0,62,1,0,0,0,1,0,6,0,0,0,2,6,0,0,0,0,1,0,0,11,0,5,0,0,0,1,0,0,0,0,281,0,0,0,31,0,0,824,0,8,0,1,0,0,0,0,1,1,0,0,0,0,0,0,0,1,0,0,0,0,0,6,33,0,2,0
"2_023. Rachel Platten - Fight Song (Official Video)_noise_-12.5dB_sample1.wav",150,5,0,77,1,1,0,8,0,0,0,0,0,0,31,41,6,22,1,0,0,0,0,3,0,1,42,0,0,10,57,0,12,0,0,7,4,0,2,0,0,10,0,2,28,0,0,0,0,28,0,0,0,0,1,0,0,2,0,0,0,0,0,0,0,21,9,0,8,42,20,21,0,5,0,28,0,21,0,0,0,1,0,18,0,0,7,2,2,0,0,15,15,0,0,0,1,11,0,0,3
"103_037. Calvin Harris, Rihanna - This Is What You Came For (Official Video) ft. Rihanna_noise_-12.5dB_sample1.wav",152,0,0,0,0,0,0,0,1,0,0,0,3,0,33,2,1,22,7,1,0,0,0,0,0,1,1,0,0,1,0,0,0,0,0,0,1,0,0,8,0,11,0,0,0,0,0,0,0,0,6,0,0,0,0,0,0,0,0,0,1,0,0,0,0,1,4,0,0,44,3,9,2,2,0,0,0,0,0,0,0,0,0,0,0,1,0,0,0,0,0,0,0,0,2,0,4,3,2,1,190
"7_092. Harry Potter Medley on Marimba_noise_-12.5dB_sample2.wav",148,4,0,281,0,0,0,0,0,3,0,0,0,8,29,0,0,22,0,0,0,0,0,0,0,0,0,0,0,1,3,0,0,0,0,0,0,0,1,0,0,3,0,0,15,0,0,6,0,0,0,5,0,0,8,0,0,0,0,0,0,0,0,0,0,7,1,0,0,28,0,12,0,0,1,0,0,7,0,0,0,0,0,0,0,0,0,2,0,0,2,0,0,0,0,28,0,0,0,0,0
"11_062. Pipe Guy - HouseTranceTechno Live_noise_-12.5dB_sample1.wav",151,0,0,0,0,0,0,0,0,0,0,0,0,0,31,0,3,22,0,0,0,0,0,0,0,1,0,0,0,2,0,0,0,1,0,1,0,0,0,0,0,6,0,0,0,0,0,2,0,0,0,0,2,0,0,0,0,0,1,1,0,0,1,0,0,0,1,0,0,40,0,0,0,2,0,0,0,0,0,0,0,1,0,0,0,0,0,1,0,0,1,0,0,0,0,0,4,0,0,2,0
"95_053. Avicii - Hey Brother_noise_-12.5dB_sample2.wav",154,2,0,0,2,0,0,0,0,0,0,4,0,0,33,0,3,26,0,0,0,0,0,0,188,2,0,0,0,1,0,0,0,0,90,0,0,0,0,0,0,11,0,0,0,0,0,6,0,0,0,0,0,0,2,0,0,0,0,0,0,0,0,0,0,29,3,0,0,44,0,0,49,2,0,0,0,0,0,0,0,0,0,0,0,0,0,1,0,0,1,0,0,0,2,0,0,5,0,1,0
"60_057. Get Off The Phone Song_noise_-12.5dB_sample2.wav",149,0,0,0,0,0,0,0,1,0,0,0,0,0,33,0,0,25,0,1,0,0,0,1,0,1,0,3,0,1,0,0,0,0,0,0,0,0,0,1,0,11,0,7,1,0,1,1,0,1,0,0,1,10,0,0,0,0,0,2,0,0,0,2,0,3,8,0,0,42,0,0,0,0,0,0,0,0,0,0,0,0,0,0,0,0,0,2,1,0,0,0,0,0,0,0,2,0,0,1,0
"92_025. Fall Out Boy - Immortals (From Big Hero 6)_noise_-12.5dB_sample1.wav",152,0,0,0,0,0,0,0,1,0,0,0,0,0,29,0,0,32,0,0,0,0,0,0,0,1,0,13,0,1,0,0,0,0,0,0,0,0,0,0,0,5,0,0,0,0,0,0,0,0,0,0,0,0,0,0,0,0,0,0,0,0,0,0,0,0,2,0,0,36,0,1,0,0,0,0,0,0,0,0,0,0,0,2,1,0,0,1,0,0,1,0,0,0,0,0,0,0,0,2,0
"99_080. Melanie Martinez - Carousel (Official Music Video)_noise_-12.5dB_sample1.wav",151,0,0,0,1,0,0,0,0,0,1,1,0,0,30,0,0,22,0,0,0,0,0,0,0,2,0,8,0,3,0,0,0,0,0,0,0,0,0,0,0,5,0,0,0,0,0,0,0,0,0,0,0,0,0,0,0,0,0,0,0,0,0,0,0,0,0,144,0,32,0,0,0,0,0,0,0,0,0,0,0,0,0,0,0,0,0,8,0,0,1,0,0,0,0,0,0,0,0,1,1
"3_100. Owl City & Carly Rae Jepsen - Good Time (Official Video)_noise_-12.5dB_sample1.wav",163,2,0,0,2,0,0,0,0,1,0,0,0,1,32,0,0,25,0,0,0,0,0,0,0,0,0,0,0,2,0,0,0,0,0,0,1,0,2,0,0,8,81,1,0,2,0,106,0,0,55,3,0,4,3,0,3,0,2,0,4,0,0,0,0,0,7,0,0,41,0,0,0,0,0,0,0,9,0,1,0,0,0,0,2,0,0,2,0,0,0,0,0,0,3,0,0,0,0,1,0
"55_009. Taylor Swift - Shake It Off_noise_-12.5dB_sample2.wav",157,0,2,27,14,2,0,107,0,0,2,0,98,2,33,0,0,22,9,0,0,0,0,0,7,1,0,0,26,1,0,0,0,0,2,0,1,0,115,1392,0,11,0,0,0,7,4,0,0,0,0,0,0,0,0,0,7,0,0,2,6,0,2,0,0,24,2,7,0,44,35,6,6,14,7,0,0,0,0,0,0,2,0,0,7,0,0,0,0,0,0,0,0,0,18,0,0,36,0,1,8
"16_038. P!nk - Just Give Me A Reason ft. Nate Ruess_noise_-12.5dB_sample2.wav",150,0,0,3,0,3,0,0,1,0,0,0,0,0,33,0,0,22,1,1,0,0,0,0,0,1,0,0,0,2,0,0,0,0,0,1,0,0,0,0,0,11,0,0,0,0,0,0,1,0,0,3,0,0,0,0,0,0,0,0,0,4,0,0,1,0,2,0,0,44,3,3,0,123,0,1,0,0,0,0,0,0,0,0,0,0,19,0,0,0,0,1,0,0,0,0,4,0,0,1,0
"51_088. Steven Universe - We Are The Crystal Gems_noise_-12.5dB_sample1.wav",149,0,0,0,0,0,0,4,2,0,0,0,7,0,28,0,0,24,1,0,0,0,0,0,0,0,0,0,6,0,0,0,0,0,0,0,0,0,6,24,0,4,0,0,0,0,0,0,0,0,0,0,0,0,0,0,0,0,0,0,0,0,0,0,0,0,1,0,0,34,0,30,35,0,0,0,0,0,0,0,0,0,0,0,0,0,0,0,0,0,0,0,0,0,0,0,2,1,0,1,0
"13_030. Maroon 5 - Animals_noise_-12.5dB_sample2.wav",152,0,0,0,0,0,0,0,0,0,0,0,0,0,33,0,0,30,0,0,0,0,0,0,0,2,0,0,0,2,0,0,0,0,0,0,0,0,0,0,0,11,0,0,0,0,0,0,0,0,0,0,0,0,0,0,0,0,0,0,0,0,0,0,0,0,1,0,0,44,0,0,0,3,0,0,0,0,0,0,0,0,0,0,0,0,0,0,0,0,0,0,0,0,0,0,2,0,0,3,0
"63_087. Anaconda - Nicki Minaj  The Fitness Marshall  Dance Workout_noise_-12.5dB_sample2.wav",149,0,0,0,1,0,0,0,0,0,0,0,0,0,29,0,0,22,0,0,0,0,0,0,0,1,0,0,0,2,0,0,0,0,0,0,0,0,0,0,0,5,0,0,0,0,0,0,0,0,0,0,0,0,0,0,0,0,0,0,0,0,0,0,0,0,2,1,0,36,0,0,0,0,0,0,0,2,22,0,0,0,0,3,0,0,0,0,0,0,0,0,0,0,0,0,1,0,3,0,0
"87_079. twenty one pilots Heathens (from Suicide Squad The Album) [OFFICIAL VIDEO]_noise_-12.5dB_sample2.wav",156,0,0,0,0,0,0,0,0,0,0,0,0,0,33,0,0,22,0,0,0,0,0,0,0,0,0,0,0,2,0,0,0,0,0,0,0,0,0,0,0,9,0,0,0,0,22,0,0,0,0,0,0,0,0,0,0,0,0,0,0,0,0,0,0,0,1,0,0,44,0,0,0,0,0,50,0,0,0,0,0,0,0,0,0,0,0,0,0,0,0,0,0,0,0,0,2,0,0,1,0
"45_005. OneRepublic - Counting Stars_noise_-12.5dB_sample1.wav",159,0,0,0,1,0,0,2,0,0,0,0,0,6,30,0,0,22,0,1,0,0,0,1,0,0,0,0,0,2,0,1,0,0,0,0,0,0,0,0,0,5,0,1,0,0,0,0,0,0,0,0,0,0,0,0,0,1,0,0,0,0,0,0,0,0,1,0,8,38,0,0,0,0,0,0,0,0,1,0,0,0,0,0,0,0,3,7,0,0,1,0,0,0,0,0,2,0,0,1,0
"39_051. Galantis - No Money (Official Video)_noise_-12.5dB_sample2.wav",160,0,0,0,0,0,0,0,0,0,0,0,0,0,33,0,0,25,0,0,0,0,0,0,0,1,0,0,0,0,0,0,0,0,0,0,0,0,0,1,0,11,0,0,0,0,0,0,0,0,0,1,0,0,0,0,0,0,0,0,0,0,0,62,0,0,2,0,0,44,0,0,0,1,0,0,0,0,0,0,0,0,0,5,0,0,0,0,0,0,1,0,0,0,0,0,2,0,0,2,0
"93_015. Lukas Graham - 7 Years [Official Music Video]_noise_-12.5dB_sample2.wav",154,0,0,0,0,0,0,0,0,0,0,0,0,2,30,0,0,25,0,0,0,0,0,0,0,0,0,0,0,2,0,0,1,0,0,1,0,0,0,1,0,8,0,0,0,0,0,1,0,0,29,0,0,0,0,0,0,0,0,0,0,0,0,0,0,0,3,0,0,41,0,0,0,0,0,0,0,0,0,0,0,0,0,0,0,0,0,0,0,0,1,3,0,0,0,0,2,0,1,1,0
"0_096. Nightcore - Mad World_noise_-12.5dB_sample2.wav",150,0,0,0,0,0,0,0,0,0,0,0,0,1,32,0,0,22,0,0,162,0,0,0,0,0,0,0,0,0,0,0,0,0,0,0,0,0,0,0,0,9,0,0,0,0,0,0,0,0,0,0,0,0,0,0,0,0,0,2,0,0,0,0,0,0,0,0,0,26,0,0,0,0,0,0,0,0,0,0,0,0,0,0,0,0,0,0,0,0,0,0,0,0,0,0,0,0,0,0,0
"40_052. Lindsey Stirling - Moon Trance (Official Music Video)_noise_-12.5dB_sample2.wav",152,0,0,0,0,0,0,0,2,0,0,0,0,0,33,0,0,25,1,125,0,0,0,0,0,2,0,0,0,3,0,0,0,0,0,0,0,0,0,1,0,11,0,0,2,0,1,0,0,2,0,0,0,0,1,0,0,0,0,0,0,0,0,0,0,0,2,0,0,44,0,0,0,0,0,0,0,1,0,0,0,0,0,0,0,0,2,0,0,0,1,0,2,0,1,0,2,0,0,1,0
"3_100. Owl City & Carly Rae Jepsen - Good Time (Official Video)_noise_-12.5dB_sample2.wav",149,0,0,0,0,0,17,11,0,0,2,0,0,0,25,1,0,22,0,0,0,0,0,0,0,0,0,0,0,3,0,0,5,0,1,1,0,0,0,0,0,2,12,0,0,0,0,0,2,0,0,0,0,0,21,0,0,0,0,0,0,0,0,0,0,1,1,0,0,28,0,0,0,0,0,0,0,0,0,0,0,2,0,0,1,0,3,0,0,0,1,0,0,0,0,0,2,0,0,1,0
"81_013. Passenger  Let Her Go (Official Video)_noise_-12.5dB_sample2.wav",150,0,0,0,0,0,0,0,0,0,0,0,0,0,33,0,0,22,0,0,0,0,0,0,0,0,0,0,0,1,0,0,0,0,0,0,0,0,0,1,0,11,0,0,0,1,0,1,0,0,0,0,0,0,0,0,0,0,0,0,0,0,32,0,0,0,1,0,0,44,0,0,0,2,0,0,0,0,0,0,0,0,0,0,0,0,0,0,0,0,0,0,0,0,4,0,0,0,0,1,0
"93_015. Lukas Graham - 7 Years [Official Music Video]_noise_-12.5dB_sample1.wav",148,0,0,0,0,0,0,0,0,0,0,0,0,0,31,0,0,26,0,0,0,0,0,0,0,0,0,1,0,3,0,0,0,0,0,0,0,0,0,0,0,8,0,0,0,0,0,0,0,0,26,0,8,0,0,0,0,0,0,0,0,0,0,0,0,0,3,0,0,39,0,0,0,1,0,0,0,0,0,0,0,0,0,0,0,0,0,0,0,0,0,0,2,0,1,0,4,0,0,0,0
"76_073. Lindsey Stirling - Crystallize (Dubstep Violin Original Song)_noise_-12.5dB_sample2.wav",150,2,2,165,0,5,12,11,0,3,4,2,0,3,30,0,20,26,0,0,0,1,0,0,33,2,0,0,0,1,0,0,1,2,33,0,1,0,0,0,0,7,41,0,0,5,2,44,0,1,1,2,0,0,20,0,1,12,7,15,2,0,9,0,0,64,1,4,0,38,0,0,10,1,0,1,0,27,0,0,0,0,0,0,24,0,0,0,0,0,6,1,0,0,194,3,4,2,0,10,2
"9_034. Pitbull - Timber (Official Video) ft. Ke$ha_noise_-12.5dB_sample2.wav",149,0,3,0,0,0,0,0,2,0,0,1,0,0,33,0,3,23,0,1,0,0,0,0,0,0,0,0,0,2,33,0,1,0,0,1,0,0,0,0,2,10,0,0,0,0,0,0,0,0,0,4,0,0,0,0,0,0,0,0,0,0,0,0,0,0,1,0,0,44,0,4,0,3,0,0,0,0,0,0,0,0,0,0,0,0,0,0,0,0,0,0,0,0,0,0,0,0,0,4,0
"103_037. Calvin Harris, Rihanna - This Is What You Came For (Official Video) ft. Rihanna_noise_-12.5dB_sample2.wav",149,0,0,0,0,0,0,0,5,0,0,0,0,0,31,0,0,22,0,0,0,0,0,0,0,11,0,0,0,2,0,1,6,0,0,0,0,0,0,0,0,6,0,0,0,0,2,0,0,4,0,0,0,6,0,0,0,0,0,0,0,0,0,0,0,1,4,0,0,35,0,5,0,0,5,0,0,13,0,0,0,0,0,2,0,0,0,1,0,0,0,0,0,0,1,0,9,0,2,1,72
"80_077. Emeli Sandé - Hurts_noise_-12.5dB_sample1.wav",150,8,0,403,0,0,0,44,0,0,0,0,0,0,33,140,4,26,0,0,0,0,0,0,0,1,163,0,0,2,265,6,76,0,0,34,8,0,9,1,0,11,0,0,109,0,0,0,0,110,0,0,0,0,0,0,0,0,0,0,0,0,0,0,2,71,24,0,28,38,0,70,0,2,0,99,0,70,0,0,0,0,0,64,0,0,0,0,0,0,0,54,39,0,0,0,2,36,2,0,8
"37_063. Bastille - Pompeii (Official Music Video)_noise_-12.5dB_sample2.wav",146,5,0,0,22,0,0,0,0,0,0,0,0,0,28,0,0,25,0,0,0,0,0,24,0,8,0,1,1,2,0,12,17,0,0,0,1,0,0,1,0,3,0,0,0,0,14,0,0,0,0,2,0,0,0,0,0,2,0,9,0,0,0,0,0,12,1,2,0,34,1,0,0,11,0,1,0,0,1,1,0,0,0,0,0,0,16,0,0,0,0,0,2,11,0,0,2,0,0,0,0
"41_The Bidding_noise_-12.5dB_sample2.wav",150,0,0,0,0,0,0,0,0,0,0,0,1,1,27,0,0,22,0,0,0,1,0,0,0,0,0,0,0,1,0,0,0,0,0,0,0,0,0,0,0,3,0,0,0,0,0,0,0,0,0,0,0,0,16,0,0,0,0,0,0,0,0,0,0,0,3,0,0,30,0,0,0,0,0,0,0,0,0,0,33,0,0,0,0,0,0,2,0,0,0,0,0,0,0,0,222,0,0,1,0
"8_081. The Beach Boys - I Get Around_noise_-12.5dB_sample2.wav",150,2,0,0,0,0,1,0,0,0,2,0,0,0,33,0,0,22,0,0,0,0,0,0,0,1,3,0,0,2,0,0,0,0,0,0,0,0,0,0,0,37,0,0,0,0,1,0,0,0,0,0,0,0,0,0,0,0,0,0,0,0,0,0,0,0,1,0,2,44,0,0,0,0,0,0,0,0,0,0,0,0,0,0,0,0,2,0,0,0,0,1,2,0,0,0,2,0,0,1,0
"50_006. Wiz Khalifa - See You Again ft. Charlie Puth [Official Video] Furious 7 Soundtrack_noise_-12.5dB_sample1.wav",148,0,2,12,0,0,0,200,1,0,0,0,1,0,33,3,4,62,0,0,0,9,0,0,0,141,0,0,0,2,0,0,4,6,1,0,0,0,0,1,0,11,0,0,1,0,0,0,1,26,44,0,0,0,30,0,3,4,3,0,0,0,0,0,0,13,1,0,1,44,0,0,0,2,0,0,0,0,0,0,0,0,0,0,0,0,4,0,0,0,1,0,0,0,1,0,1,0,0,0,0
"24_047. Girls Talk Boys (from the Ghostbusters Original Motion Picture Soundtrack)_noise_-12.5dB_sample2.wav",150,0,0,0,0,0,0,0,1,0,0,0,0,0,33,0,3,26,0,1,0,0,0,0,0,0,0,0,0,2,0,0,0,0,0,0,0,0,0,0,0,10,0,0,0,0,2,0,0,0,0,0,0,0,2,0,0,0,0,0,0,0,0,0,0,0,2,0,0,42,0,0,0,2,0,0,0,0,0,0,0,0,0,0,0,0,0,0,0,0,1,4,0,0,2,0,4,0,0,1,0
"85_011. Martin Garrix - Animals (Official Video)_noise_-12.5dB_sample1.wav",150,0,0,5,0,0,0,0,1,0,0,0,0,255,31,0,0,22,0,0,0,0,0,0,0,1,0,0,0,1,0,0,0,0,0,0,0,0,0,2,0,8,1,0,0,3,0,1,0,0,0,2,0,2,0,0,0,0,0,1,7,0,0,0,0,0,0,0,0,40,0,10,1,2,0,1,0,0,0,0,0,2,0,0,0,0,0,0,0,0,0,2,0,5,0,8,0,0,0,1,1
"44_Sacred Beast_noise_-12.5dB_sample2.wav",151,1,0,44,0,0,47,6,0,0,0,0,0,11,33,20,3,26,8,1,0,0,0,0,33,0,22,0,0,4,33,0,8,0,33,4,5,0,26,0,0,11,4,12,14,5,13,0,0,14,0,17,4,0,20,0,0,0,0,0,2,0,0,0,0,10,4,0,4,44,0,104,14,1,0,14,0,1267,0,3,0,0,76,25,2,0,0,0,3,0,1,7,9,0,0,0,2,5,0,1,1
"66_Cruel_Summer_noise_-12.5dB_sample2.wav",151,0,0,0,0,0,0,0,0,0,0,0,0,0,33,0,0,26,0,0,0,0,0,0,0,0,0,0,0,2,0,0,0,0,0,0,0,0,0,1,0,11,0,0,0,0,0,0,9,0,0,0,0,0,0,0,0,0,0,0,0,0,0,0,0,0,4,0,0,43,0,0,0,0,0,0,0,0,0,0,0,0,0,0,0,0,0,1,0,0,0,0,0,0,0,0,2,0,0,1,0
"68_055. Madness - Our House (Official 4K Video)_noise_-12.5dB_sample2.wav",153,0,5,0,0,0,0,0,0,0,0,0,0,0,30,0,0,22,0,1,0,0,0,0,0,0,0,0,0,1,0,0,0,0,0,0,0,0,0,0,0,6,0,0,0,0,0,0,0,0,0,0,0,0,0,0,0,0,0,0,0,0,0,0,0,0,3,0,0,37,0,0,0,0,0,0,0,0,0,0,0,1,30,0,0,0,2,0,0,0,0,0,0,0,0,0,0,0,0,0,0
"91_Greener_noise_-12.5dB_sample2.wav",155,4,0,6,0,0,0,0,0,0,0,0,0,0,30,0,0,22,0,0,0,0,0,0,0,1,0,0,0,1,1,0,125,0,0,792,0,1,0,0,8,6,0,0,0,0,4,0,0,0,0,0,0,9,0,0,0,0,0,0,2,0,0,0,591,277,3,0,0,36,0,27,0,0,0,0,0,0,0,0,0,0,0,0,0,32,0,0,0,0,1,0,0,4,0,0,2,0,0,0,9
"98_021. Alan Walker - Faded_noise_-12.5dB_sample1.wav",153,4,0,0,0,0,0,0,0,4,0,0,0,0,32,0,0,25,0,0,0,0,0,0,0,1,0,0,0,0,0,0,0,0,0,0,0,1,2,0,0,9,1,1,0,5,0,44,0,0,35,117,2,12,9,0,4,0,8,0,6,0,0,0,0,0,1,0,0,41,0,6,29,0,0,0,0,14,0,0,0,0,0,14,11,1,0,0,0,0,0,0,0,0,0,0,2,0,0,1,0
"79_095. Alan Walker - Alone_noise_-12.5dB_sample2.wav",151,0,0,1,0,9,1,0,0,0,0,0,0,0,25,0,0,22,0,0,0,0,0,0,0,1,0,0,0,0,0,0,0,0,0,0,2,0,1,5,0,1,0,0,0,5,0,2,0,1,0,1,0,0,2,2,0,0,93,0,0,0,0,0,0,9,4,0,0,28,0,0,0,0,0,12,0,0,0,4,0,0,0,0,0,0,0,0,0,0,0,0,0,0,2,0,0,0,0,1,0
"61_045. The Black Eyed Peas - I Gotta Feeling (Official Music Video)_noise_-12.5dB_sample2.wav",150,0,0,0,0,0,0,0,0,0,0,0,0,0,32,0,0,22,0,0,0,0,0,0,0,0,0,0,0,1,0,0,5,0,0,58,0,0,0,0,0,7,0,0,0,0,0,0,0,0,0,0,0,0,0,0,0,0,0,0,0,0,0,1,28,17,1,0,0,39,0,3,0,0,0,0,0,0,0,0,0,0,0,0,0,102,0,0,0,0,0,1,0,0,0,0,0,0,0,1,1
"96_089. American Boy by Estelle and Kanye West_noise_-12.5dB_sample1.wav",148,0,0,0,0,0,0,0,0,0,0,0,0,0,31,6,0,22,0,0,0,0,0,0,0,0,0,0,0,1,0,0,0,0,0,0,0,0,5,0,0,6,0,0,0,0,0,0,5,9,0,0,0,0,1,0,0,0,0,0,0,0,0,0,0,0,14,0,0,39,0,0,0,0,0,0,0,8,0,0,0,0,0,0,0,0,0,0,0,0,0,0,0,0,1,0,2,0,26,0,1
"13_030. Maroon 5 - Animals_noise_-12.5dB_sample1.wav",149,0,2,0,0,0,0,0,0,0,0,0,0,0,29,1,0,26,0,0,0,3,0,0,0,0,0,0,0,1,3,0,3,0,0,3,0,0,0,1,75,5,0,0,0,0,0,0,0,1,0,7,0,0,0,0,0,0,0,0,0,0,0,0,0,0,2,0,1,36,1,41,0,1,0,0,0,0,0,0,0,0,0,0,0,0,1,0,0,0,0,0,0,0,0,0,2,0,0,0,0
"57_Numb_noise_-12.5dB_sample1.wav",152,0,0,2,0,0,0,0,1,0,0,0,0,0,27,0,0,22,0,0,0,0,0,0,0,1,0,0,0,3,0,9,0,0,0,0,0,0,0,0,0,4,0,0,0,0,0,0,0,0,0,0,0,0,0,0,0,0,0,0,0,0,0,0,0,0,2,0,1,31,0,0,0,0,0,0,0,0,0,0,0,0,0,0,0,0,186,0,0,0,0,0,0,0,0,0,5,0,0,0,0
"19_054. Owl City - When Can I See You Again (From Wreck it Ralph)_noise_-12.5dB_sample2.wav",149,0,0,0,0,0,0,0,0,0,0,0,0,0,31,0,0,22,0,0,0,0,0,0,0,0,0,0,0,1,0,0,4,0,0,0,0,0,1,0,0,7,0,0,0,0,2,0,0,0,0,0,0,1,0,0,0,0,0,0,0,0,0,0,0,0,3,0,0,39,0,0,0,1,2,0,0,0,0,0,0,0,0,2,0,0,0,0,0,0,2,0,0,0,0,0,6,0,4,2,0
"15_060. My OCD (Song)_noise_-12.5dB_sample1.wav",156,2,0,0,0,0,0,18,2,0,0,0,99,0,33,0,0,24,0,0,0,0,0,0,2,1,0,0,1,0,0,0,0,0,0,0,0,0,6,98,0,10,0,1,0,2,0,0,0,0,0,0,0,0,1,0,2,0,0,0,1,0,0,0,0,1,0,2,0,43,4,8,21,3,2,0,0,0,0,0,0,0,1,7,0,1,0,2,0,0,1,0,0,0,5,0,4,5,0,3,0
"86_019. Naughty Boy - La la la ft. Sam Smith (Official Video)_noise_-12.5dB_sample1.wav",153,0,0,0,0,0,0,0,0,0,0,0,0,0,29,2,0,25,0,0,0,0,0,0,0,0,0,0,0,1,0,0,18,0,0,0,0,0,0,0,0,5,0,0,0,0,0,0,0,0,0,0,0,0,0,0,0,0,0,0,0,0,0,0,0,0,2,0,0,36,0,1,0,2,0,0,0,0,0,0,0,0,0,0,0,0,0,6,0,0,1,0,0,0,2,0,2,0,0,1,0
"96_089. American Boy by Estelle and Kanye West_noise_-12.5dB_sample2.wav",154,0,0,0,0,0,0,0,1,0,1,0,0,1,32,0,3,22,0,0,0,1,0,0,0,1,0,0,0,1,0,0,0,0,0,0,0,0,0,0,0,7,0,0,0,0,0,0,0,0,0,0,0,0,0,0,0,0,0,0,0,0,0,0,0,0,1,0,0,41,0,0,0,1,0,0,0,0,0,0,0,0,0,0,0,0,0,0,0,0,1,0,0,0,0,0,4,0,18,2,0
"26_017. David Guetta - Titanium ft. Sia (Official Video)_noise_-12.5dB_sample2.wav",149,14,0,0,2,21,0,0,4,0,0,0,0,0,26,0,0,22,0,0,0,0,0,0,1,3,0,0,0,1,0,0,1,4,1,0,3,2,0,0,0,2,0,0,0,5,0,0,0,0,0,1,0,0,0,0,9,0,0,532,4,0,0,0,0,8,3,0,0,35,0,0,0,0,2,0,0,0,0,0,0,0,0,0,0,0,10,1,0,0,1,0,0,0,0,0,0,0,0,0,0
"43_098. Nightcore~ The Wolf_noise_-12.5dB_sample1.wav",149,0,0,0,0,0,1,0,0,0,1,0,0,2,30,0,0,22,0,0,0,0,0,0,0,1,0,0,0,3,0,0,0,0,0,0,0,0,0,0,0,5,0,0,0,0,0,10,0,0,0,0,0,0,0,0,0,0,0,0,0,0,1,0,0,0,1,0,0,37,0,0,0,0,0,1,0,0,0,0,0,0,0,0,0,0,0,0,0,0,0,0,0,0,0,24,2,0,0,0,0
"71_083. My Singing Monsters - Plant Island Theme_noise_-12.5dB_sample1.wav",154,0,0,0,9,0,0,0,0,0,0,0,0,0,33,0,0,14,1,0,0,0,1021,0,0,3,0,0,0,1,0,0,0,0,0,0,1,0,0,0,0,11,0,0,0,0,0,0,0,0,0,0,0,0,0,0,0,0,0,0,0,0,0,0,0,0,4,0,0,32,0,0,0,0,0,0,0,0,0,0,0,0,0,0,0,3,0,1,0,0,0,0,0,3,0,0,0,0,0,1,0
"64_097. Nightcore - Running With the Wolves [Lyrics]_noise_-12.5dB_sample2.wav",154,0,0,0,0,0,0,0,0,0,0,0,2,0,29,0,0,22,0,0,0,0,0,0,1,1,0,0,0,1,0,0,0,0,0,0,0,0,0,7,0,3,0,0,0,1,1,0,0,0,0,0,0,0,0,0,1,0,0,0,0,0,0,0,0,0,7,1,0,26,1,0,0,1,1,0,0,0,0,0,0,0,0,0,0,0,0,1,0,0,0,0,0,0,2,0,2,2,0,1,0
"26_017. David Guetta - Titanium ft. Sia (Official Video)_noise_-12.5dB_sample1.wav",148,0,0,1,0,0,0,0,0,0,0,0,0,0,29,0,0,22,0,0,0,0,0,0,0,0,0,0,0,1,0,0,8,0,1,0,0,0,0,0,0,5,0,0,0,0,3,0,0,0,0,0,0,0,0,0,0,0,0,8,0,0,0,0,0,1,2,0,0,36,0,2,0,0,2,0,0,1,0,5,0,0,0,1,0,0,0,0,0,0,0,0,0,0,0,0,5,0,1,0,0
"76_073. Lindsey Stirling - Crystallize (Dubstep Violin Original Song)_noise_-12.5dB_sample1.wav",152,18,0,194,8,110,0,11,1,0,5,27,0,0,31,17,0,22,25,1,0,4,0,13,109,34,20,48,0,1,36,0,5,110,30,3,0,0,0,3,0,9,0,0,14,0,4,0,0,14,0,1,0,0,55,0,1,1,0,6,0,0,3,0,0,791,9,0,7,38,3,17,456,25,34,14,0,11,0,0,10,0,3,23,40,0,48,40,1,0,0,10,4,0,0,0,6,29,0,1,2
"34_The Trap_noise_-12.5dB_sample1.wav",164,148,0,28,1,0,0,2,0,0,2,0,0,1,33,0,0,25,0,0,54,0,17,5,2,1,0,0,0,1,0,10,242,0,0,0,2,0,67,0,0,19,1,0,4,0,36166,0,0,0,5,9,12,24,0,0,1,70,0,0,0,0,0,0,0,0,2,0,1,44,0,0,2,0,56,36,0,28,0,0,0,0,0,36,0,0,0,2,0,0,0,0,0,0,2,0,208,0,71,1,1
"20_Never Meant to Know_noise_-12.5dB_sample2.wav",153,0,0,130,0,0,0,0,0,0,0,0,0,2,31,0,0,22,0,0,0,0,0,0,0,0,0,0,0,1,6,0,0,0,0,0,0,0,0,0,0,9,0,0,0,3,20,0,0,0,0,0,1,824,0,0,0,0,0,0,5,0,0,0,2,0,2,0,0,38,0,16,0,0,0,1,0,0,0,2,0,0,0,0,0,0,0,0,0,0,0,0,0,59,0,0,2,0,0,2,0
"83_004. Katy Perry - Roar_noise_-12.5dB_sample2.wav",148,2,0,0,0,0,0,0,0,0,0,0,0,0,33,0,2,28,0,2,0,0,0,0,0,2,0,0,0,2,0,0,0,0,0,0,0,0,0,0,0,9,0,0,0,1,0,0,0,0,0,0,0,0,0,0,0,0,0,0,0,0,0,0,0,0,4,0,0,43,0,0,0,1,0,0,0,0,0,0,0,0,0,0,0,0,5,1,0,0,0,0,0,0,0,0,4,0,0,2,0
"47_020. Warriors (ft. Imagine Dragons)  Worlds 2014 - League of Legends_noise_-12.5dB_sample1.wav",150,0,0,0,1,0,1,11,0,0,0,0,0,0,33,0,0,25,1,0,0,0,22,0,0,1,0,0,0,2,0,0,0,0,0,0,0,0,0,0,0,11,0,0,0,0,0,0,0,13,0,0,0,0,1,0,0,0,0,0,0,0,0,0,0,1,2,0,3,183,0,0,22,0,6,0,0,2,0,0,0,0,0,1,0,0,0,0,0,0,0,0,0,0,0,0,2,0,0,1,0
"34_The Trap_noise_-12.5dB_sample2.wav",151,0,0,0,0,0,0,0,1,0,0,0,0,0,33,0,5,23,0,0,0,0,0,2,0,1,2,0,0,1,0,0,0,0,0,1,0,0,0,1,0,13,3,0,0,0,30,4,0,0,0,0,0,0,0,0,0,0,0,0,0,0,0,0,0,0,2,1,0,44,0,0,0,0,0,0,0,2,0,0,0,0,0,0,0,2,7,1,1,0,1,0,0,0,1,0,2,0,0,2,0
"21_085. Janji ft. Johnning - Heroes Tonight 1 HOUR_noise_-12.5dB_sample1.wav",154,0,0,0,0,0,0,0,0,1,0,9,0,0,20,0,0,8,1,0,0,0,0,0,0,0,0,0,0,0,0,0,3,0,0,2,0,0,0,1,0,6,2,0,0,7,2,110,0,1,14,2,8,2,5,0,6,0,1,0,17,0,0,1,0,50,1,0,0,15,0,0,0,0,1,0,0,11,0,10,0,0,5,0,11,0,0,0,0,0,2,0,0,0,0,0,4,0,0,1,0
"29_010. Katy Perry - Part Of Me (Official)_noise_-12.5dB_sample2.wav",154,12,5,36,49,8,0,0,16,0,0,0,0,0,31,0,0,26,0,1,0,0,0,12,2,6,0,1,0,2,0,3,6,23,2,0,1,0,0,0,0,9,0,0,0,0,0,4,1,20,0,4,0,0,0,0,0,1,0,9,0,0,1,0,0,2,3,5,0,40,3,1,0,17,0,1,0,2,0,1,0,0,0,1,0,0,18,0,0,0,0,2,0,0,1,0,1,0,0,1,0
"101_070. Eminence - Knock Me Out (feat. Anna Cyzon) [Monstercat Official Music Video]_noise_-12.5dB_sample2.wav",156,0,0,0,0,0,0,0,0,0,0,0,0,0,33,0,3,22,0,0,0,0,0,1,0,0,0,0,0,1,0,0,30,0,0,0,0,0,0,0,0,10,0,1,0,0,0,0,0,0,0,0,0,0,0,0,0,0,0,0,0,0,0,0,0,0,4,0,0,43,0,14,0,3,0,0,0,0,0,0,0,0,0,0,0,0,0,0,0,2,0,0,0,0,0,0,0,0,0,0,0
"83_004. Katy Perry - Roar_noise_-12.5dB_sample1.wav",155,0,0,0,0,0,0,0,1,0,0,0,0,1,29,0,0,23,0,0,0,0,0,0,3,2,0,0,0,1,0,0,0,0,0,0,0,0,0,0,0,4,0,0,0,0,0,0,0,0,0,0,0,0,0,0,65,0,0,0,0,0,0,0,0,0,4,0,0,32,2,1,0,0,0,0,0,0,0,0,0,0,0,0,0,0,0,0,0,0,1,0,2,0,0,0,4,0,0,1,0
"2_023. Rachel Platten - Fight Song (Official Video)_noise_-12.5dB_sample2.wav",162,0,1,0,2,0,0,0,3,0,0,0,0,0,31,93,0,22,0,9,0,0,0,0,0,1,0,0,0,2,0,0,30,0,0,0,3,0,0,0,0,6,0,0,0,0,5,0,2,0,0,0,0,0,1,0,0,0,0,0,0,2,0,0,0,1,2,0,0,39,5,0,0,2,1,0,0,12,1,0,0,0,0,1,0,12,0,0,0,0,0,5,0,0,0,0,4,0,0,4,1
"1_028. Capital Cities - Safe And Sound_noise_-12.5dB_sample2.wav",157,0,0,72,0,0,0,16,0,0,0,0,0,0,33,13,0,22,3,0,0,1,0,0,0,1,4,0,0,3,40,5,25,0,0,23,60,0,0,1,0,10,0,0,0,0,0,0,0,4,0,0,0,0,0,0,0,0,0,0,0,15,0,0,0,0,0,0,0,42,0,19,0,2,0,7,0,1,0,0,0,0,0,1,0,0,9,0,0,0,1,9,6,0,1,0,2,0,0,1,0
"77_065. Nightcore - Ghostbusters_noise_-12.5dB_sample1.wav",155,0,0,0,0,0,0,0,0,0,0,0,0,0,30,0,0,23,1,0,0,64,0,0,0,0,0,0,0,1,0,0,0,0,0,0,0,0,0,0,0,6,0,0,0,0,0,0,0,0,2,0,0,0,0,0,0,0,0,0,0,0,0,0,0,0,0,0,0,36,0,0,0,0,0,0,0,0,0,0,0,0,0,0,0,0,0,0,0,0,2,0,0,0,0,0,2,0,0,0,0
"53_102. What_noise_-12.5dB_sample2.wav",156,0,0,0,0,0,0,0,2,0,0,0,0,1,33,1,0,26,4,0,1,0,0,1,0,0,0,0,0,20,0,0,311,0,0,99,9,0,0,1,0,11,0,0,0,0,0,1,0,1,0,0,0,0,0,0,0,0,0,0,1,292,0,6,43,28,2,0,0,44,0,6,0,2,0,0,0,0,0,0,0,9,0,0,0,3,0,0,0,0,0,10,0,4,0,0,2,1,0,1,0
"70_You and Me_noise_-12.5dB_sample1.wav",160,0,0,0,0,0,0,6,1,0,0,0,0,0,31,0,0,25,0,0,0,0,0,0,0,1,0,0,0,1,0,0,0,0,0,0,0,0,0,0,0,8,0,1,0,0,0,0,0,7,0,0,0,0,0,0,0,0,0,0,0,0,0,0,0,0,0,0,2,40,0,0,16,3,2,0,0,0,0,0,0,0,0,1,0,0,0,0,0,0,1,0,0,0,0,0,4,0,0,1,0
"35_036. Fall Out Boy - Centuries (Official Video)_noise_-12.5dB_sample2.wav",160,0,11,0,0,0,0,0,1,0,0,0,0,0,31,8,0,25,1,0,0,0,0,0,0,2,0,0,3,2,0,0,17,0,0,193,0,0,0,0,1,8,0,0,0,0,0,0,0,0,0,0,0,0,1,0,0,0,0,0,0,0,0,0,0,0,3,0,0,40,0,26,0,0,0,0,0,0,0,0,0,0,0,0,0,0,3,0,0,0,0,1,0,0,2,0,0,0,0,0,0
"18_044. tony igy-stop in my mind_noise_-12.5dB_sample2.wav",156,0,11,50,10,67,0,17,1,3,0,0,0,36,31,0,0,26,1,3,0,0,0,2,0,41,5,5,0,6,10,932,1,280,0,11,4,0,0,4,0,9,0,0,17,0,3,1,9,31,0,31,0,1,3,0,0,11,0,0,0,0,0,3,0,35,4,5,9,40,18,54,0,1,0,6,0,0,4,0,0,0,4,78,0,0,21,39,6,0,0,9,1,0,2,0,4,0,0,1,0
"67_090. Josh Groban - You Raise Me Up (Official Music Video) [HD Remaster]_noise_-12.5dB_sample2.wav",153,36,0,0,2,0,0,0,2,0,0,0,0,2,30,0,0,27,0,1,0,0,0,0,0,0,0,2,0,1,0,2,0,0,0,0,0,0,0,0,0,7,0,0,2,1,0,0,0,0,0,0,0,0,0,0,0,0,0,0,0,0,0,0,0,4,2,0,0,40,0,0,0,0,0,1,0,0,0,0,0,0,0,0,0,0,0,0,0,0,2,1,0,0,1,0,0,0,3,1,0
"46_032. Katy Perry - Wide Awake (Official Video)_noise_-12.5dB_sample1.wav",158,0,0,22,0,30,0,0,1,0,0,0,0,0,32,0,0,25,0,0,0,0,0,0,0,2,0,0,0,1,0,0,1,0,0,0,1,0,0,2,0,9,0,0,0,0,0,0,0,0,0,0,0,0,0,0,0,0,0,1,0,0,0,0,0,0,5,0,0,40,0,0,0,0,0,0,0,0,0,0,0,0,0,0,0,0,0,1,0,0,0,0,0,0,0,0,2,0,0,1,0
"84_001. Anna Kendrick - Cups_noise_-12.5dB_sample2.wav",159,0,0,0,0,0,0,0,7,0,0,0,0,0,30,0,0,24,0,0,0,0,0,0,0,0,0,0,0,1,0,0,0,0,0,0,0,0,0,0,0,5,0,0,0,0,0,0,0,0,0,0,0,0,0,0,0,0,0,0,0,0,0,0,0,0,0,0,0,38,0,0,0,0,0,0,0,0,0,0,0,0,0,0,0,0,0,0,0,0,1,0,0,0,0,0,0,0,0,1,0
"46_032. Katy Perry - Wide Awake (Official Video)_noise_-12.5dB_sample2.wav",161,2,0,130,1,299,2,0,1,6,8,0,0,0,31,0,3,28,0,0,0,0,0,0,0,3,0,0,0,3,0,0,0,0,0,0,2,0,0,0,0,7,0,0,0,0,0,28,0,0,0,0,0,0,2,0,0,8,5,16,0,0,7,0,0,1,4,0,0,38,0,0,0,3,0,0,0,0,0,2,0,0,0,0,0,0,4,0,0,0,3,0,0,0,26,2,4,0,0,2,5
"8_081. The Beach Boys - I Get Around_noise_-12.5dB_sample1.wav",159,0,0,1,0,0,0,0,1,0,0,0,0,0,33,0,4,23,0,1,1,0,1,0,0,0,0,0,0,2,2,7,0,0,0,0,0,0,0,0,0,364,0,0,0,0,6,0,0,0,0,0,0,0,0,0,0,0,0,0,0,0,0,0,0,0,7,0,3,44,0,0,0,0,0,0,0,0,0,0,0,0,0,0,0,0,0,1,0,0,1,0,0,0,3,0,4,0,1,0,0
"82_A Lady_noise_-12.5dB_sample2.wav",158,0,0,11,0,0,0,2,1,0,0,0,0,0,29,6,0,22,0,0,2,1,0,0,0,3,5,0,0,4,8,0,2,0,0,1,0,0,521,0,0,5,0,0,3,0,24,3,2,3,0,0,0,0,1,0,8,0,0,0,0,0,0,0,0,2,3,0,1,32,0,2,0,0,0,3,6,7,23,0,0,11,0,1,0,0,0,0,0,0,1,1,2,0,0,0,0,1,0,8,0
"39_051. Galantis - No Money (Official Video)_noise_-12.5dB_sample1.wav",162,0,0,0,0,0,0,0,1,1,0,0,0,0,33,0,0,22,0,0,0,0,0,0,0,0,0,0,0,1,0,1,15,0,0,1,2,0,0,0,0,10,0,0,0,0,0,0,0,0,0,0,0,0,0,0,0,0,0,0,0,0,0,28,0,0,1,0,0,36,0,30,0,0,0,0,0,0,0,0,0,0,0,3,0,0,0,0,0,0,1,0,0,0,0,0,0,0,0,0,0
"60_057. Get Off The Phone Song_noise_-12.5dB_sample1.wav",162,0,0,0,0,0,0,0,1,0,0,0,0,0,28,0,0,22,0,0,0,0,0,0,0,1,0,3,0,1,0,0,0,0,0,0,0,0,0,0,0,5,0,13,0,0,0,1,0,0,0,0,2,7,0,0,0,0,0,0,0,0,0,2,0,0,4,0,0,34,0,0,0,0,0,0,0,0,0,0,0,0,0,0,0,0,0,1,0,0,1,0,0,0,1,0,2,0,0,0,0
"23_048. Pharrell Williams - Happy (Official Music Video)_noise_-12.5dB_sample1.wav",185,0,0,0,1,0,0,0,2,0,0,0,0,1,33,0,0,25,0,0,0,0,0,0,0,0,0,0,0,1,0,0,0,0,0,1,0,0,0,0,0,11,0,0,0,0,0,0,0,0,0,0,0,0,2,0,0,0,0,0,0,0,0,0,0,0,2,0,0,44,0,0,0,2,0,0,0,0,0,0,0,0,0,0,0,0,0,0,0,0,32,0,0,0,0,0,0,0,0,3,0
"54_016. Taylor Swift - Blank Space_noise_-12.5dB_sample1.wav",157,0,0,0,0,0,0,3,0,0,0,0,0,1,33,0,0,26,0,0,0,0,0,0,0,1,0,0,0,0,0,0,0,0,0,0,0,0,0,1,0,11,0,0,0,0,0,0,0,0,0,0,0,0,0,0,0,18,0,0,0,0,0,0,0,0,2,0,0,44,0,0,0,0,0,0,0,1,0,0,0,0,0,0,0,0,0,0,0,0,0,0,0,0,1,0,1,0,2,2,0
"53_102. What_noise_-12.5dB_sample1.wav",157,0,0,0,0,0,0,0,0,0,0,0,0,0,29,0,0,22,0,0,0,0,0,0,0,0,0,0,0,2,0,0,1,0,0,0,0,0,0,0,0,6,0,0,0,0,0,0,0,0,0,0,0,0,0,0,0,0,0,0,0,0,0,0,0,6,2,0,0,29,0,1,0,1,0,0,0,0,0,0,0,0,0,0,0,0,0,0,0,0,2,0,2,0,0,0,2,0,1,2,0
"28_074. American Authors - Best Day Of My Life_noise_-12.5dB_sample2.wav",159,0,0,0,0,0,0,0,1,0,0,0,0,0,33,0,0,26,0,1,0,0,0,0,0,0,0,0,0,0,0,0,0,0,0,0,0,0,0,0,0,11,0,0,0,0,0,0,0,0,0,0,0,0,0,0,0,0,0,0,0,0,0,0,0,0,2,0,0,44,0,0,0,3,0,0,0,0,0,0,0,0,0,0,0,0,0,0,0,0,0,0,0,0,0,0,2,0,2,1,0
"32_086. Olly Murs - Grow Up (Official Video)_noise_-12.5dB_sample1.wav",198,3,0,1,0,0,0,2,0,0,0,0,0,0,33,0,0,22,0,0,0,0,0,0,0,1,0,0,0,1,0,0,0,0,0,0,2,0,0,0,0,11,1,0,0,11,7,0,0,0,0,0,5,0,0,0,0,0,0,0,0,0,0,0,0,0,1,0,0,34,0,0,0,2,0,0,0,0,0,104,0,1,0,0,0,0,7,0,0,0,0,0,0,5,0,0,0,0,0,0,0
"89_091. Faster Car - Anders Lystell feat. Kaliber [EPIDEMIC SOUND] (Lyrics)_noise_-12.5dB_sample1.wav",192,0,0,6,0,0,0,0,1,0,0,0,0,0,33,0,0,22,0,2,0,0,0,0,0,0,3,13,1,2,20,8,0,0,0,0,0,0,0,0,0,9,0,30,8,0,0,2,0,0,0,0,1191,3,0,0,0,0,0,0,1,0,0,0,0,0,2,0,0,43,0,0,0,1,0,0,0,0,0,2,0,1,0,0,0,0,1,12,0,0,1,0,0,0,2,0,2,0,2,1,0
"28_074. American Authors - Best Day Of My Life_noise_-12.5dB_sample1.wav",159,0,0,0,0,0,0,0,0,0,0,0,0,0,24,0,0,88,0,0,0,0,0,0,0,1,0,0,0,2,0,0,0,0,0,0,2,0,0,0,0,0,0,0,0,0,0,0,0,0,0,0,0,0,0,0,0,0,0,0,0,0,0,0,0,0,1,0,0,26,0,0,0,0,0,0,0,0,0,0,0,0,0,0,0,0,0,0,0,0,1,0,0,0,0,0,5,0,0,1,0
"74_029. David Guetta - Hey Mama (Official Video) ft Nicki Minaj, Bebe Rexha & Afrojack_noise_-12.5dB_sample1.wav",160,0,0,1,0,0,0,1,1,0,0,0,0,1,33,2,0,23,0,0,1,0,0,0,0,1,0,0,0,1,0,0,5,0,0,2,2,0,0,0,0,10,0,0,0,0,0,0,0,0,0,0,0,0,0,0,0,0,0,0,0,0,0,0,0,0,3,0,0,43,0,14,0,0,0,0,0,0,0,0,0,0,0,0,0,1,0,1,0,0,0,0,61,0,0,0,0,2,1,0,3
"14_099. Sheppard Geronimo - [International Version] (Official music Video)_noise_-12.5dB_sample2.wav",162,7,0,301,0,0,0,36,0,0,0,0,0,2,30,117,0,55,0,0,0,3,0,0,0,0,343,0,0,1,213,3,57,0,0,26,1,0,0,0,0,8,0,0,85,0,0,0,0,92,0,0,0,0,0,0,0,1,0,0,0,0,0,0,0,60,20,0,24,34,0,60,0,2,0,85,0,60,0,0,0,0,0,53,0,0,0,0,0,0,1,46,33,0,0,0,2,31,0,1,7
"71_083. My Singing Monsters - Plant Island Theme_noise_-12.5dB_sample2.wav",166,0,0,0,9,0,0,0,1,0,0,0,0,0,33,0,4,25,0,1,0,0,1116,0,0,0,0,0,0,1,0,0,0,0,0,0,0,0,0,1,0,11,0,0,0,0,0,0,0,0,0,0,0,0,0,0,0,0,0,0,0,0,0,0,0,0,4,0,0,49,0,0,0,3,0,0,0,0,0,0,0,0,0,0,0,0,0,0,0,0,1,0,0,10,0,0,2,0,0,2,0
"38_082. Smoke and Mirrors_noise_-12.5dB_sample2.wav",155,80,0,0,0,23,0,0,1,0,0,1,0,0,33,0,4,28,0,0,0,1,0,0,0,2,2,1,6,1,8,1,0,0,0,0,1,0,0,0,0,11,0,0,0,0,0,0,3,922,0,2,0,1,0,0,6,0,1,0,0,0,0,0,6,0,4,0,0,44,0,0,0,3,0,0,0,0,0,0,4,0,0,6,0,0,0,1,0,0,0,0,0,0,13,0,4,0,0,2,0
"99_080. Melanie Martinez - Carousel (Official Music Video)_noise_-12.5dB_sample2.wav",157,0,0,0,0,0,0,0,1,0,0,0,0,0,31,0,0,22,0,0,0,0,0,0,0,1,0,0,0,1,0,0,0,0,0,0,2,0,0,0,0,6,0,0,0,0,0,0,0,0,0,0,0,0,0,0,0,0,0,0,0,0,0,0,0,0,7,819,0,39,0,0,0,0,0,0,0,0,0,0,0,0,0,0,0,0,0,2,0,0,0,0,0,0,0,0,2,0,0,1,0
"25_035. Alan Walker - Sing Me To Sleep_noise_-12.5dB_sample2.wav",161,2,0,33,2,0,0,4,1,0,0,0,0,1,33,17,0,26,0,2,0,0,0,0,1,0,20,0,0,1,26,2,5,0,0,6,0,0,0,0,0,11,0,0,14,0,0,0,0,14,0,0,0,0,0,0,0,0,0,0,0,0,0,0,0,11,5,0,20,44,0,52,0,0,0,14,0,11,0,0,0,0,0,10,0,4,1,0,0,0,1,13,4,0,0,0,0,173,0,1,2
"73_Turn the Lights Off_noise_-12.5dB_sample2.wav",163,0,2,2,12,0,0,0,2,0,0,2,0,0,47,0,0,24,3,1,0,0,0,4,10,2,0,0,0,790,2,26,209,0,10,0,19,0,3,0,0,8,0,0,0,0,1,2,0,0,0,2,0,0,0,0,0,0,0,0,0,16,0,8,0,0,5,0,2,40,5,16,1,7,11,1,0,0,0,46,0,7,0,27,2,0,7,5,4,0,1,5,0,10,2,0,0,0,0,1,1
"94_Banana Man_noise_-12.5dB_sample1.wav",178,0,1,0,0,0,0,1,1,0,0,0,1,0,29,0,0,26,0,0,0,0,0,0,0,37,0,0,0,1,0,0,0,0,0,0,0,0,0,0,0,6,0,0,0,0,0,0,0,0,0,0,0,0,0,0,0,0,0,0,0,0,0,0,0,0,2,0,0,36,0,0,0,0,0,0,0,0,0,0,0,1,1,0,0,0,0,0,0,0,0,0,0,0,2,0,0,0,0,1,0
"52_007. Katy Perry - Dark Horse ft. Juicy J_noise_-12.5dB_sample2.wav",159,0,0,0,0,0,1,0,1,0,0,0,0,0,52,0,0,24,0,0,1,0,0,0,4,1,0,0,0,2,0,2,0,0,12,0,3,0,0,0,0,2,18,0,0,0,0,13,0,0,0,0,0,0,5,0,0,16,0,0,0,0,0,0,0,34,4,0,0,29,0,0,0,1,0,0,0,12,0,0,0,0,0,0,6,0,0,0,0,4,1,0,0,0,58,0,6,0,0,204,0
"85_011. Martin Garrix - Animals (Official Video)_noise_-12.5dB_sample2.wav",184,1,0,5,0,0,0,0,2,0,0,0,0,393,31,0,0,28,0,0,0,1,0,0,0,2,0,0,0,1,0,0,0,0,0,0,1,0,0,0,0,8,0,0,0,0,0,0,0,0,0,1,0,0,0,0,0,0,0,0,0,0,0,0,0,1,4,0,0,40,0,0,0,0,0,0,0,0,0,0,0,0,2,0,0,0,0,0,0,0,0,0,0,0,0,11,4,0,0,2,0
"31_058. Rub Some Bacon on It_noise_-12.5dB_sample1.wav",168,0,4,2429,40,3974,0,149,1,0,0,0,2,0,27,28,0,66,0,16,0,0,0,55,0,958,0,518,0,44,0,345,11,13872,1,0,0,0,0,1,0,6,0,0,189,0,37,0,1,8,0,0,0,0,455,0,0,11,0,22,0,0,1,0,0,1007,4,25,0,24,4,706,0,196,165,0,0,0,0,0,0,3,0,0,110,0,1059,395,3,0,1,33,0,0,0,0,2,0,2,1,3
"42_046. Meghan Trainor - NO_noise_-12.5dB_sample1.wav",185,0,0,0,0,0,0,0,0,0,0,0,0,0,28,0,2,26,0,0,0,0,0,0,0,0,0,0,18,3,0,0,0,0,0,0,0,0,0,0,0,2,0,0,0,0,1,0,0,0,0,0,0,0,0,0,0,0,0,0,0,0,2,0,0,0,1,0,0,33,0,0,0,0,0,0,0,0,0,0,0,0,0,0,0,0,0,0,0,0,1,0,0,0,1,0,2,0,0,1,0
"41_The Bidding_noise_-12.5dB_sample1.wav",156,0,0,0,0,0,0,0,1,0,0,0,1,1,33,0,3,22,0,2,0,0,0,0,0,4,0,1,0,2,0,0,0,0,0,0,1,0,0,0,0,10,0,0,0,0,0,0,0,0,0,0,0,0,0,0,0,1,0,0,0,0,0,0,0,0,8,0,1,44,0,0,0,2,0,0,0,0,0,0,0,0,0,0,0,0,0,0,0,0,0,0,0,0,0,0,39,0,0,0,0
"102_018. Shawn Mendes - Stitches (Official Music Video)_noise_-12.5dB_sample1.wav",155,0,0,0,0,1,0,0,2,0,0,73,0,0,33,0,0,22,0,0,0,0,0,0,0,1,0,0,0,2,0,0,0,0,0,0,1,0,8,0,0,11,0,0,0,0,1,0,0,1,0,0,0,0,0,0,1,0,0,0,0,0,0,0,0,0,3,0,0,44,0,0,0,1,0,0,0,0,0,0,0,0,0,4,0,0,0,0,0,0,1,0,0,0,0,0,4,0,0,1,0
"66_Cruel_Summer_noise_-12.5dB_sample1.wav",153,0,0,2,3,0,0,0,1,0,0,0,2,0,16,0,0,9,0,0,0,0,0,0,0,0,0,1,0,2,0,1,6,0,0,0,1,0,0,1,0,6,0,0,2,0,0,3,11,0,0,0,0,0,1,0,0,1,0,0,0,0,0,0,0,1,2,2,0,21,1,1,0,3,0,1,0,0,0,0,0,0,0,1,0,0,1,1,0,0,0,1,0,0,0,0,3,0,0,1,0
"30_Cannibal_noise_-12.5dB_sample2.wav",158,0,0,22,1,22,0,0,0,0,0,0,0,0,33,1,0,26,0,0,1,0,0,4,0,9,0,9,0,2,0,3,1,22,0,0,0,0,0,0,0,13,0,0,2,2,1,0,0,0,0,0,0,0,14,0,0,0,0,2,0,0,0,0,2,11,4,0,0,44,0,5,0,7,9,0,0,0,0,0,0,0,0,10,7,0,14,9,0,0,0,3,0,0,0,0,2,3,0,1,0
"29_010. Katy Perry - Part Of Me (Official)_noise_-12.5dB_sample1.wav",159,0,3,51,79,0,0,0,0,0,0,0,0,0,30,0,0,24,0,0,0,0,0,1,0,3,0,0,0,1,0,0,0,4,0,0,0,0,0,0,0,6,0,0,0,0,0,0,0,0,0,0,0,0,1,0,0,1,0,0,0,0,0,0,0,0,1,3,0,36,1,0,0,2,0,0,0,0,0,0,0,0,0,0,0,0,0,0,0,0,0,0,0,0,2,0,2,0,0,0,0
"42_046. Meghan Trainor - NO_noise_-12.5dB_sample2.wav",158,0,0,0,0,0,0,0,5,0,0,0,0,1,33,0,0,25,0,0,1,0,0,0,0,0,0,0,64,2,0,0,0,0,0,0,0,0,0,0,0,11,0,0,0,0,0,2,0,0,0,0,0,0,0,0,0,0,0,0,0,0,0,0,0,0,3,0,0,44,0,0,0,0,0,0,0,0,0,0,0,0,0,0,0,0,0,0,0,0,2,0,0,0,0,0,4,0,0,1,0
"17_084. Thomas Rhett - Crash and Burn_noise_-12.5dB_sample1.wav",156,0,0,0,0,0,0,0,1,0,0,0,0,0,33,0,23,24,0,0,0,0,0,0,0,0,0,0,0,3,0,0,0,0,0,0,0,0,0,0,0,11,0,0,0,0,5,0,0,0,0,0,0,2,0,0,0,0,0,0,0,0,0,0,0,0,2,0,0,44,0,0,0,1,0,0,0,3,0,0,0,0,0,0,0,0,0,1,0,0,1,0,0,0,0,0,2,0,0,2,0
"101_070. Eminence - Knock Me Out (feat. Anna Cyzon) [Monstercat Official Music Video]_noise_-12.5dB_sample1.wav",169,0,10,11,50,11,0,0,1,0,0,0,1,9,34,0,0,22,0,1,0,0,0,19,1,5,0,6,0,2,0,1,96,11,1,0,3,0,0,0,0,7,0,4,1,0,1,0,0,0,0,0,0,1,7,0,0,1,0,1,0,0,0,0,0,6,3,1,0,38,1,3,0,4,5,5,0,0,1,0,0,0,0,0,4,0,22,3,0,0,1,2,1,0,3,0,2,0,3,1,0
"18_044. tony igy-stop in my mind_noise_-12.5dB_sample1.wav",153,0,0,0,2,0,0,5,2,3,0,0,0,22,32,0,5,28,1,0,0,0,4,0,0,20,3,6,0,1,0,135,1,26,0,0,0,0,0,1,0,9,0,0,19,0,0,0,6,20,0,0,0,0,0,0,0,12,0,0,0,0,0,0,0,30,2,2,0,42,9,0,0,3,0,2,0,0,1,0,0,1,0,0,0,0,27,15,0,0,0,6,1,0,0,0,2,0,0,3,1
"62_061. LEFT SCREEN ONLY Spot the Differences_noise_-12.5dB_sample2.wav",154,0,0,0,0,0,0,0,0,0,0,0,0,0,31,0,0,22,0,0,0,0,1,0,0,0,0,0,0,1,0,0,0,0,0,0,0,0,0,0,0,6,0,0,0,0,0,0,0,0,0,0,0,0,0,0,0,0,0,0,0,0,0,0,0,0,4,0,0,39,0,0,0,0,0,0,0,0,0,0,71,0,0,0,0,0,0,0,0,0,1,0,0,0,0,0,0,0,0,1,0
"36_072. Jessie J - Price Tag ft. B.o.B_noise_-12.5dB_sample1.wav",155,15,0,0,0,8,0,0,1,0,0,0,0,0,33,0,0,25,0,1,0,0,0,0,0,2,0,0,0,1,0,0,0,0,0,0,0,0,0,0,0,11,0,0,0,0,0,0,0,9,0,0,0,0,0,0,0,1,0,0,0,0,0,0,3,0,4,0,0,44,0,0,0,0,0,0,0,0,0,0,0,0,0,0,0,0,0,0,0,0,0,0,3,0,94,0,2,0,0,1,0
"64_097. Nightcore - Running With the Wolves [Lyrics]_noise_-12.5dB_sample1.wav",152,0,0,0,0,0,5,0,16,0,0,0,0,0,23,0,0,25,0,0,3,0,0,0,0,0,0,0,0,3,0,0,0,0,0,0,0,0,0,1,0,7,0,0,0,0,0,0,0,0,0,0,0,0,0,0,0,0,0,3,0,0,0,0,0,0,9,0,0,22,0,0,0,0,0,0,156,0,0,0,0,0,0,0,0,0,0,0,0,0,0,0,0,0,0,0,0,0,0,1,0
"27_022. Major Lazer & DJ Snake - Lean On (feat. MØ) [Official Music Video]_noise_-12.5dB_sample1.wav",153,1,0,44,0,1,1,0,1,73,8,0,0,0,31,6,7,26,0,0,0,0,0,0,3,0,11,0,0,1,0,1,0,0,3,0,1,0,2,2,0,7,0,0,0,0,0,17,0,0,1,1,0,0,1,0,0,5,5,0,0,0,11,0,0,1,3,0,0,39,0,7,0,3,0,0,0,1,0,0,0,0,0,0,0,3,0,0,0,0,2,5,0,0,21,1,0,0,10,2,4
"15_060. My OCD (Song)_noise_-12.5dB_sample2.wav",154,0,0,0,0,0,0,0,1,0,0,0,0,0,33,0,8,25,0,0,0,0,0,0,0,1,0,0,0,1,0,0,0,0,0,0,0,0,0,1,0,11,0,0,0,0,0,0,0,0,0,0,0,0,0,0,0,0,0,0,0,0,0,0,0,0,2,0,1,44,0,0,0,3,0,0,0,0,0,0,0,0,0,0,0,0,0,0,0,0,2,0,0,0,0,0,6,0,0,2,0
"104_024. twenty one pilots Stressed Out [OFFICIAL VIDEO]_noise_-12.5dB_sample1.wav",154,0,0,0,0,0,0,0,1,0,0,0,0,0,33,1,0,22,2,1,0,0,0,0,0,0,0,0,0,3,0,0,3,0,0,0,0,0,0,0,0,11,0,0,2,0,0,0,0,0,0,0,0,0,0,0,0,0,0,0,0,0,0,0,0,0,22,0,0,44,0,6,0,1,0,1,0,0,0,0,0,0,0,1,0,0,2,1,0,0,1,1,1,0,0,0,4,0,0,0,0
"37_063. Bastille - Pompeii (Official Music Video)_noise_-12.5dB_sample1.wav",151,0,1,0,1,0,0,0,0,0,0,0,0,1,29,0,0,22,0,1,0,0,0,59,0,2,0,5,0,1,2,2,0,0,0,0,0,0,0,0,0,6,0,8,0,0,0,0,0,1,0,0,0,0,0,0,0,0,0,0,0,0,0,0,0,0,1,0,0,28,1,0,0,0,0,1,0,0,0,0,0,1,0,0,0,0,0,4,0,0,0,2,0,0,0,0,4,0,0,1,0
"75_078. Kungs vs Cookin on 3 Burners - This Girl (Official Music Video)_noise_-12.5dB_sample1.wav",155,0,0,0,0,0,122,0,0,0,0,0,0,0,30,0,2,22,0,0,0,0,1,0,0,0,0,0,1,2,0,0,0,0,0,1,0,0,12,0,0,7,3,0,1,0,0,0,0,0,0,6,0,0,0,0,0,0,0,0,0,0,0,0,0,0,1,0,0,38,0,0,5,0,0,0,0,53,0,0,0,0,0,3,0,0,0,0,0,0,0,0,0,0,0,0,4,0,0,0,0
"63_087. Anaconda - Nicki Minaj  The Fitness Marshall  Dance Workout_noise_-12.5dB_sample1.wav",160,0,0,0,0,0,0,0,0,0,0,0,0,0,24,0,0,22,0,0,0,0,0,0,0,3,0,0,0,2,0,0,0,0,0,0,2,0,0,0,0,0,0,0,0,0,0,0,0,0,0,0,0,0,0,0,0,0,0,0,0,0,0,0,0,0,3,0,0,24,0,0,0,1,0,0,0,0,29,0,0,0,0,0,0,0,0,1,0,0,0,0,0,0,0,0,1,0,0,0,0
"27_022. Major Lazer & DJ Snake - Lean On (feat. MØ) [Official Music Video]_noise_-12.5dB_sample2.wav",159,0,0,0,0,0,0,0,0,5,0,0,0,0,29,3,4,22,0,0,0,0,0,0,0,0,0,0,0,1,0,0,0,0,0,0,0,0,0,0,0,6,0,0,0,0,0,0,0,0,0,0,0,0,0,0,0,0,0,0,0,1,0,0,0,0,3,0,0,33,0,0,0,1,0,0,0,0,0,0,0,0,0,0,0,0,0,1,0,0,0,0,0,0,3,0,0,0,0,0,0
"67_090. Josh Groban - You Raise Me Up (Official Music Video) [HD Remaster]_noise_-12.5dB_sample1.wav",161,212,0,44,4,5,26,0,0,4,14,0,0,0,36,0,21,27,0,1,0,0,0,0,18,1,0,0,0,1,0,0,0,0,37,0,4,0,0,1,0,4,67,0,0,5,0,66,0,0,1,3,0,5,42,3,4,23,4,0,2,0,11,1,0,99,2,0,0,36,0,0,0,0,0,0,0,53,0,0,0,0,3,0,32,0,0,0,0,0,3,0,0,0,226,0,2,2,0,5,1
"44_Sacred Beast_noise_-12.5dB_sample1.wav",157,0,0,0,0,0,0,0,0,0,0,0,0,0,28,0,0,20,0,0,0,0,0,0,20,1,0,0,0,2,0,0,0,0,20,0,3,0,17,0,0,9,14,0,0,0,1,0,0,10,0,6,6,0,5,0,0,0,0,0,0,0,0,0,0,1,3,0,0,33,0,6,5,1,0,0,0,265,0,0,0,0,1,3,1,0,0,1,2,0,0,0,0,0,0,0,2,3,0,0,0
"49_050. Carly Rae Jepsen - I Really Like You_noise_-12.5dB_sample1.wav",159,0,0,0,0,0,0,0,0,0,0,0,0,0,26,0,0,22,0,0,0,0,0,0,0,1,0,0,0,1,0,0,0,0,0,0,2,0,0,0,0,5,0,0,0,0,0,0,0,0,0,0,0,0,0,0,0,0,0,0,0,0,0,0,0,0,3,0,0,30,0,0,0,0,0,0,0,0,0,0,0,0,0,0,0,0,0,0,0,0,2,0,0,0,0,0,2,0,0,1,0
"45_005. OneRepublic - Counting Stars_noise_-12.5dB_sample2.wav",164,0,1,0,0,0,0,0,1,0,0,0,0,1,23,0,0,22,9,0,0,1,0,0,0,2,0,0,0,1,0,0,0,1,0,0,0,0,0,0,0,0,0,0,0,0,0,0,0,0,0,0,0,0,2,0,0,0,0,0,0,0,0,1,0,0,0,0,67,24,0,0,0,0,0,0,0,0,0,0,0,2,0,0,0,0,1,0,0,1,0,0,0,0,1,2,2,0,0,0,0
"40_052. Lindsey Stirling - Moon Trance (Official Music Video)_noise_-12.5dB_sample1.wav",161,0,0,0,0,0,0,0,1,0,0,0,0,0,33,2,4,25,0,103,0,0,0,0,0,0,0,0,0,3,0,0,0,0,0,0,0,0,0,0,0,11,0,0,0,0,0,0,0,0,0,0,0,0,0,0,0,0,0,0,0,0,0,0,0,0,2,0,0,44,0,0,0,3,0,0,0,0,0,0,0,0,0,0,0,0,18,0,0,0,0,0,0,0,1,0,2,0,0,1,0
"4_003. Lorde - Royals (US Version)_noise_-12.5dB_sample2.wav",160,0,0,1,0,0,0,0,0,0,0,0,0,0,33,0,4,26,30,0,0,0,0,0,0,1,0,1,0,1,0,0,0,0,0,0,0,0,0,0,0,11,0,0,1,0,0,0,0,2,0,0,0,0,0,0,0,0,0,0,0,0,0,0,0,4,2,0,0,44,0,0,0,0,0,0,0,0,0,0,0,0,0,0,0,0,1,0,0,0,0,0,0,0,0,0,2,0,0,0,2
"79_095. Alan Walker - Alone_noise_-12.5dB_sample1.wav",164,0,0,0,0,0,1,5,2,0,0,0,0,0,31,1,0,23,0,1,0,0,0,0,0,0,0,0,0,2,0,3,2,0,0,0,0,0,0,0,0,7,0,0,1,0,0,1,0,0,0,0,0,1,1,0,0,3,55,0,0,0,3,0,0,2,3,0,0,40,1,0,0,1,0,1,0,0,0,0,0,0,0,0,0,0,2,0,0,0,1,1,0,0,2,0,4,0,2,2,0
"38_082. Smoke and Mirrors_noise_-12.5dB_sample1.wav",163,2,0,0,0,0,0,6,0,0,0,0,0,0,33,2,0,25,0,1,0,0,0,0,1,3,0,0,0,2,0,0,0,0,1,0,0,0,0,0,0,11,0,0,0,1,0,0,0,32,0,0,0,0,0,0,2,0,0,0,0,0,0,0,1,0,4,0,0,44,0,0,0,0,7,0,0,3,0,0,0,0,0,6,0,11,0,1,0,0,1,0,0,0,0,0,2,1,0,2,0
"90_064. Eurythmics, Annie Lennox, Dave Stewart - Sweet Dreams (Are Made Of This) (Official Video)_noise_-12.5dB_sample2.wav",158,0,0,0,0,0,0,0,0,0,0,0,0,0,33,0,0,22,0,0,0,0,0,0,0,0,0,0,0,2,0,0,0,0,0,0,1,0,0,0,0,11,0,0,0,0,0,0,0,0,0,0,0,0,0,0,0,0,0,0,0,0,0,0,0,0,1,0,0,42,0,0,0,2,0,0,0,0,0,0,0,0,0,0,0,0,0,0,0,49,1,0,0,0,0,0,0,0,0,0,0
"35_036. Fall Out Boy - Centuries (Official Video)_noise_-12.5dB_sample1.wav",160,2,0,0,0,0,0,0,1,0,0,0,0,0,28,0,3,22,0,0,0,0,0,0,0,0,0,0,0,3,0,0,0,0,0,8,0,0,0,0,0,5,0,0,0,0,0,0,0,0,0,0,0,0,0,0,0,0,0,0,0,0,0,0,0,0,1,0,0,34,0,0,0,0,0,0,0,0,0,0,0,0,0,0,0,0,0,0,0,0,0,0,0,0,2,0,2,0,0,3,0
"0_096. Nightcore - Mad World_noise_-12.5dB_sample1.wav",159,0,0,0,2,0,0,0,0,0,0,0,0,0,30,0,0,22,0,0,17,0,0,0,6,0,0,0,0,0,0,0,0,0,0,0,0,0,0,0,0,6,0,0,0,0,0,0,0,0,0,0,0,0,0,0,0,0,0,0,0,0,0,0,0,0,1,0,0,33,0,0,0,3,0,0,0,6,0,0,0,0,0,0,0,0,0,0,0,0,0,0,0,0,0,0,0,0,0,0,0
"33_076. Galantis - Firebird (Official Audio)_noise_-12.5dB_sample2.wav",165,19,0,74,0,0,5,0,0,0,0,0,0,1,29,0,0,23,0,1,0,0,0,0,42,1,0,0,0,2,12,0,2,0,48,0,2,0,1,0,0,4,3,1,0,8,38,10,0,55,0,7,0,2,20,0,4,0,0,0,29,0,0,0,0,8,2,0,0,35,0,0,0,2,0,0,0,6,0,6,0,0,0,0,1,0,0,0,0,1,0,0,0,27,0,0,2,0,1,1,0
"89_091. Faster Car - Anders Lystell feat. Kaliber [EPIDEMIC SOUND] (Lyrics)_noise_-12.5dB_sample2.wav",170,0,0,1,0,0,0,55,1,0,0,0,0,0,33,0,0,22,0,0,0,0,0,0,3,0,0,2,3,0,1,0,0,0,0,0,0,0,0,0,0,11,0,1,0,0,0,1,0,0,0,0,190,3,0,0,0,0,0,0,0,0,0,1,0,0,8,0,1,41,0,0,0,3,0,0,0,0,0,7,0,0,0,0,0,8,37,3,0,1,2,0,0,0,0,0,2,0,0,1,0
"94_Banana Man_noise_-12.5dB_sample2.wav",158,0,3,6,0,0,0,0,0,0,0,0,0,2,33,0,0,22,0,0,0,0,0,0,0,7,0,0,0,1,0,0,0,0,0,6,0,0,0,0,2,11,0,0,0,1,0,0,0,0,2,20,0,0,0,0,0,0,0,0,0,0,0,0,0,0,2,0,7,44,0,30,0,0,0,0,0,0,0,0,0,0,0,0,0,0,0,0,0,0,0,0,0,0,0,0,4,0,0,1,0
"61_045. The Black Eyed Peas - I Gotta Feeling (Official Music Video)_noise_-12.5dB_sample1.wav",158,0,0,2,0,0,9,0,0,8,0,0,0,1,32,1,2,29,0,0,0,0,0,0,9,1,15,0,0,1,0,0,0,0,12,0,0,0,2,2,0,8,0,0,0,1,0,0,0,0,0,0,0,0,0,0,0,5,0,0,6,0,0,0,0,0,2,0,0,38,0,7,0,1,0,0,0,1,0,0,0,0,0,0,0,83,0,0,0,0,0,5,0,0,1,0,2,0,22,0,0
"19_054. Owl City - When Can I See You Again (From Wreck it Ralph)_noise_-12.5dB_sample1.wav",155,2,1,0,0,0,0,0,1,0,0,0,0,0,33,1,0,24,0,0,0,0,0,0,0,0,0,0,0,0,0,0,0,1,0,1,0,0,0,0,0,10,0,0,0,8,0,0,0,0,0,0,0,0,0,0,0,0,0,0,0,0,0,0,0,0,0,0,0,42,3,0,0,0,0,0,0,0,0,0,0,0,0,0,0,0,0,0,0,0,0,0,0,0,0,0,0,3,2,1,2
"69_066. Jessie J - Bang Bang ft. Ariana Grande, Nicki Minaj_noise_-12.5dB_sample2.wav",157,0,0,0,0,0,0,0,0,0,0,0,0,0,33,0,0,25,0,0,0,0,0,0,0,1,0,0,0,2,0,0,0,0,0,0,0,0,0,0,0,11,0,0,0,0,0,0,0,0,0,1,0,0,0,52,0,0,0,0,7,0,0,0,0,0,2,0,0,44,0,0,0,1,0,0,0,0,0,0,0,0,0,0,0,0,0,0,0,0,0,0,0,0,2,0,2,0,0,1,0
"86_019. Naughty Boy - La la la ft. Sam Smith (Official Video)_noise_-12.5dB_sample2.wav",158,0,1,0,0,0,0,0,0,0,2,0,0,0,30,0,3,24,0,0,0,0,0,0,0,0,0,0,0,2,0,0,0,0,0,3,0,0,0,0,0,7,0,0,0,0,0,0,0,0,0,9,0,0,0,0,0,0,0,0,0,0,0,0,0,0,1,0,0,38,0,6,0,3,0,0,0,0,0,0,0,0,0,0,0,0,0,23,0,0,2,0,0,0,0,0,0,0,0,1,0
"21_085. Janji ft. Johnning - Heroes Tonight 1 HOUR_noise_-12.5dB_sample2.wav",153,1,0,1,0,6,0,0,0,2,0,5,0,0,27,0,1,25,0,1,0,0,0,0,4,1,1,0,0,1,0,0,0,0,3,0,1,0,0,1,0,3,0,0,0,47,1,110,0,0,35,13,0,4,7,0,5,0,0,13,19,0,0,1,0,0,2,0,0,32,0,0,0,0,0,0,0,0,0,9,0,0,0,0,8,3,0,1,0,0,2,0,0,0,0,0,0,0,3,3,0
"91_Greener_noise_-12.5dB_sample1.wav",155,0,0,0,0,0,0,6,2,0,0,0,2,0,24,0,0,22,0,0,0,0,0,0,0,0,0,0,0,1,10,0,0,0,0,1,0,0,0,0,1,6,0,0,0,0,0,0,0,3,0,1,1,1,1,0,2,0,0,0,1,0,0,5,50,0,2,0,0,26,0,0,2,0,0,0,0,0,0,0,0,0,0,3,0,0,0,3,1,0,1,0,2,0,0,0,1,0,0,1,0
"48_027. MAGIC! - Rude (Official Video)_noise_-12.5dB_sample1.wav",156,0,0,0,0,0,0,0,1,0,0,0,1,0,33,0,0,26,0,0,0,0,0,0,0,1,0,2,0,0,0,0,0,0,0,0,0,5,0,1,0,11,0,0,0,0,0,0,0,0,0,0,0,0,0,0,0,0,0,0,0,0,0,0,0,0,2,0,0,44,0,0,0,1,0,0,0,0,0,0,0,0,0,0,0,0,0,0,0,0,0,0,0,0,0,0,2,0,0,2,0
"43_098. Nightcore~ The Wolf_noise_-12.5dB_sample2.wav",154,0,0,0,0,0,0,0,1,0,0,0,0,0,33,0,0,26,0,0,0,1,0,0,0,1,0,0,0,1,0,0,0,0,0,0,0,0,0,0,0,10,0,0,0,0,0,0,0,0,0,0,0,0,0,0,0,0,0,0,0,0,0,0,0,0,3,0,0,43,0,0,0,0,0,0,0,0,0,0,0,0,0,0,0,0,0,0,0,0,0,0,0,0,0,135,0,0,4,2,0
"59_014. Avicii - Hey Brother (Lyric)_noise_-12.5dB_sample2.wav",154,0,2,0,2,0,0,0,1,1,14,0,0,0,28,1,0,23,0,1,0,0,0,3,179,12,7,1,0,2,0,0,0,0,232,0,0,0,0,1,0,4,0,0,0,0,0,0,0,0,0,0,0,0,0,0,0,3,0,21,0,0,0,0,0,8,1,1,0,34,3,5,0,1,1,0,0,1,1,0,0,0,0,0,0,2,0,0,0,0,1,3,1,0,3,0,2,0,4,1,0
"95_053. Avicii - Hey Brother_noise_-12.5dB_sample1.wav",159,7,0,2,0,0,0,0,2,6,0,0,0,0,30,0,4,26,0,0,0,0,0,0,76,0,20,0,0,4,0,0,0,0,78,0,0,0,9,1,0,6,0,0,0,1,0,0,0,0,0,0,0,0,0,0,0,3,3,0,2,0,0,0,0,0,2,0,0,38,0,3,0,2,0,0,0,0,0,0,0,1,0,0,0,7,0,0,0,0,1,1,0,0,0,0,0,0,36,1,0
"52_007. Katy Perry - Dark Horse ft. Juicy J_noise_-12.5dB_sample1.wav",158,0,0,0,0,0,0,0,1,1,0,0,0,0,32,0,0,26,0,0,0,0,0,0,0,1,0,0,0,1,0,3,0,0,0,0,0,0,0,1,0,7,0,0,0,0,0,0,0,0,0,0,0,0,2,0,0,0,0,0,0,0,0,0,0,0,1,0,0,41,0,0,0,0,0,0,1,0,0,1,0,0,0,0,0,0,0,0,0,0,1,0,0,0,0,0,4,0,0,155,0
"47_020. Warriors (ft. Imagine Dragons)  Worlds 2014 - League of Legends_noise_-12.5dB_sample2.wav",156,0,0,0,0,0,0,0,1,0,2,0,0,0,31,0,0,22,0,0,0,0,0,0,0,0,0,0,0,1,0,0,9,0,0,88,0,0,0,0,0,8,0,0,0,0,0,1,0,0,0,0,0,0,1,0,0,0,0,0,0,0,0,0,34,22,2,0,0,43,0,4,0,0,0,0,0,0,0,0,0,0,0,0,0,1,0,0,0,0,0,0,0,0,0,0,0,0,0,0,1
"10_012. Calvin Harris - I Need Your Love (Official Video) ft. Ellie Goulding_noise_-12.5dB_sample2.wav",154,0,0,0,0,0,0,0,0,0,0,0,0,0,30,0,0,11,0,0,0,0,0,0,0,1,0,0,0,1,0,0,0,0,0,0,0,0,0,0,0,6,0,0,0,49,1,1,0,0,0,0,0,0,1,0,0,0,0,0,0,0,0,0,0,0,4,0,1,13,0,0,0,0,0,0,0,0,0,0,0,0,0,0,0,0,0,0,0,0,0,0,0,0,0,0,2,0,0,0,0
"49_050. Carly Rae Jepsen - I Really Like You_noise_-12.5dB_sample2.wav",203,4,0,0,0,0,0,0,0,5,0,0,0,0,29,0,0,22,0,0,0,0,0,0,0,0,0,0,0,5,0,0,0,0,0,0,0,0,2,0,0,4,1,0,0,20,0,154,0,0,47,18,0,16,9,0,16,0,7,0,8,0,0,2,0,0,3,0,0,36,0,0,0,1,0,0,0,0,0,0,0,0,0,0,32,0,0,2,0,0,0,0,0,0,0,0,2,0,0,0,0
"88_033. Fifth Harmony - Worth It (Official Video) ft. Kid Ink_noise_-12.5dB_sample1.wav",249,0,0,0,0,0,0,0,2,0,22,0,0,0,32,0,0,22,0,0,0,0,0,0,0,0,0,0,0,1,0,0,0,0,4,0,0,0,0,0,0,8,0,0,0,0,0,0,0,0,0,0,0,0,0,0,0,0,0,0,0,0,0,0,0,0,3,0,0,41,0,0,0,0,0,0,0,0,0,0,0,0,0,0,0,0,0,0,0,0,0,0,0,0,1,0,2,0,0,0,0
"31_058. Rub Some Bacon on It_noise_-12.5dB_sample2.wav",279,1,0,2378,87,3853,0,0,0,0,0,0,0,0,33,160,0,66,0,21,0,1,0,275,0,1140,0,541,0,114,0,635,11,19885,0,0,1,0,0,0,0,11,0,0,198,0,71,0,0,0,0,0,0,0,484,0,1,20,0,22,0,0,0,0,0,993,7,42,0,44,34,714,0,110,165,0,0,0,0,0,0,0,0,0,110,0,1007,969,0,0,1,33,0,0,0,0,11,0,0,1,0
"81_013. Passenger  Let Her Go (Official Video)_noise_-12.5dB_sample1.wav",170,0,1,0,0,0,0,0,0,0,0,0,0,0,33,4,0,25,1,0,0,0,0,0,0,1,0,0,0,1,4,0,0,0,0,2,0,0,0,0,6,11,0,0,0,0,0,0,0,0,0,8,0,0,0,0,0,0,0,0,0,0,49,0,0,0,0,0,3,44,0,11,0,0,0,0,0,0,0,0,0,0,0,0,0,0,2,2,0,0,2,0,2,0,0,0,2,0,0,1,0
"22_094. Harry Potter Puppet Pals - The Mysterious Ticking Noise (Video With Lyrics)_noise_-12.5dB_sample2.wav",156,0,0,0,0,0,0,0,0,0,0,0,1,0,33,0,0,25,0,1,0,0,0,0,0,1,0,0,0,1,0,0,0,0,0,0,0,0,0,0,0,11,0,0,0,0,0,0,0,0,0,0,0,0,0,0,0,0,0,0,0,0,0,0,0,0,0,0,0,44,0,0,0,0,0,0,0,0,0,0,0,5,0,0,0,0,0,0,0,0,0,0,0,0,1,0,4,0,2,2,0
"78_026. Katy Perry - Firework (Official Music Video)_noise_-12.5dB_sample1.wav",162,152,0,36,6,1,6,0,0,44,0,6,3,1,27,0,19,18,0,0,0,0,0,2,7,1,0,98,0,23,0,0,0,0,21,0,1,0,0,0,0,7,53,11,0,202,4,6849,0,0,495,176,5,546,110,3,157,14,33,1,203,0,3,11,4,68,7,0,0,29,0,0,0,0,0,0,0,27,0,40,0,1,1,0,143,0,0,1,0,0,2,0,0,0,174,0,0,0,0,24,0
"33_076. Galantis - Firebird (Official Audio)_noise_-12.5dB_sample1.wav",168,21,0,45,0,0,3,0,0,0,0,0,0,1,33,0,0,23,0,2,0,0,0,0,0,1,0,0,0,1,11,0,2,0,0,0,0,0,0,0,0,11,4,0,0,0,33,0,0,0,0,1,0,8,0,0,0,0,0,0,67,0,0,0,0,0,2,0,0,44,0,0,0,1,0,0,0,0,0,5,0,0,0,0,0,0,0,0,0,0,0,0,0,25,1,0,4,0,2,1,0
"97_075. Lindsey Stirling - Prism (Official Video)_noise_-12.5dB_sample1.wav",160,0,0,0,0,0,0,342,0,0,0,0,0,0,33,0,0,25,0,0,0,0,0,0,0,1,0,0,0,13,0,0,0,0,0,0,0,0,0,1,0,11,0,4,46,0,0,0,0,111,0,3,1,0,0,0,0,0,0,0,0,0,0,0,0,0,8,0,17,33,0,6,237,0,26,0,0,0,0,0,0,0,0,26,0,0,0,2,7,0,1,0,0,0,1,0,1,0,0,1,0
"14_099. Sheppard Geronimo - [International Version] (Official music Video)_noise_-12.5dB_sample1.wav",164,0,0,0,0,0,0,2,2,0,0,0,0,5,29,0,0,23,4,0,2,0,0,0,0,1,69,0,0,1,0,3,0,0,0,0,1,0,0,1,0,4,0,0,5,1,0,0,0,17,0,0,0,0,1,0,0,1,0,0,0,0,0,0,0,2,1,0,0,36,0,2,0,0,0,0,0,0,0,0,0,0,0,0,0,0,1,1,0,0,0,0,0,0,0,0,2,0,0,1,0
"68_055. Madness - Our House (Official 4K Video)_noise_-12.5dB_sample1.wav",159,0,0,44,0,0,0,0,0,0,0,0,0,0,23,0,0,22,0,0,0,0,0,0,0,0,0,0,0,2,0,0,0,0,0,0,0,0,0,0,0,6,0,0,0,0,0,0,0,0,0,0,0,0,0,0,0,0,0,0,0,0,0,0,0,0,1,0,0,22,0,0,0,0,0,0,0,0,0,0,0,0,25,0,1,0,0,0,0,0,0,0,0,0,0,0,0,0,0,0,0
"32_086. Olly Murs - Grow Up (Official Video)_noise_-12.5dB_sample2.wav",157,0,0,16,0,3,0,0,0,0,0,0,0,0,26,0,0,22,0,0,0,0,0,0,0,0,0,0,0,3,0,0,0,0,0,0,0,2,0,1,0,1,0,1,2,0,0,0,0,0,0,11,0,0,5,0,0,0,0,0,0,0,0,1,0,0,0,0,0,30,0,0,9,0,0,0,0,5,0,97,0,0,0,5,0,0,0,0,0,3,0,0,0,0,0,0,2,0,0,0,0
"92_025. Fall Out Boy - Immortals (From Big Hero 6)_noise_-12.5dB_sample2.wav",163,0,1,0,0,0,0,0,1,0,0,0,0,0,32,0,2,24,0,0,0,0,0,0,0,0,0,9,0,2,0,0,0,0,0,1,0,0,0,0,0,9,0,0,0,0,0,1,0,0,0,0,0,0,0,0,0,0,0,0,0,0,0,0,0,0,1,0,0,42,0,1,0,1,0,0,0,2,0,0,0,0,0,0,0,0,0,0,0,0,2,0,0,0,2,0,2,0,0,1,0
"100_059. Nilla Wafer Top Hat Time  Song - Rhett & Link_noise_-12.5dB_sample1.wav",163,0,0,8,0,0,0,0,0,0,0,0,0,0,33,0,0,26,0,0,0,0,0,0,0,3,0,1,0,2,0,0,0,2,0,0,2,0,0,1,0,11,0,0,0,0,0,0,0,0,0,0,0,0,0,0,0,0,0,0,0,0,0,0,0,1,4,0,0,44,0,0,0,0,0,0,0,1,0,0,0,0,0,0,2,0,0,1,96,0,1,0,0,0,0,0,4,0,0,1,0
"7_092. Harry Potter Medley on Marimba_noise_-12.5dB_sample1.wav",157,19,0,690,0,0,5,0,0,0,0,0,0,0,27,0,0,22,0,0,0,0,0,0,4,0,1,0,0,2,12,0,2,0,4,0,0,0,0,0,0,3,0,0,0,0,44,3,0,0,0,19,0,0,0,0,0,0,0,0,11,0,0,0,0,0,1,0,0,31,0,0,0,1,0,0,0,1,0,6,0,3,0,0,0,0,0,0,0,2,0,0,0,27,0,0,2,0,0,0,0
"6_043. Wintergatan - Marble Machine (music instrument using 2000 marbles)_noise_-12.5dB_sample2.wav",161,0,0,30,65,1,7,2,0,0,0,0,4,0,498,0,2,26,0,1,4,0,0,36,6,1,0,0,1,12,8,0,163,0,22,0,63,0,5,12,0,11,53,0,0,0,0,29,7,0,0,0,0,0,14,1,0,39,0,0,0,0,0,9,0,112,3,0,0,44,3,20,0,40,2,7,0,24,0,1,0,14,1,42,11,0,0,0,0,0,0,3,3,0,180,0,2,3,2,12,22
"4_003. Lorde - Royals (US Version)_noise_-12.5dB_sample1.wav",158,0,0,33,0,0,0,0,0,0,0,0,0,0,33,0,0,22,19,33,0,0,0,0,0,1,0,0,0,0,0,0,0,0,0,0,0,0,0,0,0,11,0,0,0,0,0,1,0,0,0,0,0,0,0,0,0,0,0,0,0,0,1,0,0,3,2,0,0,44,0,6,0,3,0,0,0,0,0,0,0,0,0,0,0,0,0,0,0,0,0,0,0,0,0,0,2,0,0,0,5
"9_034. Pitbull - Timber (Official Video) ft. Ke$ha_noise_-12.5dB_sample1.wav",160,53,0,108,0,0,8,6,0,0,1,0,0,0,33,9,0,22,0,0,0,0,0,0,0,0,8,0,0,3,65,1,10,0,0,4,1,0,0,1,0,11,0,0,3,1,98,0,0,5,0,5,0,4,0,0,0,0,0,0,19,0,0,0,0,1,3,0,0,44,0,2,0,0,0,4,0,1,0,11,0,0,0,2,0,0,0,0,0,0,0,2,2,62,0,0,0,0,0,0,0
"105_101. Yann Tiersen - Comptine d`un autre ete - l`apres-midi_noise_-12.5dB_sample2.wav",156,0,10,184,3,0,0,29,1,0,0,0,0,0,28,38,0,25,14,0,0,3,0,0,0,0,8,0,0,0,95,6,36,0,0,75,11,0,0,3,58,3,0,0,0,0,0,0,0,31,0,67,0,0,0,0,0,0,6,0,0,0,22,0,4,6,3,1,8,33,4,679,1,0,0,9,0,0,0,0,0,0,0,4,0,0,15,3,2,0,0,9,37,0,0,0,4,15,0,1,44
"62_061. LEFT SCREEN ONLY Spot the Differences_noise_-12.5dB_sample1.wav",152,0,0,11,0,0,0,1,1,0,0,0,0,0,33,0,0,29,0,0,0,0,0,0,0,0,0,0,0,0,8,0,0,0,0,0,0,0,0,0,0,11,0,0,0,0,0,0,0,0,0,0,0,0,0,0,0,0,0,0,0,0,3,0,5,25,2,0,0,44,0,0,0,3,0,0,0,0,0,0,205,0,0,3,0,0,0,0,0,0,0,0,0,0,0,0,0,0,0,2,278
"36_072. Jessie J - Price Tag ft. B.o.B_noise_-12.5dB_sample2.wav",172,0,0,1,0,0,0,0,2,0,0,0,0,0,33,0,3,22,0,0,0,0,0,0,0,0,0,0,0,3,0,0,0,0,0,0,0,0,0,0,0,10,0,0,0,0,0,0,0,0,0,0,0,0,0,0,0,0,0,0,0,0,0,0,0,0,4,0,0,42,0,0,0,4,0,0,0,0,0,0,0,0,0,0,0,0,0,0,0,0,0,0,0,0,15,0,0,0,0,4,0
"48_027. MAGIC! - Rude (Official Video)_noise_-12.5dB_sample2.wav",168,0,0,0,0,0,0,0,0,0,0,0,2,0,32,0,0,22,0,0,0,0,0,0,0,0,0,0,0,1,0,0,0,0,0,0,0,7,0,0,0,9,0,0,0,0,0,0,0,0,0,0,0,0,0,0,0,0,0,0,0,0,0,0,0,0,2,0,1,42,0,0,0,0,0,0,0,0,0,0,0,0,0,0,0,0,0,0,0,0,0,0,0,0,0,0,2,0,0,1,0
"75_078. Kungs vs Cookin on 3 Burners - This Girl (Official Music Video)_noise_-12.5dB_sample2.wav",158,0,0,0,0,0,276,0,0,0,0,0,0,0,30,0,3,22,0,0,0,0,0,0,0,0,0,0,0,3,0,0,0,0,0,0,0,0,9,0,0,6,11,0,0,0,0,1,0,0,0,0,0,0,1,1,0,0,1,0,0,0,0,0,0,0,0,0,0,38,0,1,0,0,0,0,0,53,0,0,0,0,0,0,15,0,0,0,0,0,0,0,0,0,1,0,4,0,0,0,0
"78_026. Katy Perry - Firework (Official Music Video)_noise_-12.5dB_sample2.wav",161,14,0,0,1,1,3,0,0,14,0,0,0,0,33,0,2,25,0,0,0,0,0,0,2,1,1,0,0,1,0,0,0,0,4,0,0,0,0,1,0,11,12,3,0,33,0,619,0,0,126,39,0,41,28,1,17,1,10,0,32,0,0,2,0,11,4,6,0,40,0,0,2,0,0,0,0,7,0,7,0,0,1,0,25,1,0,1,0,0,1,0,0,0,11,0,0,0,0,3,0
"69_066. Jessie J - Bang Bang ft. Ariana Grande, Nicki Minaj_noise_-12.5dB_sample1.wav",162,0,0,0,0,0,1,0,0,0,0,11,0,1,28,0,6,25,0,0,1,0,0,0,3,0,0,0,0,1,0,0,0,0,7,0,0,0,0,0,0,4,1,0,0,0,0,7,0,0,0,0,0,0,0,75,0,1,0,0,0,0,0,0,0,0,1,0,0,35,0,0,0,1,0,0,0,0,0,1,0,0,0,0,2,0,0,0,0,0,1,0,0,0,16,0,0,0,0,1,0
"55_009. Taylor Swift - Shake It Off_noise_-12.5dB_sample1.wav",199,0,1,3,8,0,0,92,0,0,0,0,78,2,29,0,0,25,4,0,0,0,0,0,5,1,0,0,16,4,0,0,0,0,0,0,0,0,82,1189,0,5,0,0,0,5,4,0,0,0,0,0,0,0,0,0,5,0,0,0,4,0,2,2,0,20,0,5,0,35,22,8,4,14,5,0,0,0,0,0,0,1,0,0,14,0,0,0,0,0,0,0,0,0,13,0,4,22,0,1,4
"17_084. Thomas Rhett - Crash and Burn_noise_-12.5dB_sample2.wav",252,0,0,2,0,0,0,0,0,0,0,0,0,0,33,0,127,22,0,0,0,0,0,0,5,3,4,0,0,0,0,0,0,0,17,0,0,0,2,0,0,11,0,0,0,0,15,2,0,0,0,0,0,20,0,0,3,0,0,0,6,0,0,0,0,0,14,0,0,44,0,0,0,0,0,0,0,0,0,0,0,0,0,0,0,0,0,2,0,0,2,1,0,0,1,0,2,0,37,2,0
"84_001. Anna Kendrick - Cups_noise_-12.5dB_sample1.wav",275,0,0,0,0,0,0,0,3,0,0,0,0,0,33,0,0,25,1,0,0,0,0,0,0,1,0,0,0,1,0,0,0,0,0,0,0,0,0,0,0,11,0,0,0,0,0,1,0,0,0,0,0,0,0,0,0,0,0,0,0,0,0,0,0,0,1,0,0,44,0,0,0,0,0,0,0,0,0,0,0,0,0,0,0,0,0,0,0,0,0,0,0,0,1,0,2,0,0,1,0
"54_016. Taylor Swift - Blank Space_noise_-12.5dB_sample2.wav",256,0,0,0,0,0,0,0,0,0,0,0,0,0,33,0,7,23,0,1,0,0,0,0,0,1,0,0,0,2,0,0,0,0,0,0,0,0,0,0,0,11,0,0,0,0,0,0,0,0,0,0,0,0,0,0,0,38,0,0,0,0,0,0,0,0,1,0,0,44,0,0,0,0,0,0,0,2,0,0,0,0,0,0,0,0,0,0,0,0,0,0,0,0,0,0,4,0,1,0,0
"97_075. Lindsey Stirling - Prism (Official Video)_noise_-12.5dB_sample2.wav",246,0,0,6,0,0,0,152,1,0,0,0,0,1,31,0,0,23,0,0,0,0,0,0,0,1,0,0,3,2,6,0,0,0,0,0,0,0,2,0,0,8,0,0,4,0,13,0,0,0,0,9,0,0,0,0,0,0,0,0,0,0,0,0,0,0,4,0,0,40,0,11,0,0,0,0,0,0,0,0,0,0,0,0,0,0,0,0,0,0,1,0,0,0,0,0,2,0,0,1,0
"58_039. OMFG - Hello_noise_-12.5dB_sample2.wav",172,0,0,0,0,0,0,0,1,0,0,0,0,0,30,0,0,22,0,2,0,0,0,0,0,0,0,0,0,1,0,0,0,0,0,0,0,0,0,0,0,6,0,0,0,0,0,0,0,4,0,0,0,0,0,0,0,0,0,0,0,0,0,0,0,0,5,0,0,36,0,0,0,0,0,0,0,0,0,0,0,0,0,0,0,0,0,1,0,0,1,0,0,25,0,0,5,0,0,1,0
"87_079. twenty one pilots Heathens (from Suicide Squad The Album) [OFFICIAL VIDEO]_noise_-12.5dB_sample1.wav",163,0,0,0,0,0,0,1,1,2,0,0,0,4,33,0,0,24,1,0,0,0,0,0,0,1,0,0,0,0,0,2,0,0,0,0,0,0,0,0,0,11,0,0,4,0,2,0,0,8,0,0,0,0,0,0,0,0,0,0,0,0,0,0,0,0,3,0,0,44,0,0,0,0,0,26,0,0,0,0,0,0,0,0,0,0,7,0,0,0,0,0,0,0,0,0,4,0,0,1,0
