"33_076. Galantis - Firebird (Official Audio)_noise_-5dB_sample2.wav",146,10,2,3,0,2,0,6,1,3,4,0,0,11,33,2,13,52,2,3,0,90,0,1,0,3,0,1,1,2,2,0,0,2,154,2,1,0,0,2,0,11,55,1,0,2,6,39,0,1,11,4,0,0,7,7,3,0,1,4,958,0,0,0,1,1,3,13,4,44,2,1,0,3,0,0,0,0,0,0,0,3,1,0,1,0,4,1,0,0,3,4,2,0,0,1,12,26,2,4,0
"67_090. Josh Groban - You Raise Me Up (Official Music Video) [HD Remaster]_noise_-5dB_sample1.wav",130,156,0,87,1,0,10,1,1,6,0,0,1,1,33,2,0,46,3,3,2,120,0,1,1,4,1,0,1,1,12,0,1,3,101,0,0,0,0,0,2,11,12,3,2,26,42,220,0,4,63,34,0,30,11,15,8,0,3,2,12,0,0,1,0,1,5,7,1,44,3,0,0,2,0,1,1,0,0,19,0,0,13,0,14,0,1,0,0,0,1,2,0,60,0,9,11,28,0,2,0
"32_086. Olly Murs - Grow Up (Official Video)_noise_-5dB_sample2.wav",127,0,0,4,1,0,0,0,0,0,3,1,0,0,33,0,4,47,5,1,0,92,0,0,7,4,0,0,1,2,0,0,0,2,154,0,2,1,0,1,5,17,7,0,0,1,0,3,0,2,0,0,0,0,1,0,0,1,0,2,0,2,0,0,0,1,1,13,0,44,2,2,0,2,0,0,0,0,0,110,0,0,1,1,0,0,0,1,0,6,1,2,2,0,2,0,12,24,2,1,1
"30_Cannibal_noise_-5dB_sample1.wav",128,0,0,4,0,0,0,3,0,0,0,0,0,0,31,0,2,54,2,3,0,106,0,0,0,2,0,0,3,2,9,8,1,2,55,0,0,0,2,0,2,8,0,0,1,0,4,3,0,1,0,4,1,2,0,0,0,0,0,0,0,0,0,0,0,0,1,6,0,40,2,3,0,0,0,0,3,2,0,0,0,0,0,90,0,4,1,0,0,0,1,3,0,0,0,0,12,17,2,2,2
"66_Cruel_Summer_noise_-5dB_sample2.wav",129,0,0,7,1,0,0,4,3,0,0,0,0,0,33,0,2,49,4,2,0,108,0,0,0,4,0,2,1,3,0,2,1,4,154,0,1,0,0,2,0,11,0,0,2,0,1,0,52,3,2,1,1,2,2,1,0,2,0,0,1,0,6,0,0,2,2,11,6,44,3,0,0,3,0,1,0,0,0,0,0,0,0,0,1,0,2,0,0,0,1,2,0,0,0,0,11,22,1,2,0
"39_051. Galantis - No Money (Official Video)_noise_-5dB_sample1.wav",131,0,1,4,0,0,0,4,1,0,0,0,0,0,33,0,8,52,12,1,0,98,1,1,0,2,0,1,1,2,0,3,1,2,154,2,0,0,0,2,0,15,1,0,4,0,0,11,0,2,1,2,0,30,1,0,0,1,0,0,0,0,0,29,0,0,1,11,1,49,3,4,0,0,0,0,0,5,0,0,0,1,0,1,0,0,3,9,0,0,1,2,0,0,0,0,11,28,1,1,0
"75_078. Kungs vs Cookin on 3 Burners - This Girl (Official Music Video)_noise_-5dB_sample2.wav",131,0,4,17,0,0,189,0,1,0,0,0,0,0,33,1,4,48,2,3,0,94,0,1,7,1,0,0,1,1,0,0,0,3,154,6,1,0,6,1,0,15,32,0,0,1,0,3,0,6,1,22,0,0,0,0,0,0,0,0,0,0,2,0,0,17,5,11,4,44,1,3,14,0,0,0,0,43,0,1,0,0,0,22,9,10,1,0,0,1,2,2,0,0,4,0,12,28,0,2,4
"27_022. Major Lazer & DJ Snake - Lean On (feat. MØ) [Official Music Video]_noise_-5dB_sample2.wav",133,4,0,8,4,3,0,7,1,345,0,5,1,0,32,0,3,44,8,0,0,86,0,0,4,6,0,0,2,4,1,1,2,4,100,1,3,0,2,0,2,11,3,1,0,7,2,30,0,4,2,2,2,6,1,0,3,1,0,0,3,0,0,2,2,0,7,8,1,42,5,0,0,0,0,1,3,0,1,0,0,0,1,0,3,3,0,4,0,0,3,4,0,0,0,0,13,19,2,2,0
"97_075. Lindsey Stirling - Prism (Official Video)_noise_-5dB_sample1.wav",132,5,0,4,0,0,0,319,0,0,3,0,3,0,33,3,0,48,0,0,0,104,0,0,0,3,1,0,0,5,1,0,0,4,106,0,0,0,0,1,0,10,0,1,6,0,0,0,0,0,1,4,0,2,1,0,0,0,0,0,1,0,0,0,14,14,2,8,0,44,1,8,1,1,0,0,0,0,0,0,0,1,0,0,0,0,0,0,2,0,2,3,0,0,2,0,12,25,1,2,66
"53_102. What_noise_-5dB_sample2.wav",133,0,0,47,0,0,0,4,0,0,1,0,0,2,33,0,0,48,3,0,0,132,0,0,3,3,0,1,0,2,0,0,0,1,154,0,0,0,0,0,3,15,0,0,1,0,0,0,0,0,1,0,0,0,0,1,0,0,0,0,0,24,0,0,0,12,6,11,4,44,3,0,0,0,0,0,0,0,0,0,0,0,0,0,0,0,0,0,0,0,2,0,0,0,0,0,11,45,1,2,0
"84_001. Anna Kendrick - Cups_noise_-5dB_sample2.wav",130,0,0,9,0,0,0,4,0,0,0,0,0,0,33,0,3,48,8,0,0,102,0,0,0,6,0,0,1,3,1,1,0,4,154,1,1,0,0,0,1,13,0,0,0,0,0,0,0,4,0,1,0,0,0,0,1,0,0,0,0,0,0,0,0,0,2,11,0,49,1,0,0,6,0,1,0,3,0,0,0,0,0,0,1,0,4,0,0,0,1,2,0,0,0,0,13,25,1,1,0
"18_044. tony igy-stop in my mind_noise_-5dB_sample2.wav",130,0,0,21,1,0,0,5,3,9,2,11,20,73,33,2,4,48,5,1,0,66,0,6,4,7,5,4,3,2,3,428,2,20,107,6,2,2,12,6,0,15,0,18,6,0,8,1,5,68,4,0,9,10,6,0,4,6,0,0,1,0,1,6,2,4,2,9,4,41,12,6,1,0,3,3,0,0,11,4,0,0,0,0,1,0,6,18,0,0,6,3,3,0,26,0,11,22,6,24,4
"46_032. Katy Perry - Wide Awake (Official Video)_noise_-5dB_sample2.wav",135,1,1,84,1,201,1,2,0,1,0,0,3,15,32,0,0,46,12,3,12,106,1,3,3,2,0,7,0,9,1,6,7,38,112,2,1,0,14,0,0,9,1,1,2,4,12,0,0,3,0,1,0,1,2,0,0,0,2,0,1,0,1,4,0,15,4,8,2,42,2,0,1,0,1,7,0,0,0,0,0,26,0,1,1,0,19,8,0,0,4,2,0,8,5,0,11,20,2,4,1
"15_060. My OCD (Song)_noise_-5dB_sample2.wav",130,0,0,6,0,0,0,0,2,0,0,0,0,0,33,0,0,44,4,0,0,112,0,0,3,3,0,0,0,3,0,0,0,2,154,0,0,0,0,0,0,17,0,0,0,0,0,0,0,0,0,3,0,0,0,0,0,0,0,5,0,0,0,0,0,0,5,11,3,44,4,0,0,0,0,0,0,0,0,0,0,1,0,0,0,0,0,0,0,2,1,2,0,0,0,0,12,34,1,3,0
"83_004. Katy Perry - Roar_noise_-5dB_sample1.wav",128,2,0,63,0,0,0,1,2,2,1,0,0,0,121,9,0,48,6,77,0,112,0,0,6,2,0,0,2,1,0,0,0,1,89,0,3,0,21,13,0,13,1,0,0,6,2,3,2,44,2,0,0,0,6,0,27,0,3,0,3,0,4,0,0,5,9,7,2,44,6,19,0,2,2,0,0,0,0,0,0,0,0,0,11,0,0,1,0,0,0,1,0,0,2,0,11,24,1,3,0
"102_018. Shawn Mendes - Stitches (Official Music Video)_noise_-5dB_sample2.wav",128,0,0,4,0,0,0,3,2,0,0,30,0,1,33,1,2,48,3,3,0,132,0,0,3,4,0,0,1,2,0,1,0,2,154,0,0,0,0,1,1,11,1,0,0,0,0,0,0,4,1,4,0,0,1,0,0,0,0,0,0,0,0,0,0,0,5,8,5,44,3,0,0,2,0,0,0,0,0,1,0,0,0,0,0,0,2,2,0,0,1,2,0,0,2,0,12,44,2,4,0
"95_053. Avicii - Hey Brother_noise_-5dB_sample1.wav",130,1,0,6,0,0,0,3,0,0,0,0,0,1,33,2,4,52,6,2,1,130,0,1,368,4,0,1,1,4,0,2,0,2,248,2,0,0,7,2,2,12,1,0,1,1,1,1,0,2,1,1,0,2,4,0,0,0,0,1,0,0,1,0,0,2,7,10,0,44,0,1,0,3,0,0,1,0,0,0,0,0,0,1,0,3,0,0,3,0,1,2,0,0,0,0,11,40,2,2,15
"103_037. Calvin Harris, Rihanna - This Is What You Came For (Official Video) ft. Rihanna_noise_-5dB_sample1.wav",129,44,2,66,6,30,3,33,1,11,14,0,2,5,35,8,16,50,0,3,2,106,0,0,1,1,1,1,0,2,26,5,14,0,154,45,5,0,0,3,0,15,40,1,16,3,0,25,0,20,0,2,0,1,3,0,2,6,9,0,0,0,15,0,0,1,7,11,4,44,4,52,6,6,0,46,5,10,0,3,10,1,1,0,0,0,0,0,0,0,4,5,40,0,66,14,12,28,0,2,400
"60_057. Get Off The Phone Song_noise_-5dB_sample2.wav",129,1,1,3,0,0,0,0,0,0,3,0,4,0,33,0,8,47,1,1,0,108,0,3,0,2,0,1,2,3,0,0,0,4,144,0,0,0,0,2,1,11,0,3,0,0,2,0,0,0,0,0,0,0,1,0,0,1,0,0,0,0,0,0,0,0,5,11,1,44,0,0,0,6,0,0,0,0,0,0,0,0,1,0,0,0,0,1,0,0,1,4,2,0,1,0,12,26,2,1,2
"13_030. Maroon 5 - Animals_noise_-5dB_sample2.wav",127,2,4,8,0,0,0,2,1,0,0,0,0,0,33,2,2,50,2,1,0,92,0,0,1,5,0,0,0,14,3,0,3,4,87,11,0,0,0,1,81,10,0,0,0,0,0,0,0,0,1,12,0,0,2,0,0,0,0,0,0,1,0,0,46,0,2,8,1,42,21,61,0,3,4,0,0,0,0,0,0,0,0,1,0,0,4,1,0,0,0,4,0,0,0,0,12,20,2,2,0
"6_043. Wintergatan - Marble Machine (music instrument using 2000 marbles)_noise_-5dB_sample1.wav",128,0,2,6,0,0,0,0,2,0,2,0,2,2,33,1,4,50,1,3,0,128,0,0,0,4,1,2,1,3,0,7,2,2,136,0,0,1,1,0,1,15,0,0,2,0,2,1,1,4,1,3,0,2,1,0,0,3,0,1,0,0,0,0,0,0,3,11,5,47,0,0,0,0,0,0,0,0,0,0,0,0,0,2,0,0,2,1,0,0,4,5,0,0,2,0,13,36,2,2,0
"77_065. Nightcore - Ghostbusters_noise_-5dB_sample2.wav",129,0,0,5,0,0,0,0,1,0,0,1,0,0,33,1,0,48,12,2,1,90,0,0,6,3,0,0,0,1,0,0,0,2,144,0,1,0,0,0,1,15,0,0,0,0,0,0,0,2,1,0,0,0,0,0,0,0,0,0,0,0,0,0,0,0,10,9,4,44,6,0,0,0,0,0,0,0,0,0,0,1,0,0,0,0,0,4,0,0,1,1,0,0,0,0,11,24,0,2,0
"58_039. OMFG - Hello_noise_-5dB_sample1.wav",128,0,0,4,1,0,0,2,2,0,0,0,3,1,33,1,2,48,4,0,0,132,0,0,0,1,0,0,1,2,0,0,0,2,144,1,3,0,0,1,0,11,0,0,0,0,2,1,0,0,0,3,0,1,0,0,0,0,0,0,0,0,0,0,0,0,11,11,0,44,3,0,0,1,0,0,0,0,0,0,0,0,0,0,0,0,0,1,0,0,1,3,0,66,2,0,12,40,1,1,0
"43_098. Nightcore~ The Wolf_noise_-5dB_sample2.wav",128,1,0,10,0,0,0,0,0,0,3,0,0,7,33,0,4,48,8,3,0,134,3,0,0,2,0,0,0,1,1,0,0,2,154,2,0,0,1,1,3,15,0,0,0,0,0,4,0,4,0,0,0,2,1,2,0,0,1,7,0,0,0,0,0,0,2,11,0,44,1,0,0,0,0,0,0,0,0,0,0,0,0,0,0,2,0,0,0,0,0,2,0,0,2,299,12,44,2,0,0
"49_050. Carly Rae Jepsen - I Really Like You_noise_-5dB_sample1.wav",131,0,0,4,0,0,0,0,1,0,0,0,0,2,33,1,8,50,1,3,0,132,0,1,1,2,4,0,0,1,0,0,0,0,154,4,0,0,0,1,0,11,0,0,0,8,5,0,0,1,1,0,1,0,0,0,0,0,0,2,1,0,0,0,0,0,1,11,0,44,0,3,0,0,0,0,0,0,0,0,0,1,0,0,60,3,2,0,0,0,2,6,0,0,0,2,12,44,2,2,0
"98_021. Alan Walker - Faded_noise_-5dB_sample1.wav",129,17,0,50,8,2,0,0,0,5,0,0,0,0,33,3,4,52,3,3,0,130,0,0,0,3,0,1,0,2,1,0,3,2,154,0,0,0,2,1,6,15,14,6,0,8,1,55,0,4,64,349,6,21,12,2,9,0,19,0,9,0,0,2,4,0,1,12,2,44,0,20,3,1,1,0,0,2,0,3,0,0,4,0,19,1,0,2,0,4,4,4,2,0,2,1,11,41,2,4,2
"4_003. Lorde - Royals (US Version)_noise_-5dB_sample2.wav",128,0,1,69,1,3,0,4,1,3,0,0,1,2,33,1,4,50,17,3,0,112,1,0,0,9,3,4,0,1,0,3,5,11,127,1,1,0,2,2,0,11,0,0,4,0,3,0,0,4,2,0,0,0,9,0,0,2,0,0,2,0,2,3,10,6,2,9,1,44,7,7,0,3,0,0,0,0,0,0,0,1,0,1,2,0,10,0,0,1,1,1,0,0,1,0,11,22,1,1,1
"23_048. Pharrell Williams - Happy (Official Music Video)_noise_-5dB_sample1.wav",125,4,0,378,2,5,1,3,0,1,0,0,109,0,27,0,0,46,4,0,0,94,0,12,7,4,0,4,1,6,7,15,1,2,22,1,0,11,0,0,1,3,1,3,3,1,2,23,0,17,1,4,8,71,5,0,2,1,1,1,2,0,0,2,0,2,9,4,3,32,3,0,0,2,0,2,0,1,0,12,0,0,2,8,1,0,25,3,0,0,454,0,1,3,1,5,11,8,4,7,1
"101_070. Eminence - Knock Me Out (feat. Anna Cyzon) [Monstercat Official Music Video]_noise_-5dB_sample2.wav",129,2,0,33,0,0,0,1,0,0,0,0,9,0,33,20,4,52,2,4,0,130,0,0,0,5,23,7,1,4,26,3,74,4,154,42,6,0,6,0,3,11,0,5,17,3,0,1,1,14,1,0,9,9,0,0,0,0,0,1,0,9,0,3,8,11,5,12,5,44,7,39,0,3,2,14,0,11,0,1,0,1,0,10,0,0,2,1,2,1,4,8,8,0,2,0,11,42,2,4,2
"87_079. twenty one pilots Heathens (from Suicide Squad The Album) [OFFICIAL VIDEO]_noise_-5dB_sample1.wav",129,0,3,40,4,0,0,2,1,2,0,0,11,5,32,6,3,49,11,4,0,84,4,6,2,5,1,4,2,1,1,2,0,1,91,2,6,1,0,2,2,9,0,3,10,1,1,0,2,24,2,0,0,21,2,0,1,3,0,6,0,0,0,6,1,16,15,11,2,40,7,0,0,0,0,143,0,0,0,0,0,0,5,2,2,0,8,1,0,0,1,2,0,0,2,0,11,19,3,1,0
"45_005. OneRepublic - Counting Stars_noise_-5dB_sample1.wav",129,0,0,36,3,0,0,2,1,1,0,0,4,1,33,7,0,48,4,5,2,132,0,4,0,4,0,1,1,2,1,17,17,1,150,0,3,4,0,1,1,15,0,4,1,0,0,0,2,1,1,1,2,4,2,0,0,1,2,0,0,0,1,0,12,0,2,11,15,45,6,46,0,3,0,4,0,0,1,4,0,4,0,8,0,0,3,0,0,0,2,2,5,0,0,2,12,45,1,2,66
"48_027. MAGIC! - Rude (Official Video)_noise_-5dB_sample2.wav",128,0,0,10,0,0,0,3,0,0,0,0,0,0,33,1,0,49,5,4,0,132,0,0,0,3,0,0,0,2,0,0,0,4,154,0,0,38,0,1,1,14,0,0,0,0,0,0,0,3,1,0,3,2,0,0,1,0,0,0,0,0,0,0,0,0,4,11,0,44,2,0,0,0,0,0,0,0,0,1,0,0,0,0,1,0,0,0,0,0,1,4,0,0,2,0,12,43,1,2,0
"50_006. Wiz Khalifa - See You Again ft. Charlie Puth [Official Video] Furious 7 Soundtrack_noise_-5dB_sample2.wav",127,70,0,19,4,25,13,5,0,1,4,1,0,0,33,1,1,50,5,2,0,88,0,0,12,2,3,0,0,4,0,0,0,3,130,0,4,0,0,3,2,15,66,1,0,6,3,55,0,2,34,10,0,5,289,3,13,21,3,9,5,1,0,0,0,54,6,11,0,44,0,6,11,4,1,0,0,25,0,2,0,2,3,0,10,0,0,1,0,4,1,2,0,0,110,4,11,29,2,6,9
"11_062. Pipe Guy - HouseTranceTechno Live_noise_-5dB_sample1.wav",133,10,0,9,0,0,0,3,0,0,0,1,1,0,33,0,0,47,0,2,0,91,0,0,24,4,0,0,1,3,0,0,0,3,93,2,2,0,0,0,2,11,5,0,0,2,0,22,0,0,1,2,0,1,2,0,3,3,0,0,1,3,0,0,0,6,10,9,0,42,4,0,0,2,3,2,0,2,0,2,0,0,0,0,2,0,0,5,0,1,1,2,0,2,3,0,11,22,0,1,1
"45_005. OneRepublic - Counting Stars_noise_-5dB_sample2.wav",126,1,9,9,0,0,0,3,2,3,0,0,2,0,31,0,0,46,9,0,0,98,0,0,9,3,0,2,2,3,0,0,2,5,58,2,1,0,0,1,2,7,1,1,0,0,2,1,0,2,1,3,7,0,2,0,0,0,0,0,0,0,0,0,1,0,13,6,50,38,3,0,0,2,0,0,0,0,0,0,0,2,0,1,0,0,1,2,0,0,1,0,0,0,1,1,11,14,2,1,0
"105_101. Yann Tiersen - Comptine d`un autre ete - l`apres-midi_noise_-5dB_sample1.wav",130,7,33,355,68,308,8,0,0,2,0,0,3,82,33,19,7,54,6,2,0,108,59,31,5,111,27,126,1,40,14,1,214,308,154,17,29,0,14,4,83,11,3,1,67,21,7,0,0,20,45,55,0,111,198,0,0,5,0,31,0,4,10,33,0,124,34,12,10,44,62,818,3,60,138,22,0,0,0,6,0,37,0,27,68,28,158,135,1,0,3,24,3,0,0,0,12,33,1,2,33
"76_073. Lindsey Stirling - Crystallize (Dubstep Violin Original Song)_noise_-5dB_sample1.wav",127,41,0,100,1,21,11,3,0,3,1,0,0,11,33,20,4,52,3,2,3,132,1,0,11,5,23,0,1,1,32,0,21,2,154,55,2,0,6,1,1,11,46,2,17,2,3,24,0,14,2,4,0,2,18,2,1,17,0,2,3,14,1,0,45,1187,11,11,6,44,2,15,0,3,4,14,1,31,0,0,14,0,2,23,16,2,44,3,0,1,1,8,4,0,63,13,11,49,10,2,2
"81_013. Passenger  Let Her Go (Official Video)_noise_-5dB_sample1.wav",125,1,1,22,1,0,0,0,1,0,0,0,2,1,33,2,0,46,3,2,0,88,0,0,2,3,0,1,0,5,2,0,0,5,50,4,0,0,0,1,5,11,2,0,0,0,0,1,0,0,0,6,0,0,0,0,0,0,0,0,0,0,66,3,0,1,2,6,2,34,10,11,0,0,2,1,0,0,0,0,0,0,0,0,0,0,1,0,0,0,0,1,0,0,0,0,11,14,1,2,0
"89_091. Faster Car - Anders Lystell feat. Kaliber [EPIDEMIC SOUND] (Lyrics)_noise_-5dB_sample1.wav",128,0,0,5,2,0,0,0,8,0,0,0,15,2,33,1,4,48,6,0,0,132,0,1,0,2,0,1,1,2,6,1,0,2,154,0,0,0,0,1,2,16,0,5,0,0,0,1,0,0,0,0,126,2,1,0,0,0,0,0,0,0,0,0,0,0,6,11,0,44,3,1,0,0,0,0,0,0,0,0,0,0,0,0,0,0,0,1,0,0,4,0,2,0,0,0,11,50,2,4,0
"44_Sacred Beast_noise_-5dB_sample2.wav",126,0,0,8,2,0,0,2,0,2,0,0,1,0,33,1,0,52,8,0,0,110,0,2,0,4,0,0,0,1,0,0,0,1,149,0,0,0,0,1,2,11,0,0,0,0,6,1,0,0,2,1,0,0,2,0,0,0,0,0,2,0,1,0,0,4,3,11,0,44,4,11,0,2,3,0,0,240,0,0,0,0,0,3,0,1,1,0,1,0,2,1,2,0,4,0,11,26,4,1,5
"51_088. Steven Universe - We Are The Crystal Gems_noise_-5dB_sample2.wav",126,0,0,6,0,0,0,7,1,0,1,0,1,0,33,14,0,48,8,0,0,108,0,0,1,3,0,0,1,1,0,0,14,0,107,7,1,0,0,1,2,11,0,0,0,0,0,0,1,31,1,2,0,0,2,0,0,0,0,0,0,0,0,0,0,1,4,8,3,44,6,4,96,3,0,8,0,0,0,1,0,1,0,0,0,3,0,1,0,0,3,5,0,0,0,0,13,18,2,1,3
"48_027. MAGIC! - Rude (Official Video)_noise_-5dB_sample1.wav",127,0,1,1,0,0,0,0,1,1,0,0,0,1,33,0,0,48,4,0,2,132,0,0,0,2,0,0,1,1,0,2,0,0,154,0,0,60,0,0,2,15,0,0,0,0,0,0,0,2,0,2,0,0,0,1,0,0,0,0,0,0,0,0,1,0,2,11,0,44,1,0,0,3,0,0,0,1,1,0,0,1,0,2,0,1,0,0,0,0,1,2,0,0,0,0,12,44,1,1,0
"73_Turn the Lights Off_noise_-5dB_sample2.wav",127,1,0,155,0,0,0,157,0,0,2,1,117,0,33,1,1,52,2,0,0,130,0,9,11,7,0,10,9,1732,0,0,51,2,154,0,0,22,0,1,0,11,1,0,36,0,0,202,0,2,2,75,80,212,1,0,0,0,0,0,0,0,1,49,32,0,3,11,8,44,3,0,0,2,0,0,0,27,1,45,0,0,3,21,0,3,40,1,4,12,42,4,0,0,0,8,12,31,0,16,0
"25_035. Alan Walker - Sing Me To Sleep_noise_-5dB_sample2.wav",124,13,2,9,0,0,1,6,2,1,3,0,1,0,33,3,1,52,2,0,0,120,0,0,16,4,3,0,1,3,0,0,3,6,154,1,3,0,12,10,1,18,2,0,0,4,2,1,2,4,0,4,1,0,1,0,5,6,4,0,1,1,0,0,0,2,6,11,7,44,5,1,0,1,11,1,1,14,0,0,0,0,0,16,2,28,0,2,0,0,2,4,0,0,5,0,12,165,6,4,0
"8_081. The Beach Boys - I Get Around_noise_-5dB_sample2.wav",125,0,0,10,0,0,0,7,1,3,2,11,0,0,33,2,10,50,5,0,0,126,0,0,0,2,0,0,0,4,0,0,9,3,106,0,0,3,0,1,0,170,1,2,3,4,0,4,0,10,2,1,9,1,1,0,5,0,0,1,6,0,0,0,0,0,4,8,0,44,2,21,0,6,0,0,1,3,0,0,1,1,0,0,0,0,0,0,0,7,1,4,2,0,2,0,13,32,4,4,7
"10_012. Calvin Harris - I Need Your Love (Official Video) ft. Ellie Goulding_noise_-5dB_sample1.wav",125,2,1,8,1,0,0,2,1,0,2,0,0,2,33,0,4,48,4,1,0,102,1,0,1,4,0,0,1,4,1,0,0,5,101,0,0,0,0,0,0,11,1,0,0,2,6,0,0,1,11,0,0,1,0,0,0,0,7,1,2,0,0,0,0,10,2,5,1,47,2,0,0,0,0,0,0,0,0,0,0,0,0,0,0,0,0,0,0,3,0,1,0,0,2,0,13,21,2,2,0
"47_020. Warriors (ft. Imagine Dragons)  Worlds 2014 - League of Legends_noise_-5dB_sample1.wav",141,2,3,17,0,0,0,0,0,0,2,0,0,1,33,1,4,51,7,0,8,118,0,2,8,4,0,1,1,2,0,6,32,7,84,37,3,0,0,1,1,10,0,0,0,1,0,0,2,2,1,1,0,1,0,0,0,3,0,0,4,3,0,2,5,4,5,7,1,482,4,2,0,2,0,1,0,0,0,0,0,0,0,4,0,5,0,1,2,0,1,0,1,0,2,0,11,21,1,1,0
"60_057. Get Off The Phone Song_noise_-5dB_sample1.wav",134,0,0,8,2,3,0,5,1,6,2,0,8,5,33,4,2,46,3,4,3,82,0,3,4,6,1,0,2,3,1,4,63,3,154,31,5,0,0,1,2,11,2,106,1,1,0,0,2,0,1,2,2,0,2,0,1,1,0,0,0,14,0,10,134,1,11,11,2,44,5,4,3,2,0,1,0,1,2,0,0,8,4,17,0,4,4,4,4,0,1,4,0,0,1,0,11,22,2,39,1
"69_066. Jessie J - Bang Bang ft. Ariana Grande, Nicki Minaj_noise_-5dB_sample1.wav",132,0,3,5,0,0,0,2,1,0,3,1,0,2,33,1,0,47,4,3,0,130,0,0,0,6,0,1,0,4,0,0,0,4,146,2,0,0,0,1,0,14,1,0,0,0,1,1,2,0,0,1,0,0,1,41,0,0,0,0,2,0,0,0,0,0,5,11,4,44,2,0,0,1,0,0,0,0,0,0,0,0,0,0,0,0,6,0,0,0,2,2,2,1,3,0,12,39,3,2,0
"59_014. Avicii - Hey Brother (Lyric)_noise_-5dB_sample2.wav",132,0,0,13,0,0,0,0,2,0,8,0,0,0,33,0,1,44,0,0,4,120,0,0,16,2,6,0,2,3,1,0,0,7,154,0,0,0,0,2,1,19,12,1,0,0,0,0,0,0,1,4,0,2,27,0,1,0,0,0,0,0,0,0,0,0,2,11,8,44,1,0,0,0,0,0,0,1,0,0,0,0,8,0,0,1,4,0,0,0,4,1,0,0,0,0,11,22,1,2,0
"64_097. Nightcore - Running With the Wolves [Lyrics]_noise_-5dB_sample2.wav",131,0,1,6,2,0,0,0,1,1,0,0,0,0,33,0,0,44,5,1,0,112,0,0,1,2,0,2,1,1,0,1,0,3,125,1,2,0,0,1,0,11,0,0,1,0,0,0,0,2,0,1,0,0,2,0,0,0,0,0,0,0,0,0,0,1,4,8,0,44,2,0,0,3,0,1,0,0,0,0,0,0,0,0,0,0,0,0,0,0,1,2,0,0,0,0,11,25,1,2,0
"33_076. Galantis - Firebird (Official Audio)_noise_-5dB_sample1.wav",130,121,0,63,1,2,14,2,1,0,0,0,0,4,28,0,0,44,3,2,0,106,5,3,9,2,0,1,0,2,37,0,2,2,76,0,2,0,0,1,0,7,10,1,5,0,38,0,2,2,3,9,0,12,15,18,2,0,0,1,278,7,1,0,0,5,6,7,3,34,3,0,0,0,0,0,2,0,0,13,0,0,0,0,0,0,6,0,0,1,5,2,0,55,1,3,9,18,1,3,0
"70_You and Me_noise_-5dB_sample1.wav",130,1,2,17,1,8,0,1,1,0,1,0,0,0,33,1,4,47,3,2,0,106,0,1,5,6,0,0,1,2,2,0,0,2,154,0,0,0,0,1,4,15,0,1,0,4,0,0,0,0,0,1,4,0,4,0,3,0,0,1,0,0,0,1,0,5,8,11,5,44,1,48,25,2,397,3,0,0,0,0,0,0,0,9,0,0,1,1,0,1,1,4,2,0,0,11,13,30,2,2,0
"2_023. Rachel Platten - Fight Song (Official Video)_noise_-5dB_sample1.wav",131,5,14,165,1,0,7,51,2,0,0,0,0,0,33,377,4,69,0,9,0,113,0,0,1,14,99,1,1,3,120,1,36,3,154,59,5,0,21,1,3,15,0,5,70,1,0,0,6,94,0,4,1,4,0,0,0,0,0,0,0,5,4,0,0,40,14,11,16,49,3,126,1,2,5,55,0,40,0,0,0,1,0,34,0,0,20,0,3,3,0,29,29,1,2,0,11,34,2,3,6
"11_062. Pipe Guy - HouseTranceTechno Live_noise_-5dB_sample2.wav",128,1,0,5,0,0,0,1,0,0,0,0,0,0,33,3,4,49,4,0,0,106,0,0,0,2,0,0,1,2,1,0,0,2,145,2,1,0,0,1,0,13,0,0,2,0,0,1,9,0,1,0,0,2,1,0,0,0,0,0,1,0,0,1,0,10,4,11,0,44,4,3,3,5,1,0,0,0,0,1,0,0,1,1,0,1,0,0,0,0,4,4,0,0,2,0,11,29,1,2,0
"81_013. Passenger  Let Her Go (Official Video)_noise_-5dB_sample2.wav",126,0,0,403,0,0,0,2,2,0,0,0,0,0,27,4,2,48,6,0,0,94,1,0,3,15,0,3,0,3,0,0,0,31,8,4,2,0,0,37,0,4,0,0,1,0,0,0,0,1,1,0,0,0,0,3,0,1,0,0,0,0,712,5,0,15,12,3,16,28,22,0,0,0,0,0,0,0,0,0,0,1,0,2,0,0,4,3,0,0,0,0,0,0,0,0,11,10,0,1,4
"54_016. Taylor Swift - Blank Space_noise_-5dB_sample1.wav",127,0,0,18,2,3,0,3,1,1,2,0,0,2,33,16,4,48,6,4,0,80,0,0,9,6,27,2,1,5,2,2,2,5,75,0,0,0,17,5,0,11,0,0,0,2,10,5,0,1,1,1,0,1,1,0,8,134,0,11,0,4,2,0,0,7,2,3,1,46,2,15,4,1,1,0,0,1,0,1,0,4,0,0,15,3,0,1,0,1,4,9,0,0,0,0,11,22,25,2,0
"29_010. Katy Perry - Part Of Me (Official)_noise_-5dB_sample2.wav",128,10,2,31,98,1,0,4,1,3,0,0,0,9,33,1,2,48,4,1,1,122,0,2,1,1,0,1,1,2,1,1,2,1,139,0,0,0,0,1,0,11,9,5,0,7,6,33,1,2,33,10,0,14,8,0,2,0,5,6,4,11,0,0,0,4,2,9,1,44,2,0,0,3,0,0,0,0,1,0,0,0,2,0,4,0,5,0,0,0,4,4,0,0,0,1,12,30,1,4,1
"78_026. Katy Perry - Firework (Official Music Video)_noise_-5dB_sample2.wav",128,0,0,12,1,0,1,3,1,0,2,0,2,0,33,1,4,49,4,2,0,120,0,0,0,4,0,2,1,3,2,1,0,5,107,0,0,0,0,1,5,9,0,1,0,0,1,63,0,2,2,3,7,44,1,0,0,0,0,0,0,0,0,3,0,0,4,8,3,44,3,2,0,0,0,0,0,0,0,1,0,1,0,0,0,2,1,0,0,0,3,3,2,0,0,0,11,27,1,3,0
"75_078. Kungs vs Cookin on 3 Burners - This Girl (Official Music Video)_noise_-5dB_sample1.wav",129,0,3,34,0,0,223,8,0,2,0,0,6,0,33,3,7,48,4,6,0,132,0,0,1,4,0,0,1,2,0,1,0,2,154,0,0,0,10,2,4,13,40,0,0,3,0,2,0,0,1,0,0,0,1,0,0,0,0,0,2,0,0,6,0,0,6,11,2,44,2,2,0,6,0,0,0,44,0,2,0,0,0,0,16,10,2,0,0,1,1,2,2,0,0,0,11,44,1,3,8
"96_089. American Boy by Estelle and Kanye West_noise_-5dB_sample2.wav",130,1,0,4,2,0,0,3,3,0,0,1,1,0,33,0,0,46,7,9,0,130,1,0,1,3,0,0,3,2,2,1,0,2,125,0,1,0,0,1,2,11,0,2,0,1,0,2,0,7,1,4,1,0,2,0,0,0,0,0,0,0,0,0,0,0,3,11,5,44,0,3,0,0,0,0,0,0,0,1,0,0,0,0,0,0,0,1,0,0,1,3,0,0,0,0,12,38,41,3,0
"20_Never Meant to Know_noise_-5dB_sample1.wav",128,106,1,11,1,0,1,0,2,0,0,0,5,0,33,4,123,47,2,0,0,132,0,0,0,2,2,13,5,2,0,12,13,2,154,2,0,0,0,1,2,15,10,11,4,0,143,10,1,2,1,92,2,422,3,0,11,0,0,1,1,0,0,8,0,0,3,11,17,44,0,0,0,5,2,8,0,0,0,3,0,0,0,0,0,2,8,1,0,0,31,1,0,5,8,0,13,42,3,4,0
"9_034. Pitbull - Timber (Official Video) ft. Ke$ha_noise_-5dB_sample1.wav",128,7,0,519,0,0,1,75,0,1,0,0,7,1,33,201,0,120,0,58,0,94,0,0,12,21,206,3,1,4,998,15,132,3,66,206,25,0,34,8,5,10,0,1,128,0,0,0,0,114,1,0,4,6,1,0,0,0,0,0,0,0,0,13,14,63,21,4,27,61,4,96,0,3,7,146,0,63,0,0,0,8,0,61,1,0,1,4,7,1,2,56,82,0,3,0,11,44,1,2,15
"1_028. Capital Cities - Safe And Sound_noise_-5dB_sample2.wav",127,0,5,17,3,1,0,4,1,0,0,0,1,0,36,1,0,46,2,4,0,120,0,7,2,2,1,1,2,13,1,0,86,1,101,23,31,0,0,1,0,11,1,0,2,0,0,0,1,2,1,1,1,1,0,0,0,0,0,0,0,0,1,5,173,0,6,9,1,44,4,42,8,3,3,7,0,3,0,0,0,1,1,3,1,2,0,1,0,0,2,2,0,0,0,0,12,30,1,2,0
"31_058. Rub Some Bacon on It_noise_-5dB_sample1.wav",145,11,388,9332,1114,2271,0,57,8,44,0,0,0,949,88,48,4,114,19,66,0,112,252,75,1,1712,0,454,2,105,1,392,493,15456,139,62,46,0,78,4,1,13,0,7,191,0,38,0,5,33,96,0,10,468,944,0,0,24,12,55,0,0,39,707,0,743,1,71,46,44,32,537,0,110,489,35,0,5,0,1,0,125,24,195,119,4,2088,1010,5,0,1,76,0,57,2,0,13,25,1,3,212
"37_063. Bastille - Pompeii (Official Music Video)_noise_-5dB_sample2.wav",127,0,0,10,0,0,0,0,0,0,0,0,0,0,33,0,1,44,9,0,0,118,0,0,2,3,0,0,0,2,0,0,0,2,144,0,1,0,0,0,0,11,0,2,0,0,0,0,0,0,0,0,0,0,2,0,0,0,0,0,0,0,0,0,0,0,6,9,3,44,2,0,0,1,0,1,0,0,0,0,0,0,0,0,1,0,4,5,0,0,1,2,0,0,0,0,11,24,2,1,0
"70_You and Me_noise_-5dB_sample2.wav",127,8,5,12,10,1,0,11,1,0,0,6,1,3,67,3,3,52,3,5,0,92,2,0,24,9,0,0,1,3,1,4,0,6,80,2,1,0,0,2,3,7,2,1,0,0,3,0,0,13,1,2,0,2,5,0,5,4,0,0,0,4,0,6,11,42,4,8,3,40,5,6,309,0,547,1,0,12,0,1,0,0,8,11,0,29,2,1,7,0,1,4,0,0,6,5,13,17,7,4,11
"28_074. American Authors - Best Day Of My Life_noise_-5dB_sample1.wav",127,2,6,34,4,33,0,4,2,0,0,0,0,9,25,42,2,182,2,0,0,88,5,6,3,17,2,13,1,12,4,6,29,33,7,12,2,0,2,5,9,3,3,0,17,0,2,0,0,5,4,16,0,17,24,0,8,2,0,6,0,1,8,1,0,19,5,3,3,28,21,155,0,11,20,8,0,0,0,0,1,4,0,8,11,3,17,18,0,0,1,5,0,3,5,0,11,10,1,2,0
"41_The Bidding_noise_-5dB_sample1.wav",128,1,0,2,1,0,0,5,1,0,4,0,0,1,33,1,0,48,2,0,0,124,2,0,2,3,0,0,0,1,1,2,0,2,154,1,1,2,0,0,0,11,0,1,0,0,0,0,1,2,1,2,0,2,1,0,0,0,0,0,0,0,2,0,0,0,8,11,0,44,5,0,0,0,0,2,0,0,1,0,0,1,0,0,0,0,2,1,1,0,4,1,0,2,1,0,43,30,1,7,0
"25_035. Alan Walker - Sing Me To Sleep_noise_-5dB_sample1.wav",127,78,0,48,4,46,11,13,1,7,9,0,1,0,47,1,31,44,4,1,0,114,0,0,5,4,24,1,0,2,2,16,1,3,124,0,3,0,1,1,0,11,75,0,0,3,1,17,1,1,3,0,1,1,8,2,1,18,5,0,2,3,18,0,1,19,9,8,2,44,1,1,1,1,1,1,0,7,0,1,1,0,1,0,12,0,0,6,0,0,2,3,1,0,110,8,11,69,2,6,8
"20_Never Meant to Know_noise_-5dB_sample2.wav",126,0,0,8,0,4,3,0,1,0,0,0,7,0,32,0,0,46,3,3,0,104,0,0,1,4,0,1,1,3,4,8,1,3,47,5,0,1,0,1,0,9,0,0,0,0,0,0,0,1,0,0,0,190,1,0,1,0,0,0,0,0,0,9,2,0,3,5,0,31,1,11,0,0,0,0,0,1,0,0,0,0,2,11,0,1,1,0,0,0,1,1,0,0,2,0,11,21,1,2,0
"34_The Trap_noise_-5dB_sample2.wav",128,24,0,30,6,22,2,0,41,2,0,1,0,9,33,32,6,50,7,3,0,132,7,3,4,7,14,12,0,2,0,1,15,22,149,2,2,0,10,1,4,17,9,6,9,16,1634,105,0,2,19,18,0,7,22,1,6,3,3,17,5,1,0,3,0,21,3,11,1,50,1,3,12,3,9,0,0,9,0,6,1,4,3,18,10,1,12,9,0,0,2,2,2,0,5,14,13,44,35,3,1
"95_053. Avicii - Hey Brother_noise_-5dB_sample2.wav",128,0,0,4,1,0,0,8,0,0,4,0,1,9,33,1,1,48,0,1,0,107,0,0,100,4,2,0,2,2,0,0,0,2,104,0,0,0,0,6,2,11,1,0,0,0,3,5,0,10,2,0,0,0,4,0,0,7,0,7,0,0,0,0,1,8,5,10,1,44,2,0,0,1,0,2,1,0,0,4,0,1,4,2,0,0,0,1,0,1,1,0,0,0,6,1,11,33,1,1,2
"55_009. Taylor Swift - Shake It Off_noise_-5dB_sample1.wav",133,0,1,56,14,0,0,49,1,0,0,0,51,2,582,3,3,50,3,28,3,126,0,0,16,5,4,0,9,2,0,0,0,3,113,3,0,0,122,749,0,11,1,0,0,7,62,1,1,63,7,0,1,1,49,0,2,0,4,8,3,0,2,1,0,14,3,7,2,42,23,8,29,3,2,0,0,0,0,2,0,4,1,0,5,2,1,5,0,0,4,2,0,4,16,0,12,35,2,2,3
"24_047. Girls Talk Boys (from the Ghostbusters Original Motion Picture Soundtrack)_noise_-5dB_sample2.wav",128,0,2,4,1,0,0,6,0,3,0,0,2,5,33,0,4,44,4,0,0,130,0,0,2,1,0,2,4,3,0,1,1,3,154,6,1,0,1,1,1,11,0,2,0,0,0,0,0,7,1,0,0,0,2,0,0,10,0,0,0,0,0,0,0,0,4,11,1,49,11,0,2,3,0,3,0,0,1,0,0,0,0,1,0,0,0,4,0,0,0,137,4,0,0,0,11,34,2,1,0
"3_100. Owl City & Carly Rae Jepsen - Good Time (Official Video)_noise_-5dB_sample2.wav",130,3,1,22,1,3,5,0,2,0,3,0,0,0,33,2,4,49,0,3,0,114,0,0,2,4,0,2,0,1,0,4,1,3,135,1,1,0,0,2,2,12,19,0,2,2,1,11,1,10,0,5,0,0,1,0,2,4,0,3,8,0,0,1,0,2,8,10,5,44,4,5,0,3,0,2,0,0,0,1,0,0,0,0,4,0,0,3,0,4,2,4,0,1,4,1,13,38,1,4,0
"94_Banana Man_noise_-5dB_sample1.wav",129,0,0,5,0,0,0,11,0,1,0,0,0,0,33,2,3,48,6,2,0,132,0,1,0,31,0,1,1,1,0,2,1,2,131,2,0,1,0,1,1,11,2,0,0,0,0,1,0,3,1,0,0,2,1,0,0,1,0,0,0,0,0,0,0,0,2,10,2,44,1,0,0,0,0,0,0,0,0,0,2,0,1,0,0,0,0,0,0,0,2,5,0,0,2,0,12,52,4,2,0
"71_083. My Singing Monsters - Plant Island Theme_noise_-5dB_sample1.wav",129,0,0,269,8,0,0,1,1,0,0,0,0,0,33,1,1,46,3,1,0,120,4591,1,2,4,0,0,1,3,8,2,0,3,149,0,2,0,0,1,0,11,0,0,0,0,0,0,0,1,0,0,0,1,4,0,0,0,0,1,0,0,0,0,0,21,2,10,0,50,1,0,1,0,0,6,0,0,0,0,8,0,3,2,0,178,0,1,0,0,0,0,0,0,1,0,11,32,1,2,0
"29_010. Katy Perry - Part Of Me (Official)_noise_-5dB_sample1.wav",129,56,0,6,3,24,9,3,2,0,5,0,0,2,33,4,4,48,6,2,0,128,0,0,9,3,0,0,1,2,1,0,0,3,126,2,0,0,0,1,1,11,64,0,0,1,1,41,0,4,1,3,0,1,21,2,0,30,0,3,0,1,1,0,0,86,4,9,5,46,2,0,0,3,0,0,0,40,0,1,0,3,1,0,16,0,0,0,0,7,4,3,0,0,88,0,12,38,1,36,0
"63_087. Anaconda - Nicki Minaj  The Fitness Marshall  Dance Workout_noise_-5dB_sample1.wav",126,0,0,13,0,0,0,0,0,0,0,0,0,0,33,0,0,58,2,2,0,106,0,0,0,4,0,0,0,2,0,0,2,5,139,0,0,0,0,1,0,13,0,0,0,0,1,0,1,1,3,0,0,1,0,0,0,0,0,0,0,0,0,0,0,0,3,10,0,44,1,0,0,0,2,0,0,0,45,0,0,0,0,2,0,0,0,0,0,0,2,0,0,0,4,0,11,21,1,2,2
"74_029. David Guetta - Hey Mama (Official Video) ft Nicki Minaj, Bebe Rexha & Afrojack_noise_-5dB_sample2.wav",142,1,0,147,0,0,0,29,0,0,0,0,0,2,33,19,4,48,10,10,2,132,3,0,0,4,9,1,0,1,84,3,36,0,154,69,12,0,2,2,1,15,0,0,25,0,0,0,0,5,3,0,0,8,1,0,0,0,0,0,0,0,0,0,0,41,5,13,2,44,2,69,2,3,1,55,0,4,3,0,0,0,0,5,0,1,1,2,2,0,2,4,305,0,0,0,11,47,1,2,12
"18_044. tony igy-stop in my mind_noise_-5dB_sample1.wav",123,0,10,24,5,1,0,6,2,3,0,0,3,28,33,4,4,48,8,5,0,104,7,2,4,23,5,6,0,2,0,217,2,30,70,2,3,0,0,16,1,11,0,1,21,0,2,0,6,31,0,1,0,0,2,0,0,12,0,0,0,0,0,1,0,22,12,9,6,44,5,56,0,0,0,8,0,0,8,0,0,2,0,1,2,0,19,41,0,0,3,6,0,3,4,0,11,17,2,2,4
"36_072. Jessie J - Price Tag ft. B.o.B_noise_-5dB_sample1.wav",122,0,0,4,0,0,0,1,1,0,0,0,0,0,33,1,3,48,4,5,0,126,0,0,3,4,0,1,1,1,0,0,0,2,139,0,2,0,1,0,2,11,0,0,0,0,1,2,0,2,1,2,0,0,2,0,0,1,0,0,0,1,0,0,0,0,3,9,4,44,0,0,0,0,0,0,0,1,0,0,0,0,5,0,0,0,0,1,0,1,1,2,0,0,37,0,12,37,4,4,0
"100_059. Nilla Wafer Top Hat Time  Song - Rhett & Link_noise_-5dB_sample2.wav",122,0,2,3,0,1,0,4,0,0,4,0,1,0,33,1,3,51,2,3,4,120,0,0,0,2,1,0,1,5,1,1,0,1,110,2,0,0,0,1,2,10,1,1,0,0,0,0,0,2,1,1,0,2,1,1,0,0,0,0,0,0,0,0,1,0,3,9,1,42,2,0,0,0,0,0,0,0,0,0,0,0,0,0,0,0,0,0,25,0,0,3,0,0,1,0,12,22,1,1,0
"58_039. OMFG - Hello_noise_-5dB_sample2.wav",122,0,0,2,0,0,0,0,2,0,0,0,0,2,33,1,3,46,10,6,4,126,0,0,2,2,3,0,0,2,1,1,0,2,139,2,1,0,0,0,0,15,0,0,0,2,10,0,0,0,0,3,0,1,0,0,0,0,0,0,2,0,0,0,0,0,2,11,8,44,1,0,0,3,0,0,0,0,0,0,0,0,0,0,0,1,0,0,0,0,1,2,0,147,0,0,12,36,2,3,0
"57_Numb_noise_-5dB_sample2.wav",124,5,51,667,122,689,1,4,1,1,0,0,2,180,33,13,0,52,8,2,0,128,77,18,0,93,0,130,1,45,12,24,118,737,102,46,27,0,53,0,34,13,0,5,72,0,4,0,3,11,24,147,0,167,460,0,0,3,0,17,0,0,10,102,0,274,2,10,29,44,57,125,0,32,80,11,0,0,0,0,0,37,0,36,32,1,586,87,0,0,1,13,1,1,0,0,11,35,2,2,2
"7_092. Harry Potter Medley on Marimba_noise_-5dB_sample2.wav",122,19,0,1243,0,0,3,9,0,1,0,1,0,0,32,1,6,47,10,2,0,98,0,4,3,8,0,2,11,2,12,1,10,3,101,9,2,0,8,2,1,9,0,1,5,0,29,11,3,1,1,12,0,1,1,0,0,4,5,12,6,47,0,0,24,21,4,7,2,42,5,31,0,5,0,1,3,0,0,1,0,2,2,3,2,0,1,0,0,1,4,5,0,0,1,0,12,23,1,3,1
"67_090. Josh Groban - You Raise Me Up (Official Music Video) [HD Remaster]_noise_-5dB_sample2.wav",123,44,0,108,1,0,0,0,1,0,0,0,0,3,33,2,1,48,0,6,0,134,0,0,1,2,0,1,0,2,0,0,0,1,154,0,0,0,0,2,6,15,1,0,0,0,0,3,0,7,0,2,0,2,2,0,2,1,0,0,0,0,0,0,0,2,1,12,4,49,0,2,0,3,0,0,0,0,0,0,0,1,0,0,0,1,0,0,0,1,1,0,2,0,0,6,11,44,4,4,1
"93_015. Lukas Graham - 7 Years [Official Music Video]_noise_-5dB_sample1.wav",123,20,0,60,3,0,0,0,2,6,0,1,0,0,33,1,0,50,8,3,0,132,0,0,4,2,0,0,1,3,0,0,0,2,154,0,0,0,1,0,2,15,17,8,0,29,7,75,0,2,755,22,0,26,55,1,5,0,27,0,8,0,0,1,0,0,3,11,6,44,1,0,0,1,1,0,0,0,0,0,0,0,4,17,9,0,0,0,0,0,1,2,0,0,2,0,12,46,2,4,0
"10_012. Calvin Harris - I Need Your Love (Official Video) ft. Ellie Goulding_noise_-5dB_sample2.wav",122,0,0,4,0,0,0,4,0,1,2,0,0,4,33,1,4,50,2,5,0,130,0,0,1,6,6,0,6,3,0,1,0,3,136,0,0,0,0,0,2,13,13,0,0,120,2,0,2,2,1,0,0,0,1,0,0,0,0,6,0,0,0,0,0,0,5,11,0,44,3,3,0,0,0,0,0,0,0,0,0,1,0,0,0,0,0,1,0,0,1,1,0,0,0,0,11,41,6,2,0
"5_002. Avicii - Wake Me Up (Official Video)_noise_-5dB_sample1.wav",123,0,0,9,0,0,0,7,1,0,0,0,0,2,31,1,0,44,3,2,0,120,0,0,2,2,0,0,0,1,1,1,0,3,81,1,1,0,0,1,0,8,1,0,0,0,0,0,0,3,1,1,0,1,2,1,0,1,0,0,0,0,0,0,0,0,4,8,1,40,0,0,0,1,0,0,0,0,0,0,0,0,0,0,0,0,0,0,0,0,0,3,0,0,2,0,11,31,1,2,2
"79_095. Alan Walker - Alone_noise_-5dB_sample1.wav",124,0,3,29,1,1,1,0,1,0,0,0,0,1,53,2,8,48,4,11,0,132,0,0,1,2,1,0,2,1,0,1,0,1,154,0,0,0,6,6,0,13,0,0,0,1,1,1,0,8,0,0,0,2,2,0,0,1,64,3,0,0,1,0,1,5,4,11,0,44,2,7,5,6,1,7,0,0,0,0,0,0,1,0,3,4,0,11,0,0,4,2,0,0,0,0,11,42,3,2,0
"0_096. Nightcore - Mad World_noise_-5dB_sample2.wav",123,9,0,10,0,0,0,0,1,0,0,1,0,0,33,1,0,52,8,3,1079,126,0,0,0,2,0,0,1,1,0,2,1,2,116,2,0,0,0,0,6,11,2,1,0,0,0,1,0,3,1,0,0,0,1,0,0,0,0,1,0,0,0,0,1,0,6,10,2,44,1,2,1,1,0,0,0,0,0,3,0,2,0,0,0,1,0,1,0,0,1,1,0,0,0,0,11,34,2,2,7
"82_A Lady_noise_-5dB_sample1.wav",122,2,0,215,0,0,0,3,1,0,0,0,0,13,33,2,6,48,5,0,0,92,5,2,1,3,1,0,1,36,1,2,0,8,93,0,5,0,488,0,7,13,0,2,30,0,13,2,0,4,3,5,0,1,2,0,8,0,0,0,1,0,0,1,3,0,6,8,1,43,3,5,0,0,0,1,2,1,13,0,0,8,0,0,2,1,0,2,0,0,0,0,1,0,2,4,11,23,4,6,22
"62_061. LEFT SCREEN ONLY Spot the Differences_noise_-5dB_sample2.wav",122,11,1,16,0,0,0,0,2,0,0,0,0,3,33,1,3,46,0,8,0,128,9,0,0,1,0,1,0,1,1,2,0,2,140,2,1,0,0,1,5,11,0,1,3,0,0,1,1,2,0,3,0,3,0,0,2,0,0,0,0,0,1,0,11,0,4,10,4,44,2,3,0,2,0,0,0,0,0,0,112,0,0,3,0,6,2,1,0,0,0,1,4,0,1,0,11,40,1,2,2
"78_026. Katy Perry - Firework (Official Music Video)_noise_-5dB_sample1.wav",122,0,0,2,0,0,3,8,1,0,0,0,2,0,33,2,0,51,4,0,0,130,0,0,3,5,0,3,1,1,0,0,0,1,140,0,0,1,1,1,1,12,0,0,0,0,0,162,0,2,1,2,0,0,0,0,0,2,0,0,0,1,0,0,0,0,6,11,4,44,3,0,0,3,0,0,1,0,0,0,0,0,0,1,0,0,0,0,0,0,0,6,0,1,2,0,14,39,1,2,0
"22_094. Harry Potter Puppet Pals - The Mysterious Ticking Noise (Video With Lyrics)_noise_-5dB_sample2.wav",124,1,0,2,0,0,0,0,1,0,0,0,0,0,33,1,4,50,0,6,0,132,0,0,0,6,0,1,0,6,0,0,15,1,154,0,9,0,0,1,3,16,0,1,0,0,0,0,0,4,1,2,0,22,0,0,0,0,0,1,0,5,0,0,0,0,0,11,4,44,0,5,0,3,0,0,0,0,0,0,0,28,0,0,0,0,0,1,0,1,1,2,0,0,2,0,13,46,2,2,2
"102_018. Shawn Mendes - Stitches (Official Music Video)_noise_-5dB_sample1.wav",122,0,2,3,0,0,0,0,1,0,0,18,0,0,31,1,0,48,3,1,0,106,0,0,1,4,1,1,1,2,0,0,0,1,65,0,0,0,0,1,2,7,0,2,0,0,0,0,0,2,1,2,0,2,1,0,0,1,0,0,1,0,0,0,0,0,4,6,4,39,4,0,0,1,2,0,0,1,0,0,0,0,0,0,0,0,0,1,0,0,2,3,0,0,0,0,11,22,2,2,0
"24_047. Girls Talk Boys (from the Ghostbusters Original Motion Picture Soundtrack)_noise_-5dB_sample1.wav",122,0,2,6,1,0,0,2,1,1,2,0,1,3,33,0,1,48,6,0,0,104,0,0,6,4,1,0,2,2,0,2,0,2,154,1,0,0,0,0,2,14,0,0,0,0,0,0,0,3,0,2,0,0,1,0,0,2,0,0,0,0,0,0,0,0,4,13,2,44,5,9,0,3,0,0,0,0,0,0,0,0,0,0,0,0,0,1,0,0,0,98,0,0,2,0,11,25,1,2,0
"61_045. The Black Eyed Peas - I Gotta Feeling (Official Music Video)_noise_-5dB_sample2.wav",123,0,2,5,0,0,0,7,1,0,0,0,4,4,33,0,4,47,2,0,0,109,0,11,3,4,0,1,1,6,0,6,0,2,154,0,5,0,0,2,0,11,0,1,0,0,0,3,0,0,1,2,0,0,0,0,0,1,0,0,0,0,0,0,99,0,10,11,0,44,5,0,5,0,3,1,0,3,0,0,0,0,0,2,0,72,0,1,1,0,0,2,2,0,3,0,11,39,1,2,0
"76_073. Lindsey Stirling - Crystallize (Dubstep Violin Original Song)_noise_-5dB_sample2.wav",121,3,8,77,13,77,2,59,2,0,0,0,8,21,88,5,4,49,6,23,3,84,53,12,5,33,5,38,1,2,0,10,58,77,133,2,4,0,25,23,6,13,1,1,15,1,13,7,1,13,10,1,0,33,49,0,2,6,0,21,1,0,0,5,11,367,6,22,7,44,10,13,5,19,40,8,0,3,0,0,0,10,0,10,19,17,35,34,2,1,2,8,2,6,4,0,13,25,1,2,6
"7_092. Harry Potter Medley on Marimba_noise_-5dB_sample1.wav",124,40,0,4746,0,0,0,192,1,0,0,0,3,39,50,266,2,166,8,83,0,132,0,2,0,31,318,1,2,23,585,15,273,2,154,212,72,0,50,11,6,17,0,2,182,0,3,2,1,213,0,2,4,33,1,0,0,0,0,0,7,0,93,0,810,187,117,11,85,74,1,691,6,88,23,218,0,95,7,2,162,1,0,366,0,0,0,1,62,0,0,73,71,0,4,0,13,60,22,2,6442
"77_065. Nightcore - Ghostbusters_noise_-5dB_sample1.wav",121,0,0,3,2,0,0,1,0,0,0,1,0,0,40,0,2,48,7,3,0,132,0,5,6,4,0,0,2,1,0,1,6,0,124,2,1,0,3,0,2,11,0,0,1,0,0,0,2,0,1,0,0,2,1,0,0,0,0,0,0,0,0,0,0,2,6,11,1,44,0,0,0,0,0,0,0,0,0,1,0,0,0,0,1,1,4,2,1,0,0,2,0,0,0,0,11,38,1,2,0
"40_052. Lindsey Stirling - Moon Trance (Official Music Video)_noise_-5dB_sample2.wav",122,2,0,11,0,0,0,4,0,3,1,1,2,0,219,1,4,51,8,523,0,110,0,0,3,8,1,0,0,3,0,0,0,4,144,2,0,0,22,19,5,16,1,1,0,7,2,1,0,3,2,0,0,0,2,0,1,0,1,15,4,0,1,0,0,0,3,9,1,44,6,1,0,3,1,0,0,3,0,0,0,0,0,1,0,5,11,1,0,0,2,4,4,3,2,0,13,23,2,2,14
"55_009. Taylor Swift - Shake It Off_noise_-5dB_sample2.wav",121,0,0,4,0,0,0,6,1,0,0,0,1,1,33,2,3,46,3,0,1,132,0,0,0,2,3,0,2,1,0,0,1,1,149,3,0,0,1,221,3,18,2,0,0,0,1,0,0,6,1,2,0,0,1,0,0,0,0,0,0,0,6,1,0,4,3,9,3,44,2,25,2,0,0,9,0,4,0,0,0,0,0,5,0,0,0,1,2,0,2,4,1,0,3,0,11,44,3,2,2
"90_064. Eurythmics, Annie Lennox, Dave Stewart - Sweet Dreams (Are Made Of This) (Official Video)_noise_-5dB_sample2.wav",122,0,1,7,0,0,0,4,2,0,0,0,0,1,33,0,0,52,3,1,0,132,0,0,0,8,0,0,0,2,1,0,0,3,154,0,0,0,0,0,0,19,0,0,0,0,0,0,0,0,0,4,0,2,0,0,0,0,0,0,0,0,0,0,0,0,4,11,8,44,2,0,0,0,0,0,1,0,0,0,0,0,0,0,0,0,0,0,0,0,0,2,0,0,0,1,11,45,0,4,0
"105_101. Yann Tiersen - Comptine d`un autre ete - l`apres-midi_noise_-5dB_sample2.wav",124,8,51,223,4,33,0,0,2,0,0,0,0,12,39,78,8,51,6,11,0,132,5,6,0,63,0,13,18,57,15,3,35,124,154,42,10,0,2,2,107,19,3,1,18,0,2,6,1,5,6,58,0,17,24,0,0,0,0,6,0,18,35,10,0,17,1,11,5,44,81,1604,0,11,20,17,0,0,0,0,0,4,0,7,11,4,63,18,0,3,0,8,9,0,2,0,11,44,2,4,4
"86_019. Naughty Boy - La la la ft. Sam Smith (Official Video)_noise_-5dB_sample1.wav",123,0,1,10,0,0,0,0,0,0,0,0,0,2,33,0,8,44,0,3,0,119,0,0,1,2,5,0,0,2,1,2,45,4,154,3,0,0,0,0,4,15,0,0,0,0,0,0,0,4,0,10,2,0,0,0,0,0,0,0,0,0,0,0,0,0,3,11,0,44,2,6,0,0,0,0,0,0,0,0,0,0,0,0,0,0,1,48,0,0,0,1,1,0,0,0,11,28,0,8,1
"19_054. Owl City - When Can I See You Again (From Wreck it Ralph)_noise_-5dB_sample2.wav",123,8,3,5,10,0,0,5,2,0,0,0,4,0,104,0,4,52,6,6,1,100,0,0,5,3,0,0,1,1,0,0,0,3,154,2,0,0,12,12,0,15,7,1,0,18,5,0,0,3,9,4,1,1,3,0,1,0,6,28,1,0,1,0,0,1,2,11,4,44,78,0,0,1,1,0,0,0,0,0,0,0,0,0,0,0,0,2,0,0,2,4,0,0,3,0,11,28,4,4,10
"41_The Bidding_noise_-5dB_sample2.wav",122,3,0,4,0,0,0,0,0,0,0,0,0,0,33,0,6,48,2,3,0,116,0,0,0,4,0,0,1,2,0,0,0,2,144,4,0,0,0,1,2,11,0,0,0,0,0,0,0,3,1,0,0,0,0,0,0,0,0,0,0,0,0,1,0,0,5,11,0,47,3,0,1,1,0,0,0,0,0,0,3,0,0,0,0,0,8,0,0,0,0,0,0,0,0,0,22,27,1,2,2
"84_001. Anna Kendrick - Cups_noise_-5dB_sample1.wav",121,0,0,9,0,0,0,2,2,0,0,0,2,0,33,1,4,50,0,3,0,94,0,0,3,6,0,1,1,4,0,0,0,4,126,2,0,0,0,1,0,11,1,1,0,0,0,1,0,0,0,4,0,2,1,0,0,0,0,0,1,0,0,0,0,0,4,8,4,44,3,0,0,2,1,0,0,0,0,0,0,0,0,0,0,0,0,3,1,0,0,0,0,0,1,0,11,22,2,2,0
"74_029. David Guetta - Hey Mama (Official Video) ft Nicki Minaj, Bebe Rexha & Afrojack_noise_-5dB_sample1.wav",121,1,0,33,0,0,0,12,1,0,1,1,0,0,33,7,2,48,8,2,0,90,0,0,3,4,8,0,1,8,17,1,24,3,97,26,3,2,2,9,1,10,0,1,9,0,0,1,0,5,0,0,0,2,7,0,5,0,0,0,0,0,0,1,0,4,6,8,4,44,3,44,0,2,9,21,0,4,1,0,2,0,0,4,0,0,0,0,0,0,1,5,140,2,2,0,11,20,1,2,5
"94_Banana Man_noise_-5dB_sample2.wav",120,0,0,5,0,0,0,3,1,0,0,0,0,0,33,0,0,54,1,1,0,126,0,0,2,17,0,0,1,1,1,0,0,2,100,0,1,0,0,1,0,11,0,0,0,0,0,0,0,2,3,2,0,0,0,0,1,0,0,0,1,0,0,0,0,0,7,6,1,44,5,2,0,0,0,0,0,0,0,0,0,0,0,0,0,0,0,1,0,0,0,1,0,0,0,0,11,32,1,1,0
"21_085. Janji ft. Johnning - Heroes Tonight 1 HOUR_noise_-5dB_sample1.wav",121,1,0,29,0,0,4,0,2,1,1,10,11,2,33,0,4,52,3,3,0,132,0,6,33,2,0,72,5,21,7,17,46,1,154,4,0,0,0,1,1,11,1,0,570,0,1,170,0,16,2,66,83,155,41,0,0,0,0,0,5,0,0,1,8,9,4,11,24,44,2,4,0,0,1,0,0,88,1,9,0,2,0,30,0,0,5,60,0,28,8,4,0,3,2,2,12,44,12,3,0
"17_084. Thomas Rhett - Crash and Burn_noise_-5dB_sample1.wav",121,2,0,10,1,0,0,6,3,0,1,0,0,0,33,7,128,44,3,1,0,116,0,0,4,4,3,1,1,2,2,0,0,2,132,1,0,0,2,1,0,17,1,0,4,2,5,3,0,0,1,6,0,0,0,0,2,0,0,8,5,0,0,0,0,0,6,9,12,44,3,3,0,2,0,0,0,34,0,0,0,0,0,0,2,2,0,1,0,1,2,4,0,0,0,0,11,28,21,4,4
"27_022. Major Lazer & DJ Snake - Lean On (feat. MØ) [Official Music Video]_noise_-5dB_sample1.wav",122,7,0,4,1,0,0,4,1,333,0,11,1,2,33,1,1,44,1,0,0,126,0,0,10,2,3,0,0,1,0,0,1,2,144,0,0,0,6,0,1,12,4,0,0,12,2,78,0,1,1,2,2,12,0,0,3,0,0,0,7,0,0,0,1,0,4,11,4,44,2,0,0,0,0,0,1,0,0,1,0,1,1,0,6,0,0,3,0,0,1,1,0,0,0,0,11,32,3,2,1
"47_020. Warriors (ft. Imagine Dragons)  Worlds 2014 - League of Legends_noise_-5dB_sample2.wav",132,0,1,11,5,1,0,1,2,0,4,0,1,1,33,2,2,48,6,2,7,112,2,0,0,2,0,2,1,3,0,3,0,2,154,1,0,0,0,1,1,17,0,0,1,0,9,1,1,2,0,0,0,0,2,0,0,3,0,0,1,0,0,0,1,4,3,11,4,176,1,0,0,1,0,2,0,1,0,1,0,0,0,1,4,0,15,0,0,1,2,1,0,0,4,0,11,45,3,3,1
"79_095. Alan Walker - Alone_noise_-5dB_sample2.wav",126,9,0,36,1,5,0,5,2,4,1,1,0,1,33,1,0,46,5,22,0,104,0,0,2,2,0,1,1,1,2,0,3,4,150,2,0,0,1,8,0,13,26,0,1,8,2,28,1,2,4,5,0,4,14,3,3,0,264,9,7,0,0,0,0,106,4,11,1,44,4,4,1,0,2,0,0,0,0,0,0,3,0,1,2,1,1,0,0,0,1,2,1,0,56,19,12,25,2,2,0
"86_019. Naughty Boy - La la la ft. Sam Smith (Official Video)_noise_-5dB_sample2.wav",122,0,1,2,2,0,0,7,1,0,0,0,0,0,34,1,4,48,2,1,0,90,0,0,1,4,0,3,1,2,1,0,2,1,154,0,2,1,0,1,1,15,0,2,2,2,2,0,1,1,1,2,1,2,2,0,0,0,0,0,0,0,0,5,0,1,2,11,4,44,2,0,0,6,0,1,0,5,0,0,0,0,0,0,0,0,4,9,0,0,1,2,0,0,0,0,11,24,1,2,0
"85_011. Martin Garrix - Animals (Official Video)_noise_-5dB_sample1.wav",122,9,0,8,0,0,2,0,2,0,3,2,2,57,33,1,4,53,2,3,0,132,0,0,0,2,0,0,1,0,1,1,0,1,154,2,0,0,2,1,1,16,1,0,0,1,2,1,0,0,2,4,0,3,1,0,0,0,0,0,3,3,1,0,0,0,5,11,4,48,3,4,0,1,0,0,0,0,0,0,0,2,0,1,0,0,0,0,0,3,1,2,0,0,2,1,13,42,2,2,11
"98_021. Alan Walker - Faded_noise_-5dB_sample2.wav",122,155,0,32,0,4,8,0,0,0,0,0,2,68,32,14,17,44,1,0,10,122,0,1,77,4,0,1,1,6,6,0,1,1,90,1,1,1,6,1,1,9,11,4,0,10,49,155,0,59,16,1027,5,257,40,1,7,0,1,7,16,0,1,2,3,7,6,9,4,45,0,0,0,1,5,2,1,59,0,4,0,0,11,21,4,1,0,1,0,1,3,4,0,46,2,14,12,35,1,3,1
"9_034. Pitbull - Timber (Official Video) ft. Ke$ha_noise_-5dB_sample2.wav",120,0,1,10,0,0,0,0,2,0,0,0,0,0,31,4,0,44,4,1,0,102,0,0,2,3,0,0,0,2,63,0,0,4,37,1,0,0,0,0,0,7,0,0,0,0,0,1,0,0,3,0,0,0,0,0,0,0,0,0,0,0,0,0,0,0,3,2,3,40,2,0,0,0,0,0,0,0,0,0,0,0,0,0,0,0,1,1,0,0,0,2,0,8,0,0,11,8,1,1,0
"69_066. Jessie J - Bang Bang ft. Ariana Grande, Nicki Minaj_noise_-5dB_sample2.wav",120,0,0,4,0,0,0,2,0,0,0,0,0,1,28,0,0,44,2,1,3,102,0,0,1,2,0,0,0,2,0,0,0,2,43,1,1,0,0,0,0,7,1,1,0,1,4,21,0,16,5,4,0,0,0,34,3,0,0,0,0,0,0,0,0,0,3,3,3,34,3,0,0,0,0,0,0,0,0,0,0,1,1,0,0,0,0,0,1,0,0,2,0,0,3,0,11,13,2,1,0
"35_036. Fall Out Boy - Centuries (Official Video)_noise_-5dB_sample2.wav",121,0,1,4,0,0,0,0,0,1,0,0,1,7,33,1,2,48,3,0,0,132,0,0,3,4,1,0,0,1,2,9,1,2,139,80,1,0,5,2,1,11,0,0,0,0,0,0,2,12,1,0,0,2,1,0,0,0,0,0,0,0,4,0,0,0,2,11,0,54,2,0,0,1,0,0,0,2,0,0,0,0,1,0,0,1,2,2,0,1,4,1,0,0,1,0,12,42,2,6,0
"96_089. American Boy by Estelle and Kanye West_noise_-5dB_sample1.wav",121,1,1,11,3,0,0,4,3,0,1,0,1,0,35,0,0,44,2,1,0,121,3,1,0,3,0,1,0,3,0,2,3,4,117,0,1,0,0,0,0,11,1,1,1,1,0,0,0,38,0,1,0,0,1,0,0,0,0,5,0,0,0,0,0,1,6,2,0,44,4,0,0,6,0,6,0,0,0,1,0,0,0,0,0,0,2,1,0,0,1,0,4,2,0,0,11,35,74,2,0
"16_038. P!nk - Just Give Me A Reason ft. Nate Ruess_noise_-5dB_sample1.wav",121,1,0,50,0,1,0,6,1,0,0,0,2,1,33,3,0,44,5,0,2,94,0,0,2,2,0,0,1,1,10,0,1,3,149,0,2,0,0,1,2,11,1,0,2,1,0,0,0,5,0,0,0,0,1,0,0,0,0,0,0,0,8,0,42,19,11,11,4,44,5,1,0,90,0,1,0,0,0,2,12,0,0,10,1,0,0,2,1,1,1,1,4,0,0,1,12,38,2,1,44
"34_The Trap_noise_-5dB_sample1.wav",122,0,1,7,0,3,0,3,0,2,0,0,1,20,33,3,8,48,4,6,3,110,2,0,23,4,0,1,0,3,0,7,0,3,149,3,0,0,0,2,0,11,1,0,2,3,377,5,2,25,0,5,0,0,11,0,1,0,0,0,0,0,3,0,0,3,4,10,0,44,1,0,0,0,0,1,0,3,2,0,0,0,0,0,1,0,0,0,0,0,0,1,0,0,0,0,11,22,2,2,0
"28_074. American Authors - Best Day Of My Life_noise_-5dB_sample2.wav",121,0,11,24,5,0,1,15,1,0,0,0,0,0,33,2,0,129,2,3,0,122,24,0,1,4,0,1,0,2,0,1,0,20,130,2,1,0,0,1,0,13,0,0,7,0,0,0,1,1,45,1,0,0,6,0,0,0,0,1,0,0,1,4,0,24,5,11,4,44,4,3,0,2,1,1,0,0,0,0,0,0,0,0,0,0,3,7,0,0,1,0,0,0,3,0,12,26,2,1,2
"31_058. Rub Some Bacon on It_noise_-5dB_sample2.wav",122,0,1,6,0,0,0,0,3,2,2,1,2,2,33,2,0,48,7,2,2,120,0,0,3,2,0,1,0,1,0,0,0,59,118,0,0,0,0,0,4,11,2,0,2,6,0,0,1,2,1,1,1,2,1,0,0,3,0,1,0,1,1,0,0,9,2,10,2,44,2,11,0,2,0,5,0,10,0,1,0,0,0,0,0,0,2,2,1,0,4,8,1,1,1,1,13,38,1,3,3
"22_094. Harry Potter Puppet Pals - The Mysterious Ticking Noise (Video With Lyrics)_noise_-5dB_sample1.wav",121,1,0,4,0,1,0,7,1,0,0,0,0,2,33,1,3,47,1,4,0,114,0,0,1,2,2,0,0,2,0,0,12,2,91,0,1,0,0,0,0,11,0,2,0,1,0,0,0,0,0,0,0,11,0,0,0,0,0,0,0,15,0,0,48,0,5,3,0,44,4,0,0,0,0,0,0,0,0,0,0,17,0,9,0,0,0,2,0,0,0,0,0,0,1,0,11,27,0,3,1
"92_025. Fall Out Boy - Immortals (From Big Hero 6)_noise_-5dB_sample1.wav",122,0,4,33,5,3,0,3,1,1,1,5,1,0,32,1,4,50,3,3,0,110,0,5,0,4,1,140,5,12,2,10,13,4,125,3,2,1,0,3,2,11,0,11,12,0,4,22,0,3,2,1,12,53,1,0,2,3,1,4,0,0,0,6,11,5,4,10,4,44,2,0,0,3,0,3,0,26,0,4,0,1,1,0,2,0,8,6,0,0,6,4,1,0,3,0,11,33,5,3,2
"14_099. Sheppard Geronimo - [International Version] (Official music Video)_noise_-5dB_sample2.wav",122,0,0,8,1,0,0,6,1,2,0,0,4,6,33,0,2,48,6,3,0,90,0,0,1,1,65,4,1,1,1,4,3,3,120,1,0,0,0,2,1,11,1,4,6,0,2,2,1,30,1,0,12,6,1,0,0,1,0,0,0,0,0,1,0,0,2,10,1,51,2,0,0,1,0,1,0,0,1,1,0,0,1,0,0,0,1,1,0,0,4,4,0,0,2,0,13,26,2,14,1
"14_099. Sheppard Geronimo - [International Version] (Official music Video)_noise_-5dB_sample1.wav",122,0,0,9,0,0,0,0,1,0,3,0,1,0,33,0,0,48,2,3,0,90,0,0,1,4,98,1,0,2,1,18,1,2,154,4,0,0,1,1,0,13,2,0,0,0,1,0,1,1,0,0,2,2,10,0,0,0,0,0,0,0,3,1,0,0,2,11,2,44,2,8,0,0,1,0,0,0,0,1,0,0,0,0,0,3,5,1,1,0,2,1,1,0,0,0,12,24,2,19,2
"38_082. Smoke and Mirrors_noise_-5dB_sample1.wav",123,23,8,77,10,66,0,4,2,0,0,1,0,18,33,6,4,51,14,3,0,130,13,11,4,32,39,27,0,1,0,0,56,66,134,0,8,0,4,1,1,19,0,0,13,0,3,1,1,338,10,4,0,32,47,1,2,1,0,11,0,0,0,1,7,31,1,9,17,44,1,100,0,20,38,9,0,0,0,1,0,9,3,10,22,0,32,38,0,1,2,8,0,0,0,0,12,38,3,4,0
"53_102. What_noise_-5dB_sample1.wav",126,0,0,16,0,0,0,1,1,0,0,0,2,0,33,0,0,48,6,2,0,118,0,0,1,4,0,0,0,4,1,0,28,7,98,2,3,0,0,0,0,11,0,0,2,0,1,1,1,0,0,0,0,0,1,0,0,0,0,0,0,10,0,0,25,0,3,4,2,44,5,0,1,1,0,0,0,0,0,0,0,1,0,1,0,0,0,1,0,0,2,1,0,0,0,0,11,27,1,2,2
"104_024. twenty one pilots Stressed Out [OFFICIAL VIDEO]_noise_-5dB_sample2.wav",122,0,0,5,0,0,0,0,0,0,0,0,1,0,30,0,3,48,7,3,0,106,0,0,1,2,0,0,0,1,0,0,0,2,67,1,0,0,0,1,1,7,0,0,0,0,0,0,0,3,1,0,0,2,0,0,0,0,0,0,0,0,0,0,0,0,50,6,1,38,2,3,0,0,0,0,0,0,0,0,0,0,0,0,0,2,0,1,0,0,0,3,0,0,2,0,12,16,2,2,0
"54_016. Taylor Swift - Blank Space_noise_-5dB_sample2.wav",121,0,0,11,0,0,2,3,0,0,3,0,0,2,33,1,0,44,3,5,4,116,0,0,0,2,0,1,0,2,1,2,0,2,135,1,1,0,0,0,1,11,0,0,0,4,4,1,0,0,3,0,2,2,0,0,0,25,0,0,0,0,0,0,0,4,5,11,0,44,3,12,0,1,0,0,0,1,0,0,0,0,0,1,0,0,0,0,0,0,0,0,0,0,0,0,11,22,2,2,0
"66_Cruel_Summer_noise_-5dB_sample1.wav",123,0,0,3,1,0,0,3,1,0,0,0,1,0,32,1,1,50,7,2,0,116,0,0,0,3,0,1,2,1,1,2,3,2,75,0,7,0,0,0,2,11,0,0,0,2,8,0,118,4,0,2,0,2,2,0,0,0,0,1,0,0,0,0,1,0,3,7,2,41,3,0,0,1,0,1,0,0,0,0,0,0,0,0,0,0,0,1,0,1,4,4,0,4,0,0,11,27,1,3,1
"4_003. Lorde - Royals (US Version)_noise_-5dB_sample1.wav",124,0,0,11,0,0,0,0,0,0,0,0,0,0,33,1,0,52,8,1,0,124,0,0,0,8,2,2,2,1,0,7,0,4,122,0,1,0,0,1,5,12,0,1,3,0,0,0,4,7,0,0,0,0,2,0,0,1,0,0,0,0,0,0,0,4,2,11,0,44,4,2,0,3,0,0,0,0,0,0,0,0,0,0,0,0,1,1,0,0,0,1,2,2,0,0,11,37,2,2,1
"35_036. Fall Out Boy - Centuries (Official Video)_noise_-5dB_sample1.wav",123,0,0,2,0,0,0,4,2,0,2,0,2,0,33,3,0,48,0,3,0,130,0,0,0,7,0,1,1,1,0,0,1,1,154,3,0,0,0,0,2,15,0,0,0,0,1,1,1,0,1,0,0,0,1,0,0,0,0,0,0,0,0,0,0,0,2,11,8,44,1,0,0,3,0,0,0,0,0,0,0,0,0,0,0,0,0,0,0,0,2,0,0,0,4,0,11,39,2,4,0
"59_014. Avicii - Hey Brother (Lyric)_noise_-5dB_sample1.wav",123,2,2,9,3,0,1,4,13,1,9,0,1,9,33,4,4,52,6,8,2,132,0,3,83,2,7,0,1,2,1,0,0,1,139,2,0,0,5,5,2,13,1,0,0,0,3,1,0,44,1,0,0,2,3,0,3,3,0,3,1,0,0,0,0,1,2,12,2,44,1,1,2,2,3,0,3,0,0,1,1,4,0,8,1,3,0,1,0,5,4,4,0,0,5,0,12,40,24,4,0
"36_072. Jessie J - Price Tag ft. B.o.B_noise_-5dB_sample2.wav",123,2,1,7,0,0,0,0,1,0,0,0,2,0,33,2,0,48,12,0,0,132,0,1,1,2,0,0,0,0,1,1,0,1,154,2,0,0,0,0,0,17,0,0,0,0,0,1,0,22,1,1,0,4,1,0,0,2,0,0,0,0,0,0,0,3,2,11,0,44,2,1,0,3,4,0,0,5,0,0,0,0,0,7,0,5,0,0,0,0,4,4,0,0,39,0,12,36,3,3,0
"42_046. Meghan Trainor - NO_noise_-5dB_sample2.wav",124,2,1,11,1,0,0,4,1,0,0,0,4,0,33,0,0,48,0,3,0,132,0,2,2,2,0,11,160,6,16,3,4,3,154,0,0,5,0,0,0,15,0,1,19,0,4,2,4,2,1,5,5,49,4,0,0,0,1,0,0,2,1,3,0,4,1,11,4,49,1,5,0,2,1,1,0,4,0,4,0,4,1,4,1,0,3,7,0,1,1,1,0,0,4,2,11,44,3,6,2
"52_007. Katy Perry - Dark Horse ft. Juicy J_noise_-5dB_sample2.wav",124,0,0,10,1,0,0,6,2,3,1,0,0,0,33,2,3,50,4,0,0,88,0,0,4,3,0,0,0,3,1,0,1,2,120,0,0,0,0,0,0,19,0,0,0,0,0,1,0,0,0,2,0,2,2,0,0,0,0,0,0,0,0,2,0,0,9,7,8,44,5,3,0,3,0,0,0,0,0,0,0,0,0,0,0,0,0,0,0,0,4,2,0,0,2,0,11,22,1,108,0
"16_038. P!nk - Just Give Me A Reason ft. Nate Ruess_noise_-5dB_sample2.wav",122,1,0,61,1,0,6,8,2,0,0,0,0,0,32,8,1,48,1,1,0,93,0,0,2,3,0,0,1,2,12,0,0,4,62,0,3,0,0,1,2,9,0,0,2,0,0,0,0,5,5,0,0,0,0,1,0,0,0,1,0,1,11,0,61,22,5,7,6,39,2,1,0,138,0,1,0,0,0,0,15,0,0,14,1,0,0,1,1,0,0,1,2,0,0,0,11,18,2,2,66
"26_017. David Guetta - Titanium ft. Sia (Official Video)_noise_-5dB_sample1.wav",127,1,1,8,0,0,9,8,0,0,0,0,0,2,33,0,4,48,2,2,0,88,1,0,0,3,0,0,0,1,0,0,0,2,154,0,1,0,3,1,0,11,0,0,0,4,0,2,0,0,8,0,1,2,1,0,0,0,0,108,6,0,0,0,1,0,2,11,0,44,2,0,0,1,0,2,5,0,0,0,0,2,0,1,0,0,10,0,0,3,2,2,0,2,3,0,11,22,2,1,0
"63_087. Anaconda - Nicki Minaj  The Fitness Marshall  Dance Workout_noise_-5dB_sample2.wav",127,2,0,8,0,0,0,0,1,0,0,0,0,0,33,1,0,50,0,1,0,100,0,0,1,8,1,1,2,2,3,1,1,3,144,0,1,0,0,2,1,12,0,0,0,0,0,1,0,1,0,2,0,1,1,0,0,0,0,0,0,0,0,1,0,0,5,10,4,44,4,0,0,3,0,2,0,0,32,0,0,0,0,0,0,0,1,1,0,0,1,2,0,0,4,0,12,21,2,2,0
"88_033. Fifth Harmony - Worth It (Official Video) ft. Kid Ink_noise_-5dB_sample1.wav",126,0,0,4,0,0,3,2,1,2,70,0,0,0,31,3,3,45,6,3,0,81,0,0,2,4,0,1,2,2,0,0,1,3,58,0,1,0,6,1,4,7,2,0,0,5,1,1,0,5,1,1,1,1,0,0,1,0,0,0,0,10,0,0,0,0,3,6,3,39,2,20,0,9,0,1,11,1,0,0,0,1,0,0,0,0,0,2,0,0,1,4,1,1,1,0,11,38,1,2,0
"2_023. Rachel Platten - Fight Song (Official Video)_noise_-5dB_sample2.wav",127,3,5,188,4,0,0,0,0,0,6,0,0,0,33,188,0,48,6,3,0,100,3,34,0,3,8,25,1,2,9,1,2,155,154,22,1,1,2,2,1,13,0,0,9,1,0,0,1,5,3,0,0,1,2,0,0,0,1,0,2,0,0,1,1,67,2,11,2,44,15,45,0,2,1,5,0,4,0,0,0,0,0,4,0,4,71,1,0,0,0,3,1,0,7,0,12,25,3,1,1
"100_059. Nilla Wafer Top Hat Time  Song - Rhett & Link_noise_-5dB_sample1.wav",127,0,8,4,0,0,0,10,0,0,0,0,2,2,31,0,5,49,6,2,0,120,0,0,3,2,0,1,1,3,0,2,4,2,75,1,2,0,0,2,6,8,0,1,0,0,0,0,0,14,1,0,0,0,0,1,0,0,0,0,0,3,1,0,23,0,1,6,0,40,0,3,68,20,52,2,0,2,0,0,2,2,0,16,0,25,0,0,367,0,2,8,0,0,3,1,13,24,2,4,5
"1_028. Capital Cities - Safe And Sound_noise_-5dB_sample1.wav",127,0,0,8,0,0,0,4,3,1,2,0,5,6,33,1,4,48,3,4,0,100,0,1,6,3,1,0,1,11,1,6,47,4,149,27,71,0,0,3,6,14,0,2,2,0,1,2,1,6,0,0,4,3,3,0,0,2,0,0,0,6,0,1,116,1,3,11,0,44,4,34,9,3,0,2,0,2,8,1,0,2,0,0,0,0,1,0,0,1,1,2,0,0,0,0,12,24,1,2,0
"38_082. Smoke and Mirrors_noise_-5dB_sample2.wav",132,0,0,24,0,0,0,4,0,0,0,0,0,4,33,3,1,56,2,0,0,132,0,0,3,4,0,0,0,1,0,0,0,2,146,1,0,1,5,2,3,11,1,0,0,0,1,0,0,68,4,0,0,0,10,0,0,0,1,0,0,0,0,0,1,0,5,11,1,44,3,3,0,1,0,0,0,0,0,0,1,0,0,0,0,0,0,0,0,1,4,6,0,0,0,0,14,46,0,2,5
"39_051. Galantis - No Money (Official Video)_noise_-5dB_sample2.wav",132,1,3,5,1,0,0,0,0,0,0,0,0,0,33,2,0,47,2,6,0,90,1,0,0,4,2,0,1,4,5,7,121,2,154,20,6,0,0,0,2,11,0,0,1,0,0,0,1,2,1,9,0,1,1,0,0,0,0,0,0,4,0,69,64,0,4,11,2,44,4,8,2,4,0,0,0,0,0,1,0,4,0,7,0,0,4,3,1,1,1,7,0,0,0,0,12,28,1,2,8
"87_079. twenty one pilots Heathens (from Suicide Squad The Album) [OFFICIAL VIDEO]_noise_-5dB_sample2.wav",122,9,0,45,0,3,0,18,0,1,3,0,0,0,32,15,3,48,9,10,0,116,0,0,4,3,12,0,0,2,28,3,21,8,63,16,7,0,0,1,2,8,12,0,4,0,0,6,0,37,3,1,0,1,3,0,1,17,0,2,0,1,0,1,21,24,4,5,0,42,2,19,2,0,0,220,0,5,0,1,0,4,6,4,16,0,0,0,1,0,1,3,5,0,30,0,12,25,2,2,3
"32_086. Olly Murs - Grow Up (Official Video)_noise_-5dB_sample1.wav",121,22,0,11,0,3,1,5,1,3,0,16,4,0,31,1,3,44,4,0,0,90,1,1,4,1,0,4,1,6,3,6,0,3,23,0,0,7,0,0,0,8,2,5,2,7,14,37,0,1,0,8,14,33,5,1,3,0,1,0,10,0,0,3,10,0,3,4,3,41,3,0,0,0,0,0,0,17,1,376,0,1,7,11,0,0,0,0,0,2,5,2,0,11,1,1,11,11,2,3,0
"80_077. Emeli Sandé - Hurts_noise_-5dB_sample2.wav",122,13,6,256,19,83,3,8,2,10,2,2,0,21,34,11,1,44,9,8,0,112,19,10,0,40,18,33,11,19,16,29,61,173,82,14,7,0,32,20,0,11,1,1,679,5,15,11,6,34,16,14,1,33,56,3,47,10,0,10,2,1,1,4,0,56,3,22,9,43,15,17,0,19,40,28,3,0,3,2,0,12,1,8,19,0,79,71,0,0,2,8,9,8,11,0,12,28,1,4,10
"90_064. Eurythmics, Annie Lennox, Dave Stewart - Sweet Dreams (Are Made Of This) (Official Video)_noise_-5dB_sample1.wav",121,0,0,5,0,0,0,0,1,0,0,0,2,0,33,0,0,48,3,0,0,94,2,0,1,4,0,0,0,3,3,2,0,4,91,0,0,0,0,1,0,11,0,1,0,3,0,1,0,0,5,1,0,0,1,0,0,0,0,0,0,1,0,0,0,1,5,8,0,44,2,0,0,0,0,0,0,0,0,0,0,0,0,0,0,0,0,1,0,29,2,0,0,1,3,0,11,24,1,2,0
"99_080. Melanie Martinez - Carousel (Official Music Video)_noise_-5dB_sample1.wav",122,0,2,80,3,17,0,3,1,0,0,0,4,1,33,6,0,48,5,2,0,100,1,2,2,24,5,3,0,2,1,17,6,57,154,2,3,0,2,4,0,15,0,0,19,0,1,0,3,15,1,1,0,0,63,1,3,4,0,0,0,3,1,0,0,13,2,372,3,44,8,1,0,3,0,6,0,5,1,0,0,1,0,4,3,0,15,3,1,0,1,3,0,5,6,0,12,29,2,2,3
"30_Cannibal_noise_-5dB_sample2.wav",123,0,0,0,0,0,0,0,1,1,0,0,0,1,33,1,0,50,4,131,0,132,0,0,0,4,0,0,0,5,0,0,33,0,154,17,6,0,0,0,4,15,0,0,0,0,3,1,0,0,0,2,0,2,1,0,0,0,0,0,0,0,0,0,885,0,0,11,4,44,0,0,0,2,0,10,0,0,0,14,5,4,0,494,0,0,4,2,0,0,0,4,2,0,4,0,13,44,2,2,0
"44_Sacred Beast_noise_-5dB_sample1.wav",121,0,0,11,0,0,0,0,1,0,0,0,3,2,31,8,0,48,13,1,0,88,0,0,1,7,0,1,1,6,0,0,1,5,71,0,0,0,1,1,1,7,0,0,0,0,0,0,0,37,1,0,0,1,11,0,0,0,0,0,0,0,0,5,0,3,0,8,0,40,2,0,0,1,0,0,0,230,0,0,0,0,0,0,0,0,1,0,0,0,2,4,0,0,0,0,12,17,9,1,0
"92_025. Fall Out Boy - Immortals (From Big Hero 6)_noise_-5dB_sample2.wav",122,0,1,19,5,3,0,3,1,0,0,0,0,6,34,1,4,56,12,5,0,120,0,7,3,3,0,101,1,4,2,8,10,20,132,1,2,0,0,3,0,15,0,0,7,0,0,0,1,3,2,2,0,1,0,0,0,1,0,4,0,0,0,1,1,5,4,11,3,44,2,0,0,4,0,4,0,0,0,0,0,0,0,11,0,0,2,9,0,0,0,1,0,0,8,0,12,29,3,3,2
"61_045. The Black Eyed Peas - I Gotta Feeling (Official Music Video)_noise_-5dB_sample1.wav",122,2,0,8,0,0,0,0,0,0,0,0,2,1,33,4,0,48,13,0,0,104,0,0,7,1,1,1,1,1,0,0,2,3,109,0,1,0,0,1,0,11,1,1,0,7,1,0,0,2,1,2,0,3,1,0,2,1,0,0,0,1,0,0,0,0,4,4,0,49,3,12,0,3,1,0,0,1,0,0,0,0,0,6,0,62,0,1,0,0,2,2,0,0,2,0,12,22,3,7,0
"23_048. Pharrell Williams - Happy (Official Music Video)_noise_-5dB_sample2.wav",123,2,0,12,0,0,0,0,1,0,0,0,1,0,32,0,4,48,12,4,1,80,0,0,10,4,0,0,2,2,1,0,0,2,93,1,2,0,0,0,2,9,1,0,0,0,1,0,0,3,1,1,0,0,1,0,0,0,0,3,0,0,0,0,3,1,5,7,1,42,4,0,0,1,0,1,0,0,0,0,0,2,0,1,0,0,0,1,0,1,129,3,0,0,2,1,12,16,2,2,4
"21_085. Janji ft. Johnning - Heroes Tonight 1 HOUR_noise_-5dB_sample2.wav",120,1,0,4,0,0,7,0,1,0,0,0,17,10,30,0,3,52,3,0,3,102,0,0,11,4,0,1,0,2,5,8,7,2,40,1,0,0,0,1,0,9,1,0,0,3,1,4,0,7,0,4,10,1,7,0,0,0,0,0,3,0,1,0,0,2,7,5,1,38,4,0,0,1,2,0,4,3,0,0,0,0,0,6,0,0,0,1,0,0,4,4,0,0,1,0,11,19,2,2,0
"91_Greener_noise_-5dB_sample2.wav",122,3,0,282,0,1,0,26,2,0,0,1,1,12,33,94,0,48,11,3,0,126,4,0,0,5,0,3,1,3,47,0,8,3,154,2,8,0,0,0,0,11,0,0,11,0,0,11,2,2,1,2,0,6,2,0,0,0,0,0,7,0,67,0,1426,95,27,11,30,44,2,67,3,57,0,0,0,0,1,8,95,0,0,90,0,0,0,2,39,0,1,4,1,0,2,0,12,38,3,2,2204
"51_088. Steven Universe - We Are The Crystal Gems_noise_-5dB_sample1.wav",122,3,0,6,0,0,21,3,0,0,0,0,0,6,33,0,3,52,4,3,0,114,0,12,0,6,0,0,0,2,0,0,1,2,75,1,0,0,0,1,1,11,0,1,0,0,0,18,1,7,2,116,0,0,12,2,6,0,0,0,1,0,1,0,0,100,1,6,0,44,1,0,163,2,0,0,0,62,0,0,0,0,1,116,4,0,0,1,0,0,1,2,0,0,0,0,12,26,2,2,0
"73_Turn the Lights Off_noise_-5dB_sample1.wav",122,1,2,12,0,0,0,19,1,0,0,0,3,0,33,0,3,44,2,0,0,92,0,0,0,3,0,1,1,596,2,0,0,5,154,52,0,0,4,5,0,11,0,3,5,0,8,5,4,2,0,25,0,2,1,0,0,3,0,0,0,2,0,3,0,0,1,3,3,49,1,117,0,0,0,0,0,0,2,0,0,3,0,1,0,0,3,0,0,0,2,2,0,0,3,0,11,28,1,1,0
"83_004. Katy Perry - Roar_noise_-5dB_sample2.wav",125,0,2,8,0,0,0,0,1,0,0,0,2,0,33,0,4,52,4,0,0,112,0,0,0,2,0,2,1,1,0,0,1,3,154,0,0,0,0,1,2,15,0,0,0,0,1,1,0,2,0,3,0,1,0,0,0,0,0,0,0,0,2,1,2,0,2,11,4,47,1,7,0,2,1,0,0,1,0,0,0,2,0,0,0,0,1,0,0,0,2,2,1,0,3,0,12,28,1,2,0
"80_077. Emeli Sandé - Hurts_noise_-5dB_sample1.wav",126,0,0,21,0,0,0,3,1,0,0,0,0,0,33,2,0,58,6,1,0,132,0,0,1,5,0,0,0,4,2,0,0,4,154,0,0,0,0,0,0,11,0,0,49,3,0,1,2,2,1,1,0,3,1,0,1,0,0,0,0,0,0,1,0,0,4,13,0,44,2,4,0,3,0,5,0,0,0,0,1,0,0,0,0,0,2,2,0,0,8,4,0,0,0,0,11,45,1,8,0
"103_037. Calvin Harris, Rihanna - This Is What You Came For (Official Video) ft. Rihanna_noise_-5dB_sample2.wav",124,44,0,66,6,28,3,33,0,11,14,0,1,3,40,8,16,48,1,3,0,132,0,0,7,6,1,0,0,3,26,5,14,4,139,45,5,0,0,4,3,12,40,0,16,3,0,25,1,20,1,0,0,1,3,0,0,6,9,0,0,3,15,0,0,1,4,11,1,48,0,42,0,4,0,46,0,20,0,3,0,0,0,0,0,0,0,0,0,0,2,5,40,0,66,14,11,48,0,1,377
"104_024. twenty one pilots Stressed Out [OFFICIAL VIDEO]_noise_-5dB_sample1.wav",122,2,1,111,3,2,0,9,0,0,0,0,0,1,37,20,4,58,4,2,0,132,0,9,0,6,26,2,1,2,38,3,11,3,154,11,5,0,6,3,3,14,0,1,17,0,1,2,0,14,2,0,0,36,1,0,2,1,0,0,0,5,15,0,3,26,177,11,10,44,1,22,0,3,5,14,0,11,0,0,0,2,2,35,0,0,5,0,0,0,2,8,5,0,6,0,13,45,1,1,33
"91_Greener_noise_-5dB_sample1.wav",122,0,0,6,0,0,0,4,0,0,0,1,0,0,33,1,0,46,8,1,3,128,0,1,1,1,0,0,0,0,0,0,1,2,137,3,1,0,0,2,0,12,0,2,0,0,0,0,0,0,0,0,0,0,0,0,0,0,0,0,0,0,1,0,129,0,2,10,4,44,1,0,0,3,4,0,0,0,0,0,0,0,0,0,0,0,0,0,0,0,0,0,0,0,0,0,11,40,1,1,0
"40_052. Lindsey Stirling - Moon Trance (Official Music Video)_noise_-5dB_sample1.wav",121,9,0,6,1,2,0,23,1,0,0,0,0,0,33,3,4,48,2,107,0,133,0,6,1,3,1,0,1,3,3,0,9,3,154,19,15,0,3,1,1,15,2,6,5,0,3,0,0,5,0,0,0,1,1,0,1,0,0,0,0,0,2,2,0,2,2,11,4,44,4,9,0,1,2,15,0,8,0,0,0,0,1,7,0,1,66,0,1,0,2,2,3,0,2,0,11,44,16,2,4
"99_080. Melanie Martinez - Carousel (Official Music Video)_noise_-5dB_sample2.wav",121,0,3,76,7,15,0,0,1,0,2,1,0,2,29,1,7,48,6,7,2,108,0,7,2,24,1,4,1,3,0,9,3,61,67,0,3,0,2,1,4,8,0,0,3,2,9,0,1,2,0,0,0,1,39,0,0,3,0,1,1,3,1,0,0,5,3,510,1,36,4,4,0,1,0,3,0,5,0,0,0,0,0,1,1,1,16,5,0,0,3,4,0,0,0,0,7,19,1,1,1
"64_097. Nightcore - Running With the Wolves [Lyrics]_noise_-5dB_sample1.wav",122,11,0,3,0,0,0,4,42,0,5,3,0,8,33,1,4,48,2,3,7,132,1,1,3,4,1,0,1,1,2,1,0,0,154,7,0,2,0,2,1,11,0,1,1,0,29,0,0,4,1,15,0,1,0,1,3,1,0,0,0,58,0,1,0,0,4,11,0,44,2,623,0,3,0,0,705,0,0,0,0,0,0,0,0,0,0,1,0,1,1,5,0,0,2,0,13,43,1,2,7
"42_046. Meghan Trainor - NO_noise_-5dB_sample1.wav",123,0,0,5,0,0,0,8,1,0,1,0,3,0,33,2,3,46,3,0,0,118,0,1,0,3,0,1,76,3,1,3,0,2,154,0,0,0,0,1,2,15,1,0,0,1,3,1,1,2,0,4,2,2,0,0,0,1,0,0,0,0,0,1,2,0,2,12,4,44,1,6,0,2,0,0,0,0,0,0,0,1,0,1,0,0,0,0,0,0,4,0,0,0,0,0,11,28,2,2,0
"6_043. Wintergatan - Marble Machine (music instrument using 2000 marbles)_noise_-5dB_sample2.wav",125,38,0,35,38,19,8,32,2,0,2,0,49,2,2609,11,5,48,8,94,4,132,0,0,24,2,3,1,27,0,6,0,7,1,154,4,4,0,211,256,3,19,44,1,0,13,56,20,0,65,1,0,0,4,48,1,5,17,3,6,4,1,5,0,0,44,10,11,7,44,21,24,31,5,13,10,0,22,0,0,0,4,4,0,11,3,0,8,5,3,1,6,24,0,55,0,13,50,3,5,11
"8_081. The Beach Boys - I Get Around_noise_-5dB_sample1.wav",123,0,0,3,0,0,0,2,0,0,0,0,0,0,33,3,3,52,7,6,4,94,0,1,3,2,0,0,0,1,0,1,0,1,115,1,0,0,0,0,2,60,1,1,0,0,0,1,0,2,0,0,7,2,1,0,0,0,0,0,0,1,0,0,1,0,2,10,0,44,2,12,0,2,0,0,0,0,0,0,44,0,1,0,0,0,0,1,0,0,2,4,2,0,4,0,11,21,1,2,0
"0_096. Nightcore - Mad World_noise_-5dB_sample1.wav",121,0,0,6,1,0,0,0,1,0,0,1,0,0,33,1,3,46,4,0,219,130,3,0,3,2,1,0,2,0,0,1,11,2,146,0,1,0,0,0,0,11,0,1,0,0,0,3,0,3,1,0,0,0,8,0,0,0,0,0,1,0,3,0,0,0,5,11,2,44,3,0,0,3,0,0,0,0,0,0,0,0,0,0,0,0,0,0,0,0,0,2,0,0,0,0,11,40,0,1,1
"17_084. Thomas Rhett - Crash and Burn_noise_-5dB_sample2.wav",124,0,0,5,0,0,0,4,1,0,0,0,1,0,33,1,5,51,0,6,0,124,0,0,0,3,0,1,0,1,0,0,0,2,144,0,0,0,0,1,2,13,0,0,0,0,30,0,1,0,1,2,0,22,0,0,0,0,0,1,0,0,0,0,0,0,3,11,2,44,1,0,0,0,0,0,0,0,0,0,0,0,0,0,0,0,1,0,0,0,1,3,0,0,0,0,12,35,2,2,0
"13_030. Maroon 5 - Animals_noise_-5dB_sample1.wav",123,0,4,20,4,0,1,32,2,14,0,0,0,1,31,1,3,47,4,1,3,94,0,4,3,4,0,1,1,3,10,10,20,3,46,26,18,0,0,4,109,7,0,1,4,0,1,0,0,2,3,0,0,1,1,0,0,1,0,0,2,2,1,0,1,9,4,5,2,37,3,50,6,13,0,46,0,0,0,0,0,2,3,2,0,3,22,5,0,0,4,2,20,2,2,0,12,29,2,2,28
"37_063. Bastille - Pompeii (Official Music Video)_noise_-5dB_sample1.wav",123,0,1,11,9,0,0,0,1,1,0,0,0,1,33,1,1,48,5,1,3,88,0,37,2,3,0,2,0,1,0,0,5,3,112,0,0,0,0,1,4,10,0,1,1,0,0,0,0,3,1,0,0,10,1,0,0,0,0,13,0,0,0,1,0,2,3,8,4,43,3,0,0,6,0,3,0,0,0,0,0,0,0,24,0,1,3,2,0,0,2,0,0,1,0,0,11,25,2,2,6
"15_060. My OCD (Song)_noise_-5dB_sample1.wav",122,0,0,2,0,0,2,5,1,0,2,0,23,1,32,0,3,48,4,5,11,98,4,0,3,2,0,0,1,1,0,1,22,1,96,2,1,0,0,0,5,9,0,0,1,0,1,1,0,2,0,0,0,0,2,0,0,0,0,0,0,6,0,5,3,0,4,8,0,42,3,1,1,1,0,0,0,0,0,0,0,2,1,0,0,0,0,0,0,0,0,0,2,0,0,0,12,25,2,3,0
"43_098. Nightcore~ The Wolf_noise_-5dB_sample1.wav",122,3,0,8,0,1,1,0,2,0,2,0,0,2,33,0,4,48,4,6,0,102,0,0,0,4,0,0,1,9,0,0,0,4,130,0,0,0,10,0,2,15,0,0,0,16,5,20,1,4,8,8,1,1,2,1,2,1,1,1,8,0,4,0,0,0,4,9,5,44,4,0,0,3,0,0,0,0,0,1,0,6,2,0,1,0,0,0,0,0,1,0,0,0,0,451,13,23,3,7,0
"46_032. Katy Perry - Wide Awake (Official Video)_noise_-5dB_sample1.wav",121,8,0,227,1,282,1,0,0,2,3,0,0,0,33,1,8,47,9,0,0,98,0,0,0,2,1,0,2,1,0,0,0,1,154,1,1,0,4,3,2,15,7,1,0,1,13,5,1,4,0,0,0,0,1,0,0,25,2,24,0,0,2,0,0,0,4,11,0,44,4,0,0,5,0,0,0,0,0,1,0,0,0,0,0,0,6,1,0,0,4,1,0,0,11,3,11,26,4,2,3
"26_017. David Guetta - Titanium ft. Sia (Official Video)_noise_-5dB_sample2.wav",120,11,0,6,0,35,0,0,1,0,0,0,1,1,31,2,0,28,5,2,1,100,32,0,7,1,0,0,1,10,1,2,6,5,70,0,2,0,2,0,1,8,36,0,0,8,17,17,1,0,0,2,0,4,4,0,7,13,0,582,2,0,0,0,0,13,2,6,4,26,1,0,0,1,1,0,0,1,0,7,0,4,0,4,2,0,0,5,0,2,3,2,0,0,76,0,7,13,14,4,1
"82_A Lady_noise_-5dB_sample2.wav",122,2,3,12,0,1,0,1,2,3,0,0,2,1,33,0,0,48,0,1,0,114,0,0,0,4,1,0,2,14,4,11,5,5,154,0,1,0,346,3,9,11,0,0,2,0,138,4,0,13,2,3,1,0,0,0,1,0,2,0,1,1,4,1,0,0,2,11,1,44,4,22,0,6,0,0,0,0,0,0,0,3,0,0,0,1,2,2,0,0,2,1,0,0,0,3,11,25,0,0,0
"57_Numb_noise_-5dB_sample1.wav",123,4,4,218,0,0,0,0,0,0,0,0,71,1,33,11,0,50,4,4,4,126,0,4,0,2,0,3,3,27,7,8,4,3,154,18,2,12,2,0,18,12,0,1,2,0,0,0,0,1,1,32,3,12,0,0,0,0,0,0,0,1,3,0,0,0,4,10,3,44,64,34,0,1,0,0,0,0,0,11,0,0,0,12,0,0,193,1,0,1,13,0,0,0,1,3,11,35,4,16,0
"68_055. Madness - Our House (Official 4K Video)_noise_-5dB_sample2.wav",129,0,0,6,0,0,0,0,0,0,0,0,0,0,32,1,0,48,7,6,0,104,0,1,1,2,1,0,1,1,2,1,0,1,76,0,0,0,0,0,1,8,0,1,0,2,2,0,0,2,1,0,0,0,1,0,0,0,0,0,0,0,0,0,0,4,2,7,0,39,4,3,10,2,12,0,0,0,0,0,0,1,97,1,0,3,0,0,0,0,1,2,0,0,0,0,11,18,3,1,1
"93_015. Lukas Graham - 7 Years [Official Music Video]_noise_-5dB_sample2.wav",122,54,1,8,0,0,0,3,0,0,0,0,1,0,33,0,4,48,2,5,4,78,0,0,0,5,0,0,0,3,1,0,0,7,154,2,2,0,0,1,0,11,1,0,0,0,0,0,1,4,39,0,0,4,1,0,0,0,0,0,0,0,0,0,0,1,3,11,1,44,3,0,0,0,0,0,0,0,0,0,0,0,0,1,0,0,0,1,0,0,1,2,0,0,0,0,11,24,1,2,0
"88_033. Fifth Harmony - Worth It (Official Video) ft. Kid Ink_noise_-5dB_sample2.wav",124,0,0,7,0,1,3,0,0,0,100,0,2,0,33,3,3,50,6,3,0,130,0,0,1,3,2,1,0,1,1,3,0,2,139,2,0,0,0,0,5,11,0,0,0,7,0,1,0,3,1,0,0,4,1,0,2,0,2,0,0,0,0,0,0,0,5,9,0,44,3,3,0,0,0,2,1,0,0,1,0,0,27,0,1,0,0,0,0,0,8,2,1,0,0,0,12,38,2,6,0
"5_002. Avicii - Wake Me Up (Official Video)_noise_-5dB_sample2.wav",124,0,4,3,0,0,0,0,2,0,0,1,0,0,32,1,3,46,2,0,0,104,0,0,0,3,0,1,1,2,0,2,0,3,64,2,0,0,1,1,0,8,2,0,0,0,0,0,0,2,2,1,0,2,0,0,0,0,0,0,0,0,0,1,0,0,1,8,8,42,2,11,0,3,0,0,0,0,0,0,0,0,0,0,0,0,2,1,0,0,2,4,0,0,2,0,11,19,0,4,0
"19_054. Owl City - When Can I See You Again (From Wreck it Ralph)_noise_-5dB_sample1.wav",123,0,7,6,0,1,0,0,2,0,0,0,2,0,33,1,1,48,4,3,0,118,0,4,0,2,1,2,0,13,5,7,1,9,126,3,1,0,0,2,2,13,0,0,2,0,0,0,0,4,0,4,0,0,1,0,0,0,0,0,0,0,1,2,0,2,0,10,4,44,26,0,2,2,5,0,0,0,0,0,0,0,0,0,0,0,3,1,0,0,1,2,0,0,1,0,11,27,2,2,0
"3_100. Owl City & Carly Rae Jepsen - Good Time (Official Video)_noise_-5dB_sample1.wav",124,101,0,35,2,44,19,0,1,4,5,0,4,1,48,2,14,50,6,3,2,137,0,0,8,3,4,0,0,2,2,2,0,2,149,0,2,0,0,1,0,13,168,1,0,12,4,284,0,0,25,12,0,8,31,3,4,35,8,1,4,3,5,1,0,66,2,17,3,44,1,0,0,1,0,2,0,33,0,7,0,1,4,0,17,0,0,0,0,4,3,2,2,0,154,5,11,42,1,5,5
"49_050. Carly Rae Jepsen - I Really Like You_noise_-5dB_sample2.wav",121,4,0,10,7,0,0,15,1,3,0,0,20,2,240,3,3,48,4,11,3,88,0,0,19,2,0,0,1,2,1,0,0,2,64,1,0,0,24,80,0,9,3,1,0,11,19,11,0,19,8,5,2,4,18,1,5,0,3,0,5,0,4,0,0,7,3,5,1,42,13,1,6,4,4,0,0,0,0,0,0,0,0,0,21,0,1,7,0,0,1,2,0,0,11,1,11,19,2,2,1
"50_006. Wiz Khalifa - See You Again ft. Charlie Puth [Official Video] Furious 7 Soundtrack_noise_-5dB_sample1.wav",123,0,0,110,0,0,0,12,2,1,0,0,16,6,93,0,4,50,2,0,0,88,0,0,0,2,2,1,4,2,0,0,0,1,118,0,1,0,17,61,2,11,0,1,0,0,10,24,0,26,1,4,0,1,185,0,8,3,0,3,2,0,0,2,0,15,2,11,3,44,2,11,8,6,0,0,0,0,0,0,0,1,0,0,0,0,0,1,0,0,5,2,2,0,20,0,11,20,2,1,0
"101_070. Eminence - Knock Me Out (feat. Anna Cyzon) [Monstercat Official Music Video]_noise_-5dB_sample1.wav",130,5,9,7,1,9,1,99,0,0,0,0,3,3,33,4,1,48,6,13,0,126,2,1,1,64,0,1,2,27,0,4,975,4,149,5,15,0,1,7,1,14,0,2,3,0,4,0,13,4,1,0,0,0,15,0,6,0,30,0,1,2,0,3,216,0,6,10,0,44,2,10,7,9,0,1,1,0,0,7,0,5,0,0,0,1,33,11,0,4,1,5,0,3,16,0,12,36,42,1,12
"85_011. Martin Garrix - Animals (Official Video)_noise_-5dB_sample2.wav",129,0,0,6,0,0,0,4,1,0,0,0,5,0,33,0,3,46,3,3,2,118,0,5,5,2,0,1,1,2,0,13,0,2,144,0,0,0,0,4,1,11,0,1,0,0,0,1,0,0,0,1,5,1,1,0,1,4,0,0,0,0,0,1,0,0,7,10,3,44,4,0,0,2,0,0,0,0,0,0,0,0,0,0,0,0,0,0,0,0,2,0,0,0,2,0,11,29,1,2,0
"62_061. LEFT SCREEN ONLY Spot the Differences_noise_-5dB_sample1.wav",131,0,0,9,2,0,0,5,1,0,0,0,0,0,33,0,3,48,0,2,0,118,10,1,1,2,0,0,2,0,0,2,1,0,149,2,1,0,0,0,0,12,1,0,0,0,0,0,0,2,1,1,0,0,0,0,0,1,0,0,0,3,0,0,0,1,7,11,4,44,3,0,1,0,1,0,0,0,0,0,89,0,0,1,0,0,0,1,0,0,1,0,0,0,2,0,11,26,0,2,0
"71_083. My Singing Monsters - Plant Island Theme_noise_-5dB_sample2.wav",130,0,0,393,15,0,0,0,1,0,0,0,0,0,33,1,4,50,3,3,427,126,2666,0,0,2,0,0,1,1,1,0,3,5,154,2,0,0,3,1,1,11,1,0,0,0,30,2,0,2,2,0,0,0,2,0,1,0,0,0,0,0,0,0,0,41,2,11,1,96,2,0,2,2,0,5,0,0,0,0,2,0,1,0,0,4,4,2,0,0,4,2,0,0,8,0,13,33,2,2,0
"68_055. Madness - Our House (Official 4K Video)_noise_-5dB_sample1.wav",127,0,0,44,0,0,0,0,0,1,0,0,0,0,33,0,0,52,0,0,0,132,1,0,0,4,0,0,0,1,2,0,0,1,154,0,1,0,0,1,1,11,0,0,0,1,0,1,0,3,0,0,0,0,1,0,0,0,0,0,0,0,0,0,0,0,2,11,0,44,1,1,0,1,1,0,0,0,0,0,0,4,12,0,0,0,0,0,0,0,2,1,0,0,3,0,11,46,0,1,0
"89_091. Faster Car - Anders Lystell feat. Kaliber [EPIDEMIC SOUND] (Lyrics)_noise_-5dB_sample2.wav",126,9,0,9,0,0,0,0,1,7,0,1,8,0,33,1,0,44,2,0,0,104,0,1,1,4,0,1,0,3,1,1,0,4,154,2,0,0,0,0,0,11,0,4,0,1,0,15,0,1,0,1,83,0,0,0,1,0,0,6,1,0,0,0,0,0,2,11,1,44,2,0,0,3,0,0,0,0,0,3,0,0,0,0,0,0,0,5,0,0,2,2,0,0,0,6,12,22,0,1,0
"52_007. Katy Perry - Dark Horse ft. Juicy J_noise_-5dB_sample1.wav",129,1,0,4,0,0,0,1,0,0,0,0,0,1,33,0,3,48,6,2,1,96,0,0,7,3,0,0,1,2,1,0,0,2,149,2,0,0,0,1,1,12,0,0,0,0,5,25,0,2,0,0,0,6,0,0,0,0,0,0,0,0,0,0,0,0,2,8,0,44,3,0,0,2,0,0,0,0,0,0,1,0,0,1,0,0,0,2,0,0,4,4,0,0,4,0,12,24,3,42,0
"97_075. Lindsey Stirling - Prism (Official Video)_noise_-5dB_sample2.wav",136,0,35,2,0,0,0,395,0,0,2,0,1,1,33,1,4,48,2,0,0,122,0,0,1,3,0,1,0,20,1,0,0,1,154,2,0,0,0,1,20,11,0,5,1,0,0,0,0,130,1,0,0,2,0,0,1,0,0,0,2,0,0,3,7,0,2,11,20,72,2,8,324,0,265,0,0,0,0,0,6,2,0,72,0,1,0,0,9,0,4,1,0,0,2,0,11,24,1,4,1
