"79_095. Alan Walker - Alone_noise_-10dB_sample1.wav",129,1,0,6,2,2,0,1,1,8,1,0,1,1,33,16,4,48,0,11,0,104,0,0,9,4,31,0,1,2,0,2,0,2,149,0,1,0,17,5,2,11,0,0,0,4,10,2,0,26,24,0,0,0,16,3,9,13,333,11,6,4,1,2,0,0,7,11,0,44,2,15,4,1,0,0,0,1,2,1,0,4,0,0,15,3,4,1,0,0,1,9,0,1,2,2,13,27,28,1,5
"42_046. Meghan Trainor - NO_noise_-10dB_sample2.wav",117,1,0,3,0,0,5,16,1,0,0,0,2,2,33,1,4,48,14,0,4,132,0,1,0,2,0,1,168,1,2,2,0,2,154,0,0,0,1,1,5,17,0,0,0,0,3,0,1,0,1,2,3,0,1,0,1,0,1,0,0,0,0,2,0,1,0,11,0,44,0,2,0,3,0,0,0,0,0,0,0,0,0,1,0,0,0,1,0,0,2,4,2,0,5,0,11,44,3,2,0
"46_032. Katy Perry - Wide Awake (Official Video)_noise_-10dB_sample2.wav",119,1,0,3,0,82,0,4,1,0,0,0,0,0,36,1,4,51,10,3,0,108,0,0,0,3,0,0,2,2,0,1,2,3,99,1,0,0,37,10,1,10,0,0,1,3,2,5,0,2,2,2,0,0,1,0,0,0,0,1,2,1,0,0,3,0,3,9,3,44,0,3,0,1,0,1,0,4,0,0,0,0,0,0,0,0,2,0,0,0,0,0,2,0,2,5,12,20,3,2,0
"102_018. Shawn Mendes - Stitches (Official Music Video)_noise_-10dB_sample1.wav",117,9,0,5,0,0,0,36,1,3,2,189,1,0,28,0,2,48,5,0,0,89,0,0,3,15,0,0,1,4,0,0,0,2,12,0,1,0,0,1,0,4,0,0,0,7,4,6,0,14,4,0,0,0,4,0,0,0,0,0,8,0,0,0,0,0,4,2,0,32,3,0,0,0,0,0,0,0,0,6,0,0,2,0,0,1,0,2,0,0,0,2,0,0,0,0,11,10,2,0,0
"59_014. Avicii - Hey Brother (Lyric)_noise_-10dB_sample2.wav",121,3,0,5,0,60,69,7,1,4,0,0,0,1625,33,2,0,48,1,3,55,126,6,0,5001,4,0,1,3,1,1,1,0,2,5421,2,1,0,3,0,1,11,200,4,1,33,234,110,2,801,2,110,0,2,559,0,2,0,0,0,85,0,0,0,1,143,3,11,3,44,3,8,0,3,0,0,0,66,1,0,0,0,42,0,1,0,0,0,0,0,0,2,0,18,2,11,12,37,2,2,2
"71_083. My Singing Monsters - Plant Island Theme_noise_-10dB_sample1.wav",121,6,1,526,12,0,1,3,1,3,0,0,2,0,33,1,0,48,3,2,406,112,2163,6,1,7,1,2,0,4,1,5,4,6,99,1,1,0,0,0,1,15,0,0,2,0,16,1,0,1,1,2,0,0,6,0,0,1,0,3,0,0,0,5,0,36,5,9,4,91,2,0,0,0,0,7,0,0,0,0,12,0,3,9,0,59,0,1,2,0,2,1,0,0,0,0,11,26,2,2,0
"31_058. Rub Some Bacon on It_noise_-10dB_sample1.wav",136,11,265,8063,1221,3935,0,172,5,33,0,1,2,1340,100,31,1,61,14,90,0,120,524,76,1,1263,0,459,0,61,2,335,503,15962,154,44,78,0,115,2,4,12,1,10,238,1,32,1,5,31,90,2,4,739,1490,2,1,10,5,51,1,0,20,974,1,897,5,39,26,44,11,620,0,101,722,31,1,0,1,2,0,188,12,166,101,1,1847,587,3,0,1,45,3,40,1,9,12,33,10,2,136
"1_028. Capital Cities - Safe And Sound_noise_-10dB_sample2.wav",112,0,0,8,0,0,0,2,1,0,0,0,0,0,31,1,0,47,3,1,1,88,0,0,0,3,0,0,1,2,1,0,0,2,50,0,21,0,0,0,2,6,0,1,0,0,4,0,0,9,1,0,0,2,1,0,0,0,0,0,0,0,0,0,0,1,2,5,3,38,2,0,0,0,0,4,0,0,0,0,0,0,0,0,0,0,0,1,2,0,0,3,4,0,2,0,13,19,1,2,2
"81_013. Passenger  Let Her Go (Official Video)_noise_-10dB_sample1.wav",112,0,0,9,0,0,0,4,0,0,0,1,4,1,33,1,4,46,3,3,0,126,0,0,0,4,0,0,2,1,4,0,0,3,144,2,1,0,0,1,4,11,0,0,0,0,0,0,0,2,0,0,1,0,0,0,0,2,0,0,0,0,142,0,0,0,4,11,0,44,1,4,0,2,0,0,0,0,0,0,0,0,0,0,0,0,1,1,2,0,0,0,2,0,0,0,11,32,1,1,44
"30_Cannibal_noise_-10dB_sample1.wav",114,2,0,94,0,0,0,5,1,0,0,0,2,0,33,20,0,49,0,2,0,72,0,0,6,5,93,0,10,3,26,38,5,3,101,11,7,0,6,1,9,11,0,0,17,0,18,7,4,14,1,7,1,185,1,0,0,0,0,0,0,0,0,0,0,11,5,3,41,156,14,1523,11,7,41,14,3,11,0,0,1,0,0,1413,3,1,1,3,0,0,1,8,29,1,1,0,12,28,1,2,2
"40_052. Lindsey Stirling - Moon Trance (Official Music Video)_noise_-10dB_sample1.wav",116,0,0,45,0,0,0,27,0,0,2,0,0,0,33,11,0,48,5,193,2,128,2,0,0,2,19,1,2,6,14,3,9,1,130,0,0,0,0,2,1,11,0,2,7,0,0,0,0,2,0,0,0,0,2,0,1,0,0,0,0,0,0,0,0,0,3,11,0,44,6,32,0,2,0,2,0,0,0,0,0,4,0,0,0,1,0,1,0,0,1,2,9,0,3,0,13,36,12,3,2
"6_043. Wintergatan - Marble Machine (music instrument using 2000 marbles)_noise_-10dB_sample1.wav",120,26,4,88,29,66,8,4,0,2,1,0,2,21,633,2,7,48,4,14,0,132,15,72,5,15,3,34,4,7,2,5,131,66,154,47,33,0,3,1,1,11,29,0,26,4,124,14,4,0,38,0,5,427,46,5,0,11,4,3,3,2,0,15,165,33,6,11,1,44,2,28,13,16,21,2,0,20,3,4,0,8,2,19,11,0,38,22,0,0,3,4,0,9,33,0,13,44,8,2,18
"10_012. Calvin Harris - I Need Your Love (Official Video) ft. Ellie Goulding_noise_-10dB_sample2.wav",113,7,0,6,1,0,5,9,3,16,1,0,0,0,33,1,0,47,3,5,1,122,0,0,9,8,1,0,2,1,1,1,0,2,154,0,0,0,0,8,0,23,8,0,0,88,3,0,0,4,1,4,0,2,2,1,12,0,4,1,3,1,0,0,0,1,1,11,8,44,1,0,0,17,0,0,0,0,0,0,0,0,0,0,0,0,0,0,0,2,7,6,0,0,2,0,13,28,2,6,0
"25_035. Alan Walker - Sing Me To Sleep_noise_-10dB_sample2.wav",119,0,0,12,0,0,0,5,0,0,0,0,0,2,33,1,1,51,0,0,3,112,0,0,0,4,0,0,1,2,2,0,5,2,134,1,0,0,0,1,4,11,1,0,0,0,0,0,0,3,1,0,0,2,0,1,0,0,0,0,0,0,0,0,1,0,2,8,4,44,3,2,3,1,0,0,0,0,0,0,0,0,0,3,0,0,0,0,0,0,1,0,3,0,0,0,11,26,1,1,0
"43_098. Nightcore~ The Wolf_noise_-10dB_sample1.wav",121,11,0,4,0,0,0,4,1,0,0,0,0,1,33,0,2,46,8,0,2,90,2,0,3,4,0,0,1,2,1,0,0,2,113,2,1,0,0,1,2,11,0,0,0,0,0,2,0,2,1,2,9,0,1,3,1,0,0,1,0,0,0,0,0,0,5,5,1,44,4,0,0,3,0,1,0,0,0,0,0,0,0,0,0,0,0,6,0,0,0,3,0,0,0,116,12,21,2,1,0
"86_019. Naughty Boy - La la la ft. Sam Smith (Official Video)_noise_-10dB_sample1.wav",128,1,1,6,0,0,0,7,0,1,0,0,0,0,33,2,0,48,2,0,0,108,0,0,1,4,0,0,0,4,0,3,45,3,149,4,3,0,0,2,11,11,0,0,0,1,0,0,0,3,0,0,0,0,0,0,0,0,0,0,0,0,0,0,0,0,2,11,1,44,1,9,0,3,0,12,0,0,0,0,0,0,1,0,0,3,4,38,0,0,2,4,4,1,0,0,11,28,1,2,0
"40_052. Lindsey Stirling - Moon Trance (Official Music Video)_noise_-10dB_sample2.wav",120,0,0,11,1,1,0,2,2,0,0,0,0,1,33,0,1,44,6,94,0,112,0,1,2,2,0,0,2,1,0,0,1,4,136,0,0,0,0,0,0,11,0,0,0,0,0,0,0,2,1,1,0,0,0,0,1,0,0,0,1,0,0,0,0,1,5,5,7,44,3,0,0,1,0,0,0,3,0,0,2,0,0,0,0,0,1,1,0,0,0,1,0,0,0,4,11,23,1,3,0
"89_091. Faster Car - Anders Lystell feat. Kaliber [EPIDEMIC SOUND] (Lyrics)_noise_-10dB_sample1.wav",119,0,0,43,0,0,0,14,4,0,1,0,16,0,33,2,0,48,4,3,0,111,0,0,0,4,4,16,2,2,16,9,2,3,154,2,0,3,0,0,1,14,0,25,4,0,1,12,0,0,1,1,985,35,1,0,0,0,0,0,3,0,0,7,0,0,2,12,11,44,2,6,0,3,0,0,0,0,0,7,0,0,0,0,0,0,2,9,0,0,24,2,0,0,4,3,12,28,2,4,0
"34_The Trap_noise_-10dB_sample1.wav",115,25,0,41,1,11,0,0,97,3,0,6,2,2,33,23,5,48,4,4,2,132,7,1,9,4,24,1,0,4,0,1,4,4,154,3,0,0,14,2,2,14,6,6,1,13,4018,105,0,4,1,10,0,2,14,0,5,5,2,16,9,1,0,0,0,17,2,11,8,64,1,5,22,2,2,2,0,3,0,5,1,2,4,9,13,2,4,0,0,2,2,4,0,0,0,0,13,44,46,5,1
"71_083. My Singing Monsters - Plant Island Theme_noise_-10dB_sample2.wav",113,0,0,138,6,0,0,6,0,0,4,0,2,1,33,0,4,44,8,0,1,110,1371,0,7,3,0,0,1,1,7,1,0,1,149,2,0,0,0,1,0,11,0,1,3,0,0,0,0,0,1,0,0,1,4,0,0,0,0,0,0,0,0,0,0,22,6,11,0,50,3,0,0,0,1,4,0,0,0,0,1,0,0,0,0,72,4,0,11,0,2,2,0,0,0,0,12,26,2,2,0
"64_097. Nightcore - Running With the Wolves [Lyrics]_noise_-10dB_sample1.wav",113,0,0,8,0,0,1,3,1,3,0,0,2,5,32,1,4,50,3,4,0,114,9,0,2,2,1,0,1,2,8,4,7,1,105,0,0,0,0,0,2,12,3,4,0,0,0,1,0,2,1,1,0,0,1,0,1,0,0,0,0,3,0,7,4,0,6,8,5,42,4,0,0,1,0,0,209,0,0,0,0,8,0,0,0,2,0,1,0,1,2,2,0,0,2,0,12,21,2,4,0
"9_034. Pitbull - Timber (Official Video) ft. Ke$ha_noise_-10dB_sample1.wav",119,0,11,11,0,2,3,4,2,0,2,1,56,0,33,5,3,48,2,3,0,96,0,4,6,4,0,2,3,1,519,42,1,2,115,2,1,0,0,0,2,10,0,2,3,2,1,0,0,2,0,5,3,7,3,0,1,0,0,0,0,0,3,17,19,3,2,10,1,44,2,1,0,3,1,0,0,0,0,0,3,0,1,40,0,3,3,17,0,0,2,4,0,0,11,0,13,23,2,3,22
"105_101. Yann Tiersen - Comptine d`un autre ete - l`apres-midi_noise_-10dB_sample1.wav",118,3,0,118,0,0,0,13,0,2,4,0,4,0,34,54,0,55,4,9,0,136,0,5,0,8,60,1,0,1,77,6,20,1,154,38,3,0,21,31,6,15,1,1,42,0,0,0,0,34,0,2,0,50,1,0,2,0,0,0,0,0,0,0,0,59,14,12,12,63,2,3714,0,0,4,32,0,23,0,0,0,2,1,122,0,0,0,66,0,0,4,82,12,1,0,0,11,44,2,4,12
"51_088. Steven Universe - We Are The Crystal Gems_noise_-10dB_sample2.wav",113,2,3,11,1,1,0,4,2,0,0,0,4,2,46,1,0,44,2,1,2,90,0,0,1,8,2,1,3,4,0,0,32,6,33,4,3,0,9,11,0,5,4,0,0,0,2,1,0,8,0,0,0,0,5,0,0,3,0,1,0,2,0,0,50,7,17,3,4,34,8,2,69,0,0,1,0,0,0,0,0,2,0,0,0,0,0,3,0,0,1,1,0,0,10,0,11,14,1,1,5
"104_024. twenty one pilots Stressed Out [OFFICIAL VIDEO]_noise_-10dB_sample2.wav",115,4,0,88,0,0,0,2,1,0,0,0,2,0,33,20,0,44,4,2,0,67,0,0,0,5,23,1,1,4,36,1,5,3,142,11,4,0,6,2,2,13,0,0,17,0,0,0,0,14,0,1,0,0,0,0,0,0,0,0,0,0,0,1,2,23,197,11,8,44,4,35,0,1,2,14,0,11,0,0,0,0,0,31,0,2,0,2,0,0,1,8,4,1,1,0,11,24,3,1,22
"32_086. Olly Murs - Grow Up (Official Video)_noise_-10dB_sample2.wav",113,31,0,9,1,3,0,3,0,12,2,0,1,2,33,1,6,51,8,2,0,112,1,1,2,3,0,2,2,1,0,3,14,3,123,0,0,0,3,2,3,11,35,0,0,14,5,124,0,2,57,0,3,17,5,1,3,0,0,2,4,2,0,0,0,0,7,9,0,44,4,0,0,6,2,0,0,2,0,226,0,1,0,1,0,1,0,1,0,0,2,0,1,0,0,0,11,24,3,2,0
"63_087. Anaconda - Nicki Minaj  The Fitness Marshall  Dance Workout_noise_-10dB_sample2.wav",114,30,30,7,27,20,4,9,33,2,11,18,35,33,64,8,22,47,22,24,1,126,4,21,14,25,9,8,11,1,10,0,5,6,108,30,11,7,0,14,16,12,16,6,13,29,0,18,2,22,8,13,1,9,5,12,24,11,12,24,30,14,7,33,0,19,9,15,23,47,12,4,4,4,0,22,12,0,83,24,13,11,10,0,45,60,0,12,26,0,8,11,26,4,17,0,14,35,2,39,18
"79_095. Alan Walker - Alone_noise_-10dB_sample2.wav",118,0,0,11,0,0,0,2,2,0,0,0,0,0,33,2,0,48,0,11,0,88,0,0,8,3,0,0,0,4,0,0,1,2,149,0,1,0,7,2,1,11,0,1,0,1,1,2,0,11,2,0,0,2,9,0,0,0,67,0,1,0,1,0,0,1,9,10,0,44,4,6,1,3,1,0,0,0,0,0,0,0,0,1,3,0,0,3,0,0,2,6,0,1,0,0,12,22,0,2,5
"47_020. Warriors (ft. Imagine Dragons)  Worlds 2014 - League of Legends_noise_-10dB_sample1.wav",122,1,2,8,14,0,0,1,2,0,0,0,1,3,25,2,0,48,2,2,1,80,1,1,5,3,0,2,1,14,2,0,0,3,8,4,1,0,0,1,5,1,1,0,0,0,10,0,0,6,0,9,0,0,5,0,0,3,0,0,0,0,2,0,0,11,2,1,5,261,12,10,0,1,1,1,0,2,0,0,0,0,0,0,0,0,1,3,0,1,2,2,0,0,0,0,11,8,1,6,0
"38_082. Smoke and Mirrors_noise_-10dB_sample1.wav",121,0,0,7,0,6,0,0,1,1,0,0,4,0,27,1,3,36,1,2,0,72,1,2,0,3,0,0,2,2,1,0,0,3,51,1,0,0,0,1,0,7,0,0,0,2,4,1,0,542,0,2,0,2,1,0,0,0,0,0,0,0,0,1,0,0,2,6,2,32,2,0,0,3,0,0,4,0,0,0,0,0,0,0,0,0,4,0,0,0,2,2,0,0,3,0,8,13,1,2,0
"33_076. Galantis - Firebird (Official Audio)_noise_-10dB_sample2.wav",120,33,0,72,0,2,6,2,1,0,0,0,0,2,33,1,4,56,10,2,2,132,0,0,1,3,2,0,1,1,12,1,4,2,154,2,0,0,0,1,2,15,1,0,1,12,18,1,1,2,2,8,0,24,2,8,1,0,4,1,368,0,0,0,0,0,1,11,4,49,1,0,0,3,4,0,1,1,0,8,0,1,0,1,0,0,0,2,0,2,4,1,2,12,8,3,13,45,8,2,0
"18_044. tony igy-stop in my mind_noise_-10dB_sample2.wav",113,0,6,8,4,1,0,9,0,0,1,0,10,4,33,1,1,55,3,4,0,92,0,7,9,5,4,10,4,12,4,883,7,3,119,1,1,2,0,4,2,10,0,7,4,0,5,1,6,2,1,0,18,18,14,0,8,5,0,0,0,0,1,4,3,7,2,9,4,44,4,6,0,2,0,2,0,0,3,8,0,2,0,0,0,2,4,2,0,1,5,3,2,3,18,0,11,22,4,70,0
"36_072. Jessie J - Price Tag ft. B.o.B_noise_-10dB_sample2.wav",116,523,0,979,31,373,45,0,0,41,103,0,1,2,294,1,243,48,3,1,1,122,3,0,22,3,0,1,3,2,1,1,0,1,93,1,15,0,0,1,1,8,590,1,0,15,0,209,0,6,2,0,0,2,40,3,12,110,45,9,0,8,80,0,0,96,4,12,0,42,1,0,0,0,0,0,0,40,0,9,0,7,2,0,47,0,0,2,0,7,30,17,0,20,1252,50,12,34,2,16,50
"66_Cruel_Summer_noise_-10dB_sample1.wav",115,0,5,5,3,1,1,5,0,2,2,1,5,11,32,0,2,48,12,3,0,122,0,7,0,6,2,1,3,2,1,15,13,3,73,32,4,0,1,1,0,10,1,0,4,0,10,0,176,23,2,12,0,0,2,0,0,1,0,0,0,0,2,0,11,2,3,6,1,43,1,9,0,3,0,1,0,0,0,0,0,1,0,1,2,2,0,2,0,0,1,1,0,0,1,0,11,28,2,1,0
"98_021. Alan Walker - Faded_noise_-10dB_sample1.wav",116,3,0,14,0,1,0,12,1,1,8,0,2,2,33,1,4,50,2,4,0,124,0,0,4,2,0,16,2,15,0,3,0,1,154,2,2,0,0,2,2,13,2,0,1,2,0,195,2,2,7,402,4,264,2,0,1,0,0,0,1,0,0,15,4,0,7,11,5,44,3,21,3,3,0,0,27,32,0,13,0,1,1,8,2,0,0,1,1,0,8,0,0,0,0,0,11,34,2,4,0
"98_021. Alan Walker - Faded_noise_-10dB_sample2.wav",112,2,0,5,0,4,6,11,1,0,0,0,0,77,33,0,4,46,0,0,12,132,0,0,88,3,0,0,0,2,0,1,3,2,154,2,4,0,14,0,1,11,0,2,0,11,7,23,0,25,0,182,4,18,47,2,1,0,0,0,8,1,0,0,0,9,8,11,2,44,1,3,0,3,0,0,0,15,0,1,0,1,0,30,0,13,0,0,3,0,0,1,0,0,0,0,11,46,2,2,0
"75_078. Kungs vs Cookin on 3 Burners - This Girl (Official Music Video)_noise_-10dB_sample2.wav",114,0,3,8,0,1,171,0,2,0,5,0,0,0,33,3,2,48,2,1,0,122,0,0,0,7,0,0,0,4,0,0,0,4,154,2,1,0,0,2,2,11,1,1,0,4,0,0,2,0,2,4,0,0,1,0,0,0,0,0,0,0,0,0,1,0,5,10,3,44,1,3,0,2,0,1,0,0,0,0,0,0,0,0,0,12,3,0,0,0,1,2,0,1,5,0,12,30,2,1,1
"80_077. Emeli Sandé - Hurts_noise_-10dB_sample1.wav",111,4,4,205,55,209,0,3,1,1,0,0,2,66,30,20,7,48,4,2,0,82,36,11,0,29,23,57,1,1,26,2,64,209,75,11,12,0,13,2,3,9,0,2,250,1,2,1,0,14,14,0,2,33,161,0,0,2,0,8,0,0,16,20,11,76,7,6,11,34,2,26,0,15,34,22,0,11,2,0,0,19,0,14,21,0,105,46,2,0,2,8,8,0,9,0,11,20,1,2,55
"69_066. Jessie J - Bang Bang ft. Ariana Grande, Nicki Minaj_noise_-10dB_sample1.wav",116,1,0,0,0,7,0,1,1,0,4,0,2,0,33,1,1,44,3,0,0,132,0,0,6,3,0,0,1,2,1,0,0,0,154,0,2,0,0,2,1,13,0,1,0,0,2,0,1,7,0,2,0,2,1,39,0,0,0,16,0,0,0,0,0,0,16,11,4,44,7,0,0,1,0,0,0,1,0,0,0,0,0,5,0,0,4,1,0,0,1,1,0,0,1,0,11,44,2,2,0
"100_059. Nilla Wafer Top Hat Time  Song - Rhett & Link_noise_-10dB_sample2.wav",113,0,0,6,0,0,1,0,0,0,2,0,0,1,33,0,3,46,2,3,1,110,3,0,0,4,0,0,0,2,1,0,0,3,139,2,0,0,0,0,2,11,0,0,0,0,0,1,0,2,0,0,0,2,1,0,0,0,0,0,0,0,2,0,1,0,2,10,0,44,2,0,0,1,0,0,0,0,0,0,0,0,0,0,0,0,0,0,0,0,2,2,0,0,4,0,11,27,2,2,0
"103_037. Calvin Harris, Rihanna - This Is What You Came For (Official Video) ft. Rihanna_noise_-10dB_sample1.wav",118,2,0,9,0,0,0,2,1,0,1,0,2,0,33,2,3,48,20,3,0,124,0,1,0,4,0,0,0,3,0,0,121,3,85,1,18,0,0,6,0,11,2,0,0,0,2,0,0,2,20,1,0,0,3,0,0,0,0,0,0,0,2,13,24,2,2,7,3,44,1,18,2,10,0,0,0,0,0,0,0,2,2,0,2,0,4,9,2,0,1,17,0,0,0,0,11,21,0,2,471
"96_089. American Boy by Estelle and Kanye West_noise_-10dB_sample2.wav",124,0,0,4,2,0,0,12,0,0,0,8,0,3,33,0,0,52,0,2,0,122,0,3,8,6,2,4,3,6,2,8,3,2,154,1,2,2,0,1,5,15,1,9,6,0,2,1,0,2,3,0,0,8,0,0,0,0,0,0,0,0,1,2,4,0,7,11,7,44,6,2,0,0,1,0,0,0,1,0,0,1,0,2,0,0,2,1,0,0,0,2,2,0,1,1,11,39,150,0,1
"30_Cannibal_noise_-10dB_sample2.wav",121,11,0,10,0,0,0,0,4,0,0,0,0,4,29,0,2,52,2,2,13,104,4,0,1,3,0,0,0,4,0,1,1,4,15,4,0,0,0,1,0,4,0,0,0,0,66,0,0,5,15,0,0,0,19,0,1,0,0,0,0,0,0,0,1,0,3,2,0,36,4,0,0,1,0,1,0,0,0,0,0,0,0,341,0,0,0,0,0,0,0,1,0,0,0,0,11,10,0,2,0
"9_034. Pitbull - Timber (Official Video) ft. Ke$ha_noise_-10dB_sample2.wav",123,0,4,4,1,0,0,2,2,0,4,0,0,0,33,0,0,45,3,0,0,124,0,2,5,2,4,1,1,7,52,2,2,2,107,6,0,0,0,2,1,11,1,1,0,0,9,0,0,0,3,13,0,6,4,0,1,0,0,0,0,3,0,0,0,0,5,8,0,44,20,8,1,0,0,0,0,0,0,0,0,0,0,0,0,0,0,2,0,0,1,1,2,0,1,0,11,33,1,1,0
"7_092. Harry Potter Medley on Marimba_noise_-10dB_sample2.wav",127,9,0,5641,0,2,0,83,3,0,0,0,0,15,67,208,3,167,2,53,0,112,44,0,2,26,226,0,0,23,318,9,221,2,103,149,44,2,41,7,7,13,1,0,149,0,29,0,0,123,1,1,2,33,5,0,0,0,2,0,1,0,47,0,308,110,38,7,52,60,1,488,4,52,15,113,0,79,7,0,70,0,0,110,3,3,0,0,12,0,0,61,74,0,1,0,15,61,11,3,968
"34_The Trap_noise_-10dB_sample2.wav",123,253,1,149,0,0,21,4,1,0,0,0,1,9,33,0,0,44,4,0,0,132,0,0,0,3,0,1,1,2,92,1,5,2,154,0,0,0,0,0,1,14,0,0,3,0,226,1,0,2,1,17,0,6,1,41,0,0,0,0,26,0,0,0,0,0,2,11,3,44,2,0,0,3,6,1,6,3,0,27,0,0,0,0,0,0,3,0,0,0,4,3,2,82,3,0,12,43,1,4,0
"73_Turn the Lights Off_noise_-10dB_sample2.wav",122,0,0,4,0,1,3,2,2,0,1,0,1,2,32,4,3,50,1,3,1,128,1,1,0,3,0,0,1,237,9,1,2,2,98,3,1,0,0,1,0,10,0,0,1,0,3,1,0,0,2,0,0,0,0,0,0,0,2,7,1,0,4,0,1,0,4,6,3,44,4,0,0,1,1,0,0,0,0,0,0,2,0,0,0,1,0,0,0,1,7,1,2,15,2,0,11,34,3,3,6
"100_059. Nilla Wafer Top Hat Time  Song - Rhett & Link_noise_-10dB_sample1.wav",120,7,2,246,0,0,1,124,0,0,0,0,2,0,39,103,0,50,2,27,0,106,0,0,1,9,73,0,0,5,154,17,138,3,154,148,38,1,14,3,5,15,1,0,47,0,1,1,2,212,0,0,0,253,2,0,0,0,0,0,0,0,0,2,4,40,15,13,13,95,2,143,3,8,8,172,0,26,5,1,0,10,0,37,2,3,0,1,425,0,1,20,103,1,2,0,11,42,3,4,66
"25_035. Alan Walker - Sing Me To Sleep_noise_-10dB_sample1.wav",114,1,5,29,0,0,1,5,2,0,2,2,0,4,31,13,1,50,3,1,0,118,10,0,6,3,15,0,0,3,17,0,16,2,61,8,1,0,4,9,0,8,0,0,11,1,10,0,1,11,3,3,0,23,1,0,0,1,1,0,2,0,5,1,1,10,4,6,5,38,4,58,11,1,2,33,0,7,0,0,0,0,2,7,1,2,1,0,0,0,1,5,30,0,1,3,11,189,1,1,7
"32_086. Olly Murs - Grow Up (Official Video)_noise_-10dB_sample1.wav",113,0,0,8,0,0,1,12,1,0,0,0,13,1,31,0,3,46,3,0,0,116,0,0,4,4,1,4,4,4,0,6,7,3,93,2,4,1,0,1,4,11,0,4,2,0,1,3,1,4,1,4,11,6,4,0,4,0,0,0,2,0,0,7,6,0,3,8,4,41,3,0,0,0,1,3,0,20,0,328,0,0,1,32,1,0,3,1,0,0,4,0,0,0,7,0,12,22,1,7,0
"43_098. Nightcore~ The Wolf_noise_-10dB_sample2.wav",112,0,0,8,0,6,88,3,0,1,1,4,0,8,32,0,2,48,12,7,0,116,0,1,13,5,0,2,0,2,2,2,0,2,60,1,6,0,8,1,0,9,3,0,0,4,1,4,1,34,1,3,0,3,16,0,2,1,0,3,2,0,2,1,0,2,3,5,0,38,3,0,0,0,4,0,26,0,0,4,0,1,0,0,6,2,0,2,0,17,5,4,2,3,9,169,11,26,3,2,3
"52_007. Katy Perry - Dark Horse ft. Juicy J_noise_-10dB_sample2.wav",119,0,0,3,0,0,0,3,1,0,0,0,2,2,32,0,0,44,2,0,1,118,0,0,5,3,0,0,0,1,0,0,0,2,90,0,4,0,0,1,0,9,1,0,0,0,1,0,0,0,0,2,0,1,1,0,0,1,0,0,0,0,0,0,0,0,5,5,2,41,7,0,0,0,0,0,0,0,0,0,0,0,0,0,1,0,0,0,0,0,2,0,0,0,2,1,11,20,1,65,0
"15_060. My OCD (Song)_noise_-10dB_sample1.wav",121,1,4,3,1,0,0,16,2,2,0,1,438,1,121,1,0,54,5,3,6,104,3,2,3,4,1,0,8,2,0,1,18,2,140,2,0,0,9,40,1,15,0,1,1,0,11,0,1,11,1,0,0,1,6,0,0,3,0,1,0,1,0,0,0,0,7,10,4,44,4,3,5,5,1,0,0,0,0,0,0,0,0,0,0,1,0,2,2,0,4,4,0,0,3,0,12,28,2,2,7
"52_007. Katy Perry - Dark Horse ft. Juicy J_noise_-10dB_sample1.wav",127,0,0,8,1,0,0,3,0,0,2,0,1,1,33,2,4,48,4,2,6,120,3,0,0,2,1,2,1,1,0,0,0,1,154,0,0,0,0,1,0,11,0,0,0,0,3,1,0,0,0,0,0,2,0,0,0,0,0,0,0,0,1,0,0,0,5,11,0,44,2,12,0,0,3,0,0,0,0,0,0,0,0,0,0,0,4,2,0,0,1,2,0,0,2,0,11,31,1,96,2
"42_046. Meghan Trainor - NO_noise_-10dB_sample1.wav",121,1,3,11,2,0,0,1,2,0,0,15,4,0,33,0,0,48,4,2,0,132,0,3,0,3,1,8,77,2,1,2,1,3,135,1,1,4,0,1,0,11,0,1,12,0,4,2,5,3,1,2,2,6,1,1,0,0,0,0,1,0,0,1,0,2,3,8,3,44,1,1,0,0,0,0,0,2,1,4,0,0,0,7,4,0,3,3,1,1,2,4,0,1,1,2,12,50,1,5,1
"54_016. Taylor Swift - Blank Space_noise_-10dB_sample1.wav",126,0,0,4,0,0,0,4,0,0,0,0,2,0,31,0,0,44,2,2,0,119,2,1,1,4,0,1,2,2,0,3,4,3,55,1,0,0,0,3,2,12,0,2,0,0,1,0,0,4,2,0,5,1,1,0,2,131,0,0,0,0,0,0,0,0,4,7,0,42,3,0,0,3,1,0,0,3,1,0,0,0,0,2,0,0,0,1,0,0,0,7,0,0,0,0,11,22,2,14,0
"101_070. Eminence - Knock Me Out (feat. Anna Cyzon) [Monstercat Official Music Video]_noise_-10dB_sample2.wav",124,22,1,15,3,4,1,0,2,1,1,0,2,2,33,2,0,48,6,3,0,118,1,2,3,4,0,1,0,1,10,3,84,11,139,0,1,0,0,4,2,15,2,0,2,2,11,2,1,4,0,1,0,1,1,4,0,3,0,1,4,1,0,1,0,4,6,11,7,44,3,0,0,3,2,0,1,0,0,3,0,1,0,1,0,0,1,8,1,0,0,1,0,8,0,0,11,28,4,4,0
"88_033. Fifth Harmony - Worth It (Official Video) ft. Kid Ink_noise_-10dB_sample2.wav",126,0,0,44,20,0,4,0,0,0,126,0,0,1,33,1,0,48,2,3,0,100,0,0,4,2,0,0,0,1,0,1,0,2,149,1,1,0,0,1,2,11,0,0,0,1,0,4,0,2,0,0,1,0,0,0,0,9,0,0,1,0,0,0,1,8,3,11,0,44,2,0,0,0,1,0,0,1,0,0,0,0,1,0,4,0,0,1,0,0,1,2,0,0,9,1,11,32,1,1,0
"94_Banana Man_noise_-10dB_sample1.wav",123,1,0,13,0,0,0,0,0,2,0,0,2,1,33,1,4,50,4,0,2,106,0,0,3,32,0,1,0,2,1,0,0,5,130,1,1,0,4,0,12,13,0,0,0,0,0,0,0,2,1,0,0,2,1,0,0,0,0,0,0,0,0,0,0,0,4,9,0,44,4,0,0,3,0,0,0,3,0,1,0,0,0,0,1,1,0,0,0,0,4,4,0,0,0,0,13,24,2,2,0
"36_072. Jessie J - Price Tag ft. B.o.B_noise_-10dB_sample1.wav",127,44,0,6,2,23,1,0,1,0,7,0,0,0,33,8,9,48,1,0,0,126,1,5,6,4,0,1,0,3,0,2,0,2,139,1,1,0,0,0,0,11,54,3,0,3,0,29,0,0,1,2,0,11,13,0,1,24,0,6,0,1,0,0,0,61,1,11,4,44,0,0,0,2,1,0,1,21,0,1,0,0,0,0,6,1,0,0,0,7,2,3,0,4,204,1,12,29,1,11,0
"0_096. Nightcore - Mad World_noise_-10dB_sample1.wav",126,0,0,2,2,0,0,1,0,1,1,0,2,12,29,0,0,45,2,0,9385,108,510,1,4,6,2,0,3,1,1,1,1,1,25,0,0,0,5,0,3,4,0,0,3,0,202,0,0,7,2,0,0,1,1,0,0,0,0,1,1,0,0,1,1,0,1,2,0,36,2,0,2,4,1,3,9,1,0,0,58,18,4,11,0,0,3,1,0,0,2,3,0,0,2,0,11,16,0,0,0
"92_025. Fall Out Boy - Immortals (From Big Hero 6)_noise_-10dB_sample2.wav",124,3,5,465,45,201,0,8,0,1,0,0,109,77,33,2,3,49,5,5,0,120,25,28,1,29,3,313,5,15,1,13,51,354,132,23,4,33,10,5,1,11,2,3,32,0,2,194,0,6,10,19,11,145,136,0,1,3,2,3,1,3,1,25,3,78,6,9,7,44,6,23,0,8,25,19,0,59,4,35,0,13,0,94,12,0,97,64,0,0,31,7,0,0,3,11,12,25,1,25,2
"64_097. Nightcore - Running With the Wolves [Lyrics]_noise_-10dB_sample2.wav",122,0,1,8,0,1,0,0,2,0,0,0,2,0,32,2,2,44,3,0,3,118,0,1,0,4,1,2,1,2,1,0,0,3,73,1,2,0,0,1,1,9,0,1,1,0,2,1,0,1,0,1,0,2,1,1,0,0,0,0,0,0,0,1,0,0,4,7,3,42,2,1,0,1,0,2,91,0,0,0,0,1,0,0,0,1,0,0,0,0,1,1,2,0,2,0,11,24,1,2,0
"95_053. Avicii - Hey Brother_noise_-10dB_sample2.wav",121,0,0,8,0,0,0,1,1,0,0,0,0,0,60,6,3,51,1,33,0,88,0,0,125,6,11,0,1,4,1,0,0,4,149,1,0,0,6,2,3,15,0,0,0,0,4,0,1,9,0,2,0,2,1,0,3,5,2,4,0,1,0,0,0,0,4,11,3,44,4,6,24,3,0,1,0,0,0,0,0,2,0,0,5,3,0,0,0,0,4,3,0,0,2,0,11,27,11,3,0
"82_A Lady_noise_-10dB_sample2.wav",120,8,0,215,1,0,0,6,3,3,0,0,0,0,62,2,7,48,4,11,0,88,0,0,7,9,1,0,6,4,19,0,2,3,120,5,2,0,369,1,37,12,2,3,35,1,53,4,0,7,1,38,0,15,2,1,2,1,0,0,0,3,1,4,3,2,4,9,19,44,30,50,0,1,0,0,6,0,0,0,3,2,0,1,0,0,2,1,0,0,2,1,3,0,1,0,11,21,1,3,12
"48_027. MAGIC! - Rude (Official Video)_noise_-10dB_sample1.wav",123,0,0,3,0,0,0,1,1,0,0,0,1,2,33,0,1,48,2,3,0,132,0,1,0,2,0,0,0,2,0,0,0,2,149,2,0,134,0,1,1,15,0,0,0,2,0,0,0,2,0,2,0,0,1,0,0,0,1,0,0,0,0,0,0,0,1,11,4,44,0,0,0,2,0,0,0,0,0,0,0,0,0,0,0,0,0,0,0,0,1,1,0,0,0,0,11,42,1,2,0
"19_054. Owl City - When Can I See You Again (From Wreck it Ralph)_noise_-10dB_sample2.wav",125,4,15,48,4,1,0,2,1,0,0,0,0,0,31,6,3,52,6,5,1,106,0,1,8,12,9,7,2,20,10,11,4,1,86,19,7,0,1,7,15,9,2,1,17,0,2,0,5,20,2,45,0,0,2,0,10,10,0,6,0,0,6,8,1,8,3,17,2,42,173,40,0,2,4,25,0,0,0,0,0,19,0,1,3,0,3,0,2,0,1,2,0,1,1,0,11,19,0,1,8
"41_The Bidding_noise_-10dB_sample2.wav",126,0,0,9,0,0,1,0,1,1,0,1,4,1,33,0,0,46,6,2,0,132,0,0,3,3,0,2,1,4,1,1,0,5,154,0,1,0,1,0,1,19,0,0,3,1,3,1,0,4,0,2,0,1,2,0,0,0,0,0,0,1,0,0,1,2,6,11,8,44,3,1,0,3,0,1,0,0,1,0,0,0,1,0,0,0,1,1,0,0,2,1,0,0,4,0,67,44,1,4,0
"20_Never Meant to Know_noise_-10dB_sample1.wav",130,0,0,15,0,0,18,4,2,0,0,0,0,1,32,1,2,46,2,0,2,116,0,1,0,4,0,27,7,13,1,14,16,2,106,0,0,1,2,1,2,10,3,20,15,0,3,110,0,0,1,15,6,154,7,0,0,17,0,0,0,0,0,14,8,0,3,9,5,44,0,0,0,3,0,0,1,48,0,13,0,0,0,8,10,0,32,12,1,8,30,2,0,0,5,0,12,27,2,3,0
"73_Turn the Lights Off_noise_-10dB_sample1.wav",128,0,0,2,0,1,0,7,1,0,2,0,2,0,31,1,1,48,0,3,0,102,0,0,5,3,0,3,1,102,0,1,3,2,58,0,1,0,3,0,0,7,0,0,1,0,1,6,0,0,1,3,2,11,1,0,0,0,2,1,0,0,0,4,1,0,3,5,0,38,3,0,0,1,0,0,0,0,0,8,0,0,0,0,0,2,4,1,0,1,2,0,2,0,0,0,12,23,1,3,0
"87_079. twenty one pilots Heathens (from Suicide Squad The Album) [OFFICIAL VIDEO]_noise_-10dB_sample2.wav",124,3,23,72,15,66,0,2,0,4,0,0,0,18,33,6,3,46,9,27,0,90,13,33,1,78,1,33,0,4,1,26,70,66,133,6,11,0,4,1,1,11,0,0,64,0,3,0,3,8,10,0,0,32,66,0,2,10,0,73,2,0,0,1,11,31,4,10,3,44,33,15,0,20,38,542,0,0,0,0,0,9,0,10,20,0,41,35,0,0,5,20,2,0,9,0,13,25,1,1,3
"26_017. David Guetta - Titanium ft. Sia (Official Video)_noise_-10dB_sample1.wav",128,101,0,104,0,23,10,0,14,0,1,0,0,1,47,1,1,44,1,0,4,132,20,0,3,2,0,0,3,6,7,1,6,1,149,0,1,3,0,0,0,12,49,3,4,2,49,24,11,2,0,2,0,4,5,2,3,15,0,456,2,0,0,0,0,27,6,12,4,44,3,0,0,1,1,2,0,7,0,5,0,2,0,4,1,0,0,3,0,1,4,5,1,15,102,0,11,46,4,3,0
"67_090. Josh Groban - You Raise Me Up (Official Music Video) [HD Remaster]_noise_-10dB_sample1.wav",126,230,0,46,0,0,2,0,0,2,0,3,6,1,33,1,18,48,12,1,0,103,0,0,1,3,1,0,2,2,11,0,1,2,154,0,1,0,0,1,1,11,15,0,0,6,33,19,0,3,2,3,0,53,1,3,2,0,0,4,6,0,0,0,0,0,4,11,0,44,3,1,0,3,0,0,1,0,0,4,0,0,4,0,0,0,0,4,0,0,4,1,0,9,4,0,11,24,0,3,0
"26_017. David Guetta - Titanium ft. Sia (Official Video)_noise_-10dB_sample2.wav",126,211,1,4,73,0,0,13,1,2,0,0,2,0,35,6,2,44,0,40,0,110,0,0,40,5,3,0,1,3,0,3,52,2,134,0,0,0,11,4,0,11,4,1,2,4,71,0,1,63,5,1,3,11,11,1,0,11,3,358,0,4,0,0,0,0,2,7,1,44,22,2,0,3,10,1,0,13,0,4,0,0,0,6,1,1,8,0,0,0,0,5,0,5,1,0,49,22,35,1,4
"38_082. Smoke and Mirrors_noise_-10dB_sample2.wav",128,3,12,8,0,2,4,96,5,0,0,11,1,0,33,3,4,46,2,3,1,122,0,0,3,21,0,1,1,1,0,1,1,3,154,0,0,0,1,2,5,11,1,0,1,0,18,0,1,188,5,0,0,0,0,1,3,2,0,1,0,0,0,5,0,4,8,11,1,44,4,1,0,0,4,0,1,8,0,0,0,1,1,0,0,11,1,18,1,0,0,1,0,0,2,0,12,30,4,2,2
"62_061. LEFT SCREEN ONLY Spot the Differences_noise_-10dB_sample2.wav",124,9,0,6,0,0,0,4,0,0,0,1,0,0,33,0,0,44,2,0,107,86,0,0,9,3,11,0,1,2,0,0,0,2,101,0,2,0,0,0,55,11,0,0,0,0,0,1,1,1,0,0,0,0,16,0,0,0,0,0,4,0,0,0,25,0,2,8,0,44,3,5,0,31,7,0,0,0,0,0,4022,0,0,13,0,0,0,3,0,0,0,1,2,0,0,0,11,20,1,1,0
"96_089. American Boy by Estelle and Kanye West_noise_-10dB_sample1.wav",120,0,0,3,2,0,0,0,3,0,0,0,1,0,33,0,1,48,4,2,0,87,0,0,1,1,0,0,0,32,0,8,0,1,51,1,0,0,0,0,0,16,0,12,0,11,0,1,0,1,0,3,0,0,0,0,0,0,0,0,0,0,0,1,0,0,2,2,12,43,3,0,0,0,0,0,0,0,1,0,0,0,0,0,0,0,6,8,0,0,0,0,2,0,0,0,11,15,114,4,2
"37_063. Bastille - Pompeii (Official Music Video)_noise_-10dB_sample2.wav",124,1,6,151,18,11,1,3,1,1,1,0,1,3,33,13,4,48,7,5,0,124,1,185,2,8,0,27,6,4,0,3,25,186,115,2,5,0,3,2,1,11,5,1,3,0,1,0,0,5,1,2,1,7,8,0,0,1,0,19,1,0,1,0,0,57,1,9,3,43,4,5,0,25,7,10,1,0,9,1,0,3,0,2,4,0,59,14,0,4,2,3,1,3,3,0,12,33,2,2,3
"50_006. Wiz Khalifa - See You Again ft. Charlie Puth [Official Video] Furious 7 Soundtrack_noise_-10dB_sample1.wav",121,8,0,143,1,5,1,4,0,2,3,0,3,2,33,0,2,46,6,2,0,94,1,0,7,2,0,0,3,2,1,0,2,2,91,0,1,0,5,13,1,10,7,0,0,1,2,28,0,8,0,0,0,0,266,0,11,3,2,0,2,0,2,1,0,16,3,7,0,42,3,0,3,3,0,0,0,2,0,2,0,1,0,0,2,0,0,1,0,1,6,3,0,0,24,3,11,21,1,1,3
"7_092. Harry Potter Medley on Marimba_noise_-10dB_sample1.wav",126,56,4,3070,5,0,0,274,0,17,0,0,0,44,75,213,0,154,0,33,0,122,0,0,4,23,196,7,0,6,373,8,84,3,68,133,51,0,228,11,23,11,91,15,165,48,2,319,8,170,168,75,2,65,36,0,12,0,15,3,19,1,121,13,1419,187,87,6,221,53,5,827,12,88,8,136,0,70,2,1,110,2,21,271,32,5,0,1,77,0,7,54,58,0,1,9,13,36,22,6,11952
"47_020. Warriors (ft. Imagine Dragons)  Worlds 2014 - League of Legends_noise_-10dB_sample2.wav",120,0,0,6,1,0,0,6,0,0,0,0,1,4,33,2,0,48,4,0,12,132,0,1,0,2,0,1,3,2,1,0,10,2,139,98,15,0,0,2,7,11,0,2,1,0,2,0,0,1,0,0,0,33,0,0,0,0,0,0,3,3,0,5,26,15,2,11,1,1337,2,39,0,3,0,0,0,0,0,0,0,0,0,0,0,2,0,0,5,3,0,7,1,0,26,0,11,43,2,1,3
"22_094. Harry Potter Puppet Pals - The Mysterious Ticking Noise (Video With Lyrics)_noise_-10dB_sample2.wav",120,0,6,5,0,0,0,6,1,0,0,0,0,1,31,3,1,40,3,3,0,62,0,0,2,5,7,0,1,5,1,2,69,3,78,7,5,1,0,0,1,11,1,2,0,0,1,1,1,2,0,1,1,0,2,0,6,2,0,0,0,24,0,1,66,14,7,6,2,36,1,6,3,3,0,1,0,0,0,1,1,71,3,14,1,0,7,1,0,0,1,2,0,0,0,0,12,14,9,2,2
"60_057. Get Off The Phone Song_noise_-10dB_sample2.wav",121,0,2,9,7,4,0,30,1,5,1,0,13,12,32,2,1,44,6,5,0,126,0,11,3,18,0,5,4,23,1,5,11,3,121,2,5,2,15,2,2,12,3,159,3,0,1,1,1,1,1,1,11,2,4,0,0,5,0,12,0,0,1,3,15,3,7,10,7,42,8,4,0,18,0,4,0,9,2,14,0,0,0,11,0,2,7,8,1,1,4,8,2,0,0,2,11,37,6,2,10
"95_053. Avicii - Hey Brother_noise_-10dB_sample1.wav",121,7,3,11,0,0,8,11,1,2,0,0,2,0,31,3,4,46,0,6,0,84,0,0,113,6,10,0,0,2,0,3,0,2,120,0,2,0,0,1,0,11,1,0,0,4,4,0,0,1,2,1,2,0,1,0,1,0,3,0,2,1,0,0,1,0,11,9,0,44,4,1,0,1,0,2,0,7,0,1,0,0,0,3,0,3,0,3,0,0,1,4,0,0,0,0,11,21,11,2,0
"53_102. What_noise_-10dB_sample2.wav",120,10,33,4,1,0,0,2,1,1,0,1,0,6,32,1,1,52,3,3,0,96,0,0,4,8,0,0,1,3,0,1,3,3,109,9,2,0,0,0,2,13,0,0,7,0,4,0,2,3,0,2,0,0,1,0,1,2,0,0,7,666,0,0,0,0,7,9,4,42,3,6,0,4,7,12,0,0,0,0,0,0,5,23,0,1,0,8,0,0,0,4,4,0,4,0,12,24,2,2,0
"97_075. Lindsey Stirling - Prism (Official Video)_noise_-10dB_sample2.wav",122,0,1,21,0,0,0,163,2,4,0,0,1,19,33,4,8,55,4,6,0,132,0,0,0,2,4,0,0,2,1,2,6,1,154,1,0,0,0,2,0,11,0,1,1,0,4,2,2,4,1,0,1,4,2,0,0,2,0,0,2,0,0,0,18,17,2,11,1,44,1,4,1,6,0,0,0,0,5,0,0,1,0,3,0,0,0,9,3,1,2,6,2,0,4,0,13,44,3,2,44
"84_001. Anna Kendrick - Cups_noise_-10dB_sample2.wav",121,0,0,10,0,0,0,0,0,0,0,0,0,0,33,0,0,44,6,1,0,132,0,0,1,2,0,2,0,2,5,0,0,4,140,2,0,0,0,0,0,12,0,0,0,0,0,0,0,0,1,0,3,0,1,0,0,0,0,1,0,0,0,0,1,0,3,4,0,44,3,0,0,0,0,0,0,0,0,0,0,0,0,0,0,0,0,1,0,0,1,4,0,0,0,0,12,46,2,1,0
"66_Cruel_Summer_noise_-10dB_sample2.wav",121,0,5,6,0,2,0,4,1,0,0,0,1,1,31,4,3,46,3,1,0,110,0,2,0,2,7,1,2,1,0,12,12,2,77,0,3,0,0,1,0,8,1,0,14,0,1,0,75,8,1,1,1,0,1,0,0,3,0,0,0,0,5,0,0,7,2,12,2,40,8,5,0,3,0,9,0,0,0,1,1,0,0,8,4,1,3,0,0,0,2,4,0,5,2,0,11,22,2,2,0
"78_026. Katy Perry - Firework (Official Music Video)_noise_-10dB_sample2.wav",121,31,0,57,3,16,3,0,1,1,0,0,0,0,30,0,1,48,2,0,0,86,0,0,4,2,0,1,1,3,1,0,1,3,51,1,1,0,0,1,0,8,12,3,1,18,21,148,0,0,30,9,4,5,7,0,11,0,5,1,21,0,0,0,3,2,4,1,1,37,5,0,0,1,0,1,0,1,0,7,0,0,16,0,1,1,1,3,0,1,1,1,2,0,0,8,12,14,2,3,0
"69_066. Jessie J - Bang Bang ft. Ariana Grande, Nicki Minaj_noise_-10dB_sample2.wav",130,0,0,18,0,0,0,2,0,0,0,0,0,1,33,1,0,46,5,1,0,88,0,0,2,3,0,1,0,1,0,4,1,1,139,0,0,0,0,2,2,11,0,0,0,0,1,1,0,6,1,0,1,1,0,71,0,0,3,0,0,1,7,0,0,0,2,10,0,44,3,1,0,1,1,0,0,1,0,0,0,0,0,1,0,0,0,1,0,0,1,4,0,0,0,1,12,32,2,2,0
"19_054. Owl City - When Can I See You Again (From Wreck it Ralph)_noise_-10dB_sample1.wav",120,0,4,40,10,0,1,9,16,0,0,0,12,0,231,8,4,46,7,44,2,112,0,0,9,2,0,0,0,2,2,0,1,4,116,0,1,0,18,48,1,11,3,0,4,11,18,0,0,27,3,0,2,0,10,0,1,0,4,13,3,0,1,0,4,12,11,7,2,44,182,12,5,2,1,0,11,0,0,0,0,0,0,1,4,0,5,3,0,0,0,0,0,0,4,0,11,22,2,1,3
"91_Greener_noise_-10dB_sample1.wav",119,0,0,3,0,0,0,0,1,0,0,0,2,0,33,0,0,50,4,6,0,113,0,1,1,3,0,0,0,1,0,0,3,1,149,0,0,0,0,0,2,15,0,0,0,0,0,0,0,7,1,1,0,0,0,0,0,3,0,0,0,0,0,0,51,0,11,11,4,44,4,0,2,0,0,0,2,0,0,0,0,0,0,0,0,0,0,1,0,0,1,0,0,0,0,0,11,30,4,4,3
"23_048. Pharrell Williams - Happy (Official Music Video)_noise_-10dB_sample1.wav",121,0,0,9,1,0,0,0,1,1,2,0,0,2,33,0,1,44,2,0,2,132,0,0,0,4,0,0,0,3,1,1,0,4,154,1,0,0,0,1,0,11,1,0,0,0,6,0,3,1,0,2,0,0,1,0,0,0,0,1,0,0,0,0,0,2,1,11,0,44,6,0,0,6,0,0,0,0,0,0,0,0,0,1,0,0,4,1,0,2,125,1,0,0,1,6,11,56,0,2,0
"37_063. Bastille - Pompeii (Official Music Video)_noise_-10dB_sample1.wav",121,0,5,20,7,5,0,1,6,1,0,0,1,1,31,0,4,48,4,3,1,114,4,177,3,5,0,3,1,3,0,3,7,8,66,1,3,0,0,1,2,7,1,1,0,0,0,1,0,4,1,1,0,13,1,0,2,0,0,8,1,0,0,1,0,4,9,7,2,39,1,1,0,12,1,2,0,0,0,0,0,0,0,12,1,0,9,7,2,0,1,2,0,0,7,0,12,16,3,1,2
"3_100. Owl City & Carly Rae Jepsen - Good Time (Official Video)_noise_-10dB_sample2.wav",124,6,0,13,0,0,13,0,1,14,2,0,1,32,33,0,6,44,13,2,0,128,0,0,33,2,0,1,0,1,0,0,0,5,140,0,0,0,1,1,6,19,181,0,0,3,1,18,2,2,1,8,3,4,4,0,3,1,8,3,13,0,0,0,0,8,6,11,4,51,4,2,0,0,0,0,0,8,0,1,0,0,0,0,0,5,1,1,0,0,0,0,2,0,0,1,11,29,3,1,2
"91_Greener_noise_-10dB_sample2.wav",121,2,2,9,0,0,0,0,1,0,0,0,1,0,33,2,0,48,1,0,0,88,0,4,0,5,0,2,1,1,0,0,1,3,92,2,0,0,0,1,0,11,0,0,0,0,0,1,0,0,1,3,0,0,0,0,0,0,0,0,0,0,0,0,71,0,2,4,5,44,3,0,0,2,0,1,0,0,0,0,0,0,2,0,0,0,3,1,0,0,2,4,0,0,4,0,12,20,2,1,2
"35_036. Fall Out Boy - Centuries (Official Video)_noise_-10dB_sample2.wav",124,0,5,53,0,0,0,0,1,0,0,1,0,0,33,17,0,46,7,0,1,128,0,0,1,3,0,0,1,1,1,0,27,2,131,629,1,0,0,1,5,18,0,2,0,1,1,0,0,1,0,2,0,0,2,0,0,0,0,0,0,4,0,4,97,69,4,9,1,47,1,52,0,0,0,0,4,0,0,0,0,1,0,3,0,9,2,0,0,0,0,5,5,0,23,0,12,38,2,1,1
"87_079. twenty one pilots Heathens (from Suicide Squad The Album) [OFFICIAL VIDEO]_noise_-10dB_sample1.wav",125,3,3,70,3,2,0,50,2,0,2,0,1,1,33,9,0,48,3,20,0,74,7,10,1,3,10,4,0,4,41,8,30,2,136,65,16,1,3,7,6,11,0,0,24,0,2,0,2,25,2,1,0,2,4,0,0,0,0,0,0,0,23,1,11,4,3,10,9,45,4,52,1,6,0,722,0,4,0,0,7,10,3,3,0,1,18,1,6,0,1,2,65,4,2,0,12,52,2,2,23
"8_081. The Beach Boys - I Get Around_noise_-10dB_sample2.wav",121,1,1,7,0,0,1,8,1,5,1,5,0,0,33,4,4,48,0,1,0,92,0,0,3,4,9,0,1,2,0,0,4,3,154,0,0,1,0,1,2,139,0,0,0,2,2,1,1,6,1,0,4,0,8,0,3,2,0,2,11,2,0,0,0,0,1,11,2,45,0,9,2,3,0,0,1,1,0,0,0,4,0,0,6,1,0,0,0,2,3,3,0,0,3,0,12,28,14,2,0
"21_085. Janji ft. Johnning - Heroes Tonight 1 HOUR_noise_-10dB_sample2.wav",120,1,1,4,0,0,3,0,1,0,0,0,3,0,33,1,0,55,1,2,0,71,0,1,4,3,0,0,1,2,0,3,1,2,97,0,0,0,0,1,3,11,0,1,0,1,2,0,1,2,1,1,1,2,0,0,0,0,0,1,0,0,0,0,0,0,5,7,2,44,2,0,0,1,2,0,4,2,0,0,0,1,1,2,0,0,0,0,0,1,0,4,0,1,0,0,11,25,1,3,2
"53_102. What_noise_-10dB_sample1.wav",120,16,0,11,0,0,0,2,1,0,1,0,0,6,24,0,0,44,4,0,0,76,0,0,1,1,0,0,1,3,0,0,0,4,5,11,0,0,0,0,1,2,0,0,0,0,2,1,0,1,0,0,0,0,2,0,4,1,0,0,1,398,0,0,0,1,2,2,0,27,2,329,0,0,0,1,195,0,0,0,0,1,0,0,0,0,0,0,0,2,1,4,1,0,0,0,11,9,2,2,3
"45_005. OneRepublic - Counting Stars_noise_-10dB_sample1.wav",121,0,23,12,0,0,1,14,2,0,4,8,1,2,33,1,1,48,2,0,0,89,0,0,4,4,0,3,6,3,1,5,1,5,144,2,0,0,0,1,1,11,0,0,3,0,0,0,0,4,1,0,5,6,1,0,0,0,0,0,0,0,0,2,0,0,2,11,90,44,1,3,0,3,2,0,0,0,0,0,0,1,2,0,1,0,4,2,0,0,1,2,0,3,1,1,11,26,1,1,1
"90_064. Eurythmics, Annie Lennox, Dave Stewart - Sweet Dreams (Are Made Of This) (Official Video)_noise_-10dB_sample1.wav",122,0,0,9,0,0,2,0,1,0,4,0,0,0,33,6,4,48,4,1,0,102,0,0,3,2,1,1,1,1,0,2,2,0,130,0,0,0,0,2,1,11,0,1,0,2,0,0,0,1,1,2,0,1,1,0,0,1,0,6,1,1,3,0,0,0,8,9,4,44,3,0,0,5,0,0,0,3,1,0,0,0,1,1,0,0,0,2,0,31,0,0,0,1,2,0,11,27,1,2,0
"74_029. David Guetta - Hey Mama (Official Video) ft Nicki Minaj, Bebe Rexha & Afrojack_noise_-10dB_sample2.wav",121,0,0,11,0,0,0,1,1,0,0,0,1,0,33,1,3,52,6,2,0,124,0,4,1,1,0,0,2,2,0,0,2,3,108,4,0,0,0,6,1,17,0,0,0,0,1,0,1,2,1,2,0,0,0,0,1,0,0,0,0,0,0,0,0,0,3,10,3,47,2,5,0,2,0,0,0,0,0,0,2,0,0,0,0,0,0,0,0,0,1,2,35,0,2,0,12,35,2,2,5
"24_047. Girls Talk Boys (from the Ghostbusters Original Motion Picture Soundtrack)_noise_-10dB_sample2.wav",123,39,0,139,5,28,1,13,0,8,9,0,0,2,35,67,19,49,2,11,0,100,0,0,1,11,75,0,2,2,108,2,24,1,91,43,4,0,16,3,1,11,38,0,52,1,0,28,0,43,1,0,0,1,3,0,0,5,7,0,0,0,16,0,0,30,11,7,17,44,3,140,0,2,4,41,0,30,0,1,0,0,2,26,0,0,0,3,3,0,4,354,15,0,66,9,12,20,1,3,9
"104_024. twenty one pilots Stressed Out [OFFICIAL VIDEO]_noise_-10dB_sample1.wav",121,2,0,102,0,1,1,19,1,0,0,0,0,1,33,20,5,48,6,2,2,122,8,19,1,5,23,0,2,2,43,1,5,4,104,11,8,0,6,2,2,11,1,1,17,0,1,0,0,14,2,2,0,2,2,0,0,0,0,0,0,0,24,0,10,19,269,7,6,45,1,55,0,5,2,14,0,12,0,0,2,5,0,33,1,3,2,0,0,1,0,8,4,0,0,0,13,29,1,1,11
"27_022. Major Lazer & DJ Snake - Lean On (feat. MØ) [Official Music Video]_noise_-10dB_sample1.wav",121,4,1,6,3,1,0,13,1,612,0,5,2,4,30,1,3,44,4,1,0,100,0,0,2,7,2,1,1,2,1,4,1,3,36,2,1,0,11,2,4,6,3,4,5,7,39,36,1,18,1,7,3,6,1,0,3,1,3,0,3,0,0,0,0,0,8,4,2,38,3,1,1,0,0,0,1,0,3,0,0,0,1,1,5,0,2,6,0,0,4,4,0,0,0,0,11,13,2,2,2
"89_091. Faster Car - Anders Lystell feat. Kaliber [EPIDEMIC SOUND] (Lyrics)_noise_-10dB_sample2.wav",123,0,0,33,0,0,0,11,6,0,1,0,12,0,33,1,0,44,4,2,0,110,0,5,1,2,0,6,0,5,7,8,0,3,110,0,0,11,0,0,6,11,1,4,3,1,1,4,0,1,1,6,596,96,2,0,0,0,0,0,0,3,0,5,1,0,3,7,5,44,4,0,0,0,0,0,0,2,0,11,0,0,1,8,0,0,24,15,0,0,5,4,0,2,0,5,11,20,1,16,0
"46_032. Katy Perry - Wide Awake (Official Video)_noise_-10dB_sample1.wav",122,1,1,73,1,290,0,0,1,0,0,2,0,2,30,2,0,48,7,2,0,96,6,2,0,3,0,4,0,2,0,3,2,16,27,0,2,0,0,0,0,6,0,5,2,0,1,0,0,6,0,0,0,0,0,0,0,0,0,0,0,9,0,3,0,11,2,5,1,34,2,0,0,2,3,15,2,0,0,0,3,0,0,1,0,0,67,3,0,0,0,1,0,4,2,0,11,9,3,2,0
"60_057. Get Off The Phone Song_noise_-10dB_sample1.wav",127,1,2,34,1,0,4,1,2,0,2,0,4,1,33,0,0,48,6,5,0,126,0,2,1,4,0,2,0,3,2,1,0,2,129,0,1,0,0,4,0,19,0,204,0,0,10,0,0,0,1,2,0,23,2,0,0,0,0,0,3,0,0,0,44,0,11,11,3,44,4,1,13,6,5,0,0,5,0,10,0,0,0,3,0,9,0,1,1,0,2,2,1,20,0,0,11,39,4,3,3
"10_012. Calvin Harris - I Need Your Love (Official Video) ft. Ellie Goulding_noise_-10dB_sample1.wav",125,0,0,6,0,0,16,0,2,0,0,0,2,5,33,0,1,48,3,1,0,110,0,3,0,2,4,4,1,6,1,4,2,3,106,0,0,0,2,1,0,19,0,1,4,252,2,1,0,2,0,5,5,3,0,0,1,0,0,0,0,0,0,0,0,0,4,8,7,44,3,0,0,0,0,0,0,0,0,7,0,0,0,2,0,6,4,2,0,1,4,2,0,0,0,7,12,20,7,2,2
"21_085. Janji ft. Johnning - Heroes Tonight 1 HOUR_noise_-10dB_sample1.wav",124,1,0,9,0,0,0,3,1,4,0,0,0,1,30,0,3,48,3,2,0,92,1,0,3,4,0,1,0,5,0,0,3,5,32,0,0,0,2,0,1,6,0,0,9,0,2,0,0,0,2,0,2,0,15,0,1,0,0,0,0,0,0,0,0,0,2,2,2,38,5,0,0,0,0,2,0,0,0,0,0,0,0,1,0,0,4,3,0,0,0,1,0,0,0,0,11,15,1,1,0
"77_065. Nightcore - Ghostbusters_noise_-10dB_sample1.wav",124,1,0,8,1,0,0,3,1,1,4,1,0,0,33,1,4,46,0,0,1,130,0,0,1,2,0,1,0,4,0,0,0,3,149,1,1,0,0,1,2,11,1,0,0,0,0,0,0,2,0,0,0,0,1,0,0,0,0,0,0,0,0,0,0,0,3,11,1,44,2,0,0,1,0,0,0,0,0,0,0,1,0,0,0,0,0,1,0,0,1,0,0,0,0,0,11,40,1,2,0
"84_001. Anna Kendrick - Cups_noise_-10dB_sample1.wav",126,0,0,3,0,0,0,3,1,0,0,0,0,0,30,0,0,44,7,0,0,92,0,0,1,2,0,0,0,2,0,0,0,1,50,0,0,0,1,0,1,8,0,0,0,1,0,0,0,1,1,0,0,0,1,0,0,0,0,0,0,0,0,0,0,0,6,5,0,31,3,0,0,1,0,0,0,0,0,0,0,0,0,2,0,0,0,1,0,0,1,7,0,0,0,0,9,24,1,1,0
"70_You and Me_noise_-10dB_sample2.wav",133,13,11,194,19,110,3,27,0,1,0,0,1,30,49,88,3,96,4,21,0,130,24,16,0,50,96,46,1,1,136,5,88,110,154,66,12,1,15,0,2,14,5,0,62,1,4,1,0,52,18,13,1,50,76,2,1,2,0,16,0,9,4,4,0,49,9,11,12,44,6,109,1,30,158,45,0,30,0,0,0,16,3,29,30,6,50,55,0,0,0,26,24,0,2,0,11,44,1,2,3
"61_045. The Black Eyed Peas - I Gotta Feeling (Official Music Video)_noise_-10dB_sample2.wav",131,0,0,12,0,0,0,1,1,0,0,0,0,1,33,1,4,52,0,0,0,124,0,0,0,7,0,6,1,8,0,0,6,6,154,0,2,0,0,1,2,11,0,0,0,0,3,0,0,0,1,0,2,4,0,0,0,0,0,0,0,0,0,0,0,0,4,11,3,44,2,0,0,3,1,0,0,0,0,0,0,1,0,4,0,62,4,0,0,0,0,0,0,0,2,0,11,34,1,2,0
"33_076. Galantis - Firebird (Official Audio)_noise_-10dB_sample1.wav",136,11,0,6,0,2,0,4,1,7,0,0,2,4,33,0,2,50,4,4,2,132,0,0,0,1,1,2,0,2,0,1,0,1,135,0,0,0,0,0,1,11,27,1,1,12,9,21,0,2,0,2,5,12,1,2,2,0,0,1,359,0,0,1,0,0,2,10,2,44,1,0,0,1,0,0,0,3,0,1,0,1,0,0,2,0,1,0,0,0,2,3,0,6,4,0,12,41,2,2,0
"59_014. Avicii - Hey Brother (Lyric)_noise_-10dB_sample1.wav",135,13,0,3,0,0,0,4,2,1,4,0,0,0,33,1,4,52,3,5,2,132,0,0,158,2,0,0,2,1,0,0,1,1,145,2,0,0,0,2,2,15,1,0,0,0,22,2,2,2,3,3,0,1,4,0,0,2,0,0,0,0,0,0,2,0,4,10,7,44,1,0,0,3,5,0,18,3,0,0,0,0,2,0,0,0,0,0,0,0,1,2,0,0,0,0,12,38,2,2,0
"81_013. Passenger  Let Her Go (Official Video)_noise_-10dB_sample2.wav",131,0,1,10,0,0,0,1,1,0,0,0,0,1,33,1,4,44,0,0,2,94,0,1,0,3,0,0,0,2,1,0,0,4,154,2,1,0,0,0,2,13,1,0,0,0,1,0,1,2,3,1,0,2,2,0,0,0,0,0,0,1,213,0,0,0,0,11,0,44,1,2,0,3,0,0,0,0,0,0,0,0,0,0,0,0,0,2,0,0,1,1,1,0,0,0,11,22,1,2,6
"20_Never Meant to Know_noise_-10dB_sample2.wav",130,136,0,8,0,1,0,19,0,0,0,0,0,2,33,7,70,46,15,2,0,88,0,0,1,2,0,6,2,3,2,4,0,2,118,3,0,0,0,0,0,12,7,0,7,4,228,0,0,5,0,141,5,477,2,0,13,0,0,0,0,0,0,5,22,0,2,8,0,44,1,0,0,0,5,0,0,0,0,0,0,0,0,18,0,10,2,6,16,0,0,2,0,12,8,0,11,21,4,2,1
"50_006. Wiz Khalifa - See You Again ft. Charlie Puth [Official Video] Furious 7 Soundtrack_noise_-10dB_sample2.wav",128,0,0,9,0,0,0,1,1,0,0,0,0,1,32,0,0,48,3,0,0,118,0,0,4,4,0,0,1,3,1,0,0,4,73,0,0,0,0,0,1,11,0,0,0,1,0,0,0,1,1,1,0,0,138,0,0,0,0,0,0,0,0,0,0,1,10,4,2,41,6,5,0,1,0,3,0,0,0,0,0,1,1,0,0,0,0,0,0,0,1,4,0,0,0,4,11,21,1,1,0
"76_073. Lindsey Stirling - Crystallize (Dubstep Violin Original Song)_noise_-10dB_sample2.wav",131,166,1,165,18,70,29,0,2,3,8,4,0,25,62,0,10,48,6,4,5,90,3,0,51,1,0,0,1,21,0,1,1,1,125,1,5,4,0,0,2,12,172,0,1,19,3,72,0,16,5,10,0,2,53,5,9,64,3,1,8,6,8,0,0,1018,4,12,0,44,3,52,33,6,5,3,0,89,0,0,0,3,5,0,40,5,4,0,0,9,16,4,0,0,257,3,12,27,2,13,3
"49_050. Carly Rae Jepsen - I Really Like You_noise_-10dB_sample1.wav",128,0,0,66,0,0,0,7,5,0,0,0,0,1,143,8,0,48,11,66,0,132,0,0,0,6,0,1,4,3,1,1,1,5,149,1,0,0,35,35,2,16,0,3,0,0,1,3,0,43,1,0,8,1,11,0,3,0,3,0,3,1,6,1,0,9,4,11,3,44,2,32,0,3,1,1,0,1,0,6,0,0,0,2,72,1,0,2,0,0,4,4,2,0,4,0,12,43,3,8,1
"94_Banana Man_noise_-10dB_sample2.wav",123,0,1,9,0,0,0,4,1,0,0,0,0,1,33,1,4,48,2,3,0,96,0,0,0,44,0,0,0,2,1,1,0,4,117,0,0,0,0,0,4,12,0,0,1,0,4,2,0,3,0,2,0,0,0,0,3,0,0,0,0,1,0,1,0,0,2,9,4,44,2,0,0,0,1,0,0,0,1,0,0,1,0,0,0,0,0,4,0,0,1,4,0,0,0,1,13,22,2,2,0
"8_081. The Beach Boys - I Get Around_noise_-10dB_sample1.wav",134,3,3,11,0,0,1,4,1,0,0,0,1,1,33,5,4,48,0,5,5,122,4,0,0,3,0,3,1,18,7,3,3,2,154,11,0,0,0,1,17,123,10,0,0,1,2,1,0,3,2,28,0,2,0,0,0,0,0,0,0,0,8,0,1,0,4,11,4,44,30,34,0,2,4,0,0,0,0,0,0,0,0,2,0,2,12,0,1,0,0,1,0,1,2,0,12,30,2,2,0
"14_099. Sheppard Geronimo - [International Version] (Official music Video)_noise_-10dB_sample1.wav",129,0,0,10,0,0,0,0,2,2,1,0,1,1,32,14,7,48,8,28,0,104,0,1,4,5,121,1,2,3,0,0,1,5,99,0,0,0,1,2,3,9,1,1,1,2,0,0,0,5,1,2,0,2,1,0,0,0,0,1,0,0,0,0,0,3,2,8,5,42,3,46,0,5,0,1,0,0,0,0,0,0,4,0,0,0,0,0,0,0,4,4,2,0,0,0,12,21,2,2,0
"17_084. Thomas Rhett - Crash and Burn_noise_-10dB_sample1.wav",125,0,0,9,0,0,0,0,0,0,2,0,0,0,33,0,33,48,7,0,1,124,0,0,0,1,1,0,0,2,2,0,0,4,92,0,1,0,0,0,0,11,0,1,8,0,14,0,0,1,0,0,0,0,1,0,0,0,0,0,0,0,0,0,0,0,2,7,0,44,2,0,0,0,0,0,0,4,0,0,0,0,0,0,0,0,0,0,0,1,0,2,0,0,0,0,12,30,2,0,0
"49_050. Carly Rae Jepsen - I Really Like You_noise_-10dB_sample2.wav",126,2,5,88,7,37,0,1,1,0,0,0,2,9,33,4,1,52,2,1,0,98,5,7,2,17,1,19,2,4,0,3,34,33,117,4,3,0,13,1,2,15,1,1,7,0,7,0,2,7,4,0,0,17,24,0,0,3,0,6,0,0,0,0,0,25,2,8,4,44,4,8,52,11,20,7,0,0,1,0,0,4,1,27,64,1,27,27,3,0,1,5,1,2,3,0,11,22,1,2,0
"35_036. Fall Out Boy - Centuries (Official Video)_noise_-10dB_sample1.wav",123,21,0,3,0,0,0,0,0,0,2,0,4,0,33,1,0,44,0,3,0,88,0,1,1,1,0,0,0,1,0,3,0,2,99,16,0,0,6,1,0,11,0,0,0,0,1,0,0,0,0,1,0,0,1,1,4,0,0,0,0,56,0,0,0,0,4,6,0,44,3,204,0,0,0,0,68,0,0,1,0,0,0,0,0,1,0,0,0,0,0,3,0,0,0,0,11,24,1,0,0
"44_Sacred Beast_noise_-10dB_sample1.wav",121,11,4,3,2,3,0,3,1,0,0,0,21,2,33,28,0,48,8,3,0,90,0,0,5,3,0,0,1,3,0,0,3,2,125,0,2,2,2,4,3,15,1,3,0,0,0,0,2,1,1,0,0,1,0,0,4,7,0,0,1,1,0,0,33,0,2,9,0,44,3,0,21,4,9,1,0,378,0,0,0,0,2,10,6,11,3,6,0,1,1,3,3,1,4,0,12,23,10,2,1
"39_051. Galantis - No Money (Official Video)_noise_-10dB_sample2.wav",122,1,7,11,2,0,0,0,2,0,0,0,2,1,36,2,0,46,6,1,2,132,0,1,0,1,1,0,0,4,7,7,98,1,154,11,4,0,0,0,4,15,0,0,2,0,0,0,0,11,0,29,0,2,1,0,0,0,0,0,0,4,0,224,22,0,6,11,4,44,7,20,0,4,1,0,0,0,0,0,0,3,3,3,0,2,1,3,1,1,4,7,4,0,0,0,11,44,0,4,8
"105_101. Yann Tiersen - Comptine d`un autre ete - l`apres-midi_noise_-10dB_sample2.wav",134,1,2,158,1,11,0,28,2,1,0,0,0,3,33,21,0,52,0,3,0,100,1,2,0,6,4,4,7,2,9,4,10,11,154,18,11,0,1,2,3,11,0,0,7,2,1,1,1,47,1,4,0,6,8,0,0,0,0,2,0,4,15,5,6,6,5,11,26,44,5,1023,0,4,7,25,0,3,0,0,0,1,0,2,4,4,6,6,7,0,0,3,15,0,1,0,11,23,0,2,11
"16_038. P!nk - Just Give Me A Reason ft. Nate Ruess_noise_-10dB_sample1.wav",131,0,0,12,2,2,0,3,0,0,0,0,0,0,33,0,1,48,3,30,0,90,1,0,3,2,0,1,0,3,0,0,0,4,47,1,0,0,1,0,0,10,0,0,0,2,13,0,0,7,0,0,0,4,1,0,0,0,0,1,0,0,0,0,4,3,10,1,0,38,3,51,0,134,0,0,4,1,0,0,0,4,0,1,0,0,0,2,0,0,1,2,2,0,0,0,11,15,1,3,4
"41_The Bidding_noise_-10dB_sample1.wav",133,3,0,6,0,0,0,8,2,0,2,0,0,0,33,1,4,56,2,2,0,132,0,0,0,12,0,1,0,1,1,1,3,2,154,2,0,0,0,1,4,19,0,0,0,0,0,0,3,12,1,4,0,2,1,0,0,0,0,1,0,0,0,0,1,2,1,11,8,44,0,0,0,3,0,0,0,0,0,0,0,6,0,0,1,0,0,1,0,0,1,1,0,0,0,0,55,43,1,4,2
"93_015. Lukas Graham - 7 Years [Official Music Video]_noise_-10dB_sample1.wav",130,0,0,3,1,0,0,0,0,0,0,0,7,1,33,0,1,48,1,2,0,98,0,0,0,3,0,0,1,2,0,0,0,2,134,2,0,0,0,1,0,11,0,1,0,1,0,1,0,0,194,0,0,0,6,0,0,0,0,0,0,0,2,0,0,0,3,8,0,44,4,0,0,0,0,1,0,0,0,0,2,0,0,0,0,0,0,0,0,0,0,0,0,0,2,0,11,22,0,2,13
"5_002. Avicii - Wake Me Up (Official Video)_noise_-10dB_sample2.wav",130,1,221,7,0,0,0,4,1,1,0,1,0,0,33,1,0,51,8,6,0,114,0,0,1,4,0,0,0,2,1,1,0,3,154,2,0,0,0,0,2,16,0,0,0,0,0,2,0,4,0,3,0,2,1,0,0,0,0,0,0,0,0,0,0,0,1,12,4,44,2,1,0,3,6,0,0,0,0,0,0,0,3,0,0,12,6,0,0,0,2,4,0,0,3,0,12,41,3,1,0
"18_044. tony igy-stop in my mind_noise_-10dB_sample1.wav",128,0,24,161,33,60,0,5,0,6,0,0,5,48,33,2,8,54,9,10,0,94,0,3,1,35,7,8,3,10,0,597,2,185,74,5,5,0,19,15,0,11,0,3,22,0,5,0,7,75,3,0,0,30,31,0,5,8,0,0,1,0,1,17,0,37,4,9,2,44,17,42,0,2,23,5,0,1,12,0,0,1,1,11,3,1,49,30,0,0,2,10,0,6,5,0,11,22,0,1,22
"27_022. Major Lazer & DJ Snake - Lean On (feat. MØ) [Official Music Video]_noise_-10dB_sample2.wav",126,0,3,6,0,0,0,1,2,282,2,0,0,2,33,0,0,47,7,0,2,115,4,0,1,1,0,0,0,2,1,0,1,12,135,0,0,0,0,2,0,11,0,2,0,0,0,0,1,2,2,0,0,2,2,0,0,0,0,1,0,0,2,0,1,0,3,8,1,44,3,0,0,0,4,1,0,2,0,0,0,2,0,0,0,1,0,1,0,0,1,2,0,0,0,0,12,26,2,1,0
"28_074. American Authors - Best Day Of My Life_noise_-10dB_sample1.wav",127,1,5,9,34,0,0,3,1,0,2,0,1,0,36,1,9,103,6,5,0,132,0,54,0,6,0,8,2,30,0,4,25,3,144,0,7,0,0,1,4,13,0,1,0,0,0,0,0,2,5,2,0,1,1,0,0,1,0,30,0,0,0,0,0,2,5,11,4,44,1,5,0,1,0,28,0,0,0,0,0,0,1,0,0,3,6,0,0,0,0,2,0,0,1,0,11,45,1,2,11
"2_023. Rachel Platten - Fight Song (Official Video)_noise_-10dB_sample1.wav",129,5,4,361,1,5,2,79,0,0,0,0,1,2,34,567,4,111,1,37,0,132,2,1,0,13,126,1,0,10,224,9,88,3,149,154,13,1,20,1,4,15,5,3,78,5,2,1,1,262,0,40,0,1,2,0,0,1,0,1,0,8,4,0,1,41,17,11,20,77,14,111,9,2,5,120,2,38,0,0,0,2,0,51,0,3,32,6,7,0,2,35,29,0,4,0,11,42,0,1,11
"4_003. Lorde - Royals (US Version)_noise_-10dB_sample2.wav",124,0,0,72,5,1,0,5,2,0,1,0,1,0,169,7,0,44,64,236,1,110,0,13,1,2,0,0,1,1,0,0,40,3,70,9,7,0,22,9,0,11,0,0,0,0,1,0,1,63,0,3,0,2,8,0,1,0,3,0,1,0,4,2,24,4,3,8,3,44,12,36,1,5,2,1,0,1,0,0,2,1,0,7,2,1,0,1,0,0,1,3,3,0,3,0,11,19,0,2,8
"4_003. Lorde - Royals (US Version)_noise_-10dB_sample1.wav",124,0,0,16,3,0,0,2,0,0,0,0,0,1,33,6,4,48,99,22,0,106,0,2,10,4,0,0,1,16,0,3,52,3,71,0,3,0,0,1,0,10,0,0,0,0,0,0,1,14,1,0,0,0,1,0,0,2,0,0,0,0,0,0,0,0,6,6,0,44,5,10,0,1,0,5,0,0,0,0,0,5,0,1,0,0,0,3,0,0,0,1,0,0,0,0,11,26,2,0,1
"5_002. Avicii - Wake Me Up (Official Video)_noise_-10dB_sample1.wav",124,3,914,10,1,0,0,9,1,0,3,0,1,0,33,2,4,48,4,5,0,98,0,0,2,3,0,1,1,8,1,0,1,5,117,6,0,0,0,1,4,11,7,1,3,0,0,2,1,2,1,7,0,2,1,0,0,0,0,0,0,1,1,0,0,0,2,9,3,44,29,35,2,4,14,1,0,0,0,0,0,1,8,1,0,21,1,1,4,0,2,4,0,1,7,0,13,27,1,3,1
"88_033. Fifth Harmony - Worth It (Official Video) ft. Kid Ink_noise_-10dB_sample1.wav",124,11,0,3,1,0,2,4,1,0,46,0,0,1,33,1,0,46,7,0,2,132,0,0,0,2,1,0,0,1,1,0,0,1,154,2,0,0,0,0,2,16,1,0,0,0,4,0,0,2,0,2,0,1,1,0,1,0,0,0,0,0,0,0,1,0,1,11,3,44,0,39,0,1,1,0,1,0,0,0,0,0,0,0,0,0,0,0,0,1,2,4,0,9,0,0,12,52,2,2,1
"57_Numb_noise_-10dB_sample1.wav",124,38,51,790,147,901,0,1,6,2,0,1,2,208,33,13,3,48,6,8,0,112,77,18,0,512,0,130,0,40,12,25,118,946,112,45,27,0,41,1,34,15,0,5,72,0,4,1,1,34,24,98,0,167,460,0,1,3,2,17,0,0,14,120,7,274,3,23,29,44,57,118,0,32,127,11,0,0,2,0,0,31,0,36,32,0,815,87,0,0,1,13,0,0,6,0,11,24,2,3,4
"6_043. Wintergatan - Marble Machine (music instrument using 2000 marbles)_noise_-10dB_sample2.wav",122,1,5,103,20,44,0,4,1,0,2,0,2,14,678,2,3,54,4,11,0,130,10,58,9,13,2,21,3,5,4,4,96,69,154,37,28,0,6,11,4,11,2,0,15,1,68,2,2,5,6,0,1,279,30,0,0,8,32,1,2,0,1,10,129,18,4,11,2,44,2,25,15,15,14,8,0,0,0,8,0,6,0,16,10,0,52,15,1,0,0,9,0,3,3,0,11,37,1,0,6
"3_100. Owl City & Carly Rae Jepsen - Good Time (Official Video)_noise_-10dB_sample1.wav",120,551,0,539,16,512,61,3,1,26,33,1,0,3,284,0,232,45,6,0,0,90,0,0,33,4,0,0,1,2,1,0,0,3,99,2,10,0,0,0,0,11,1129,0,0,10,4,507,0,0,24,3,0,5,97,5,10,185,33,15,12,11,59,0,0,263,2,14,0,44,3,0,0,6,0,0,0,109,0,5,0,15,5,0,89,1,0,3,0,12,18,10,0,20,1270,31,13,26,2,17,31
"97_075. Lindsey Stirling - Prism (Official Video)_noise_-10dB_sample1.wav",121,6,32,8,8,40,0,962,0,0,2,8,57,0,151,7,0,48,3,23,3,110,0,0,17,255,5,0,1,2,1,3,60,50,146,0,14,0,35,107,2,13,0,6,0,9,25,0,20,30,6,0,0,0,50,0,13,4,38,26,3,0,3,20,0,8,4,10,2,44,14,13,11,3,10,0,0,0,0,0,0,0,0,14,0,0,111,6,2,0,0,9,0,0,9,1,12,31,120,2,1
"23_048. Pharrell Williams - Happy (Official Music Video)_noise_-10dB_sample2.wav",119,0,0,6,0,0,0,3,1,0,0,0,0,2,33,1,0,48,2,2,0,92,0,0,3,5,0,0,1,2,0,0,0,4,67,0,2,0,4,2,0,13,2,0,0,2,5,0,0,1,3,0,1,0,1,0,0,0,0,1,1,0,0,0,0,0,3,2,1,44,4,0,0,0,0,1,0,1,1,1,0,2,0,0,0,0,0,3,0,0,235,6,0,0,4,0,11,22,0,1,10
"55_009. Taylor Swift - Shake It Off_noise_-10dB_sample2.wav",121,1,3,85,4,4,0,9,1,3,0,0,1,5,33,11,8,46,6,16,0,132,0,4,0,19,10,18,1,3,5,28,5,3,154,4,7,0,6,315,3,11,0,4,30,0,7,0,5,24,1,2,5,1,12,0,29,16,0,11,2,0,1,1,0,34,1,13,3,44,7,2,0,3,1,4,0,7,3,0,0,0,0,9,3,0,7,4,0,0,1,7,2,3,10,0,11,47,1,2,1
"57_Numb_noise_-10dB_sample2.wav",121,6,9,831,83,242,0,3,0,4,3,0,1,102,39,74,8,49,18,7,1,124,43,100,0,69,1,144,1,9,2,27,168,884,96,10,8,0,103,2,3,11,1,1,76,0,4,0,1,20,32,1,3,69,154,0,16,4,0,16,1,1,0,37,1,290,3,13,3,41,5,19,0,33,89,9,1,2,7,0,0,59,0,14,38,1,1276,91,4,0,1,13,1,2,2,0,11,28,3,3,6
"86_019. Naughty Boy - La la la ft. Sam Smith (Official Video)_noise_-10dB_sample2.wav",120,4,0,5,0,0,1,4,1,0,0,0,0,0,32,15,4,51,4,2,0,120,0,1,0,4,18,0,1,1,3,4,66,1,98,1,1,3,0,7,1,9,0,0,5,0,1,0,0,3,3,12,0,99,1,0,0,0,0,0,0,0,1,0,0,0,6,8,4,42,3,8,0,2,0,1,1,0,0,0,0,5,3,0,0,0,1,225,0,0,0,2,3,0,0,0,12,32,2,2,0
"16_038. P!nk - Just Give Me A Reason ft. Nate Ruess_noise_-10dB_sample2.wav",120,0,2,6,0,0,0,3,1,0,0,0,0,0,33,1,4,50,12,3,0,120,0,0,0,1,0,2,1,0,1,1,0,2,85,0,0,0,2,1,1,11,2,1,0,1,7,0,0,2,2,1,12,0,2,0,0,1,0,3,1,0,0,0,0,0,0,9,2,44,4,0,0,118,0,0,0,4,0,0,0,0,0,1,0,0,1,1,1,0,2,4,0,0,1,2,12,25,3,2,0
"54_016. Taylor Swift - Blank Space_noise_-10dB_sample2.wav",120,51,0,231,13,32,8,4,1,1,10,0,4,4,122,3,18,44,2,2,5,87,13,1,7,3,0,1,3,8,1,4,13,4,59,1,1,0,3,3,0,8,76,0,6,1,3,55,0,5,6,0,2,2,17,3,6,339,9,16,0,2,6,0,0,92,3,10,1,38,7,0,3,2,3,6,0,24,0,0,0,5,3,4,11,0,0,1,0,3,9,1,1,10,207,2,13,15,11,27,1
"80_077. Emeli Sandé - Hurts_noise_-10dB_sample2.wav",121,2,7,270,72,275,0,89,2,1,1,1,5,83,33,16,0,48,4,1,0,134,49,20,0,48,8,83,8,2,10,3,100,275,154,6,12,0,15,1,2,11,1,2,290,0,2,0,0,20,23,2,2,48,203,0,2,5,0,13,0,0,16,27,11,95,8,11,14,44,4,22,0,25,58,11,0,4,2,0,0,27,1,10,27,1,104,68,2,0,3,12,8,1,7,0,11,44,2,2,88
"63_087. Anaconda - Nicki Minaj  The Fitness Marshall  Dance Workout_noise_-10dB_sample1.wav",120,27,57,5,43,31,8,9,50,6,11,20,33,69,50,5,26,46,16,23,6,80,0,45,15,17,15,18,22,2,23,0,0,18,118,37,15,11,1,19,21,13,16,10,26,48,0,28,0,10,12,41,5,0,8,13,21,11,14,18,63,8,11,83,1,23,16,10,14,44,16,1,16,15,0,15,17,0,70,26,17,10,8,0,73,51,1,41,9,1,16,25,52,5,12,3,12,22,2,30,32
"102_018. Shawn Mendes - Stitches (Official Music Video)_noise_-10dB_sample2.wav",124,0,0,3,0,0,0,2,3,1,0,328,1,9,33,0,3,52,5,2,0,110,0,0,15,7,0,0,1,11,0,0,5,1,133,1,2,0,0,0,0,9,0,1,0,0,3,1,0,4,2,1,2,0,1,0,3,0,1,0,0,0,0,0,0,1,3,7,3,44,1,2,1,0,0,0,0,0,0,3,0,1,0,0,0,3,0,0,0,0,0,3,0,10,0,2,12,19,2,2,0
"15_060. My OCD (Song)_noise_-10dB_sample2.wav",126,0,0,3,0,0,0,0,0,0,0,0,0,0,33,0,0,50,1,1,0,130,0,0,1,4,0,0,1,2,0,0,1,1,154,0,0,0,0,2,0,11,1,0,0,0,0,0,0,15,2,0,0,0,1,0,0,0,0,0,0,0,0,0,0,0,3,11,1,44,4,0,0,0,0,0,0,0,0,0,0,0,0,0,0,0,0,0,0,0,2,4,0,0,2,0,11,38,2,2,0
"24_047. Girls Talk Boys (from the Ghostbusters Original Motion Picture Soundtrack)_noise_-10dB_sample1.wav",126,1,4,66,14,66,0,2,1,3,0,0,0,18,33,5,4,48,6,2,0,98,36,8,3,27,0,38,4,1,2,3,51,66,129,17,6,0,3,0,0,11,0,0,20,0,5,0,8,4,13,0,0,27,46,0,0,6,0,8,0,0,2,4,2,29,3,6,2,44,4,36,0,15,33,15,0,1,0,0,0,11,0,6,15,0,36,32,0,0,0,178,1,10,0,0,11,22,2,3,3
"1_028. Capital Cities - Safe And Sound_noise_-10dB_sample1.wav",129,0,0,2,0,0,0,3,0,0,2,0,0,0,33,1,3,48,0,0,0,128,0,0,0,2,0,0,2,2,0,0,30,1,134,5,50,0,0,1,2,11,0,0,0,0,0,1,1,0,1,0,1,1,1,0,0,0,0,1,0,9,0,0,26,0,4,9,12,44,2,8,2,1,0,1,0,0,0,4,0,0,0,8,0,3,0,0,0,0,2,4,1,6,0,0,11,39,1,2,1
"51_088. Steven Universe - We Are The Crystal Gems_noise_-10dB_sample1.wav",121,7,3,8,0,0,0,12,1,0,3,0,1,1,33,6,0,48,1,3,4,132,0,0,0,4,0,0,1,3,2,0,3,3,149,2,0,0,0,3,11,15,1,0,0,1,5,0,0,13,0,2,0,2,1,0,3,0,0,0,0,1,2,2,0,0,3,11,4,49,11,36,467,1,0,0,0,0,0,0,0,1,0,0,0,1,0,0,0,0,4,2,1,0,0,0,13,42,1,2,1
"93_015. Lukas Graham - 7 Years [Official Music Video]_noise_-10dB_sample2.wav",120,0,0,6,0,0,0,4,0,0,1,0,0,2,32,0,2,54,7,2,0,124,0,0,0,4,0,0,0,2,1,1,0,2,89,4,1,0,0,2,1,11,3,0,0,4,0,0,0,1,73,0,0,0,0,0,0,0,1,0,0,0,0,1,0,0,4,8,0,44,2,0,0,3,0,0,1,0,0,0,0,2,0,0,0,0,0,0,0,0,2,4,0,0,0,1,13,29,2,2,10
"99_080. Melanie Martinez - Carousel (Official Music Video)_noise_-10dB_sample1.wav",118,0,0,100,2,15,0,2,1,0,0,0,1,2,33,3,2,46,4,2,3,122,0,2,0,24,7,2,1,2,1,5,6,80,115,0,4,0,2,1,0,11,0,1,10,0,3,0,1,8,0,0,0,0,39,0,0,4,0,0,0,1,0,0,1,14,2,491,0,44,3,1,0,6,0,6,0,5,0,0,0,0,0,4,0,0,15,2,0,0,1,4,1,1,0,0,11,27,2,1,2
"101_070. Eminence - Knock Me Out (feat. Anna Cyzon) [Monstercat Official Music Video]_noise_-10dB_sample1.wav",121,0,3,6,5,0,0,1,4,0,0,0,3,0,33,0,0,48,4,0,0,118,1,10,0,4,0,2,0,2,0,0,15,1,154,12,3,0,0,0,1,15,0,1,0,0,3,0,1,4,1,2,1,0,2,0,0,1,0,7,0,0,0,0,0,0,2,11,4,44,2,0,0,7,0,8,0,0,0,0,0,0,0,0,0,0,8,0,0,0,1,2,0,0,0,0,11,25,3,2,3
"68_055. Madness - Our House (Official 4K Video)_noise_-10dB_sample1.wav",124,2,0,6,0,0,0,4,0,0,1,0,0,0,33,3,0,44,4,0,5,126,0,0,5,1,0,0,0,2,0,0,0,3,135,17,2,0,0,0,0,11,0,0,0,0,0,0,0,23,0,0,0,2,0,0,2,0,0,0,0,2,1,0,0,3,7,10,0,44,2,12,2,0,0,0,0,12,0,1,0,0,184,0,0,0,0,0,2,0,0,1,0,0,0,0,11,42,14,1,1
"74_029. David Guetta - Hey Mama (Official Video) ft Nicki Minaj, Bebe Rexha & Afrojack_noise_-10dB_sample1.wav",124,0,0,1,0,0,0,1,1,0,1,0,0,0,32,0,0,44,0,1,0,100,0,0,6,2,0,0,1,1,0,3,28,2,84,1,3,0,0,1,2,9,0,0,1,1,1,1,0,0,0,2,1,2,2,0,2,0,0,0,0,3,0,0,0,0,3,5,2,40,3,10,0,0,0,1,0,3,0,0,0,0,0,0,0,0,1,2,0,0,2,4,60,0,0,0,11,18,1,1,0
"58_039. OMFG - Hello_noise_-10dB_sample1.wav",124,176,3,17,0,0,16,5,0,0,0,0,3,0,32,0,0,45,2,3,0,82,0,2,9,3,0,0,0,2,16,1,0,3,43,0,1,2,0,0,0,8,0,0,1,7,71,0,0,0,0,0,0,15,0,21,0,0,0,0,5,0,0,0,0,0,2,5,1,41,3,0,0,0,1,0,0,0,0,26,0,0,0,0,0,0,0,0,0,0,2,4,0,190,0,0,11,13,0,2,0
"76_073. Lindsey Stirling - Crystallize (Dubstep Violin Original Song)_noise_-10dB_sample1.wav",123,8,62,1959,394,1472,0,22,1,9,0,0,1,354,53,39,0,48,14,38,0,82,123,45,5,214,44,275,2,13,66,86,325,2516,144,191,46,0,57,68,2,14,0,5,139,0,7,0,6,97,63,0,0,211,680,0,0,14,11,37,1,5,7,214,10,1253,21,14,15,44,17,184,0,73,320,46,0,20,2,0,0,74,0,56,74,7,533,210,1,0,4,30,56,16,66,0,12,22,1,8,41
"0_096. Nightcore - Mad World_noise_-10dB_sample2.wav",118,0,0,5,0,1,0,1,0,0,0,0,1,2,33,0,0,44,4,0,556,108,0,0,3,2,0,0,1,1,0,0,0,2,108,0,1,0,0,0,0,10,0,0,0,0,0,0,0,0,0,0,0,0,0,0,0,0,0,0,0,0,0,0,1,0,3,8,0,43,3,0,0,1,1,0,14,4,0,0,0,1,0,0,0,0,0,3,0,0,0,1,0,0,2,0,11,20,1,1,0
"45_005. OneRepublic - Counting Stars_noise_-10dB_sample2.wav",119,0,4,44,2,0,0,4,2,3,1,0,2,2,33,12,3,44,4,0,0,110,0,1,3,3,13,1,1,22,20,37,13,10,95,10,3,0,3,1,1,11,1,0,9,0,1,1,1,10,1,71,0,1,1,0,0,0,0,0,0,0,3,0,3,9,5,7,298,44,1,45,0,1,0,7,0,5,1,0,0,4,0,11,0,0,17,2,0,0,1,5,4,0,0,0,11,25,0,1,2
"11_062. Pipe Guy - HouseTranceTechno Live_noise_-10dB_sample1.wav",118,45,0,11,1,9,3,2,0,0,5,5,2,3,24,1,2,45,2,4,2,90,4,0,13,3,0,0,1,2,1,1,3,1,16,1,6,3,0,1,1,1,28,1,1,1,0,11,0,1,1,0,3,0,7,2,0,16,0,4,0,5,2,1,2,36,8,3,3,25,5,5,0,0,0,3,0,8,0,7,0,1,2,0,6,2,0,9,0,18,2,1,0,1,62,1,12,7,1,6,4
"39_051. Galantis - No Money (Official Video)_noise_-10dB_sample1.wav",121,0,0,8,1,1,0,4,1,0,0,0,2,1,33,1,0,49,4,2,0,98,0,0,1,4,0,1,2,1,0,1,1,1,154,2,0,0,0,1,1,15,1,1,1,0,2,0,0,4,0,2,0,2,2,0,0,0,0,0,1,0,1,87,0,0,1,11,4,44,2,22,0,3,0,1,0,0,0,0,0,0,0,2,0,1,0,1,0,0,1,0,1,0,4,0,11,28,2,2,0
"75_078. Kungs vs Cookin on 3 Burners - This Girl (Official Music Video)_noise_-10dB_sample1.wav",127,0,0,10,0,0,509,4,1,0,0,0,0,0,33,1,7,48,4,1,4,132,1,4,0,5,0,1,0,5,1,2,0,4,154,1,0,0,27,1,1,14,35,2,0,0,0,0,0,0,2,1,0,1,2,2,0,3,0,0,0,0,0,0,0,0,5,11,1,44,1,0,0,0,0,0,0,96,0,3,1,0,0,0,24,0,0,1,0,0,1,1,0,0,0,0,11,44,2,9,12
"68_055. Madness - Our House (Official 4K Video)_noise_-10dB_sample2.wav",126,0,2,6,0,0,0,2,1,0,1,0,0,0,33,0,0,44,5,0,0,132,0,0,8,5,0,0,0,3,0,0,0,3,146,0,1,0,0,0,0,11,0,0,0,0,0,0,0,0,1,0,0,0,0,0,0,0,0,1,0,0,5,0,1,0,22,5,0,44,5,0,0,11,0,1,0,0,0,1,0,2,67,0,0,0,0,3,0,0,0,0,0,0,0,0,11,44,2,0,0
"22_094. Harry Potter Puppet Pals - The Mysterious Ticking Noise (Video With Lyrics)_noise_-10dB_sample1.wav",129,2,4,179,19,88,0,0,0,0,0,0,3,37,33,6,3,48,6,0,0,116,32,8,0,43,0,37,1,3,0,3,50,128,93,2,3,0,21,1,2,10,0,1,17,0,1,0,0,4,13,0,0,26,61,0,0,2,0,8,0,2,3,14,4,29,4,8,1,44,5,11,0,15,30,4,0,0,0,0,0,370,0,6,16,0,76,62,0,0,0,7,1,0,1,0,11,25,3,1,10
"70_You and Me_noise_-10dB_sample1.wav",126,3,0,4,0,0,0,0,1,2,0,0,1,0,33,0,0,49,7,2,0,96,0,0,1,6,0,0,0,2,0,8,1,2,132,1,2,0,0,0,2,11,4,1,0,0,1,0,1,2,0,2,0,0,1,2,0,0,0,0,0,1,3,1,1,1,7,11,0,44,3,0,1,1,212,2,1,0,0,0,0,0,0,1,0,0,0,1,1,0,1,2,0,0,4,0,11,26,2,2,0
"92_025. Fall Out Boy - Immortals (From Big Hero 6)_noise_-10dB_sample1.wav",126,1,2,658,31,51,0,11,3,1,0,0,1,9,34,7,0,48,3,4,0,90,10,24,1,78,0,155,0,4,2,6,30,240,154,1,8,0,1,6,0,11,0,1,13,0,1,1,4,6,7,1,2,12,28,0,4,6,6,3,0,0,4,3,1,68,2,11,1,45,13,3,0,16,15,6,0,0,0,1,0,6,0,17,19,0,42,83,2,0,1,10,1,0,8,0,13,25,6,1,2
"29_010. Katy Perry - Part Of Me (Official)_noise_-10dB_sample1.wav",118,0,0,3,0,0,0,3,0,1,0,0,0,0,33,0,0,50,8,0,2,106,0,0,8,2,0,0,1,2,0,0,0,2,149,0,0,0,0,1,0,13,0,0,0,0,0,0,0,0,0,0,0,2,0,0,0,0,0,0,0,0,0,0,0,0,3,11,0,44,5,0,0,3,0,0,0,0,0,0,0,0,0,0,0,0,0,0,0,0,0,2,0,0,2,0,11,22,1,1,0
"29_010. Katy Perry - Part Of Me (Official)_noise_-10dB_sample2.wav",119,0,0,7,11,0,0,0,0,0,0,0,0,2,33,0,0,48,4,0,0,114,0,1,0,3,0,2,2,1,0,0,0,3,106,0,0,0,0,0,1,11,3,0,0,0,0,0,0,4,1,0,0,0,1,0,0,0,0,0,0,0,0,0,0,0,3,9,1,47,3,1,0,0,0,0,0,0,0,0,0,0,2,0,0,0,0,0,0,0,1,2,2,2,0,0,12,26,1,3,0
"14_099. Sheppard Geronimo - [International Version] (Official music Video)_noise_-10dB_sample2.wav",119,1,2,133,8,33,2,1,0,7,2,1,0,11,33,13,3,48,4,13,0,108,5,12,6,8,462,9,1,2,0,1,13,37,154,2,2,0,21,6,3,11,4,1,6,10,10,1,0,2,2,0,7,301,25,0,2,1,1,34,1,7,0,3,2,43,41,11,1,46,7,62,0,4,9,2,2,0,0,4,0,3,1,32,6,4,14,7,0,3,1,3,4,0,4,0,11,26,28,1,3
"62_061. LEFT SCREEN ONLY Spot the Differences_noise_-10dB_sample1.wav",125,105,0,6,7,0,0,4,0,0,7,6,12,0,33,0,0,47,0,9,2,132,0,1,35,3,0,1,0,3,0,0,0,3,154,0,0,0,0,0,2,15,0,0,0,0,39,0,0,151,0,19,0,0,34,0,11,0,0,0,1,0,2,0,0,76,6,11,0,44,3,766,143,0,11,0,30,0,0,0,112,0,5,0,0,2,0,0,0,0,2,0,2,0,0,2,11,44,2,2,4
"13_030. Maroon 5 - Animals_noise_-10dB_sample2.wav",123,50,2,11,4,0,0,8,1,0,0,2,0,0,33,3,1,52,1,3,0,104,0,0,1,2,3,0,1,7,7,4,13,2,119,4,1,0,1,0,101,12,2,1,1,0,9,3,0,2,0,2,1,2,1,1,1,0,0,0,0,0,0,0,0,0,4,12,4,44,2,10,0,3,7,4,0,6,0,0,0,0,0,7,0,0,0,0,0,0,4,3,0,0,2,0,11,22,5,3,0
"13_030. Maroon 5 - Animals_noise_-10dB_sample1.wav",121,0,0,9,0,0,0,3,1,0,1,0,0,0,33,0,1,46,3,1,0,90,0,0,2,3,0,0,0,3,0,1,0,6,53,11,0,0,0,1,31,10,0,1,0,0,0,0,0,0,1,0,0,0,1,0,0,0,1,0,0,0,0,0,1,0,2,3,0,43,4,2,0,2,0,0,0,1,1,0,0,0,1,0,0,0,4,1,0,0,0,1,0,0,0,0,11,19,1,1,0
"58_039. OMFG - Hello_noise_-10dB_sample2.wav",121,0,0,0,0,0,0,1,0,0,0,0,3,0,33,1,0,46,0,3,0,94,0,0,5,2,0,1,1,2,0,1,0,0,154,0,0,2,0,1,0,11,0,0,0,1,0,0,0,4,1,0,0,0,0,0,0,0,0,0,0,0,0,0,1,0,4,11,0,44,7,0,0,3,0,0,10,10,0,0,0,0,0,1,2,0,0,1,0,0,1,2,0,247,0,0,11,22,3,6,0
"83_004. Katy Perry - Roar_noise_-10dB_sample1.wav",121,0,1,2,0,0,0,4,1,2,4,1,1,0,33,1,4,53,1,0,0,132,0,0,1,8,0,1,1,2,0,3,0,1,144,2,0,0,0,2,1,11,1,0,0,0,0,3,0,7,2,1,0,0,3,0,35,1,0,0,0,0,0,1,0,1,3,11,1,44,1,24,0,3,0,0,2,0,0,8,0,0,0,0,0,0,0,1,0,0,1,8,0,0,0,0,13,37,0,2,0
"55_009. Taylor Swift - Shake It Off_noise_-10dB_sample1.wav",118,6,2,6,0,2,0,10,1,1,0,0,0,1,32,9,3,44,8,2,0,124,0,0,6,2,16,0,1,2,0,1,3,2,81,0,0,0,6,104,0,10,8,0,0,2,5,0,0,2,0,0,0,1,2,0,5,7,1,6,0,3,1,0,0,0,3,5,0,39,3,9,3,1,1,0,2,2,0,0,0,2,0,0,9,2,0,0,0,0,1,6,0,0,0,0,11,34,13,2,4
"85_011. Martin Garrix - Animals (Official Video)_noise_-10dB_sample1.wav",120,1,0,4,0,0,0,2,0,0,0,0,2,472,33,1,0,47,3,3,0,120,0,0,4,2,0,1,1,1,0,1,2,3,149,0,1,0,0,1,1,15,0,1,3,2,1,1,0,1,1,3,2,2,1,1,1,0,0,0,1,0,0,0,0,0,2,11,0,44,3,0,0,0,2,0,0,0,1,0,0,4,0,0,0,0,0,0,0,1,1,2,0,0,1,13,11,28,1,1,0
"44_Sacred Beast_noise_-10dB_sample2.wav",120,0,1,41,0,0,5,14,0,1,2,0,0,10,35,2,4,52,4,1,2,116,0,2,36,3,0,26,1,26,5,1,4,2,154,1,23,0,8,1,2,11,8,2,15,18,5,473,0,9,12,53,6,398,7,0,1,2,11,0,2,8,0,2,2,8,12,11,11,84,1,14,0,3,2,1,0,1211,0,15,5,0,12,25,0,3,4,0,1,1,6,1,0,5,0,2,13,40,1,6,0
"2_023. Rachel Platten - Fight Song (Official Video)_noise_-10dB_sample2.wav",119,0,0,5,1,0,0,4,1,0,0,0,2,0,32,301,0,46,3,4,0,122,0,0,5,3,1,0,1,2,0,1,147,2,90,22,5,0,13,5,1,11,0,0,0,1,0,0,0,1,0,0,0,0,6,0,4,0,0,7,0,3,3,3,19,14,10,4,0,40,2,5,0,1,0,0,0,4,0,0,0,1,0,2,4,2,0,1,0,0,0,2,0,0,3,0,15,33,1,1,30
"48_027. MAGIC! - Rude (Official Video)_noise_-10dB_sample2.wav",120,0,0,6,0,0,0,4,1,0,0,0,0,0,31,0,3,52,4,5,0,114,2,0,2,2,0,0,0,1,1,0,0,2,74,2,0,26,0,0,1,10,0,0,0,0,0,1,0,1,1,0,0,2,0,0,0,1,0,0,0,0,0,0,0,0,3,7,0,44,2,2,0,0,0,0,0,0,0,0,0,0,0,0,0,0,4,0,1,0,0,1,0,0,0,0,12,21,2,2,0
"77_065. Nightcore - Ghostbusters_noise_-10dB_sample2.wav",124,0,0,6,1,0,0,33,1,0,0,0,7,0,33,1,0,46,6,0,0,98,0,0,0,2,0,0,2,2,1,1,0,2,106,0,0,1,0,1,0,10,1,1,0,0,0,0,0,3,0,0,3,2,1,0,0,0,0,0,0,0,0,0,0,0,4,8,4,42,2,7,0,1,0,0,0,0,0,0,0,4,0,0,0,0,6,0,0,0,2,5,0,0,1,0,11,20,1,2,0
"90_064. Eurythmics, Annie Lennox, Dave Stewart - Sweet Dreams (Are Made Of This) (Official Video)_noise_-10dB_sample2.wav",126,0,0,22,0,0,0,0,1,0,0,0,0,0,33,1,1,50,2,0,0,132,1,0,0,4,0,0,2,2,0,0,0,2,154,4,0,1,0,2,0,11,10,0,0,0,0,0,0,2,0,0,0,0,0,0,0,0,0,0,0,0,0,0,1,0,4,11,2,44,2,5,0,6,0,0,0,0,0,0,0,0,0,0,0,0,0,0,1,30,2,0,0,0,4,0,11,46,0,1,0
"28_074. American Authors - Best Day Of My Life_noise_-10dB_sample2.wav",126,0,0,15,0,0,0,1,2,0,0,1,0,0,33,1,2,481,6,0,0,106,0,0,2,3,1,0,2,1,1,1,3,3,88,2,2,0,0,1,1,13,14,1,0,0,0,1,0,3,0,3,0,2,1,0,2,2,0,0,0,0,1,1,21,0,2,8,6,42,2,1,0,2,0,0,0,0,0,0,0,8,1,0,0,14,0,1,0,0,4,2,0,0,2,0,11,22,0,3,0
"31_058. Rub Some Bacon on It_noise_-10dB_sample2.wav",127,9,26,496,122,495,1,0,1,0,0,0,0,132,48,24,1,52,8,0,0,112,83,41,5,149,1,192,1,2,0,0,300,843,121,6,13,0,18,1,0,11,1,4,93,0,9,2,4,26,63,2,0,149,306,0,1,7,2,41,0,0,1,64,1,176,4,9,9,44,41,124,0,79,205,31,0,12,0,1,1,52,5,34,79,12,226,187,0,0,1,32,2,0,2,2,11,25,1,1,0
"11_062. Pipe Guy - HouseTranceTechno Live_noise_-10dB_sample2.wav",125,0,0,3,0,0,0,0,3,0,0,0,0,0,33,1,0,47,6,1,0,90,0,0,4,4,0,1,1,1,0,1,0,2,149,0,0,2,0,1,1,15,0,0,1,1,0,0,13,1,1,1,0,1,6,0,0,0,0,0,1,0,0,1,1,3,4,11,4,44,4,0,2,1,0,0,0,1,0,0,0,1,0,0,0,1,0,0,0,0,1,2,2,0,2,0,11,22,0,5,1
"61_045. The Black Eyed Peas - I Gotta Feeling (Official Music Video)_noise_-10dB_sample1.wav",146,2,3,26,1,0,0,1,1,9,0,0,2,4,33,11,4,46,2,7,2,132,5,0,12,2,13,1,1,1,1,0,1,3,154,1,0,0,0,2,0,13,1,0,0,0,0,1,1,6,1,2,0,11,1,0,4,0,0,0,10,0,0,0,0,0,6,13,4,44,3,0,0,0,0,0,0,9,2,0,0,2,0,0,0,107,0,0,0,1,1,2,0,0,3,0,11,46,16,2,4
"78_026. Katy Perry - Firework (Official Music Video)_noise_-10dB_sample1.wav",120,0,0,6,0,0,2,0,1,0,0,0,1,1,33,1,0,48,3,2,0,122,0,0,1,2,0,1,1,1,0,1,2,2,120,0,0,0,0,2,4,13,0,1,0,0,0,59,0,0,0,0,4,58,1,0,0,0,0,0,0,0,0,0,0,0,2,10,0,44,1,2,0,3,0,1,0,0,1,0,0,1,0,0,0,0,1,1,0,0,1,2,2,0,4,0,12,31,1,1,0
"82_A Lady_noise_-10dB_sample1.wav",120,40,0,254,2,0,8,4,1,5,2,0,0,17,33,19,0,48,4,3,0,94,12,0,0,3,21,0,1,36,25,0,5,3,154,13,1,0,383,2,0,13,14,6,44,8,33,310,0,12,41,50,0,21,12,2,14,0,6,1,15,0,0,1,3,9,4,11,4,44,2,9,0,0,1,12,9,9,17,0,0,0,8,7,8,0,0,0,0,3,1,6,5,2,1,8,11,22,1,13,1
"67_090. Josh Groban - You Raise Me Up (Official Music Video) [HD Remaster]_noise_-10dB_sample2.wav",120,421,0,6,1,0,1,8,1,0,2,1,0,0,33,1,0,48,6,3,0,96,0,3,6,2,2,0,2,2,0,1,0,2,154,0,0,0,0,1,0,15,3,0,0,6,1,1,0,13,1,3,0,43,11,0,0,0,0,0,1,1,0,0,0,14,7,11,0,44,3,108,22,0,2,0,4,0,0,0,0,2,2,1,0,0,2,0,0,0,3,2,0,0,4,0,11,26,1,2,2
"83_004. Katy Perry - Roar_noise_-10dB_sample2.wav",120,7,0,19,2,0,2,4,1,3,2,0,1,0,33,0,0,54,4,0,0,110,0,0,1,4,0,0,0,2,0,0,1,2,154,0,0,0,7,0,0,15,28,1,0,7,3,46,0,0,29,12,2,7,15,1,237,0,6,1,4,0,0,2,0,0,0,12,3,44,3,0,0,3,0,0,0,0,0,1,0,0,1,0,8,0,2,1,0,0,2,2,0,0,7,6,12,25,1,2,0
"85_011. Martin Garrix - Animals (Official Video)_noise_-10dB_sample2.wav",119,1,0,9,0,0,0,8,0,0,0,0,0,64,33,0,0,52,7,0,0,132,0,0,1,2,0,0,1,1,1,0,0,1,154,0,1,0,0,1,2,11,0,0,0,0,31,0,1,0,1,0,0,2,0,0,0,2,0,0,0,0,0,0,0,0,3,11,0,44,1,0,0,2,0,0,0,0,0,3,0,0,0,0,0,0,0,0,0,0,0,1,0,1,1,1,11,44,0,2,0
"99_080. Melanie Martinez - Carousel (Official Music Video)_noise_-10dB_sample2.wav",120,0,2,100,7,7,1,0,1,1,0,2,1,1,33,0,8,49,2,8,0,130,0,8,0,12,3,2,1,3,0,10,10,64,144,4,6,0,2,3,4,15,0,1,6,0,10,11,1,4,1,2,0,0,45,0,2,3,0,0,0,4,2,0,0,7,4,846,3,46,5,1,0,2,0,15,1,11,0,0,0,0,0,0,0,0,14,1,0,0,4,4,0,0,2,0,12,41,1,2,4
"17_084. Thomas Rhett - Crash and Burn_noise_-10dB_sample2.wav",122,1,0,4,0,0,4,7,0,0,0,0,2,0,33,0,85,48,4,3,0,124,1,4,1,4,0,0,0,3,0,0,0,2,142,0,1,0,0,2,1,11,1,2,0,0,0,1,0,0,1,1,0,0,0,0,0,2,0,0,1,1,2,0,0,3,3,11,0,44,2,0,0,0,0,0,0,0,0,2,0,0,0,1,1,0,0,0,0,1,2,4,0,0,0,0,12,33,0,3,0
"103_037. Calvin Harris, Rihanna - This Is What You Came For (Official Video) ft. Rihanna_noise_-10dB_sample2.wav",120,0,1,12,7,2,0,20,0,1,0,0,0,2,33,12,3,47,3,2,0,94,0,0,5,7,11,1,1,2,1,3,1,3,50,0,1,0,27,8,0,11,5,0,0,2,7,0,0,1,0,1,6,0,1,0,4,5,2,12,1,3,0,2,0,1,7,8,0,37,3,7,3,2,0,0,0,1,0,1,0,1,0,0,7,2,0,5,0,1,2,5,0,0,2,0,11,17,23,2,329
