"16_038. P!nk - Just Give Me A Reason ft. Nate Ruess_noise_-12.5dB_sample1.wav",128,0,1,6,0,1,1,4,0,0,3,0,1,0,33,1,8,45,4,2,0,108,3,1,1,2,0,2,2,2,0,1,1,4,92,0,0,0,1,2,0,12,0,0,0,0,3,1,0,13,1,0,0,0,1,1,0,1,0,1,2,0,4,0,0,1,2,6,1,45,3,0,0,107,0,1,0,0,0,0,0,0,3,0,0,0,13,0,1,0,2,6,1,0,2,0,14,19,2,2,0
"10_012. Calvin Harris - I Need Your Love (Official Video) ft. Ellie Goulding_noise_-12.5dB_sample1.wav",114,12,0,3,0,0,1,0,0,0,4,0,0,0,33,4,4,48,1,4,0,130,0,0,3,4,0,0,1,2,0,0,1,1,154,0,0,0,0,1,0,11,1,0,0,242,0,33,0,2,5,4,0,2,3,0,3,0,4,0,2,0,0,0,0,0,4,11,1,44,3,2,0,3,0,0,0,4,0,1,0,0,1,0,3,19,0,1,0,1,4,2,0,0,2,1,12,37,0,2,0
"59_014. Avicii - Hey Brother (Lyric)_noise_-12.5dB_sample1.wav",113,14,1,9,0,0,0,0,2,3,0,0,1,0,33,4,8,48,0,1,0,128,0,0,67,2,6,1,1,1,1,1,1,1,253,2,0,0,0,2,2,13,1,0,0,17,2,1,0,22,0,0,0,1,1,0,3,4,0,3,3,0,0,0,0,1,4,11,8,44,3,10,0,0,1,0,0,3,0,1,0,0,0,2,4,29,0,0,0,0,1,4,0,1,1,0,11,38,33,4,0
"50_006. Wiz Khalifa - See You Again ft. Charlie Puth [Official Video] Furious 7 Soundtrack_noise_-12.5dB_sample2.wav",113,0,0,18,0,0,2,54,1,8,0,0,2,2,33,1,0,50,1,11,0,122,0,0,3,4,0,0,2,2,1,1,0,1,154,0,0,0,19,4,0,12,2,0,0,1,1,0,1,5,12,1,0,2,386,1,0,3,6,6,0,1,0,1,1,5,5,10,4,44,1,7,1,6,0,0,0,0,0,0,0,2,0,0,0,0,3,0,0,0,4,2,0,0,7,0,13,35,1,4,3
"24_047. Girls Talk Boys (from the Ghostbusters Original Motion Picture Soundtrack)_noise_-12.5dB_sample1.wav",111,2,7,45,8,33,0,6,0,0,1,0,2,9,33,7,2,44,3,4,0,110,5,6,5,17,1,13,0,2,5,1,32,33,78,12,1,0,13,1,2,10,1,0,6,3,2,0,0,5,4,0,0,91,26,0,0,1,0,6,1,0,0,0,1,17,6,5,4,44,4,8,0,11,29,6,0,0,0,0,0,7,0,6,13,1,22,18,0,1,1,175,0,0,0,0,11,24,0,2,2
"74_029. David Guetta - Hey Mama (Official Video) ft Nicki Minaj, Bebe Rexha & Afrojack_noise_-12.5dB_sample2.wav",112,1,0,51,2,0,0,9,1,0,0,0,0,0,34,13,0,48,4,2,0,92,0,0,9,4,15,0,1,2,17,5,13,1,126,22,3,0,4,1,1,11,0,1,11,2,0,0,0,9,2,2,0,0,1,0,0,0,0,0,0,0,2,0,13,7,7,8,3,44,5,55,0,2,1,18,0,7,2,0,3,0,0,6,0,1,0,4,1,0,0,5,85,0,5,0,11,22,1,2,22
"80_077. Emeli Sandé - Hurts_noise_-12.5dB_sample2.wav",113,3,7,327,87,341,0,4,0,1,0,0,3,99,33,10,1,46,4,1,0,90,57,17,2,58,8,109,7,3,9,0,127,341,108,11,18,2,15,2,0,11,0,2,424,0,6,66,2,7,32,4,3,160,241,1,0,4,0,14,1,0,2,45,5,122,8,9,56,44,4,80,0,28,75,13,0,15,0,10,0,28,0,10,28,0,139,81,1,0,2,12,1,1,5,0,12,26,1,2,2
"82_A Lady_noise_-12.5dB_sample1.wav",117,1,1,80,13,52,0,25,0,3,4,2,57,69,1259,5,4,48,12,5,9,126,6,2,16,21,18,10,21,3,0,14,57,64,119,5,5,0,2572,259,1,10,2,0,7,11,63,22,1,60,19,6,0,17,46,0,3,1,0,3,3,1,3,5,4,20,5,11,1,44,18,54,35,5,16,1,0,2,0,2,0,33,9,3,2,0,111,5,0,0,6,7,9,3,8,1,11,46,1,4,3
"57_Numb_noise_-12.5dB_sample2.wav",114,0,1,3,0,1,0,2,1,0,1,1,0,1,33,0,4,52,1,2,0,90,0,0,1,4,0,0,0,5,0,8,0,1,77,2,0,0,0,0,5,10,1,0,0,0,1,1,0,3,1,1,0,0,0,0,0,0,0,0,0,0,0,1,2,0,3,7,1,39,4,9,0,1,1,0,0,0,0,0,0,0,0,1,0,1,191,5,1,0,2,2,0,0,4,0,12,18,7,1,0
"25_035. Alan Walker - Sing Me To Sleep_noise_-12.5dB_sample1.wav",113,3,2,66,2,1,3,52,5,1,0,0,8,0,77,33,0,48,16,5,1,132,0,0,5,5,37,1,1,18,48,36,24,5,154,25,9,0,10,27,1,15,0,0,26,5,6,0,1,21,0,4,3,17,6,0,2,1,1,0,1,0,1,9,1,14,6,11,38,44,3,70,4,1,2,35,0,15,0,0,0,1,0,13,0,17,4,20,1,1,0,32,29,0,20,0,11,526,3,2,5
"100_059. Nilla Wafer Top Hat Time  Song - Rhett & Link_noise_-12.5dB_sample2.wav",119,5,0,11,3,1,1,6,0,0,0,0,1,4,33,0,4,48,2,3,0,110,0,0,4,2,0,2,0,2,1,2,3,2,154,2,0,0,0,3,1,15,0,2,0,0,3,0,0,10,1,1,1,2,2,1,0,1,0,0,0,0,0,0,1,2,6,11,2,44,3,0,1,2,2,0,0,0,1,0,0,0,3,1,2,0,4,1,189,0,1,2,0,0,2,0,12,22,2,1,1
"105_101. Yann Tiersen - Comptine d`un autre ete - l`apres-midi_noise_-12.5dB_sample1.wav",121,4,0,171,0,0,1,66,2,0,0,3,0,13,36,42,0,46,5,34,0,102,5,5,1,16,9,7,3,5,32,11,78,3,154,75,30,0,16,12,6,11,0,0,21,1,2,2,2,97,2,28,0,1,15,0,0,1,0,0,0,3,5,6,66,159,7,11,27,44,7,7766,5,8,4,77,0,5,1,0,17,28,7,21,0,11,22,6,9,4,0,15,60,0,0,0,12,53,13,1,454
"58_039. OMFG - Hello_noise_-12.5dB_sample1.wav",117,0,0,6,0,0,0,2,2,0,0,1,3,0,33,0,2,44,2,0,0,98,0,0,7,1,0,0,1,1,0,0,0,1,38,0,3,2,0,1,0,11,0,0,0,0,3,0,0,5,0,2,0,0,0,0,0,0,0,0,1,4,0,0,0,1,2,6,6,44,4,0,0,2,0,1,0,3,0,0,0,0,0,0,0,0,1,0,0,0,0,2,0,77,0,0,12,15,0,3,0
"30_Cannibal_noise_-12.5dB_sample1.wav",118,1,1,27,1,0,0,4,2,2,0,1,3,1,33,3,12,45,4,3,1,122,27,1,1,3,1,2,3,2,2,1,0,1,154,0,2,1,2,3,1,15,1,1,0,7,0,0,0,1,1,1,0,0,42,0,0,0,1,2,2,0,1,0,0,75,7,11,4,44,3,5,36,9,3,1,0,0,1,2,0,0,0,85,11,1,0,14,0,0,0,4,1,1,0,0,13,35,1,2,4
"88_033. Fifth Harmony - Worth It (Official Video) ft. Kid Ink_noise_-12.5dB_sample2.wav",119,0,1,3,0,0,0,0,0,1,389,0,3,0,33,2,0,46,3,2,0,104,0,0,1,3,1,2,0,2,0,3,1,1,154,0,3,0,0,0,0,11,0,0,0,0,0,0,0,3,0,0,0,0,2,0,0,0,0,1,0,0,0,0,0,0,3,11,0,44,2,0,8,0,9,1,0,1,0,4,0,0,35,0,3,0,0,0,0,2,0,0,0,3,0,2,11,28,2,9,0
"22_094. Harry Potter Puppet Pals - The Mysterious Ticking Noise (Video With Lyrics)_noise_-12.5dB_sample1.wav",118,1,1,11,1,0,0,0,0,0,2,0,1,0,33,7,8,48,4,5,0,90,0,8,0,2,8,0,0,3,2,1,28,3,154,55,9,0,0,1,7,13,0,1,3,0,0,1,1,14,1,0,3,4,1,0,1,0,0,0,0,11,0,0,46,34,6,11,0,54,2,10,0,1,0,14,0,2,0,0,0,390,0,21,0,0,12,1,2,0,8,1,1,3,5,0,11,28,2,6,5
"5_002. Avicii - Wake Me Up (Official Video)_noise_-12.5dB_sample1.wav",118,4,93,6,1,0,2,13,2,0,0,0,0,0,33,2,0,48,3,0,0,132,0,2,1,4,0,3,1,7,11,5,0,2,150,5,1,0,0,1,5,12,14,0,3,0,0,1,1,6,0,8,0,2,5,0,0,0,0,1,0,0,2,0,0,3,7,11,0,44,9,66,0,3,0,2,0,0,0,0,0,0,0,0,2,6,1,1,4,1,1,6,2,0,0,0,12,43,1,4,0
"73_Turn the Lights Off_noise_-12.5dB_sample1.wav",117,134,46,69,20,38,1,3,3,1,1,3,0,13,52,51,0,46,14,12,4,112,3,16,4,6,2,1,5,5663,62,662,79,31,65,188,11,0,73,1,339,11,11,2,3,1,21,7,1,103,0,1048,12,8,0,0,21,1,2,2,0,19,37,18,212,12,6,5,52,43,360,630,10,7,15,2,0,16,13,8,3,21,3,14,2,5,63,16,11,0,2,3,2,0,19,7,12,25,37,10,18
"1_028. Capital Cities - Safe And Sound_noise_-12.5dB_sample1.wav",112,3,0,7,0,0,0,3,1,0,4,0,0,2,33,3,1,48,10,0,0,88,0,1,23,1,2,2,0,4,0,0,6,4,144,2,67,0,2,1,2,15,1,0,0,0,0,4,0,1,1,2,0,0,2,0,0,4,3,3,0,1,0,0,65,8,6,11,0,44,5,0,1,2,0,4,0,2,0,45,0,2,0,6,8,1,0,1,0,5,1,4,0,11,4,0,13,22,2,3,3
"23_048. Pharrell Williams - Happy (Official Music Video)_noise_-12.5dB_sample2.wav",111,1,0,12,3,0,0,1,1,1,1,0,0,3,33,1,0,46,0,0,1,122,0,1,1,0,0,0,0,2,1,0,1,3,106,2,0,0,0,0,0,11,1,0,0,0,0,0,0,0,0,1,0,0,0,1,0,1,0,3,1,0,0,0,3,1,4,9,1,44,4,0,0,1,0,0,0,0,0,0,0,0,0,0,0,0,0,0,0,4,201,4,0,0,6,1,11,34,1,1,6
"70_You and Me_noise_-12.5dB_sample2.wav",112,2,19,41,3,20,0,3,1,1,0,3,0,1,33,2,0,48,2,2,2,100,0,0,5,10,0,0,0,5,2,1,2,6,97,0,5,0,0,0,1,11,0,0,0,0,0,5,0,6,0,0,0,2,3,0,2,0,0,1,0,0,3,0,2,12,6,8,0,44,3,35,9,1,325,0,0,2,1,0,0,0,1,3,0,11,0,2,1,0,4,1,0,0,3,32,11,29,1,1,0
"77_065. Nightcore - Ghostbusters_noise_-12.5dB_sample2.wav",111,0,0,5,0,0,1,3,2,0,1,0,0,0,32,0,0,48,6,1,6,124,3,0,0,2,0,1,1,2,1,0,1,2,94,0,0,0,0,2,0,11,0,0,0,0,1,0,1,0,2,2,0,2,1,0,0,0,0,0,0,0,2,0,0,0,2,9,7,44,1,0,0,0,0,0,0,0,0,0,0,0,0,0,0,0,0,0,0,0,4,4,0,0,2,0,13,33,1,3,2
"90_064. Eurythmics, Annie Lennox, Dave Stewart - Sweet Dreams (Are Made Of This) (Official Video)_noise_-12.5dB_sample1.wav",114,1,0,4,1,0,0,4,0,1,0,0,0,0,33,1,4,49,1,3,1,132,1,0,0,4,0,3,1,2,1,1,2,2,149,0,0,0,0,1,1,12,0,1,3,1,1,0,0,4,0,11,0,0,1,0,0,0,0,0,0,0,0,0,0,1,4,11,0,44,4,0,0,0,0,0,0,0,0,0,0,1,0,0,0,0,1,2,0,45,1,2,0,2,0,1,11,38,1,2,0
"104_024. twenty one pilots Stressed Out [OFFICIAL VIDEO]_noise_-12.5dB_sample2.wav",113,0,0,4,0,3,0,0,1,0,0,0,0,0,33,1,4,50,4,6,0,132,0,0,0,4,0,0,1,12,1,4,1,2,149,7,0,0,0,0,1,11,0,0,2,0,0,1,1,6,0,1,2,1,1,0,0,0,0,0,1,0,0,0,0,0,88,11,3,44,2,3,0,1,0,1,0,0,0,0,0,0,0,0,0,0,24,0,0,0,2,0,3,0,4,3,11,42,1,2,11
"6_043. Wintergatan - Marble Machine (music instrument using 2000 marbles)_noise_-12.5dB_sample1.wav",113,0,0,17,28,3,0,4,1,0,0,0,0,0,108,1,4,45,10,18,0,124,0,76,3,4,4,0,2,9,0,0,110,2,154,77,39,0,0,1,0,16,0,0,0,0,0,0,2,11,1,4,0,0,0,0,0,0,0,0,0,0,0,9,275,0,8,11,4,44,3,40,20,19,0,2,0,0,0,0,0,13,0,28,0,0,0,2,0,0,3,2,0,0,2,0,12,37,2,2,0
"102_018. Shawn Mendes - Stitches (Official Music Video)_noise_-12.5dB_sample2.wav",117,3,0,6,1,1,1,5,1,1,0,258,0,18,33,2,3,52,4,1,0,128,0,0,22,3,0,1,1,2,1,2,2,2,119,0,0,0,3,1,2,13,0,0,0,0,6,1,0,9,1,0,0,2,2,1,0,0,0,0,0,0,0,1,0,3,2,10,0,45,1,63,6,0,2,0,2,0,0,0,0,0,0,2,0,0,0,0,0,0,4,4,0,0,2,1,12,37,2,4,0
"20_Never Meant to Know_noise_-12.5dB_sample1.wav",123,0,0,6,0,0,1,4,1,2,0,0,0,0,33,0,0,49,4,2,0,130,0,1,0,4,0,1,1,2,0,0,0,1,134,0,2,1,4,1,2,15,0,0,1,0,0,0,0,2,1,1,0,148,0,0,0,0,0,0,2,0,0,5,0,2,5,10,2,44,3,2,0,0,3,0,1,1,0,0,1,0,0,2,1,0,0,1,1,2,1,2,0,0,1,0,12,40,1,2,0
"5_002. Avicii - Wake Me Up (Official Video)_noise_-12.5dB_sample2.wav",123,0,3,3,0,0,0,4,0,0,0,0,0,0,33,1,2,50,0,0,0,96,0,1,5,2,0,1,1,1,0,0,1,1,105,1,1,0,0,1,5,11,1,0,0,0,0,0,0,4,0,0,0,0,0,0,0,0,0,0,0,0,0,0,0,0,7,5,1,44,3,1,0,0,0,0,0,0,0,0,0,0,0,0,0,0,0,0,0,0,1,2,2,0,0,0,11,27,1,2,1
"11_062. Pipe Guy - HouseTranceTechno Live_noise_-12.5dB_sample2.wav",125,4,0,7,0,0,1,4,1,1,0,0,2,2,33,4,4,52,2,3,0,124,0,5,1,6,6,1,1,1,2,6,7,1,154,0,0,0,5,3,4,14,0,1,6,0,0,0,1,2,1,2,0,8,1,0,1,0,0,0,1,5,1,1,1,3,8,11,5,44,2,16,2,5,2,5,0,3,5,0,3,2,0,21,0,1,0,1,1,0,2,6,9,0,0,1,12,26,2,3,2
"98_021. Alan Walker - Faded_noise_-12.5dB_sample2.wav",119,55,0,50,6,1,3,35,1,5,0,4,0,2,33,3,2,48,1,2,0,132,0,4,3,28,0,0,34,4,56,0,7,4,149,0,0,0,44,0,0,12,14,6,31,8,92,75,4,7,67,707,9,21,12,10,6,0,15,0,7,0,0,1,0,0,4,11,13,44,7,31,1,1,1,1,23,3,0,6,0,5,3,11,18,5,9,14,0,0,4,4,0,22,3,2,11,42,0,2,0
"51_088. Steven Universe - We Are The Crystal Gems_noise_-12.5dB_sample2.wav",117,36,0,7,20,0,3,4,2,0,0,39,0,10,33,1,0,44,10,0,2,109,0,0,219,3,2,0,0,2,3,6,7,0,189,6,0,0,0,1,0,11,1,0,0,2,28,4,0,41,0,4,0,1,44,0,5,0,0,0,2,0,2,0,0,493,2,8,1,44,0,5,1699,0,64,5,2,3,0,0,0,1,9,0,0,0,0,0,0,0,1,2,0,0,0,2,11,37,3,3,40
"2_023. Rachel Platten - Fight Song (Official Video)_noise_-12.5dB_sample1.wav",117,5,0,84,1,3,0,28,1,0,0,0,2,2,33,377,6,44,14,4,0,104,5,7,7,8,49,3,1,10,57,4,12,7,106,28,5,0,11,1,1,11,0,2,35,0,0,1,2,29,1,1,3,0,4,0,0,2,0,0,0,0,0,2,22,21,17,11,10,42,40,26,2,9,4,28,0,21,0,0,0,1,0,19,0,0,10,5,3,0,0,34,16,3,0,0,13,26,4,0,3
"103_037. Calvin Harris, Rihanna - This Is What You Came For (Official Video) ft. Rihanna_noise_-12.5dB_sample1.wav",118,0,3,11,1,1,1,4,2,0,0,0,4,1,51,3,1,49,22,6,0,122,0,0,4,4,2,0,0,1,0,1,1,1,154,2,1,0,5,11,1,15,2,0,0,0,1,1,0,3,30,2,1,2,4,0,0,0,7,1,1,0,0,0,0,3,5,11,4,44,6,16,5,6,0,0,0,10,0,0,0,0,2,1,0,1,0,4,2,0,1,3,0,0,2,0,11,31,6,2,713
"7_092. Harry Potter Medley on Marimba_noise_-12.5dB_sample2.wav",124,37,1,3510,47,33,15,9,2,4,4,0,0,22,34,5,24,48,1,3,0,132,811,11,0,2,0,0,1,6,3,1,1,22,119,3,1,0,1,3,0,15,40,0,15,6,0,21,2,3,7,5,1,2,8,0,11,8,4,10,0,1,11,3,0,103,2,5,8,200,2,20,0,2,4,23,0,12,3,6,18,2,27,0,2,36,12,9,0,3,2,2,0,0,66,36,11,43,2,4,9
"11_062. Pipe Guy - HouseTranceTechno Live_noise_-12.5dB_sample1.wav",121,11,0,18,2,0,0,8,0,1,0,0,0,0,32,1,3,50,7,0,7,88,0,0,0,2,0,0,1,3,1,0,0,2,106,4,0,0,2,2,1,13,5,3,0,4,5,55,0,2,16,5,2,5,3,2,9,0,4,1,4,0,5,0,1,18,2,8,0,42,3,42,0,2,0,0,1,1,0,7,0,4,1,31,1,2,0,2,0,2,2,3,0,0,1,2,13,20,2,2,4
"95_053. Avicii - Hey Brother_noise_-12.5dB_sample2.wav",125,7,0,6,3,14,0,0,1,2,0,4,0,1,33,1,3,48,2,2,0,124,0,0,519,3,0,0,1,1,2,2,0,1,551,0,0,0,0,1,1,11,0,0,0,0,3,7,0,66,2,6,0,4,5,0,3,0,0,0,0,0,0,1,1,56,3,11,0,44,3,0,115,3,16,0,7,0,0,0,0,0,0,0,0,2,0,2,0,0,8,2,1,0,3,0,13,33,0,6,7
"60_057. Get Off The Phone Song_noise_-12.5dB_sample2.wav",129,1,0,3,0,0,0,4,1,0,0,0,1,0,33,0,4,52,0,1,0,100,0,1,4,2,0,3,0,1,0,0,1,1,149,0,0,0,0,4,1,15,0,36,2,0,2,2,1,7,1,2,4,11,0,1,0,0,0,2,0,0,0,2,0,4,8,11,4,44,5,0,0,0,0,0,0,0,2,0,0,0,0,0,0,0,4,3,1,0,1,0,0,0,1,0,11,22,0,1,0
"92_025. Fall Out Boy - Immortals (From Big Hero 6)_noise_-12.5dB_sample1.wav",117,2,2,6,3,1,0,2,1,1,0,1,2,1,31,1,3,52,9,1,0,104,0,2,4,7,1,66,2,2,2,2,10,2,43,1,4,0,0,1,2,10,0,0,2,0,1,1,1,6,1,1,0,2,1,0,1,1,0,0,1,1,0,0,0,1,6,5,4,44,2,5,14,1,0,3,0,0,2,0,0,0,1,2,2,0,4,1,0,0,4,3,0,0,1,1,12,18,2,3,0
"99_080. Melanie Martinez - Carousel (Official Music Video)_noise_-12.5dB_sample1.wav",111,1,0,4,2,0,1,0,1,0,2,1,0,2,32,0,0,48,2,0,0,84,0,0,2,4,0,9,0,3,1,0,0,5,33,0,0,0,2,0,1,7,0,0,0,0,0,0,0,1,0,0,0,1,0,0,0,0,0,0,0,9,0,0,0,1,2,274,1,35,3,0,0,1,0,1,0,0,0,0,1,0,0,0,0,0,4,16,0,0,1,2,0,0,0,0,12,14,1,2,1
"3_100. Owl City & Carly Rae Jepsen - Good Time (Official Video)_noise_-12.5dB_sample1.wav",112,10,0,11,2,0,4,0,1,1,3,0,1,1,33,0,4,54,2,1,0,108,0,0,2,6,0,0,1,2,0,1,1,2,103,1,1,0,4,0,1,10,240,2,0,12,2,162,1,7,79,4,1,10,3,0,3,1,3,2,13,0,0,0,0,18,10,7,0,44,4,0,0,0,0,0,0,11,0,1,0,1,1,0,6,2,0,7,1,0,2,2,0,0,5,3,12,20,1,2,0
"55_009. Taylor Swift - Shake It Off_noise_-12.5dB_sample2.wav",113,8,2,42,24,2,1,119,1,0,2,0,169,2,1415,3,0,46,9,7,6,86,0,0,34,18,15,0,26,1,0,0,1,1,144,0,1,0,285,1675,1,11,4,1,1,18,140,0,1,192,13,0,2,0,172,0,7,2,0,22,6,0,7,3,0,24,7,11,0,44,35,9,81,14,7,1,0,3,0,1,0,4,1,4,7,3,2,12,0,0,1,4,2,6,21,0,12,73,5,1,16
"16_038. P!nk - Just Give Me A Reason ft. Nate Ruess_noise_-12.5dB_sample2.wav",115,27,1,10,1,6,0,2,1,0,3,0,2,0,33,1,1,48,8,1,0,132,0,0,3,1,0,0,0,2,2,0,0,2,154,9,1,1,2,7,0,15,0,0,0,2,4,0,1,25,0,3,0,3,2,0,4,0,0,0,0,4,1,0,9,1,2,12,2,45,6,3,0,294,1,1,0,3,1,0,1,0,0,3,0,0,22,1,1,1,4,2,0,0,3,0,12,41,1,4,6
"51_088. Steven Universe - We Are The Crystal Gems_noise_-12.5dB_sample1.wav",112,0,36,10,3,49,0,715,2,0,2,0,13,2,99,11,2,48,4,31,0,118,0,0,4,329,2,0,6,2,2,0,95,45,96,0,2,0,18,50,0,11,0,9,0,0,12,0,31,24,1,1,0,0,72,0,21,0,60,2,0,0,0,32,0,3,6,9,4,42,3,30,67,0,0,0,0,0,0,0,0,0,0,0,0,0,60,1,0,0,1,0,0,0,3,0,11,25,141,1,0
"13_030. Maroon 5 - Animals_noise_-12.5dB_sample2.wav",113,0,0,5,0,0,0,0,0,0,0,0,0,0,33,1,0,48,2,2,0,118,0,0,0,6,0,1,2,2,0,0,0,1,136,0,0,0,0,0,3,11,0,0,0,0,0,0,0,1,0,0,0,3,1,0,0,0,0,0,0,0,0,0,0,0,1,10,7,46,1,0,0,3,0,0,2,0,0,0,0,0,0,0,0,0,0,0,0,0,0,2,0,0,3,0,11,31,0,3,0
"63_087. Anaconda - Nicki Minaj  The Fitness Marshall  Dance Workout_noise_-12.5dB_sample2.wav",116,10,1,7,1,0,0,3,7,0,0,0,0,0,33,0,0,47,3,6,0,106,0,0,0,5,0,0,1,2,0,1,15,3,111,1,0,0,1,6,0,10,2,0,2,0,10,0,0,5,0,0,2,4,1,0,0,0,0,0,0,0,0,0,0,3,4,10,0,44,3,0,0,2,4,1,0,4,185,0,0,0,0,3,0,0,0,1,0,0,1,0,0,0,2,0,11,24,11,2,0
"87_079. twenty one pilots Heathens (from Suicide Squad The Album) [OFFICIAL VIDEO]_noise_-12.5dB_sample2.wav",119,0,0,5,0,0,0,4,1,0,0,0,0,0,33,1,0,48,2,3,0,120,0,0,0,3,0,0,0,3,1,0,0,2,149,2,0,2,0,1,0,13,1,0,0,0,22,0,0,7,1,0,0,2,0,0,0,0,0,0,0,0,0,0,0,0,1,11,1,44,1,0,0,0,0,120,0,0,0,0,1,0,0,0,0,0,0,0,0,0,1,4,0,0,0,1,13,30,1,2,0
"45_005. OneRepublic - Counting Stars_noise_-12.5dB_sample1.wav",118,0,2,5,1,0,0,4,1,2,1,0,9,8,33,0,3,52,3,2,0,88,0,2,1,4,0,1,0,4,0,2,0,4,85,0,0,0,0,0,1,11,0,1,2,0,0,0,0,2,1,0,5,0,1,0,0,2,0,0,0,0,0,6,1,1,1,8,284,42,2,0,0,2,0,1,0,0,4,0,0,3,0,0,0,1,7,12,0,0,1,2,0,0,2,1,11,20,1,2,0
"39_051. Galantis - No Money (Official Video)_noise_-12.5dB_sample2.wav",119,0,0,6,0,0,0,4,0,0,1,0,0,0,33,0,4,44,7,0,0,120,0,0,7,2,1,0,2,1,0,0,1,1,154,1,0,0,3,1,2,12,0,0,0,0,1,0,0,2,1,1,0,0,0,0,0,1,0,0,0,0,0,129,1,0,4,11,0,44,3,0,0,3,6,0,0,0,0,0,0,0,0,12,0,0,4,9,1,0,1,4,0,0,0,0,12,28,1,2,0
"93_015. Lukas Graham - 7 Years [Official Music Video]_noise_-12.5dB_sample2.wav",118,2,0,110,0,0,0,0,0,0,0,0,0,2,33,0,0,46,5,1,0,130,0,0,0,2,0,0,0,2,0,1,2,4,135,1,1,0,0,1,0,11,0,0,0,1,0,1,0,0,191,0,0,0,0,0,0,0,0,4,0,0,0,0,0,0,6,10,1,44,3,0,0,0,0,1,0,1,0,0,0,2,0,0,0,0,0,2,0,3,1,5,0,0,2,0,11,42,2,1,5
"0_096. Nightcore - Mad World_noise_-12.5dB_sample2.wav",113,3,0,5,1,4,0,0,1,0,0,0,2,2,32,0,0,44,3,0,11937,90,550,0,3,6,0,0,3,3,0,0,0,4,89,0,0,0,1,0,2,9,0,0,0,0,200,0,0,2,2,0,0,1,1,1,0,0,0,2,0,0,0,0,0,0,2,7,0,41,2,0,2,12,0,2,12,0,0,0,40,24,4,16,0,0,0,2,0,0,1,2,0,0,0,0,11,18,1,0,0
"40_052. Lindsey Stirling - Moon Trance (Official Music Video)_noise_-12.5dB_sample2.wav",115,1,1,19,8,2,0,4,2,3,0,0,12,3,207,8,0,52,4,974,0,128,0,20,5,3,5,1,2,3,2,9,41,2,149,14,11,0,28,19,1,11,0,1,11,14,8,0,2,4,3,3,0,1,2,1,4,2,2,28,4,1,1,0,425,7,3,11,2,44,9,11,1,8,1,11,0,1,0,4,7,2,1,146,8,0,13,2,0,3,1,2,2,3,2,0,11,32,17,4,2
"3_100. Owl City & Carly Rae Jepsen - Good Time (Official Video)_noise_-12.5dB_sample2.wav",113,34,1,11,1,22,47,11,0,2,7,2,3,0,33,1,11,44,3,2,0,88,0,0,2,8,0,6,1,3,0,0,7,4,15,1,1,0,0,0,0,11,76,0,0,2,3,9,3,4,20,0,0,0,30,1,2,10,6,0,0,2,2,0,0,11,2,20,0,30,1,0,0,0,0,1,0,7,0,1,0,4,1,0,8,0,3,0,0,0,1,4,2,1,44,3,11,13,6,1,170
"81_013. Passenger  Let Her Go (Official Video)_noise_-12.5dB_sample2.wav",123,0,0,74,1,1,0,0,1,0,0,1,0,0,33,1,1,46,2,0,0,128,0,0,0,2,0,0,0,1,0,0,2,3,135,2,0,0,0,1,1,11,1,0,1,1,1,2,1,2,0,2,0,0,0,0,0,0,0,0,1,0,184,0,0,2,2,10,3,44,1,5,0,2,0,0,0,2,0,0,3,0,5,0,0,0,4,0,0,0,4,1,0,0,8,1,11,39,0,1,1
"93_015. Lukas Graham - 7 Years [Official Music Video]_noise_-12.5dB_sample1.wav",123,0,0,44,1,0,0,9,0,0,0,0,1,24,32,0,0,52,11,3,0,122,1,0,0,4,0,1,0,4,0,0,0,4,84,0,0,0,0,2,1,12,1,1,0,4,0,0,0,0,203,0,11,0,5,0,0,3,0,2,0,0,0,1,0,0,4,9,0,42,1,1,0,1,0,1,0,0,0,2,0,0,0,0,0,0,0,0,1,0,0,1,2,0,3,9,11,23,2,2,2
"76_073. Lindsey Stirling - Crystallize (Dubstep Violin Original Song)_noise_-12.5dB_sample2.wav",130,121,3,192,4,85,12,23,1,3,5,3,0,45,79,39,47,51,2,3,9,108,0,0,33,11,44,0,1,9,60,1,9,2,95,24,5,0,11,3,0,11,149,2,32,5,16,44,0,26,3,11,1,2,20,0,2,40,7,15,2,1,19,0,0,2032,20,8,11,44,2,335,14,1,7,26,0,27,0,1,18,6,3,42,24,3,0,0,1,7,6,14,9,4,339,5,12,24,70,10,4
"9_034. Pitbull - Timber (Official Video) ft. Ke$ha_noise_-12.5dB_sample2.wav",130,1,3,4,0,0,3,0,3,0,0,1,0,0,33,1,3,48,2,2,0,100,0,0,0,1,0,0,1,4,76,2,1,2,154,4,0,0,0,1,2,18,1,0,0,1,0,0,0,2,0,8,0,0,1,0,0,0,0,0,0,2,0,0,0,0,1,11,12,44,12,4,0,3,0,0,0,0,0,0,0,0,0,0,0,1,0,1,0,0,0,2,0,0,1,0,11,28,2,4,2
"103_037. Calvin Harris, Rihanna - This Is What You Came For (Official Video) ft. Rihanna_noise_-12.5dB_sample2.wav",134,52,0,11,9,1,2,19,5,0,1,0,0,1,33,1,0,48,4,16,0,100,19,5,1,11,0,8,1,6,0,3,7,5,96,0,1,0,1,1,2,10,0,0,6,0,4,1,1,6,0,0,0,6,11,0,1,4,0,2,1,0,0,0,0,3,4,8,0,44,2,6,0,9,8,10,0,14,0,0,0,0,0,4,0,0,5,1,0,0,1,4,0,4,2,1,13,20,6,1,159
"80_077. Emeli Sandé - Hurts_noise_-12.5dB_sample1.wav",125,8,0,434,0,0,0,45,0,0,0,0,0,0,33,178,4,120,2,33,0,94,0,0,0,23,196,0,1,2,265,7,76,4,154,124,9,0,52,2,3,11,1,0,436,0,0,1,0,110,0,0,0,0,0,0,0,0,0,0,0,0,0,0,3,77,30,11,30,53,4,70,0,3,8,99,0,70,0,0,0,0,0,77,0,0,0,0,0,0,1,54,39,0,2,0,12,36,13,1,8
"37_063. Bastille - Pompeii (Official Music Video)_noise_-12.5dB_sample2.wav",120,22,5,5,26,1,1,0,0,0,0,0,4,4,52,1,1,45,3,9,0,108,0,144,15,11,1,2,2,9,0,42,45,2,55,19,19,0,1,10,0,11,1,2,12,2,14,1,1,6,2,5,0,0,10,1,1,4,0,9,0,1,0,1,221,16,2,4,1,38,3,12,5,11,0,10,0,0,2,46,0,12,0,27,4,0,21,1,0,0,4,11,2,13,0,0,11,15,1,0,1
"41_The Bidding_noise_-12.5dB_sample2.wav",119,38,0,14,3,0,0,0,0,0,0,0,1,2,27,1,0,46,5,1,0,96,0,0,0,2,0,0,1,2,0,0,0,5,14,0,3,0,0,0,0,3,0,1,0,2,2,0,0,0,0,0,0,0,27,0,0,0,0,0,0,0,0,0,1,0,5,2,0,31,3,4,0,0,0,0,0,0,0,0,54,0,0,0,0,3,0,3,0,0,1,4,0,0,0,48,411,9,2,2,0
"8_081. The Beach Boys - I Get Around_noise_-12.5dB_sample2.wav",122,3,44,8,0,0,1,2,2,1,2,0,1,0,33,6,3,44,2,2,1,110,0,0,2,3,9,0,0,3,0,1,0,3,144,2,0,0,5,2,6,276,2,2,1,0,2,1,0,1,2,0,0,2,1,0,7,2,1,4,0,2,0,0,0,0,3,11,2,44,3,3,0,2,0,0,1,0,0,2,0,1,2,0,3,2,3,0,0,3,4,1,2,0,0,0,13,22,10,2,0
"50_006. Wiz Khalifa - See You Again ft. Charlie Puth [Official Video] Furious 7 Soundtrack_noise_-12.5dB_sample1.wav",123,1,4,55,0,6,0,515,2,1,0,1,2,2,33,3,8,81,4,91,1,132,0,0,7,169,0,0,2,2,0,0,7,54,154,1,3,0,2,7,0,11,2,2,1,2,2,10,16,29,127,2,0,0,308,0,5,9,5,3,1,0,1,5,1,20,4,13,1,44,2,16,0,6,1,0,0,0,0,4,0,0,0,0,0,5,22,1,0,1,3,0,0,0,10,0,11,45,18,2,0
"24_047. Girls Talk Boys (from the Ghostbusters Original Motion Picture Soundtrack)_noise_-12.5dB_sample2.wav",125,0,0,8,0,0,1,4,2,0,0,0,4,1,33,0,3,48,4,1,2,114,0,1,0,4,1,0,0,4,0,0,0,4,140,0,0,0,0,1,0,11,0,1,0,0,3,1,0,9,1,2,2,0,2,0,0,0,0,0,0,0,1,0,1,0,2,11,3,49,1,0,0,2,0,0,3,1,0,1,0,0,0,0,0,0,0,0,0,1,2,11,0,0,3,0,12,23,0,2,1
"85_011. Martin Garrix - Animals (Official Video)_noise_-12.5dB_sample1.wav",132,0,0,15,0,0,3,2,1,0,2,0,0,467,33,7,1,44,2,15,0,80,0,0,2,3,1,1,1,1,0,4,3,2,123,1,1,0,9,2,2,15,1,0,0,3,5,1,0,7,3,2,0,3,6,0,0,1,2,3,16,0,2,0,0,0,2,10,4,44,4,10,1,2,2,1,0,0,0,1,1,8,1,0,0,1,0,0,1,0,1,2,0,5,1,10,11,21,0,1,4
"44_Sacred Beast_noise_-12.5dB_sample2.wav",129,11,1,44,0,1,78,6,0,0,3,0,0,30,33,24,7,52,10,2,6,100,0,1,33,8,26,0,0,5,33,0,8,40,149,18,7,0,40,1,2,11,9,14,18,5,48,11,0,18,2,68,4,0,20,0,6,2,0,2,2,1,0,0,0,20,4,11,4,44,2,104,14,3,1,14,0,1781,5,5,0,1,76,303,2,0,0,0,3,0,1,7,15,5,0,0,11,28,5,1,1
"66_Cruel_Summer_noise_-12.5dB_sample2.wav",130,0,0,4,1,0,1,2,0,0,0,0,0,0,33,2,0,48,4,3,0,110,0,0,2,4,0,1,1,2,3,2,0,2,123,0,0,0,0,1,1,11,0,0,0,0,0,0,95,3,1,0,0,0,0,0,0,0,0,0,0,0,0,0,0,0,5,11,3,44,3,8,0,3,0,0,0,0,0,0,0,0,2,0,0,0,2,1,0,0,1,0,0,0,0,0,11,31,1,1,0
"68_055. Madness - Our House (Official 4K Video)_noise_-12.5dB_sample2.wav",129,0,6,2,0,1,2,0,0,0,0,0,0,0,32,1,1,44,0,1,0,106,0,1,20,2,0,0,1,1,0,0,0,1,89,0,0,0,0,0,0,9,0,0,1,0,0,0,0,1,1,1,0,11,0,0,0,0,0,0,3,0,0,0,0,3,4,6,0,42,4,0,0,0,2,0,0,0,0,0,0,2,129,0,1,0,2,0,0,0,0,0,0,0,0,0,11,19,0,1,0
"91_Greener_noise_-12.5dB_sample2.wav",128,11,0,26,0,0,2,3,0,0,0,0,2,0,33,4,0,48,8,0,0,118,0,0,1,2,0,1,1,1,4,0,220,2,144,920,3,1,4,1,8,14,1,1,6,0,10,1,2,2,1,8,2,45,1,3,0,0,0,0,2,27,0,1,985,277,3,7,0,67,2,54,0,1,1,0,15,2,0,2,1,7,0,0,0,32,1,3,0,1,1,4,0,4,27,0,11,24,2,2,9
"98_021. Alan Walker - Faded_noise_-12.5dB_sample1.wav",127,14,0,40,3,0,7,4,0,4,0,0,0,3,33,1,1,61,0,0,0,120,0,12,0,4,0,0,1,1,1,1,1,2,154,0,0,1,2,0,1,11,11,4,0,8,0,44,0,3,35,476,3,16,9,1,4,0,8,0,6,0,0,1,2,106,2,11,0,44,4,6,85,0,0,0,0,66,1,0,0,1,2,138,11,1,0,0,0,1,1,0,0,0,2,1,11,22,0,4,0
"79_095. Alan Walker - Alone_noise_-12.5dB_sample2.wav",126,0,1,22,0,9,1,0,1,0,0,2,0,0,126,3,2,48,0,99,0,86,0,0,8,2,0,0,0,2,1,2,0,2,6,0,2,0,9,5,0,2,1,0,0,27,0,3,0,14,1,1,0,0,2,4,2,1,158,1,0,0,1,0,3,17,9,2,0,28,7,9,0,0,0,15,0,0,0,4,0,0,0,0,3,0,0,0,0,0,1,0,0,0,2,0,11,16,0,1,2
"61_045. The Black Eyed Peas - I Gotta Feeling (Official Music Video)_noise_-12.5dB_sample2.wav",138,2,1,6,1,1,0,2,2,1,0,1,4,1,32,4,3,44,4,0,0,84,0,0,0,3,1,0,3,2,0,2,10,12,63,61,1,0,0,0,3,10,1,0,0,46,1,1,0,2,0,1,0,0,1,0,0,0,0,0,3,4,0,3,28,17,2,5,3,39,4,6,0,0,0,0,1,0,0,0,0,0,2,11,2,359,1,1,0,0,1,3,2,0,7,0,11,15,2,1,1
"96_089. American Boy by Estelle and Kanye West_noise_-12.5dB_sample1.wav",141,0,0,10,0,0,0,4,0,0,0,0,1,0,33,6,0,44,3,0,0,94,0,0,1,2,0,0,1,2,0,0,0,4,134,0,0,0,5,0,1,11,0,0,1,0,1,0,6,9,0,0,0,1,1,0,0,0,0,0,0,0,0,8,0,0,20,9,0,44,4,2,0,2,0,1,0,8,0,0,0,0,0,0,0,0,0,4,0,3,0,0,2,0,1,0,11,22,216,0,1
"13_030. Maroon 5 - Animals_noise_-12.5dB_sample1.wav",145,2,4,4,0,0,0,10,0,0,0,0,0,0,33,5,0,48,7,2,0,112,0,0,1,2,1,0,1,14,3,3,3,2,111,9,2,3,0,1,349,11,0,2,0,0,0,0,0,5,2,12,0,2,0,0,0,0,0,1,0,1,0,0,126,3,4,7,1,44,21,62,0,2,4,0,0,0,0,0,3,1,2,0,1,0,4,0,0,0,2,2,0,0,2,0,11,25,1,1,2
"57_Numb_noise_-12.5dB_sample1.wav",135,1,0,14,1,0,1,1,1,0,0,0,1,0,27,0,1,44,6,1,0,96,0,0,3,2,0,0,1,4,1,9,0,2,22,0,1,0,0,0,0,4,0,0,0,0,0,0,0,0,0,0,0,0,0,0,0,0,0,0,0,0,0,1,2,0,8,3,2,31,5,5,0,3,0,2,0,0,0,1,0,0,0,0,0,0,306,2,0,0,0,3,0,0,0,0,11,15,7,2,0
"19_054. Owl City - When Can I See You Again (From Wreck it Ralph)_noise_-12.5dB_sample2.wav",142,0,0,6,0,0,0,0,0,0,0,0,0,0,31,1,0,48,5,4,0,118,0,5,6,2,3,4,0,1,0,6,6,2,74,0,6,0,1,5,0,9,0,1,12,0,3,0,1,12,2,0,0,4,1,0,5,4,0,0,0,0,0,0,1,7,4,7,0,40,79,3,0,4,9,3,0,8,0,0,0,1,0,4,0,0,1,1,0,0,3,6,0,2,1,0,12,29,8,3,5
"15_060. My OCD (Song)_noise_-12.5dB_sample1.wav",140,2,5,44,10,44,0,18,2,2,0,0,484,12,139,3,0,48,7,2,1,126,8,0,8,2,3,7,1,1,2,1,1,44,136,19,6,0,48,106,1,16,0,1,8,5,13,0,1,26,1,4,0,12,39,1,2,0,1,4,1,0,2,12,2,19,4,10,8,44,4,8,21,3,10,12,0,0,0,1,0,1,1,22,6,6,22,8,0,0,2,6,1,2,5,0,11,32,2,3,1
"86_019. Naughty Boy - La la la ft. Sam Smith (Official Video)_noise_-12.5dB_sample1.wav",120,0,1,9,0,0,0,1,1,0,0,0,1,0,32,12,0,52,6,1,0,112,0,0,0,3,0,1,1,2,17,0,33,3,65,3,0,0,0,1,2,9,0,0,11,0,5,0,3,0,1,12,0,0,1,0,0,0,0,0,0,3,1,0,1,0,2,6,3,42,2,40,0,2,0,0,3,0,0,0,0,1,0,0,0,0,1,123,0,1,2,3,0,0,3,0,11,21,1,1,2
"96_089. American Boy by Estelle and Kanye West_noise_-12.5dB_sample2.wav",123,0,1,8,0,0,0,1,1,0,1,0,2,1,33,2,4,48,7,4,0,124,0,1,0,3,0,1,1,2,1,1,0,3,98,8,0,0,0,1,0,11,0,0,0,0,0,2,0,2,1,0,1,0,0,0,0,0,0,0,1,0,0,2,0,0,2,8,3,44,1,0,1,2,0,0,0,0,0,0,0,11,1,0,0,0,1,0,0,0,1,2,2,0,0,0,12,29,204,2,0
"26_017. David Guetta - Titanium ft. Sia (Official Video)_noise_-12.5dB_sample2.wav",119,14,0,2,6,72,0,1,4,0,1,0,0,0,33,2,0,48,7,0,1,126,27,0,3,5,0,0,0,8,0,5,1,10,100,0,3,2,1,0,1,11,16,0,0,5,6,7,0,2,0,1,0,0,3,0,9,10,0,591,4,0,0,0,0,11,4,4,1,42,6,0,0,1,2,0,0,3,0,9,0,1,0,1,4,0,12,6,0,2,2,1,0,0,34,1,11,30,21,5,0
"43_098. Nightcore~ The Wolf_noise_-12.5dB_sample1.wav",118,2,0,34,0,0,1,0,0,0,2,0,0,2,30,0,0,44,2,0,0,114,0,0,1,2,1,1,1,3,0,0,0,3,48,0,0,0,4,1,1,5,1,1,0,0,6,10,0,0,2,1,0,0,1,0,0,1,2,2,0,0,2,0,0,1,4,4,0,37,4,0,0,0,0,1,0,0,0,1,1,0,1,0,0,0,0,0,0,0,1,5,0,0,0,269,11,17,1,1,0
"71_083. My Singing Monsters - Plant Island Theme_noise_-12.5dB_sample1.wav",113,0,0,247,9,1,0,4,1,0,0,0,1,1,33,1,3,44,2,1,67,130,1871,0,4,4,7,0,0,1,0,0,0,1,91,0,1,0,0,0,3,11,0,0,0,0,1,0,0,1,0,2,0,16,6,0,0,1,0,1,2,0,0,1,0,29,8,10,4,71,2,6,1,6,5,3,0,0,0,0,0,0,2,3,0,60,1,1,4,0,0,4,2,3,0,0,11,32,0,1,0
"64_097. Nightcore - Running With the Wolves [Lyrics]_noise_-12.5dB_sample2.wav",118,0,0,11,0,0,0,2,0,0,0,1,2,0,30,0,0,48,1,1,1,90,0,0,5,3,0,0,0,1,2,0,0,4,55,0,0,0,2,7,0,7,0,0,0,2,2,0,0,2,0,0,0,3,2,1,1,0,0,0,0,0,1,0,0,0,7,1,0,38,5,0,0,1,1,0,87,0,0,0,0,0,0,1,0,0,0,3,0,2,8,3,0,0,2,0,11,16,1,1,1
"26_017. David Guetta - Titanium ft. Sia (Official Video)_noise_-12.5dB_sample1.wav",120,5,0,2,0,1,0,0,1,0,1,0,0,0,33,0,0,46,0,1,1,130,7,0,2,1,0,0,0,1,0,1,18,1,117,0,0,0,0,1,1,11,0,0,0,0,5,0,0,30,0,0,1,3,1,0,0,0,0,205,2,0,0,0,0,2,3,7,0,44,4,2,0,2,5,0,4,2,0,5,0,0,0,6,0,0,2,1,0,4,1,1,0,0,1,1,13,37,3,0,1
"76_073. Lindsey Stirling - Crystallize (Dubstep Violin Original Song)_noise_-12.5dB_sample1.wav",124,18,10,273,55,116,2,97,10,1,15,27,5,30,33,20,3,58,25,6,0,116,20,13,167,48,23,58,0,2,38,7,93,110,133,11,5,0,11,12,1,12,2,1,23,2,17,0,4,27,14,1,0,44,82,0,6,4,0,13,0,0,3,14,1,1376,17,9,9,44,7,22,605,25,53,16,1,11,2,0,13,12,3,35,40,0,51,77,1,0,2,10,5,0,2,0,11,29,3,1,24
"34_The Trap_noise_-12.5dB_sample1.wav",155,5483,1,28,420,1,1,4,38,1,10,3,1,1,33,1,1,48,4,3,361,132,53,5,2,4,3,1,0,1,0,11,270,1,154,8,2,0,75,1,0,19,3,0,5,0,44629,6,0,4,22,26,37,59,0,2,1,70,0,120,17,0,1,3,1,0,2,11,8,44,1,0,24,38,103,36,0,45,0,17,0,15,8,90,0,7,0,2,0,2,4,22,2,0,3,2,257,43,175,4,2
"20_Never Meant to Know_noise_-12.5dB_sample2.wav",141,193,23,1525,93,536,46,4,2,3,1,0,0,153,67,17,425,45,5,26,0,118,63,57,1,179,479,142,0,5,10,28,226,746,99,6,19,2,23,12,1,11,23,1,102,16,1863,2,5,17,48,78,16,18724,273,2,2,7,0,28,17,0,4,100,6,139,4,6,6,44,47,375,0,56,139,17,0,0,1,18,0,40,0,441,56,0,177,136,3,1,41,37,6,61,11,3,11,24,3,2,26
"83_004. Katy Perry - Roar_noise_-12.5dB_sample2.wav",125,6,0,9,0,0,0,3,0,0,0,0,1,2,33,0,4,52,2,3,0,88,0,0,1,4,0,0,1,2,0,0,0,5,96,1,0,0,0,1,0,9,1,1,0,1,0,0,0,0,0,0,0,0,1,0,0,0,0,0,0,0,0,0,0,0,4,8,0,43,4,0,0,2,0,0,0,0,0,0,0,0,0,1,0,0,5,1,0,0,2,2,0,0,2,0,12,21,2,2,1
"47_020. Warriors (ft. Imagine Dragons)  Worlds 2014 - League of Legends_noise_-12.5dB_sample1.wav",123,0,1,22,1,0,1,11,1,0,0,0,1,0,33,0,0,48,1,0,0,124,22,0,0,4,0,1,1,3,0,0,2,2,154,4,0,0,5,0,4,13,0,0,11,0,8,2,1,13,0,0,0,1,1,0,0,0,0,0,0,0,0,0,2,4,2,11,3,295,2,22,22,0,20,0,0,2,0,0,0,2,1,5,0,0,0,1,2,0,0,0,0,0,0,0,11,33,4,2,0
"34_The Trap_noise_-12.5dB_sample2.wav",121,3,0,5,0,0,0,0,5,0,3,0,0,0,33,2,5,52,8,3,0,132,0,3,2,4,2,0,1,1,1,0,0,2,149,2,1,0,1,1,1,22,3,1,0,0,403,4,3,3,1,2,0,0,2,0,0,0,0,0,0,0,0,0,0,0,2,11,3,44,0,3,0,2,0,0,1,2,0,0,1,0,0,0,0,3,8,1,1,0,1,0,0,0,2,9,12,43,1,2,0
"21_085. Janji ft. Johnning - Heroes Tonight 1 HOUR_noise_-12.5dB_sample1.wav",119,53,0,25,12,0,1,4,1,9,2,9,4,1,33,1,2,22,4,1,1,100,0,3,0,3,0,0,0,4,2,0,4,1,110,2,0,0,6,1,7,12,4,1,0,8,13,121,0,2,16,9,8,3,5,0,8,0,7,2,19,0,0,2,1,50,2,6,2,44,0,0,1,0,2,0,0,15,0,10,0,0,5,4,20,1,0,3,3,0,2,4,0,4,8,8,7,29,3,3,1
"29_010. Katy Perry - Part Of Me (Official)_noise_-12.5dB_sample2.wav",121,23,13,158,259,33,2,4,24,0,0,0,6,10,43,2,0,48,3,6,3,116,9,18,5,13,0,16,0,5,3,5,31,62,96,11,4,0,8,0,0,11,0,0,13,0,1,4,1,24,11,4,0,9,24,0,0,4,0,14,0,1,1,6,11,15,3,8,0,44,3,38,0,29,12,9,0,3,0,1,0,5,1,6,3,1,73,12,0,0,1,3,0,0,1,0,12,28,2,1,2
"101_070. Eminence - Knock Me Out (feat. Anna Cyzon) [Monstercat Official Music Video]_noise_-12.5dB_sample2.wav",120,0,1,4,0,0,0,4,0,0,0,9,1,0,33,2,4,48,4,0,0,88,1,2,1,2,0,1,2,2,0,3,68,3,117,2,1,2,1,1,0,11,1,2,0,1,0,1,1,4,0,0,6,4,0,0,0,0,0,0,0,0,0,0,5,0,4,9,1,44,6,21,0,3,0,0,0,0,0,0,0,4,0,2,0,0,4,1,0,2,1,2,0,0,2,0,12,20,1,2,0
"83_004. Katy Perry - Roar_noise_-12.5dB_sample1.wav",118,7,0,11,0,0,2,0,1,1,0,0,0,3,29,1,2,47,6,0,0,102,2,0,3,4,0,1,1,3,0,0,0,4,49,0,0,1,0,1,6,5,1,0,0,1,2,8,0,22,8,1,0,2,2,0,144,0,0,0,0,0,0,0,0,0,6,5,1,38,2,1,0,1,1,3,0,0,0,0,0,1,1,0,0,0,0,0,0,0,7,3,2,0,2,3,12,16,2,7,0
"2_023. Rachel Platten - Fight Song (Official Video)_noise_-12.5dB_sample2.wav",120,4,2,35,2,2,0,0,3,0,0,0,5,1,31,243,3,46,6,13,0,102,2,1,2,4,0,0,2,2,0,1,31,3,61,2,4,0,2,1,0,8,0,0,0,0,5,1,2,22,2,4,2,2,1,0,5,2,0,1,0,2,0,1,33,2,3,5,4,39,5,2,6,2,3,0,0,12,1,1,0,0,0,14,0,12,1,3,1,0,0,5,0,1,4,0,12,20,7,4,1
"1_028. Capital Cities - Safe And Sound_noise_-12.5dB_sample2.wav",121,1,2,155,28,134,0,20,1,1,0,0,2,44,36,16,9,52,5,18,0,92,19,6,3,35,10,27,1,3,40,13,25,203,102,43,245,0,5,7,1,12,0,1,26,0,13,1,3,18,9,2,0,33,68,0,8,6,0,8,1,15,2,25,20,33,2,9,11,44,5,40,0,9,20,36,0,6,1,4,0,7,1,8,8,0,51,14,3,0,8,9,17,3,6,0,11,27,3,5,6
"77_065. Nightcore - Ghostbusters_noise_-12.5dB_sample1.wav",122,0,1,6,0,0,0,0,1,2,0,1,2,0,32,1,1,50,3,0,2,190,2,0,0,5,0,0,0,2,0,0,1,2,51,0,0,1,1,1,1,8,1,1,0,0,3,0,0,1,2,1,1,0,3,0,1,0,0,0,0,0,0,0,0,1,1,5,3,42,0,0,0,1,0,0,0,0,0,0,0,2,0,0,0,0,3,0,0,0,2,2,0,0,0,0,11,20,1,2,0
"53_102. What_noise_-12.5dB_sample2.wav",120,0,0,14,0,2,0,4,2,0,4,0,3,1,33,2,4,48,4,13,2,108,0,1,0,4,2,1,0,20,1,0,342,2,139,99,19,0,0,1,3,14,1,0,0,0,0,2,1,4,1,0,0,2,6,0,0,0,0,0,1,403,0,8,313,28,2,11,1,44,0,18,15,2,0,0,2,8,0,8,0,12,0,5,1,4,0,1,1,0,0,10,1,15,2,0,11,24,2,2,4
"70_You and Me_noise_-12.5dB_sample1.wav",120,6,5,5,0,0,0,9,2,0,2,0,8,11,31,2,0,48,5,3,1,116,0,1,2,2,0,0,1,2,0,1,7,1,81,3,0,0,0,1,2,11,1,1,0,0,2,0,2,11,1,4,3,0,1,1,2,3,0,0,0,0,0,0,1,3,4,7,5,40,3,108,22,3,86,0,3,2,0,0,2,6,0,16,0,15,1,5,1,0,1,12,1,0,3,0,11,26,5,12,0
"35_036. Fall Out Boy - Centuries (Official Video)_noise_-12.5dB_sample2.wav",120,0,11,33,0,0,0,4,1,0,1,0,0,2,33,12,1,50,2,2,0,94,0,0,1,2,0,0,4,2,3,1,17,2,139,291,1,0,0,0,2,11,0,1,0,0,0,0,0,4,1,0,0,6,1,0,0,0,0,0,0,0,1,3,16,0,4,10,0,44,2,26,0,0,0,1,0,0,0,0,0,0,0,5,0,0,4,1,0,0,8,3,0,0,4,0,11,22,1,7,0
"18_044. tony igy-stop in my mind_noise_-12.5dB_sample2.wav",123,10,40,679,50,90,1,19,1,8,0,0,5,57,39,5,0,50,12,20,0,116,0,8,2,88,12,13,2,171,19,1272,4,739,134,16,6,0,11,33,1,11,3,3,38,0,8,1,11,101,1,67,0,45,43,1,8,11,0,0,1,0,4,29,88,74,6,20,9,44,35,54,2,1,39,8,0,0,6,0,0,3,7,78,8,120,45,54,6,0,3,14,3,6,7,0,12,36,4,2,29
"67_090. Josh Groban - You Raise Me Up (Official Music Video) [HD Remaster]_noise_-12.5dB_sample2.wav",121,41,1,5,2,0,0,0,2,0,0,0,1,3,33,1,0,49,3,3,0,118,0,0,0,6,0,2,1,2,0,4,0,2,80,0,0,0,0,1,2,10,0,0,2,1,0,1,0,2,0,3,0,2,1,0,0,0,0,0,0,0,0,0,3,5,2,8,8,40,1,0,0,2,0,2,0,0,0,0,0,0,0,0,0,1,0,1,0,0,2,3,0,0,4,0,12,28,3,3,2
"46_032. Katy Perry - Wide Awake (Official Video)_noise_-12.5dB_sample1.wav",118,4,0,22,1,54,0,0,1,1,0,0,1,2,32,1,0,52,8,1,0,112,1,1,2,2,1,0,1,1,1,1,5,2,98,5,2,0,5,2,0,11,1,1,2,1,1,0,1,4,2,2,0,0,1,1,0,2,1,2,0,0,0,4,0,1,5,9,4,40,4,0,0,0,0,2,0,0,0,0,0,0,0,0,0,1,0,1,0,0,0,1,2,0,4,0,13,18,2,2,0
"84_001. Anna Kendrick - Cups_noise_-12.5dB_sample2.wav",119,0,0,8,0,0,0,0,20,0,0,0,0,0,33,1,0,48,2,3,0,92,0,0,0,2,0,0,2,4,0,0,0,4,149,1,0,0,0,0,0,11,1,0,0,0,0,0,0,3,1,0,0,0,1,0,0,0,0,0,0,0,0,0,0,0,1,11,1,44,3,1,0,0,0,0,0,0,0,0,0,0,0,0,0,1,0,0,0,0,1,2,0,0,0,0,11,22,1,1,0
"46_032. Katy Perry - Wide Awake (Official Video)_noise_-12.5dB_sample2.wav",119,23,5,342,3,468,2,99,1,6,8,7,2,0,33,2,10,48,6,6,0,112,1,0,1,51,0,0,0,3,0,1,17,5,71,1,2,0,0,0,0,10,34,1,2,2,1,28,6,2,1,0,3,1,11,0,4,26,11,32,0,0,7,4,0,1,5,8,3,44,1,0,1,3,0,1,0,1,0,5,0,0,1,0,0,0,32,0,0,1,3,4,0,6,71,11,11,22,23,2,8
"8_081. The Beach Boys - I Get Around_noise_-12.5dB_sample1.wav",120,3,0,7,27,2,1,4,1,0,1,0,2,1,33,2,6,49,8,3,1,126,6,0,0,2,0,0,0,2,4,8,5,2,149,0,0,0,0,0,4,614,0,0,2,0,6,1,1,4,0,2,0,1,1,0,0,0,3,0,0,0,0,0,0,70,7,11,3,44,3,0,1,3,1,0,0,1,0,0,1,2,3,6,0,3,3,2,0,0,2,4,1,0,6,0,13,35,16,2,0
"82_A Lady_noise_-12.5dB_sample2.wav",120,1,0,11,0,9,3,2,1,5,0,0,2,43,33,9,0,48,15,3,2,118,69,1,11,3,8,2,0,47,8,19,17,2,84,5,1,0,2624,8,1,10,0,1,4,0,24,3,2,16,2,7,0,2,1,0,8,0,0,3,1,0,1,3,15,2,6,6,8,44,1,9,1,1,0,348,110,7,23,19,1,27,2,5,1,1,47,7,2,0,4,7,3,1,0,5,11,16,17,8,3
"39_051. Galantis - No Money (Official Video)_noise_-12.5dB_sample1.wav",119,0,1,56,3,0,0,2,1,2,0,0,0,1,33,1,0,46,5,3,0,130,37,1,0,1,1,0,1,5,0,14,19,2,149,11,2,0,0,0,2,11,0,0,0,0,0,0,0,0,0,1,0,0,2,0,0,0,0,0,0,2,4,137,22,3,5,8,5,44,2,30,0,0,0,1,0,0,0,1,3,0,0,3,0,2,0,3,0,1,1,2,2,0,1,0,12,39,1,2,1
"60_057. Get Off The Phone Song_noise_-12.5dB_sample1.wav",123,1,0,6,0,0,0,1,2,1,0,0,0,0,32,1,3,47,10,3,0,108,0,0,2,1,0,3,0,1,0,0,0,2,53,0,0,0,1,1,1,8,0,85,0,0,0,2,0,0,0,1,2,7,0,0,0,0,0,0,0,0,0,3,0,0,4,5,0,42,1,0,0,1,0,0,0,0,0,0,0,0,0,0,0,0,2,2,0,0,1,3,0,0,3,0,12,15,2,0,0
"23_048. Pharrell Williams - Happy (Official Music Video)_noise_-12.5dB_sample1.wav",124,0,1,3,1,3,1,0,2,0,0,0,5,2,33,1,0,48,2,1,2,132,0,2,0,2,0,1,2,2,1,1,1,2,139,2,0,1,0,1,1,11,0,2,0,0,6,2,0,4,0,2,1,3,2,0,0,2,0,0,0,0,0,0,1,12,2,10,7,44,1,0,0,2,0,0,0,2,0,2,0,0,0,0,0,0,2,1,0,0,125,4,0,0,0,1,12,43,1,3,0
"54_016. Taylor Swift - Blank Space_noise_-12.5dB_sample1.wav",120,2,0,8,0,1,0,4,0,0,3,0,3,6,33,0,1,48,14,1,1,132,1,0,1,4,0,0,1,4,1,5,1,3,154,2,0,0,0,2,0,11,0,1,0,0,2,0,0,4,0,1,2,1,1,0,1,171,3,1,1,0,0,1,0,0,4,11,0,44,2,0,0,1,2,0,0,2,3,0,0,0,0,2,2,0,0,0,0,0,0,2,3,0,2,0,13,44,2,7,0
"53_102. What_noise_-12.5dB_sample1.wav",118,0,1,8,1,0,0,4,1,0,0,0,0,2,33,0,0,46,2,3,0,72,0,0,0,4,0,0,1,2,0,0,1,4,144,0,0,0,1,1,6,11,0,0,0,3,0,0,0,0,1,2,0,0,0,0,0,0,0,0,0,0,0,1,0,11,2,8,0,44,1,8,0,3,0,0,0,0,0,0,0,1,0,0,0,0,0,0,0,0,2,6,2,0,1,0,11,22,2,2,0
"28_074. American Authors - Best Day Of My Life_noise_-12.5dB_sample2.wav",120,0,3,12,0,1,0,8,1,2,0,0,2,5,38,3,0,95,8,6,0,132,1,1,0,2,2,2,1,1,1,5,4,0,154,4,0,0,0,2,2,12,0,0,2,0,1,0,1,27,1,2,1,2,0,0,0,3,0,0,0,1,2,0,1,2,4,11,4,44,2,10,0,3,0,12,0,1,1,2,0,2,1,0,2,0,0,6,1,0,0,2,15,0,1,0,12,44,2,2,8
"32_086. Olly Murs - Grow Up (Official Video)_noise_-12.5dB_sample1.wav",120,11,0,9,0,0,1,2,2,0,4,0,0,0,33,0,1,44,1,0,0,126,0,0,2,2,0,0,5,2,4,0,0,2,136,0,2,0,0,2,0,12,3,0,0,19,7,0,1,2,0,0,18,2,3,2,0,0,0,4,0,3,0,0,1,0,7,10,2,44,5,0,0,5,0,0,3,0,0,177,0,1,0,0,0,0,11,0,6,1,0,0,2,5,0,0,11,28,17,0,1
"89_091. Faster Car - Anders Lystell feat. Kaliber [EPIDEMIC SOUND] (Lyrics)_noise_-12.5dB_sample1.wav",125,0,0,60,0,0,0,36,5,0,0,0,24,0,33,1,4,48,4,3,0,128,0,2,0,2,4,23,2,2,22,16,4,1,118,2,0,8,0,1,4,12,0,41,8,0,1,27,0,4,1,3,1883,56,1,0,0,1,0,0,1,0,0,16,0,0,3,10,14,44,2,1,0,3,0,0,0,6,0,7,0,1,0,3,0,1,5,23,0,0,25,4,0,0,4,5,12,36,2,11,0
"28_074. American Authors - Best Day Of My Life_noise_-12.5dB_sample1.wav",125,0,0,8,1,0,0,9,0,0,0,0,0,0,33,1,0,202,7,0,0,106,0,1,0,3,6,0,1,2,0,0,1,3,49,0,3,0,0,1,1,13,0,0,0,0,1,0,0,4,8,0,0,0,5,0,0,0,0,0,0,0,0,0,0,3,2,3,0,38,1,4,0,1,0,0,0,0,0,0,0,0,0,0,0,0,0,0,2,0,1,3,0,0,2,0,11,16,3,2,0
"74_029. David Guetta - Hey Mama (Official Video) ft Nicki Minaj, Bebe Rexha & Afrojack_noise_-12.5dB_sample1.wav",129,0,1,7,0,0,0,2,1,1,0,0,0,3,33,3,3,46,2,3,1,88,0,1,7,2,2,0,1,8,1,0,5,3,123,4,2,0,0,0,8,11,0,0,1,0,0,0,0,3,1,0,0,2,2,0,0,0,0,0,0,0,0,0,0,2,6,10,3,44,5,15,0,2,0,10,0,1,0,0,0,0,0,1,0,1,0,6,1,0,1,2,130,0,0,0,11,22,1,2,3
"14_099. Sheppard Geronimo - [International Version] (Official music Video)_noise_-12.5dB_sample2.wav",127,8,1,380,1,0,0,44,3,2,1,0,3,3,30,178,3,117,3,33,0,82,0,13,1,23,746,2,0,1,265,13,76,3,62,124,9,0,36,12,4,8,0,0,131,0,0,0,3,111,1,0,1,2,5,0,1,1,0,0,1,0,0,0,11,70,23,5,28,53,1,70,1,2,8,99,0,70,1,1,0,1,0,62,1,0,1,4,2,0,1,54,39,0,0,1,11,36,1,9,8
"71_083. My Singing Monsters - Plant Island Theme_noise_-12.5dB_sample2.wav",129,17,0,675,16,0,0,4,3,0,2,0,2,1,33,1,4,48,4,3,144,130,1960,0,0,2,0,1,0,1,2,1,0,2,149,0,0,0,0,3,2,14,0,2,0,0,10,0,1,2,2,3,0,2,5,0,0,0,0,0,0,0,0,0,0,49,6,12,4,131,3,0,1,3,18,9,0,0,0,0,0,0,4,0,0,58,4,0,3,0,4,4,0,11,2,0,12,46,1,4,0
"38_082. Smoke and Mirrors_noise_-12.5dB_sample2.wav",127,80,1,2,12,23,1,3,2,1,5,1,2,0,33,1,4,52,2,6,0,83,1,0,5,2,2,2,11,1,8,4,0,1,154,40,1,0,0,1,5,15,0,0,0,0,5,1,6,1404,0,5,0,24,1,2,6,1,3,2,0,0,2,0,29,16,4,12,4,44,6,0,0,7,2,17,0,2,1,0,4,24,5,6,0,4,11,1,36,0,1,3,0,0,23,0,12,23,1,2,25
"99_080. Melanie Martinez - Carousel (Official Music Video)_noise_-12.5dB_sample2.wav",125,0,0,4,5,0,1,8,1,0,0,0,3,0,33,0,0,48,4,1,5,112,0,1,0,6,0,2,1,3,1,5,1,1,108,3,2,2,0,1,4,11,2,2,1,0,8,0,0,2,1,1,5,2,0,0,0,0,0,0,0,1,0,2,2,0,7,991,3,44,2,2,0,0,0,0,0,7,0,0,0,1,0,0,0,0,1,2,2,0,5,3,2,0,0,0,12,20,1,2,1
"25_035. Alan Walker - Sing Me To Sleep_noise_-12.5dB_sample2.wav",126,2,1,33,3,0,0,14,1,1,0,0,3,6,33,20,0,52,1,3,0,132,0,2,2,5,23,2,1,3,26,5,5,1,150,18,17,0,6,0,2,14,0,0,17,0,1,0,0,14,1,2,0,1,0,0,2,4,2,0,0,0,0,0,2,11,7,11,20,44,1,52,0,0,2,14,0,27,6,1,0,0,0,14,0,19,1,0,1,0,2,13,6,0,0,0,12,320,3,2,2
"73_Turn the Lights Off_noise_-12.5dB_sample2.wav",127,24,49,25,12,1,1,3,2,1,2,5,0,7,47,40,1,49,11,25,3,120,1,35,14,4,2,1,2,6602,40,663,305,11,106,71,41,0,70,25,167,9,7,0,3,0,15,6,5,2,1,778,5,5,1,0,2,0,0,2,0,19,44,36,569,0,6,8,41,42,314,839,33,7,11,3,0,1,7,46,4,20,1,27,2,2,42,28,11,1,2,7,0,17,2,8,13,26,25,12,1
"94_Banana Man_noise_-12.5dB_sample1.wav",126,0,3,4,0,0,0,8,1,0,0,0,1,0,31,1,0,48,3,1,3,98,0,1,1,163,0,2,0,1,0,0,0,4,63,0,3,0,0,4,2,7,0,0,0,0,1,2,0,1,1,4,0,12,2,0,0,0,0,0,0,0,0,1,0,1,3,5,1,38,2,3,14,0,0,0,0,0,0,0,0,2,4,2,1,0,0,8,0,0,0,0,0,0,2,0,11,20,1,2,1
"52_007. Katy Perry - Dark Horse ft. Juicy J_noise_-12.5dB_sample2.wav",125,16,0,8,0,7,2,0,1,0,4,0,0,1,52,0,0,48,1,0,1,90,0,0,4,3,0,0,0,4,0,2,0,4,19,0,3,0,0,0,0,5,23,0,0,0,0,13,1,0,2,0,0,2,7,0,0,21,0,8,3,0,0,0,0,34,4,2,0,34,3,0,0,1,0,0,0,12,0,2,0,0,0,0,6,0,0,0,0,5,1,2,0,1,58,0,11,10,3,210,0
"85_011. Martin Garrix - Animals (Official Video)_noise_-12.5dB_sample2.wav",126,6,0,11,1,0,0,1,2,0,4,2,1,649,33,3,4,49,4,11,3,116,0,1,3,3,0,0,0,1,1,1,1,1,130,0,1,0,2,2,0,13,1,1,0,1,11,2,0,7,1,3,0,1,9,2,1,1,0,0,4,2,1,0,0,1,6,8,5,44,5,10,0,0,1,0,0,0,0,0,0,3,2,2,0,0,1,3,2,0,0,1,0,0,0,14,11,26,2,2,1
"31_058. Rub Some Bacon on It_noise_-12.5dB_sample1.wav",142,11,331,9045,1446,4498,1,224,4,38,0,0,2,1483,88,37,0,66,16,91,2,110,250,85,1,1396,0,518,1,66,0,377,571,16530,54,47,88,0,128,1,0,7,1,11,268,0,37,1,3,33,99,2,0,836,1669,2,1,13,6,55,0,0,22,1065,0,1007,4,32,11,37,13,706,0,196,825,33,0,0,0,0,0,116,2,189,110,0,1366,395,3,0,1,47,0,41,1,0,11,21,14,2,156
"42_046. Meghan Trainor - NO_noise_-12.5dB_sample1.wav",123,0,0,5,2,0,0,1,0,0,0,0,0,0,28,0,2,56,2,0,0,110,0,0,7,3,0,0,128,3,4,0,1,2,20,0,0,0,0,1,1,3,0,0,0,1,4,0,0,3,1,12,0,0,0,0,0,0,0,0,2,0,2,0,1,0,8,2,3,33,3,0,0,0,0,1,0,0,0,0,1,9,0,0,0,0,4,3,0,0,2,4,0,4,1,0,12,14,2,2,0
"41_The Bidding_noise_-12.5dB_sample1.wav",125,0,0,13,3,1,0,0,2,0,0,0,2,3,33,1,4,48,0,3,0,112,0,0,4,4,0,5,1,2,1,0,6,2,130,1,1,0,1,1,0,15,1,0,0,2,4,0,0,0,0,2,0,2,0,0,0,1,0,0,0,0,5,0,0,1,8,10,1,44,5,0,0,2,0,0,0,0,0,0,0,0,0,0,0,0,2,2,0,0,1,1,0,0,0,3,171,28,2,1,0
"102_018. Shawn Mendes - Stitches (Official Music Video)_noise_-12.5dB_sample1.wav",124,8,0,3,0,1,0,4,2,0,0,93,0,0,33,0,0,50,6,1,0,124,0,0,1,3,0,0,1,6,1,0,0,1,136,0,1,0,10,1,0,14,0,0,0,0,2,0,0,2,1,3,0,1,1,0,1,0,0,0,0,0,0,0,0,0,3,11,7,44,2,0,0,1,2,0,0,2,0,4,0,0,0,8,0,0,0,2,1,1,1,1,0,0,0,0,12,33,2,2,0
"66_Cruel_Summer_noise_-12.5dB_sample1.wav",123,1,3,89,9,44,1,47,1,0,0,0,2,12,33,3,1,36,5,11,2,91,11,7,1,50,2,24,1,3,1,5,34,50,93,5,9,0,2,2,10,11,0,1,12,0,1,3,73,15,22,2,0,18,32,0,6,7,3,5,1,5,4,3,11,18,4,8,1,44,8,11,0,10,22,3,0,0,0,0,0,7,1,4,10,0,21,21,0,0,4,4,0,0,6,0,10,30,5,1,0
"30_Cannibal_noise_-12.5dB_sample2.wav",129,32,3,23,3,22,0,16,0,0,1,0,0,6,33,3,0,52,0,22,1,128,4,4,2,11,0,9,1,2,0,3,19,22,149,1,12,0,1,1,1,15,0,0,4,3,5,0,1,3,3,0,0,11,16,0,0,0,0,4,0,0,0,0,8,11,6,11,1,44,3,5,0,7,32,4,0,0,0,0,0,6,0,184,7,1,146,12,0,0,0,3,0,0,2,0,11,37,4,1,1
"29_010. Katy Perry - Part Of Me (Official)_noise_-12.5dB_sample1.wav",126,1,6,157,352,1,1,4,1,2,1,0,0,1,33,4,4,51,7,2,3,110,1,2,2,6,0,2,0,1,0,0,7,30,154,1,0,0,3,3,0,15,0,0,0,0,1,0,0,23,3,0,0,0,2,0,0,1,4,3,0,3,0,1,0,5,2,15,0,44,10,0,0,12,0,1,0,5,1,0,2,0,0,3,0,1,9,2,2,0,2,2,0,0,4,0,12,22,3,1,4
"42_046. Meghan Trainor - NO_noise_-12.5dB_sample2.wav",125,0,0,10,1,0,0,3,13,0,0,1,4,1,33,2,0,49,4,0,1,108,1,0,2,4,0,0,135,2,0,0,0,2,154,0,0,0,0,1,2,13,0,1,0,0,0,2,0,0,0,0,0,1,1,0,0,0,0,1,0,0,0,0,0,0,8,11,0,44,4,5,0,0,0,0,0,0,0,0,0,1,0,0,0,0,0,0,0,0,2,0,0,0,0,1,11,34,2,1,0
"17_084. Thomas Rhett - Crash and Burn_noise_-12.5dB_sample1.wav",126,0,0,7,0,0,6,5,1,0,0,0,0,0,33,0,335,48,2,0,0,132,0,0,1,4,1,0,0,3,0,0,0,2,149,0,0,0,0,0,2,11,0,1,5,0,5,1,0,2,1,2,0,11,1,0,1,0,0,1,0,0,0,0,0,0,3,11,3,44,2,0,0,1,0,0,0,5,0,1,0,0,0,1,1,0,0,1,0,0,2,3,0,0,4,0,12,41,1,2,4
"101_070. Eminence - Knock Me Out (feat. Anna Cyzon) [Monstercat Official Music Video]_noise_-12.5dB_sample1.wav",127,8,23,510,121,440,0,8,2,1,0,9,3,116,60,22,7,55,2,7,0,96,71,56,5,125,2,166,2,5,1,16,620,440,80,69,14,1,19,1,2,12,1,9,71,0,8,0,2,23,54,0,5,130,291,0,1,7,0,36,4,9,0,52,50,162,4,10,8,41,8,43,0,144,155,25,1,0,12,0,0,48,0,29,77,5,224,166,2,2,2,28,1,4,6,0,11,19,9,1,8
"18_044. tony igy-stop in my mind_noise_-12.5dB_sample1.wav",127,1,12,36,5,3,1,8,2,4,2,0,7,23,33,6,5,48,8,6,0,122,8,3,0,23,7,7,1,2,2,371,2,43,100,3,2,0,4,21,5,11,0,3,26,0,4,1,7,28,0,3,3,22,9,1,6,12,0,0,1,0,2,6,3,33,5,13,4,43,9,8,0,6,0,9,0,0,8,3,0,6,1,2,3,2,27,59,0,1,4,7,2,5,20,4,13,30,2,24,8
"62_061. LEFT SCREEN ONLY Spot the Differences_noise_-12.5dB_sample2.wav",124,0,0,3,1,1,0,2,1,1,0,0,3,0,31,0,3,48,2,0,0,112,1,1,4,3,0,1,0,1,0,0,1,1,65,0,0,2,0,0,12,7,0,0,0,0,0,0,0,2,0,2,0,0,1,0,0,0,0,3,0,0,0,0,0,0,11,6,1,40,2,2,0,3,0,1,0,0,0,0,135,0,0,0,1,0,4,2,0,0,2,2,0,0,4,0,11,20,0,1,4
"36_072. Jessie J - Price Tag ft. B.o.B_noise_-12.5dB_sample1.wav",126,15,0,38,6,8,0,3,1,0,0,0,0,0,33,6,4,52,4,1,0,128,0,0,0,2,0,0,1,8,0,0,64,1,154,202,2,0,0,7,2,15,0,5,0,0,4,0,0,20,2,2,0,1,0,0,0,1,0,0,0,14,0,0,125,92,4,11,4,44,2,20,28,3,32,0,3,8,0,0,4,0,0,4,0,16,8,3,3,0,1,9,7,0,228,0,11,35,2,2,5
"64_097. Nightcore - Running With the Wolves [Lyrics]_noise_-12.5dB_sample1.wav",124,0,13,4,0,0,24,7,78,0,1,4,0,0,29,1,8,44,5,8,3,94,10,0,6,3,0,0,1,4,0,0,3,2,57,0,0,0,126,2,2,10,0,0,0,1,0,0,0,0,0,1,0,0,0,0,0,0,0,3,0,0,0,0,0,6,18,6,3,36,12,0,0,0,0,119,344,0,0,0,0,0,0,0,0,0,0,0,0,0,1,2,0,6,0,0,12,13,1,2,0
"27_022. Major Lazer & DJ Snake - Lean On (feat. MØ) [Official Music Video]_noise_-12.5dB_sample1.wav",126,28,0,44,4,19,1,0,1,151,8,4,2,0,37,10,12,48,4,1,0,126,2,0,5,2,13,0,2,1,0,1,0,2,149,2,1,0,17,2,1,13,27,0,0,3,3,17,0,2,1,7,2,0,3,0,5,5,5,8,2,3,11,0,0,1,3,11,4,44,1,7,3,6,0,0,0,1,0,2,0,1,0,0,7,4,0,1,0,2,2,5,0,0,44,8,11,38,10,2,8
"15_060. My OCD (Song)_noise_-12.5dB_sample2.wav",124,1,0,4,0,0,0,0,2,0,0,0,1,0,33,2,8,48,3,2,0,128,0,0,0,2,0,0,1,1,0,1,2,1,135,4,0,0,0,1,2,12,3,1,0,0,0,0,0,7,1,4,0,2,0,0,0,0,0,0,0,0,0,0,0,0,3,10,3,44,1,0,0,5,0,3,0,0,0,0,0,0,0,2,0,0,0,0,0,1,2,6,0,0,0,0,11,36,1,2,0
"104_024. twenty one pilots Stressed Out [OFFICIAL VIDEO]_noise_-12.5dB_sample1.wav",125,0,0,5,3,1,0,0,1,0,0,0,0,1,33,1,4,46,8,5,0,130,0,0,3,2,0,0,0,3,0,2,10,4,154,0,3,1,0,0,2,16,0,1,2,0,0,0,1,2,0,2,0,22,1,0,0,0,0,0,0,0,0,0,0,8,95,11,0,44,2,31,0,1,4,1,0,0,0,1,0,0,0,41,0,2,2,3,0,0,1,3,2,0,0,0,12,37,2,1,0
"37_063. Bastille - Pompeii (Official Music Video)_noise_-12.5dB_sample1.wav",141,9,2,42,12,20,0,2,6,0,0,0,11,6,33,0,0,48,3,6,0,110,0,313,0,12,13,5,2,1,4,10,26,22,119,0,10,0,1,2,1,13,0,8,3,0,0,5,1,1,1,0,0,30,5,0,0,0,0,4,1,0,0,3,4,6,12,9,4,44,3,6,0,6,8,7,0,1,1,1,4,1,0,29,0,0,8,5,0,0,2,2,0,2,2,0,11,23,2,2,2
"75_078. Kungs vs Cookin on 3 Burners - This Girl (Official Music Video)_noise_-12.5dB_sample1.wav",122,0,0,5,0,0,500,1,1,0,1,1,0,2,30,0,9,46,4,1,0,86,3,2,1,2,0,0,2,2,1,0,0,2,65,2,1,0,30,0,2,7,12,0,1,0,0,3,0,3,0,7,0,11,0,0,0,1,1,0,1,2,1,5,0,5,4,7,3,38,3,0,5,0,0,0,0,159,0,2,1,0,0,25,0,0,1,1,0,1,1,3,0,0,0,0,13,15,2,1,2
"63_087. Anaconda - Nicki Minaj  The Fitness Marshall  Dance Workout_noise_-12.5dB_sample1.wav",118,3,0,9,0,1,0,3,1,0,0,1,0,1,32,0,0,44,8,0,0,74,5,0,12,6,0,0,0,5,0,1,5,5,57,0,2,0,0,0,0,11,1,0,0,0,0,0,0,0,2,0,0,0,0,0,0,0,0,0,0,0,0,0,0,0,5,3,0,40,8,0,0,1,0,1,0,0,220,0,0,0,0,0,0,0,0,2,0,0,1,0,0,0,0,0,11,26,1,1,0
"27_022. Major Lazer & DJ Snake - Lean On (feat. MØ) [Official Music Video]_noise_-12.5dB_sample2.wav",120,0,0,3,0,0,0,0,0,84,1,1,1,2,33,4,4,46,1,0,0,112,0,0,3,2,7,1,0,2,0,2,0,2,140,0,1,0,0,0,0,11,0,0,0,1,2,2,2,3,0,0,0,2,3,0,0,0,0,0,0,2,0,0,0,0,3,6,4,44,6,0,1,1,0,0,0,0,0,0,0,0,0,1,0,0,0,1,0,0,2,0,0,0,3,0,11,23,0,3,0
"67_090. Josh Groban - You Raise Me Up (Official Music Video) [HD Remaster]_noise_-12.5dB_sample1.wav",125,5074,0,44,4,99,26,0,0,4,46,5,0,0,89,3,44,48,4,3,0,90,0,0,18,2,1,0,1,3,0,0,0,2,126,1,4,0,0,1,1,14,187,9,0,24,18,268,2,2,33,15,2,18,42,5,11,54,4,2,27,4,11,1,0,99,2,9,0,44,1,0,0,2,0,0,0,53,0,5,0,0,13,1,32,2,4,3,0,4,5,4,0,0,319,26,11,30,1,5,4
"44_Sacred Beast_noise_-12.5dB_sample1.wav",118,0,0,32,0,0,3,9,0,2,0,1,0,0,33,1,3,44,4,3,0,108,0,2,112,2,0,38,1,26,0,0,4,3,126,0,16,0,17,1,1,11,33,0,15,17,8,594,0,34,8,69,6,493,14,0,0,0,0,0,2,5,0,3,2,20,7,9,11,84,3,8,5,1,3,0,2,1532,1,15,2,1,12,63,1,9,2,1,2,0,7,1,0,4,1,0,11,22,1,6,0
"49_050. Carly Rae Jepsen - I Really Like You_noise_-12.5dB_sample1.wav",119,0,0,10,0,2,0,4,1,0,0,0,0,0,33,0,2,46,4,0,0,102,0,0,3,2,0,0,0,2,0,1,0,4,61,0,2,0,0,1,0,11,0,0,0,0,0,0,0,0,0,0,0,0,1,0,0,0,0,0,0,0,0,0,0,0,6,7,0,44,5,0,0,1,0,0,0,0,0,0,0,0,0,0,3,0,4,0,0,0,2,6,0,0,1,0,11,16,2,1,0
"45_005. OneRepublic - Counting Stars_noise_-12.5dB_sample2.wav",118,0,1,11,0,0,0,1,1,0,2,0,1,1,33,1,0,44,9,0,0,88,0,0,2,4,0,0,1,4,1,0,0,5,3,0,1,0,0,1,0,11,1,0,1,0,0,0,0,1,3,2,0,0,2,1,0,0,0,0,0,0,0,3,0,0,5,1,108,44,4,0,0,0,0,0,0,0,0,0,0,2,0,0,0,0,1,2,0,1,1,0,0,0,1,2,11,14,1,1,0
"40_052. Lindsey Stirling - Moon Trance (Official Music Video)_noise_-12.5dB_sample1.wav",122,2,1,14,3,0,2,4,2,3,4,0,1,2,34,5,4,49,0,220,0,132,2,6,6,4,8,1,1,3,0,2,2,7,156,0,0,0,0,2,1,13,0,0,0,0,1,1,0,6,0,1,1,2,1,0,1,1,0,2,9,0,0,1,0,2,2,11,0,48,0,0,0,3,0,4,0,7,0,0,0,0,0,0,2,10,38,0,0,1,1,2,1,1,8,0,12,44,4,1,7
"4_003. Lorde - Royals (US Version)_noise_-12.5dB_sample2.wav",120,1,2,16,1,0,0,1,0,0,0,0,0,0,34,0,4,48,47,2,0,132,1,0,0,2,3,2,1,1,0,0,0,2,154,0,0,0,0,2,2,11,0,0,1,0,0,0,5,4,2,0,0,0,1,0,2,0,0,0,0,0,0,0,0,4,2,11,0,49,3,0,0,0,0,1,0,0,0,0,0,0,0,1,0,0,1,0,0,0,0,2,0,7,0,0,12,48,2,0,3
"79_095. Alan Walker - Alone_noise_-12.5dB_sample1.wav",119,5,0,4,0,0,1,7,3,0,0,0,0,0,33,1,3,50,10,1,0,120,0,0,0,3,0,1,1,2,0,3,2,1,140,0,1,0,0,3,4,18,1,1,2,0,0,1,1,1,1,5,0,1,1,0,0,3,73,0,0,0,8,0,0,3,3,10,8,44,4,1,0,1,0,2,0,0,0,0,0,0,0,0,0,0,2,0,0,0,2,4,2,1,2,0,12,24,3,6,0
"38_082. Smoke and Mirrors_noise_-12.5dB_sample1.wav",125,25,2,7,0,1,2,6,1,0,0,1,3,0,33,5,0,48,4,3,0,94,0,0,3,4,0,0,2,2,1,0,1,3,154,4,0,0,0,2,1,11,1,0,0,2,1,0,0,169,1,4,0,2,1,0,2,2,0,1,1,1,0,0,1,0,4,11,0,44,6,2,0,3,8,0,1,12,1,0,2,0,0,21,0,22,2,2,0,0,4,1,0,0,3,0,11,37,3,2,0
"90_064. Eurythmics, Annie Lennox, Dave Stewart - Sweet Dreams (Are Made Of This) (Official Video)_noise_-12.5dB_sample2.wav",128,1,5,11,0,0,0,0,0,0,0,0,0,0,33,2,0,46,2,0,3,96,0,0,0,4,0,1,1,2,0,0,0,3,123,0,1,0,0,1,0,11,0,0,0,0,0,0,0,0,0,0,0,0,1,2,1,1,0,0,3,0,0,0,0,0,2,10,0,42,2,0,0,2,1,0,0,1,0,0,0,0,0,0,0,0,0,0,0,98,1,1,0,0,2,0,11,21,2,1,0
"35_036. Fall Out Boy - Centuries (Official Video)_noise_-12.5dB_sample1.wav",124,2,0,34,1,1,1,2,2,1,0,0,1,3,29,1,3,44,1,0,0,100,1,1,0,4,0,0,2,3,0,3,2,5,54,228,0,0,0,0,2,8,0,0,0,0,0,0,1,2,0,1,0,0,2,0,0,1,0,0,0,0,2,0,8,5,3,5,7,36,3,6,0,0,1,0,0,2,4,0,0,0,0,1,2,2,1,0,0,0,1,1,0,0,3,0,15,14,0,3,1
"0_096. Nightcore - Mad World_noise_-12.5dB_sample1.wav",124,2,0,16,2,0,0,0,0,0,0,0,0,1,33,0,0,44,0,0,321,104,0,0,6,1,0,0,0,1,0,2,0,6,84,1,0,0,0,0,6,11,0,0,0,0,1,0,0,0,0,0,0,2,0,1,0,0,0,0,0,0,0,0,0,0,1,6,0,44,1,0,0,3,0,0,0,6,0,0,0,0,0,0,0,0,0,0,0,0,1,0,0,0,0,0,11,21,0,1,0
"33_076. Galantis - Firebird (Official Audio)_noise_-12.5dB_sample2.wav",125,66,1,77,3,3,13,0,0,4,0,16,1,41,33,0,0,46,4,2,2,86,6,1,71,4,0,0,0,3,32,1,2,5,83,0,4,0,1,1,0,11,15,3,0,30,38,342,0,61,57,14,1,14,20,19,8,0,2,2,321,0,0,2,0,13,3,7,0,40,3,0,1,2,0,0,3,8,1,11,5,0,11,0,3,3,0,2,0,1,2,0,0,27,0,10,12,19,1,1,0
"89_091. Faster Car - Anders Lystell feat. Kaliber [EPIDEMIC SOUND] (Lyrics)_noise_-12.5dB_sample2.wav",126,0,0,4,1,0,0,90,1,0,0,0,6,0,33,0,1,44,2,0,0,122,0,0,11,5,1,3,3,46,4,2,3,2,149,0,0,3,0,0,0,15,0,2,1,0,0,5,0,1,0,2,743,9,0,0,0,0,0,0,0,1,0,12,4,0,8,10,8,46,4,0,0,3,0,0,0,0,0,11,0,1,0,0,0,8,85,5,0,1,7,0,0,0,1,6,11,33,1,5,0
"94_Banana Man_noise_-12.5dB_sample2.wav",126,0,3,12,0,1,0,3,0,0,0,0,0,2,33,0,6,48,7,17,0,132,0,0,3,120,0,0,1,9,0,0,0,2,154,6,0,0,0,1,4,15,2,0,0,1,4,0,0,0,2,32,0,1,0,0,0,0,0,0,0,0,0,1,0,0,5,11,8,44,3,43,1,0,0,0,0,0,0,0,0,5,0,0,0,0,0,0,0,0,0,2,0,0,0,0,12,44,2,2,3
"61_045. The Black Eyed Peas - I Gotta Feeling (Official Music Video)_noise_-12.5dB_sample1.wav",127,1,0,14,2,0,12,4,1,9,2,3,1,2,32,7,3,48,2,6,0,106,6,0,9,2,21,3,0,12,0,4,0,1,91,2,11,0,2,5,2,9,1,4,0,5,3,2,0,4,1,2,0,2,4,0,8,5,0,4,6,3,0,0,88,0,5,7,4,40,4,9,16,1,8,0,0,8,1,2,0,2,0,2,7,359,2,0,1,0,4,5,1,0,1,0,12,22,22,2,4
"19_054. Owl City - When Can I See You Again (From Wreck it Ralph)_noise_-12.5dB_sample1.wav",125,4,1,9,2,2,3,4,2,0,2,0,0,1,33,7,3,52,4,3,0,120,0,0,0,2,0,1,0,1,0,0,2,3,114,2,0,0,0,7,2,14,5,1,0,30,1,0,0,2,1,1,0,0,1,0,4,0,0,0,2,0,0,0,1,6,4,10,4,44,225,0,0,0,3,0,0,0,0,0,0,0,0,1,0,0,0,0,0,1,0,2,0,0,0,0,12,29,17,4,6
"69_066. Jessie J - Bang Bang ft. Ariana Grande, Nicki Minaj_noise_-12.5dB_sample2.wav",129,0,0,9,0,0,0,0,2,0,0,0,0,0,33,0,0,52,4,0,0,132,4,0,3,4,0,0,1,2,1,0,0,3,154,0,0,0,0,1,0,13,0,0,0,0,0,0,0,2,2,2,0,1,2,55,0,0,0,0,7,0,2,0,0,0,4,11,0,44,4,0,0,5,0,0,0,0,0,0,0,0,0,0,0,0,6,0,0,0,2,1,0,0,3,0,12,45,1,1,0
"86_019. Naughty Boy - La la la ft. Sam Smith (Official Video)_noise_-12.5dB_sample2.wav",128,0,2,7,0,0,1,0,0,0,2,0,0,0,33,14,3,48,4,1,0,124,0,0,0,4,0,0,3,2,0,0,33,3,101,6,0,0,0,1,2,11,0,0,0,0,0,0,0,2,1,12,0,0,1,0,0,0,0,0,0,0,1,0,0,0,1,8,1,44,3,13,0,3,0,0,0,0,0,0,0,0,1,0,0,0,0,157,0,0,2,4,1,0,2,0,12,25,0,1,3
"21_085. Janji ft. Johnning - Heroes Tonight 1 HOUR_noise_-12.5dB_sample2.wav",126,58,0,65,0,15,2,0,0,2,0,5,1,1,33,3,4,50,6,1,0,118,0,0,4,4,17,0,0,4,2,1,4,5,94,1,1,0,0,1,0,11,5,2,0,56,15,200,0,5,38,23,0,4,10,0,11,0,3,13,25,0,0,2,1,32,3,5,2,44,4,0,0,0,2,1,5,8,0,9,2,2,16,1,12,4,0,2,0,0,2,2,0,2,3,13,12,34,4,3,2
"91_Greener_noise_-12.5dB_sample1.wav",125,21,4,14,2,3,3,13,9,3,2,0,2,1,33,5,8,48,4,2,0,84,0,0,6,3,1,1,1,15,16,1,2,1,144,9,2,1,0,2,2,11,0,5,3,0,0,0,4,21,2,3,9,3,1,0,3,1,0,0,5,0,0,19,455,0,2,8,1,44,3,0,4,5,1,0,0,2,1,3,4,4,0,5,3,13,0,3,3,0,1,3,3,0,1,0,12,22,5,3,1
"48_027. MAGIC! - Rude (Official Video)_noise_-12.5dB_sample1.wav",125,1,5,11,0,0,0,0,1,0,0,0,1,0,33,7,0,50,7,0,0,130,1,0,1,3,0,2,2,22,4,2,5,4,137,14,0,157,0,1,15,13,1,4,0,2,9,0,0,3,2,23,0,1,1,0,0,0,0,0,0,0,6,1,0,0,2,11,4,44,33,24,0,2,0,0,0,1,0,1,0,0,1,0,0,0,3,0,0,0,1,0,0,0,0,0,11,43,2,2,0
"43_098. Nightcore~ The Wolf_noise_-12.5dB_sample2.wav",124,0,0,47,0,0,2,0,1,0,1,0,0,2,33,0,0,48,3,6,0,106,0,1,1,7,0,0,1,1,0,0,0,1,149,0,0,0,0,0,2,15,1,0,0,0,2,1,0,2,1,2,0,0,0,0,0,1,1,0,0,0,4,0,0,1,3,11,4,44,2,0,0,0,4,1,0,0,0,1,0,0,0,0,0,0,0,1,0,0,1,0,0,0,0,283,11,29,4,4,0
"59_014. Avicii - Hey Brother (Lyric)_noise_-12.5dB_sample2.wav",123,6,3,10,6,3,0,1,1,3,74,0,2,0,40,19,11,47,4,3,0,117,0,9,458,12,33,2,1,4,0,0,10,5,461,0,5,0,8,6,0,16,2,0,0,9,9,16,0,1,0,0,3,1,10,0,13,14,1,24,6,17,0,0,4,35,3,6,4,44,11,20,8,9,8,2,0,22,4,5,1,3,0,3,22,34,16,0,0,9,1,14,1,0,6,0,13,29,24,2,0
"95_053. Avicii - Hey Brother_noise_-12.5dB_sample1.wav",124,10,0,21,1,2,0,0,2,6,0,0,1,0,33,7,4,51,2,5,0,88,1,0,145,6,30,0,1,4,0,0,0,4,118,0,0,0,9,2,0,15,0,0,0,1,3,0,0,22,1,0,0,0,2,0,5,5,3,4,6,0,0,0,1,3,3,7,4,44,1,3,0,3,12,0,0,13,0,1,0,1,0,0,3,13,2,1,0,1,1,2,0,0,0,0,11,19,39,3,0
"52_007. Katy Perry - Dark Horse ft. Juicy J_noise_-12.5dB_sample1.wav",126,1,0,6,2,0,2,3,1,2,1,0,0,0,32,1,0,51,7,0,0,120,0,0,2,4,0,1,0,1,4,3,6,2,88,0,0,0,0,1,5,12,0,0,0,0,0,1,0,7,1,1,0,6,2,0,2,0,0,0,0,0,0,6,0,0,4,9,4,42,4,3,0,0,0,0,1,0,0,1,0,0,0,0,0,1,0,4,0,0,4,2,2,0,4,0,11,25,2,307,0
"47_020. Warriors (ft. Imagine Dragons)  Worlds 2014 - League of Legends_noise_-12.5dB_sample2.wav",124,1,1,2,0,0,0,2,4,0,2,0,0,0,32,1,0,48,3,1,0,126,2,1,2,2,1,3,1,3,0,0,9,1,101,95,4,0,0,1,0,9,1,0,0,1,5,1,0,3,1,2,0,2,1,0,0,0,0,1,0,3,0,1,34,22,6,9,3,249,3,13,0,0,1,0,1,0,0,1,1,2,0,0,0,1,0,1,0,1,1,2,1,0,3,8,11,30,1,0,1
"10_012. Calvin Harris - I Need Your Love (Official Video) ft. Ellie Goulding_noise_-12.5dB_sample2.wav",124,23,0,11,3,6,1,5,1,2,4,0,2,0,30,1,2,44,8,1,0,100,0,0,9,2,0,0,0,1,0,0,0,1,59,0,4,0,0,1,2,9,13,1,0,230,9,5,0,0,1,0,0,0,3,1,2,2,2,0,0,0,2,0,0,4,10,6,1,36,0,2,0,0,0,0,0,0,0,4,0,0,0,0,2,1,1,3,0,0,0,4,0,0,22,10,11,20,1,1,3
"49_050. Carly Rae Jepsen - I Really Like You_noise_-12.5dB_sample2.wav",124,35,0,64,2,1,0,3,0,5,0,0,4,1,33,1,0,46,2,0,0,110,0,0,0,1,0,1,1,5,2,1,0,5,154,0,0,0,2,0,0,11,12,3,0,20,0,154,0,4,47,33,0,18,9,1,16,1,7,0,11,0,0,2,0,4,3,11,0,44,1,0,0,1,0,0,0,0,0,1,0,0,11,0,60,0,1,2,0,0,4,1,0,0,1,8,11,22,1,2,0
"88_033. Fifth Harmony - Worth It (Official Video) ft. Kid Ink_noise_-12.5dB_sample1.wav",124,0,0,24,0,0,0,1,2,0,52,0,0,0,33,2,3,44,0,0,0,88,1,0,0,3,0,0,1,2,0,0,0,2,154,0,0,0,0,2,6,19,1,2,2,0,0,0,0,4,2,0,0,0,2,0,0,0,0,0,3,0,0,0,0,0,5,11,8,44,4,3,0,3,0,1,4,0,0,0,0,0,0,0,0,0,0,1,0,0,2,1,0,0,1,0,11,22,1,4,0
"31_058. Rub Some Bacon on It_noise_-12.5dB_sample2.wav",163,11,388,15799,1821,4352,0,88,1,44,0,1,0,1869,96,160,0,117,22,100,6,132,260,275,0,1571,0,541,1,165,0,736,605,33964,154,65,82,0,125,1,0,15,0,10,280,0,71,0,9,33,99,2,0,781,1665,0,2,20,20,55,1,0,20,1206,0,2368,7,68,11,44,50,714,0,110,762,33,2,0,2,1,0,121,1,210,110,0,1291,969,0,1,2,108,0,58,0,0,11,44,4,1,200
"81_013. Passenger  Let Her Go (Official Video)_noise_-12.5dB_sample1.wav",127,2,1,52,1,0,0,0,0,0,0,0,2,1,33,4,0,48,3,3,0,96,0,1,2,4,2,0,1,11,4,0,1,4,150,5,1,0,0,1,10,11,0,0,0,0,1,0,3,0,2,13,0,2,0,0,0,3,0,0,0,0,179,1,1,0,0,11,3,45,19,14,0,0,0,3,0,0,0,0,0,1,0,0,1,0,2,2,0,0,4,3,2,0,0,0,12,30,2,4,0
"22_094. Harry Potter Puppet Pals - The Mysterious Ticking Noise (Video With Lyrics)_noise_-12.5dB_sample2.wav",141,0,1,3,0,0,0,5,0,0,0,0,1,0,33,0,0,48,8,2,0,130,0,0,0,2,0,0,1,2,0,0,0,1,149,0,0,0,0,0,0,15,0,0,0,0,0,0,0,2,0,0,0,2,0,0,0,0,0,0,0,0,0,0,0,0,2,10,0,44,1,0,0,0,0,0,0,0,0,0,0,11,0,0,0,0,0,0,0,0,4,2,0,0,1,0,13,38,2,2,1
"78_026. Katy Perry - Firework (Official Music Video)_noise_-12.5dB_sample1.wav",139,1871,0,726,22,106,22,7,1,48,5,12,4,1,33,0,31,48,4,6,0,128,0,4,11,9,0,179,2,55,0,5,0,1,107,0,4,7,0,2,1,11,715,110,61,202,184,33725,0,0,2400,341,14,1354,129,3,227,39,38,11,367,1,4,21,4,68,17,44,22,99,3,0,0,2,0,2,24,223,4,100,0,3,116,63,143,2,7,7,0,4,19,2,4,0,226,121,11,33,0,44,0
"33_076. Galantis - Firebird (Official Audio)_noise_-12.5dB_sample1.wav",127,99,0,71,0,0,8,4,1,2,0,0,0,5,33,2,0,48,8,4,0,130,0,0,0,2,0,0,0,1,46,1,3,1,154,3,0,0,2,1,0,14,12,2,0,10,53,193,0,2,22,13,0,14,4,27,6,0,1,1,231,0,0,1,1,0,2,11,0,44,1,0,0,1,0,0,3,1,0,14,0,0,7,0,6,0,0,0,0,0,8,4,0,39,2,7,13,43,4,3,0
"97_075. Lindsey Stirling - Prism (Official Video)_noise_-12.5dB_sample1.wav",123,0,25,9,0,0,0,671,0,0,0,0,0,0,33,0,0,46,3,2,0,68,0,0,4,6,0,1,0,17,0,0,3,3,119,2,0,0,0,1,17,11,0,4,46,1,0,0,0,111,1,3,4,0,0,0,0,0,0,0,0,0,1,3,4,0,12,10,17,57,2,6,243,0,221,0,0,0,0,1,5,0,0,57,0,0,2,3,7,0,1,3,0,0,1,0,12,24,1,1,0
"14_099. Sheppard Geronimo - [International Version] (Official music Video)_noise_-12.5dB_sample1.wav",131,0,0,11,0,0,1,3,2,1,0,0,1,8,33,0,0,46,4,0,4,110,0,0,0,1,152,2,1,1,8,7,0,4,125,2,1,0,1,3,0,12,0,0,5,1,0,0,3,35,21,4,0,0,2,0,0,10,0,0,0,0,1,0,0,3,3,11,7,44,3,4,0,1,0,0,0,0,2,0,0,0,0,6,1,0,1,3,0,0,0,2,0,0,1,0,12,23,1,2,0
"68_055. Madness - Our House (Official 4K Video)_noise_-12.5dB_sample1.wav",129,2,2,44,0,0,3,2,0,0,0,0,0,1,31,2,0,44,0,6,0,102,0,2,0,2,0,0,1,2,0,1,0,2,91,0,1,0,1,0,0,8,1,0,0,0,0,0,0,0,0,1,3,3,0,0,0,0,0,0,1,0,2,0,0,0,1,7,1,38,2,1,0,0,1,0,0,4,0,0,0,2,152,0,1,1,1,0,0,0,0,0,0,0,0,1,11,16,0,0,0
"32_086. Olly Murs - Grow Up (Official Video)_noise_-12.5dB_sample2.wav",130,0,2,16,2,3,1,2,0,0,11,0,0,0,33,0,6,44,2,1,0,104,0,1,4,2,2,0,0,3,0,0,1,5,91,5,7,4,0,2,1,13,0,1,4,1,0,6,1,0,1,13,0,1,5,0,0,0,0,1,0,0,0,4,0,11,2,4,0,44,1,0,9,6,0,1,10,7,0,320,0,0,0,13,0,0,4,4,4,12,1,2,0,0,0,0,11,22,0,0,0
"92_025. Fall Out Boy - Immortals (From Big Hero 6)_noise_-12.5dB_sample2.wav",129,0,1,8,0,0,0,15,1,0,0,0,0,2,33,0,2,52,8,3,0,108,0,0,0,3,0,124,0,2,1,0,1,2,120,3,0,0,0,0,0,11,2,0,9,0,0,1,0,2,2,1,0,2,1,0,0,0,0,0,0,0,0,0,0,8,2,10,3,44,3,1,0,1,1,0,0,2,0,1,0,0,0,3,0,1,0,1,0,0,4,0,0,0,4,1,11,22,3,3,0
"100_059. Nilla Wafer Top Hat Time  Song - Rhett & Link_noise_-12.5dB_sample1.wav",126,0,0,12,1,1,0,2,0,0,0,0,1,1,33,1,0,46,2,1,0,88,0,0,5,5,0,2,2,2,1,1,1,3,154,0,2,0,0,1,4,11,0,0,0,0,1,0,0,1,0,0,0,2,0,0,0,1,0,0,1,1,0,0,0,2,6,12,0,44,5,0,1,0,0,1,0,2,0,0,1,0,1,0,2,0,1,2,276,0,1,2,0,10,0,0,12,31,2,2,0
"7_092. Harry Potter Medley on Marimba_noise_-12.5dB_sample1.wav",121,66,0,1206,1,3,9,0,0,0,0,0,21,3,33,1,2,48,6,2,0,114,0,0,4,6,2,0,1,5,32,0,19,9,74,2,4,4,0,1,1,11,0,0,0,0,44,5,0,0,23,19,2,0,9,9,0,6,0,8,11,8,2,0,22,0,3,5,0,44,2,2,2,1,0,2,3,1,0,11,0,5,0,0,0,2,4,0,0,2,1,0,0,27,1,0,11,20,1,1,2
"6_043. Wintergatan - Marble Machine (music instrument using 2000 marbles)_noise_-12.5dB_sample2.wav",130,323,14,1034,349,101,52,184,22,1,31,28,228,14,30147,150,8,48,96,3137,19,100,0,153,66,40,19,2,110,12,15,0,240,4,154,158,72,0,1006,1201,6,13,465,3,1,99,258,190,7,751,7,0,0,32,302,7,20,372,104,74,31,7,40,15,572,668,44,19,6,44,156,311,127,40,51,13,0,163,0,6,5,17,11,42,134,4,0,22,5,36,4,16,33,50,1035,18,11,132,2,105,90
"4_003. Lorde - Royals (US Version)_noise_-12.5dB_sample1.wav",120,0,0,33,2,0,0,3,1,0,0,0,1,0,33,5,1,44,71,33,0,132,0,0,5,4,0,3,0,4,1,0,12,2,154,2,3,0,12,1,1,11,0,0,0,0,0,1,0,21,1,2,0,2,1,0,0,7,0,0,4,0,1,0,0,3,9,11,0,48,7,25,0,6,0,1,0,0,0,0,0,1,0,5,0,0,0,2,0,0,0,2,0,0,1,0,11,44,2,0,7
"9_034. Pitbull - Timber (Official Video) ft. Ke$ha_noise_-12.5dB_sample1.wav",123,264,1,108,0,0,15,6,1,0,3,0,0,6,33,12,0,49,0,5,0,84,0,0,1,4,11,0,1,5,238,1,10,3,154,38,2,0,0,1,1,11,1,1,5,3,98,0,0,5,1,13,1,4,2,28,0,0,0,0,19,1,0,0,0,1,8,11,1,44,10,4,2,3,0,10,5,1,0,19,0,0,0,2,0,0,0,1,4,0,0,2,2,62,0,0,11,26,2,3,0
"105_101. Yann Tiersen - Comptine d`un autre ete - l`apres-midi_noise_-12.5dB_sample2.wav",124,14,12,260,26,2,10,49,1,0,4,0,0,0,85,38,0,45,14,21,0,132,8,64,8,2,12,0,3,88,125,6,256,8,114,93,46,4,0,3,81,17,12,0,31,1,0,0,1,31,12,133,0,1,0,0,0,10,6,1,1,70,22,0,176,18,7,7,78,44,177,2828,12,10,9,96,0,0,0,10,0,31,17,16,0,6,15,4,9,1,4,39,74,0,68,0,11,36,2,3,198
"62_061. LEFT SCREEN ONLY Spot the Differences_noise_-12.5dB_sample1.wav",123,0,0,34,0,0,0,1,1,0,0,0,1,0,39,2,2,46,2,2,0,100,0,0,1,8,0,1,1,0,8,0,0,0,154,0,3,0,0,0,1,14,0,0,0,0,0,1,3,2,2,2,0,2,1,0,0,0,0,0,0,0,4,0,21,67,3,11,2,44,3,19,0,4,0,4,0,0,0,1,724,0,1,4,0,9,0,2,0,0,0,1,0,0,0,0,11,27,2,2,339
"36_072. Jessie J - Price Tag ft. B.o.B_noise_-12.5dB_sample2.wav",122,2,0,6,0,0,0,4,2,2,0,0,1,6,33,3,3,44,0,1,2,126,0,0,3,6,4,0,1,3,0,7,0,3,115,0,4,0,1,2,1,11,0,0,16,3,3,2,3,32,0,3,1,1,1,0,0,4,0,0,0,0,0,0,0,2,5,10,4,44,3,5,2,4,5,2,0,1,0,0,0,0,0,12,0,3,0,0,0,0,0,2,1,0,133,0,11,33,6,4,0
"48_027. MAGIC! - Rude (Official Video)_noise_-12.5dB_sample2.wav",121,0,2,13,0,0,0,3,0,0,0,0,2,0,33,2,3,44,2,0,0,108,0,0,6,2,0,2,0,7,1,1,2,2,144,5,0,114,0,0,5,11,1,0,0,1,0,0,0,0,1,8,0,0,1,0,0,0,0,0,0,0,2,0,1,0,5,11,2,44,9,7,0,2,0,0,0,0,0,0,0,0,0,0,0,0,1,0,0,0,0,1,0,0,0,0,11,25,1,1,1
"75_078. Kungs vs Cookin on 3 Burners - This Girl (Official Music Video)_noise_-12.5dB_sample2.wav",120,5,0,17,0,1,1244,0,1,1,0,4,0,0,33,0,5,48,7,0,9,112,0,3,0,2,0,0,0,3,1,0,0,3,154,1,2,1,29,0,1,11,40,1,0,0,0,15,2,2,0,2,0,0,2,1,0,0,1,0,0,1,0,1,0,21,1,11,3,44,2,3,12,0,1,0,6,88,0,1,0,0,0,4,28,0,2,0,2,0,0,1,0,0,1,2,11,22,1,2,12
"78_026. Katy Perry - Firework (Official Music Video)_noise_-12.5dB_sample2.wav",123,248,0,337,8,5,3,3,0,28,0,0,3,1,33,1,6,48,0,1,8,116,0,0,12,2,1,0,0,8,0,0,2,1,139,1,0,0,2,1,1,11,74,26,0,92,39,2212,0,6,272,160,2,127,58,3,62,4,23,4,95,1,1,4,2,11,9,32,0,44,6,1,3,3,0,0,0,7,1,14,1,2,51,2,61,1,0,2,0,2,9,1,1,0,11,42,11,26,1,8,0
"69_066. Jessie J - Bang Bang ft. Ariana Grande, Nicki Minaj_noise_-12.5dB_sample1.wav",120,25,0,25,0,14,1,2,1,0,3,11,2,2,33,0,10,50,3,0,2,114,0,1,3,2,0,0,2,1,0,2,0,12,64,0,1,0,0,0,0,11,22,0,0,0,1,7,0,0,0,0,0,0,2,95,0,4,0,2,0,0,3,0,1,2,6,9,0,39,4,0,3,1,2,1,0,0,0,1,0,2,0,1,2,0,4,2,0,2,1,1,2,0,37,0,12,23,0,2,0
"55_009. Taylor Swift - Shake It Off_noise_-12.5dB_sample1.wav",121,0,9,28,13,2,0,150,2,0,1,0,133,2,1080,4,2,48,4,10,4,120,0,0,24,31,14,0,16,4,2,2,1,5,125,2,0,0,222,1549,0,11,8,0,1,13,118,0,4,126,20,0,3,1,126,1,5,6,1,19,4,0,5,3,0,20,7,6,0,44,24,15,47,14,5,0,0,1,0,1,0,4,1,0,14,1,17,9,0,0,0,3,0,4,26,0,12,43,7,1,9
"17_084. Thomas Rhett - Crash and Burn_noise_-12.5dB_sample2.wav",119,4,0,9,1,1,1,0,0,3,0,1,4,0,33,9,205,46,4,2,0,130,1,0,9,5,19,1,0,3,0,0,0,4,144,0,0,0,4,2,0,13,16,0,0,3,15,78,0,0,8,0,0,22,4,0,8,5,1,11,6,3,0,3,0,0,14,11,0,44,5,13,3,1,0,1,1,1,0,0,0,1,0,0,10,3,0,3,0,1,2,5,0,0,2,0,11,43,37,2,1
"84_001. Anna Kendrick - Cups_noise_-12.5dB_sample1.wav",121,1,0,7,0,0,0,4,15,0,8,0,0,2,33,1,4,49,2,3,0,132,0,0,0,4,0,0,0,1,1,0,0,2,154,0,0,0,0,0,2,15,0,0,0,0,1,2,0,2,0,0,0,4,2,0,0,0,0,0,0,0,0,0,0,0,1,12,0,54,1,3,0,1,0,0,0,0,0,0,0,0,0,0,0,0,0,0,0,0,4,1,0,0,6,0,12,41,2,4,0
"54_016. Taylor Swift - Blank Space_noise_-12.5dB_sample2.wav",125,183,1,44,0,121,30,13,1,0,21,0,0,0,181,0,34,48,8,3,3,128,0,0,25,2,0,0,0,2,1,2,9,2,154,2,0,0,1,1,1,18,283,1,0,2,1,109,1,0,3,1,0,3,57,3,0,366,0,22,0,5,0,0,1,238,2,11,4,51,1,0,0,3,0,0,5,89,0,0,0,5,3,1,38,0,1,0,0,18,3,2,0,4,452,0,12,37,2,34,1
"97_075. Lindsey Stirling - Prism (Official Video)_noise_-12.5dB_sample2.wav",121,0,0,7,0,0,0,272,2,0,0,1,0,1,32,1,2,55,3,3,0,106,0,0,2,11,0,0,11,3,10,0,1,1,83,0,0,0,2,0,0,9,0,0,6,0,15,1,5,3,1,15,1,0,0,0,0,0,0,0,0,0,1,0,0,0,4,8,0,42,2,19,0,0,0,0,0,0,0,0,1,3,0,1,1,0,2,0,0,0,2,2,0,0,0,0,12,20,2,2,0
"58_039. OMFG - Hello_noise_-12.5dB_sample2.wav",119,0,0,2,0,0,1,0,1,0,0,0,2,0,33,1,0,47,5,2,0,114,0,0,2,2,0,0,1,1,0,2,0,1,68,0,0,1,0,0,1,10,0,0,0,0,0,1,0,4,0,2,0,0,1,0,0,0,0,0,0,0,0,0,0,0,5,8,2,44,3,0,0,1,5,0,0,7,0,0,0,0,0,0,1,0,0,1,0,0,2,3,0,164,3,0,11,23,2,2,0
"87_079. twenty one pilots Heathens (from Suicide Squad The Album) [OFFICIAL VIDEO]_noise_-12.5dB_sample1.wav",119,0,0,15,0,0,0,3,1,3,0,0,2,15,33,2,3,48,8,6,0,128,0,0,0,4,0,2,1,2,7,2,3,3,145,8,3,0,0,1,0,15,0,1,5,0,2,1,0,20,2,2,0,1,1,0,0,2,0,0,0,0,2,0,2,0,7,11,3,44,3,10,0,3,1,88,0,3,0,0,0,0,0,3,0,0,9,0,0,0,4,1,7,0,4,0,11,35,2,4,0
