"16_038. P!nk - Just Give Me A Reason ft. Nate Ruess_noise_-12.5dB_sample1.wav",195,1,1,1,1,1,0,1,1,1,1,1,1,1,1,1,0,1,1,1,0,1,0,1,1,1,1,1,0,1,1,1,0,1,1,1,1,1,0,0,1,0,1,0,1,1,1,1,1,1,1,1,0,1,1,1,1,1,1,1,1,1,1,1,1,1,1,1,0,1,1,0,0,49,0,1,0,1,1,1,0,0,1,1,1,1,0,1,1,1,1,1,1,1,1,1,1,2,1,1,1
"10_012. Calvin Harris - I Need Your Love (Official Video) ft. Ellie Goulding_noise_-12.5dB_sample1.wav",167,1,1,1,1,1,1,1,1,1,1,1,1,1,1,1,1,0,1,1,1,1,0,1,1,1,1,1,1,1,1,3,1,0,3,0,1,1,1,1,1,1,2,0,1,113,1,1,1,1,1,1,1,0,3,1,1,1,1,1,2,1,1,1,1,1,1,1,1,1,1,0,0,0,0,1,2,1,1,2,1,0,1,0,1,1,1,1,0,1,1,1,1,1,1,1,1,1,1,1,1
"59_014. Avicii - Hey Brother (Lyric)_noise_-12.5dB_sample1.wav",160,1,1,1,1,1,1,1,0,0,1,1,1,1,1,1,1,1,1,1,1,1,1,1,56,1,1,1,1,1,1,1,1,0,152,1,2,1,0,1,0,1,1,1,1,1,1,1,0,1,1,1,1,0,1,1,1,1,1,1,1,1,1,1,1,1,1,1,1,0,1,1,1,1,1,1,1,1,1,1,0,0,1,1,1,1,1,1,1,1,1,1,1,1,1,1,0,1,1,1,1
"50_006. Wiz Khalifa - See You Again ft. Charlie Puth [Official Video] Furious 7 Soundtrack_noise_-12.5dB_sample2.wav",162,1,0,1,1,1,1,1,1,1,1,2,1,0,1,1,1,0,1,2,0,1,0,0,1,1,1,1,1,1,1,1,0,1,1,1,1,1,1,1,1,0,1,1,0,1,1,1,1,1,1,0,1,1,38,1,1,1,0,1,0,0,2,1,1,1,1,1,0,1,1,1,0,1,1,0,1,1,1,0,1,0,0,1,1,1,0,0,0,1,1,1,1,2,1,1,1,1,1,1,1
"24_047. Girls Talk Boys (from the Ghostbusters Original Motion Picture Soundtrack)_noise_-12.5dB_sample1.wav",168,1,1,1,1,1,1,1,1,1,2,0,0,1,1,1,1,1,1,1,1,1,1,1,1,1,1,1,0,0,1,1,1,1,1,1,1,1,0,1,1,1,1,1,1,1,1,1,1,1,1,1,1,1,1,1,1,1,1,1,1,1,1,1,1,1,1,1,0,1,1,1,0,0,0,1,0,1,1,1,1,1,1,0,1,1,1,1,1,1,1,54,1,1,1,1,1,1,1,1,1
"74_029. David Guetta - Hey Mama (Official Video) ft Nicki Minaj, Bebe Rexha & Afrojack_noise_-12.5dB_sample2.wav",170,1,1,1,1,0,1,1,1,1,1,1,1,2,1,0,1,0,1,1,1,1,1,0,1,0,1,1,0,0,1,1,1,1,1,1,1,1,0,1,1,1,1,1,0,0,1,1,1,1,1,1,1,1,1,1,1,1,1,1,0,1,1,1,1,2,1,1,1,0,1,0,1,1,1,1,1,1,0,1,0,0,1,1,1,1,1,1,1,1,0,1,32,1,1,1,1,1,0,1,1
"80_077. Emeli Sandé - Hurts_noise_-12.5dB_sample2.wav",161,0,1,1,0,1,1,1,0,1,1,1,1,1,1,1,1,0,1,1,1,1,1,1,1,0,1,1,1,1,1,1,1,1,1,0,0,1,1,1,1,0,1,1,79,1,1,1,1,1,1,1,1,1,0,0,1,1,1,0,1,1,1,1,1,1,0,1,1,1,1,1,1,1,1,1,0,0,1,1,0,0,0,1,1,1,1,1,0,1,1,1,1,0,1,1,0,0,1,1,0
"82_A Lady_noise_-12.5dB_sample1.wav",157,1,1,1,1,1,1,1,1,1,1,1,1,1,1,1,0,1,1,1,0,1,1,1,1,1,0,1,1,1,0,1,1,1,1,1,1,1,20,1,1,1,1,1,1,1,1,1,1,0,1,1,1,1,1,1,1,1,0,1,1,1,1,1,0,0,0,1,1,1,1,0,0,1,1,0,1,1,1,1,1,0,1,1,1,0,1,1,1,1,1,1,1,0,1,1,1,1,1,1,1
"57_Numb_noise_-12.5dB_sample2.wav",162,0,1,1,1,3,1,0,0,0,1,0,1,1,1,1,1,1,1,3,0,1,1,1,0,0,1,1,1,0,1,1,1,1,1,1,1,1,0,1,1,1,0,0,0,1,1,1,1,1,1,1,1,1,1,1,1,1,1,0,0,1,1,1,1,1,1,1,1,1,1,1,1,1,1,0,1,0,1,1,0,0,1,1,1,1,119,1,1,1,1,1,1,1,1,1,0,1,1,1,1
"25_035. Alan Walker - Sing Me To Sleep_noise_-12.5dB_sample1.wav",164,1,1,1,2,1,1,1,1,1,1,1,1,1,1,1,1,1,0,1,1,0,1,1,1,1,1,1,1,1,1,1,1,1,1,1,1,0,0,2,1,1,1,1,1,1,1,1,1,1,1,1,1,1,1,1,1,1,1,1,1,1,1,1,1,1,1,1,1,1,1,1,1,1,1,1,1,1,1,1,1,1,1,1,1,2,1,1,1,1,1,1,1,1,1,0,0,232,1,1,1
"100_059. Nilla Wafer Top Hat Time  Song - Rhett & Link_noise_-12.5dB_sample2.wav",163,1,0,0,1,1,1,1,1,1,0,1,1,1,1,1,0,1,0,1,1,1,0,1,1,1,1,1,1,1,1,0,1,1,1,1,1,1,0,1,1,0,1,1,1,1,1,0,1,0,1,1,1,1,1,1,1,1,1,1,0,1,1,1,0,1,1,0,1,0,1,1,1,0,1,0,0,1,0,1,1,0,1,1,1,1,1,0,43,2,1,1,1,1,1,0,0,0,1,0,1
"105_101. Yann Tiersen - Comptine d`un autre ete - l`apres-midi_noise_-12.5dB_sample1.wav",161,1,1,1,1,1,1,0,0,1,1,1,1,1,1,1,1,2,1,1,1,1,1,1,1,1,1,1,1,1,1,1,1,1,0,1,1,1,0,1,1,0,1,1,1,1,1,1,1,1,0,2,1,1,0,1,1,1,0,0,1,0,1,1,1,1,1,1,1,1,1,27,1,0,1,1,1,1,1,1,0,0,1,1,0,1,1,1,1,1,1,1,1,1,1,0,1,1,0,0,1
"58_039. OMFG - Hello_noise_-12.5dB_sample1.wav",154,1,1,1,1,1,0,1,0,1,3,1,1,1,1,0,1,1,0,1,0,0,1,0,1,1,0,1,1,0,1,1,1,0,1,1,1,0,0,1,1,1,0,1,1,1,1,1,1,1,1,1,1,1,0,1,1,0,1,0,0,1,1,1,1,1,1,1,1,1,1,0,1,1,1,1,0,0,1,1,0,1,1,0,1,1,1,1,1,1,1,1,1,47,0,0,1,1,1,1,1
"30_Cannibal_noise_-12.5dB_sample1.wav",161,1,1,1,1,1,1,2,1,1,3,1,1,1,1,1,1,0,1,1,1,1,0,2,0,1,1,0,1,1,2,1,0,1,1,1,0,1,0,0,1,1,0,0,2,1,0,1,1,1,1,2,0,1,1,1,1,0,1,1,1,1,1,1,0,1,0,1,1,1,1,0,1,1,1,1,1,0,1,1,0,0,1,101,1,1,1,1,0,1,1,1,1,0,1,1,0,0,0,1,1
"88_033. Fifth Harmony - Worth It (Official Video) ft. Kid Ink_noise_-12.5dB_sample2.wav",162,1,1,1,1,1,0,1,1,0,88,0,0,0,0,1,0,1,0,1,0,0,1,0,1,1,0,1,0,1,0,1,1,1,1,1,1,1,0,2,0,0,1,0,1,1,1,1,1,1,1,1,1,1,1,1,1,1,0,1,1,1,2,1,1,1,1,1,1,0,1,0,1,1,0,1,0,0,1,1,1,0,1,1,1,1,1,1,0,1,1,1,1,1,1,1,0,1,0,1,1
"22_094. Harry Potter Puppet Pals - The Mysterious Ticking Noise (Video With Lyrics)_noise_-12.5dB_sample1.wav",163,1,1,0,1,0,1,1,1,1,0,1,1,0,0,1,1,1,1,1,0,1,0,1,1,0,0,0,1,1,0,2,1,1,1,1,1,1,0,1,1,0,1,1,1,1,1,0,0,1,1,1,1,0,1,0,1,2,0,1,1,0,1,0,2,1,1,1,0,2,1,0,0,0,1,1,1,1,1,0,0,42,1,1,1,0,0,0,0,1,1,1,1,1,1,0,1,1,0,1,1
"5_002. Avicii - Wake Me Up (Official Video)_noise_-12.5dB_sample1.wav",159,1,5,1,1,1,1,0,1,1,1,0,1,1,1,1,0,0,0,1,1,1,0,1,1,1,1,1,1,1,1,1,1,1,0,1,1,1,0,1,1,1,1,0,1,1,1,1,1,0,1,1,1,0,1,1,1,1,1,0,1,1,1,1,0,1,1,1,1,1,1,0,1,1,1,0,1,0,0,0,1,0,1,1,1,1,0,1,1,1,1,1,1,1,1,1,1,3,0,1,1
"73_Turn the Lights Off_noise_-12.5dB_sample1.wav",158,1,1,1,1,2,1,0,1,1,1,0,1,1,1,1,1,1,0,1,1,1,1,1,1,1,1,1,1,59,1,1,1,1,0,1,1,1,0,1,1,0,0,1,1,1,0,1,1,1,1,1,1,1,1,1,1,1,1,1,0,0,1,1,1,1,2,1,1,1,1,1,1,1,1,1,1,0,0,1,0,0,1,1,1,1,0,0,1,1,1,1,0,1,1,1,1,1,1,1,1
"1_028. Capital Cities - Safe And Sound_noise_-12.5dB_sample1.wav",164,1,1,1,1,1,1,1,1,1,1,1,1,0,2,1,1,1,2,1,1,1,0,1,1,1,1,1,1,1,1,1,1,2,1,0,9,1,0,1,1,1,1,0,1,3,1,0,1,1,1,0,1,0,1,1,1,1,1,1,0,1,1,1,1,1,1,1,1,1,0,1,1,0,1,1,0,1,1,1,1,1,1,1,1,1,1,1,0,1,1,1,1,1,1,2,1,0,0,2,1
"23_048. Pharrell Williams - Happy (Official Music Video)_noise_-12.5dB_sample2.wav",161,0,1,1,1,1,1,1,1,1,1,1,1,1,1,0,1,1,1,1,1,0,0,1,1,1,0,0,0,1,1,1,1,1,1,1,1,1,0,1,1,1,1,1,1,0,0,1,1,1,1,0,1,0,1,1,1,1,1,1,2,0,1,1,1,1,1,1,1,1,1,0,1,1,1,1,1,0,1,1,1,0,1,1,1,1,1,1,1,1,65,1,1,1,1,1,0,1,1,1,1
"70_You and Me_noise_-12.5dB_sample2.wav",160,1,1,1,1,1,2,1,1,1,1,1,1,1,1,2,1,1,1,1,0,0,1,1,1,1,1,1,1,0,1,1,1,0,1,1,1,1,1,1,1,1,1,1,1,1,1,1,1,1,1,0,1,0,1,1,1,1,0,1,1,1,0,1,1,1,1,1,1,1,1,1,1,1,104,1,0,1,1,1,1,1,1,0,1,1,1,1,0,1,1,0,1,2,1,1,1,1,1,1,1
"77_065. Nightcore - Ghostbusters_noise_-12.5dB_sample2.wav",168,1,1,0,1,1,1,0,1,1,1,1,1,1,1,1,1,1,1,1,0,59,1,1,1,1,1,1,1,0,1,1,1,1,1,0,1,0,1,1,1,0,1,1,1,1,1,1,1,1,1,0,1,1,1,1,1,1,0,1,1,0,2,1,1,1,1,1,1,1,0,1,0,1,1,1,1,1,1,1,1,0,1,0,1,1,1,1,1,0,1,1,1,1,1,1,0,1,1,1,1
"90_064. Eurythmics, Annie Lennox, Dave Stewart - Sweet Dreams (Are Made Of This) (Official Video)_noise_-12.5dB_sample1.wav",163,1,1,1,1,1,1,1,0,0,1,1,1,0,1,1,1,1,0,1,1,1,0,1,0,0,1,1,1,1,1,1,0,0,1,1,1,1,0,1,1,1,1,1,1,1,1,1,1,1,1,1,1,1,1,1,0,1,1,1,1,1,1,1,1,1,1,1,1,1,0,0,1,1,1,1,1,1,1,1,1,0,1,1,0,1,1,1,1,81,1,0,0,0,0,1,0,0,1,1,1
"104_024. twenty one pilots Stressed Out [OFFICIAL VIDEO]_noise_-12.5dB_sample2.wav",156,1,1,1,2,1,1,1,1,1,1,1,0,1,1,1,1,1,1,1,1,0,0,1,1,1,1,1,1,1,1,1,1,0,2,1,1,0,0,1,1,1,0,1,1,1,1,1,0,0,0,1,1,1,1,1,0,1,1,1,1,1,1,1,1,1,137,1,1,1,1,1,1,0,1,1,1,1,0,1,3,1,1,1,1,1,1,1,0,1,1,1,1,1,1,1,1,1,0,1,1
"6_043. Wintergatan - Marble Machine (music instrument using 2000 marbles)_noise_-12.5dB_sample1.wav",157,1,1,1,1,1,1,1,1,0,1,1,1,1,8,1,1,1,1,1,1,0,1,1,1,1,1,1,1,1,1,1,1,1,1,1,0,0,0,1,1,1,1,1,1,1,1,1,1,1,1,1,1,1,1,1,1,2,1,1,1,1,0,1,1,1,1,1,0,1,0,0,1,1,0,1,0,1,1,1,0,0,1,0,1,0,0,0,0,1,1,1,0,0,1,1,0,0,1,1,1
"102_018. Shawn Mendes - Stitches (Official Music Video)_noise_-12.5dB_sample2.wav",156,1,1,1,1,1,0,1,1,1,1,86,1,1,1,0,1,0,1,1,1,1,1,1,1,1,1,1,1,1,1,1,1,0,1,1,2,1,0,1,1,0,0,1,1,1,1,1,0,1,1,0,1,1,1,1,0,1,1,1,1,1,1,0,1,2,1,2,1,1,1,0,0,1,0,1,0,1,1,1,1,1,1,1,1,1,0,0,1,1,1,2,1,1,0,1,1,1,1,1,0
"20_Never Meant to Know_noise_-12.5dB_sample1.wav",162,1,1,1,1,1,1,1,1,1,1,1,1,1,1,1,1,1,1,1,0,0,1,1,1,1,1,1,1,1,1,1,1,1,1,1,1,1,1,1,1,1,1,1,1,2,1,1,1,1,1,1,1,91,1,1,1,1,1,1,1,1,0,1,1,2,1,1,1,1,1,0,1,0,1,1,1,0,1,1,1,0,1,1,0,1,0,1,0,1,1,1,4,1,1,1,0,0,1,1,1
"5_002. Avicii - Wake Me Up (Official Video)_noise_-12.5dB_sample2.wav",159,1,9,1,0,1,1,0,1,1,1,1,1,0,1,1,1,1,1,1,0,0,0,1,1,1,1,1,1,1,1,1,1,1,1,1,0,1,0,1,1,1,0,1,1,1,1,1,0,1,0,1,1,1,1,0,0,1,0,1,1,1,1,1,1,1,1,1,1,1,1,1,1,1,1,1,0,1,1,1,1,1,1,0,1,1,1,1,1,1,1,1,1,1,0,1,1,1,1,1,1
"11_062. Pipe Guy - HouseTranceTechno Live_noise_-12.5dB_sample2.wav",155,1,1,1,1,1,1,1,1,1,1,1,1,1,0,1,1,1,1,1,1,0,1,1,1,1,1,1,1,1,1,1,0,1,1,1,1,0,0,1,0,1,1,1,1,1,1,1,1,0,1,1,1,1,1,0,1,1,1,1,0,1,1,1,1,1,1,1,1,1,1,0,1,1,1,0,0,1,1,0,1,0,1,1,1,0,1,1,1,1,1,1,1,0,1,1,0,1,1,1,1
"98_021. Alan Walker - Faded_noise_-12.5dB_sample2.wav",159,1,1,1,1,1,1,1,1,1,1,1,3,0,1,1,0,0,1,0,0,1,0,1,1,1,1,1,1,1,1,1,1,1,1,0,1,1,0,1,1,0,1,0,1,1,1,1,1,1,1,142,1,3,1,0,1,1,1,1,1,0,0,1,1,1,1,1,1,1,1,0,0,1,0,1,0,1,1,1,0,0,1,0,0,1,1,1,1,0,1,0,1,1,1,0,1,1,1,1,0
"51_088. Steven Universe - We Are The Crystal Gems_noise_-12.5dB_sample2.wav",160,1,1,1,1,1,1,1,1,0,1,1,1,0,1,1,1,0,1,1,1,1,1,1,1,1,1,1,1,0,1,1,1,1,1,1,1,1,0,1,1,1,1,1,1,1,1,1,1,1,0,1,1,1,1,1,1,1,1,1,1,1,1,1,1,2,1,1,1,0,1,1,71,1,0,1,1,1,1,1,0,0,1,0,0,1,1,1,1,1,1,0,1,1,1,1,1,1,1,1,1
"2_023. Rachel Platten - Fight Song (Official Video)_noise_-12.5dB_sample1.wav",159,0,1,1,1,1,1,1,2,0,1,0,0,1,1,40,1,1,0,1,1,1,0,0,1,1,1,1,1,1,1,1,1,1,1,1,1,1,1,1,1,0,1,1,1,1,1,1,1,2,1,1,1,0,0,0,1,1,1,1,1,1,1,0,1,1,1,1,1,1,1,1,1,0,1,0,0,0,0,1,0,0,1,0,0,1,0,1,0,1,1,1,1,0,2,0,0,1,1,1,1
"103_037. Calvin Harris, Rihanna - This Is What You Came For (Official Video) ft. Rihanna_noise_-12.5dB_sample1.wav",162,1,1,1,1,1,1,1,1,1,1,1,1,1,1,1,1,1,1,1,0,1,0,1,1,2,1,1,1,0,1,1,1,1,1,0,1,1,1,1,0,1,1,1,1,1,1,1,0,1,1,1,1,1,1,1,1,1,1,1,1,1,1,1,1,1,1,1,1,1,1,0,0,0,1,1,0,1,1,1,1,0,1,2,1,1,1,1,1,1,1,1,1,1,1,1,1,1,1,1,105
"7_092. Harry Potter Medley on Marimba_noise_-12.5dB_sample2.wav",156,1,1,67,1,2,1,1,2,1,1,1,1,1,1,0,0,1,1,1,1,0,1,1,1,1,1,1,1,1,1,1,1,0,1,1,0,1,0,1,1,1,1,1,0,1,0,1,1,1,0,1,1,1,1,1,1,1,1,1,1,1,1,1,0,1,1,1,1,1,1,1,1,1,1,1,1,0,1,1,1,1,1,1,1,1,1,1,1,1,1,1,1,1,1,1,1,1,0,1,1
"11_062. Pipe Guy - HouseTranceTechno Live_noise_-12.5dB_sample1.wav",157,1,1,1,0,0,1,1,1,0,1,0,1,1,1,1,0,1,1,1,1,1,0,1,0,1,1,1,1,1,1,1,0,1,1,0,1,1,0,1,0,0,1,1,1,1,1,1,1,1,0,1,1,0,1,1,1,0,1,0,1,1,1,1,1,1,1,1,1,0,0,0,0,1,1,1,1,1,1,2,1,0,1,0,1,0,1,1,0,1,1,1,1,1,1,1,0,0,1,1,1
"95_053. Avicii - Hey Brother_noise_-12.5dB_sample2.wav",164,1,1,1,1,1,0,1,1,1,1,0,1,0,1,1,1,0,1,1,1,0,1,1,34,1,1,1,0,1,0,1,0,1,16,0,0,1,0,1,1,0,1,1,1,1,1,1,1,1,1,0,1,0,1,1,1,1,1,1,1,1,1,0,1,1,1,1,1,0,1,0,1,0,0,0,1,1,1,0,1,0,1,1,1,1,1,1,1,1,0,1,1,1,0,1,0,1,1,0,0
"60_057. Get Off The Phone Song_noise_-12.5dB_sample2.wav",160,1,0,0,1,1,1,1,1,1,1,1,1,0,1,1,0,0,1,1,1,1,1,1,1,1,1,1,1,1,1,1,1,1,1,1,1,1,0,1,0,0,1,10,1,1,1,1,1,0,1,1,1,0,1,1,1,0,1,1,1,1,0,1,1,0,0,2,1,0,1,0,1,0,1,1,1,0,1,1,1,0,1,1,1,1,1,1,0,1,1,1,1,1,1,1,1,1,1,1,1
"92_025. Fall Out Boy - Immortals (From Big Hero 6)_noise_-12.5dB_sample1.wav",164,1,1,0,1,1,1,1,1,0,1,1,1,1,1,0,0,1,1,1,0,0,1,0,1,1,1,67,1,1,1,0,0,0,1,1,1,1,0,1,1,0,1,0,0,0,0,0,1,1,0,1,1,1,1,1,1,1,1,1,1,1,1,0,0,1,1,1,1,1,1,0,1,0,1,1,1,1,1,1,1,0,1,1,0,0,0,0,0,1,1,1,1,1,1,0,1,1,0,1,1
"99_080. Melanie Martinez - Carousel (Official Music Video)_noise_-12.5dB_sample1.wav",160,2,0,1,0,1,0,1,1,1,1,1,1,1,1,1,1,1,1,1,1,1,0,1,1,1,1,0,1,2,1,1,0,1,1,1,1,1,0,1,1,0,1,1,1,1,1,1,1,1,1,1,1,1,1,1,1,1,0,1,0,1,1,1,1,1,1,140,1,1,1,0,1,1,1,1,0,1,1,1,1,0,1,1,0,1,1,1,1,1,1,1,0,1,1,1,1,1,1,1,1
"3_100. Owl City & Carly Rae Jepsen - Good Time (Official Video)_noise_-12.5dB_sample1.wav",158,1,1,1,2,1,1,0,1,0,1,1,1,0,1,1,1,1,1,1,1,0,0,0,1,1,1,1,0,0,1,1,1,0,1,1,1,1,0,1,1,0,73,1,0,1,1,1,1,1,0,1,0,1,1,1,1,1,1,1,1,1,1,1,1,1,1,1,1,1,1,0,1,1,0,1,1,1,1,1,1,1,0,0,1,1,1,0,1,1,1,1,1,2,1,1,0,0,0,1,0
"55_009. Taylor Swift - Shake It Off_noise_-12.5dB_sample2.wav",159,0,1,1,1,1,0,1,1,1,1,1,1,0,1,1,0,1,1,1,1,0,0,0,1,1,0,1,1,1,1,1,1,1,2,1,1,1,1,153,1,0,1,1,1,0,1,1,1,1,1,0,1,1,1,1,1,1,1,1,1,0,1,0,0,1,1,1,1,1,1,1,1,1,1,1,1,1,1,1,2,0,1,1,1,0,1,1,1,1,1,1,1,1,1,1,1,0,1,0,1
"16_038. P!nk - Just Give Me A Reason ft. Nate Ruess_noise_-12.5dB_sample2.wav",162,1,1,0,1,1,1,1,1,1,1,1,1,0,1,1,0,0,1,1,0,1,0,0,1,1,1,0,1,1,0,1,1,1,1,0,1,2,1,1,1,1,1,1,1,0,1,1,1,1,1,1,1,1,1,1,1,1,1,1,1,0,1,1,1,1,1,1,0,1,1,1,1,64,1,1,1,0,1,1,1,0,0,1,1,0,0,1,1,1,1,1,1,1,1,1,1,2,1,0,0
"51_088. Steven Universe - We Are The Crystal Gems_noise_-12.5dB_sample1.wav",159,0,1,1,1,2,1,1,1,1,1,1,1,1,1,0,1,0,0,1,0,0,0,1,0,1,1,1,1,0,1,1,1,2,1,1,1,1,0,1,1,1,1,1,1,1,0,1,0,1,1,1,1,1,1,1,1,0,1,1,1,1,2,1,1,1,2,1,1,1,1,1,80,1,1,1,1,0,1,1,1,0,1,1,1,0,0,1,0,1,1,1,1,1,1,1,1,1,1,1,1
"13_030. Maroon 5 - Animals_noise_-12.5dB_sample2.wav",156,0,1,1,1,1,1,1,1,1,1,1,1,2,1,1,1,1,1,1,1,1,0,1,1,1,1,1,1,1,1,0,0,0,1,1,1,0,1,1,0,0,1,0,1,1,0,1,1,1,1,3,1,1,1,1,1,1,0,1,0,1,1,1,0,1,1,1,1,1,1,1,1,1,0,0,1,1,1,1,1,0,0,1,1,1,0,1,0,1,1,0,1,1,1,1,0,1,0,1,1
"63_087. Anaconda - Nicki Minaj  The Fitness Marshall  Dance Workout_noise_-12.5dB_sample2.wav",158,0,1,1,0,2,0,1,1,1,1,1,0,1,1,1,1,1,1,1,1,2,0,1,0,1,1,1,0,1,1,1,1,0,1,1,1,1,0,1,1,0,0,0,1,1,0,1,1,1,1,1,0,2,0,1,1,1,1,1,1,1,1,0,1,1,1,1,1,0,2,0,1,1,1,1,1,1,45,1,0,0,1,1,2,1,0,1,1,1,1,1,0,1,1,1,0,1,1,1,1
"87_079. twenty one pilots Heathens (from Suicide Squad The Album) [OFFICIAL VIDEO]_noise_-12.5dB_sample2.wav",161,1,1,0,1,1,1,1,1,0,1,1,1,1,1,1,0,1,1,1,0,1,1,0,1,1,1,2,1,1,1,1,1,1,1,1,1,0,1,1,1,1,0,1,1,1,1,1,1,1,0,1,1,1,1,1,1,1,2,1,1,1,1,1,1,1,1,1,1,1,1,1,1,1,0,227,1,1,1,1,1,1,1,1,1,1,1,1,0,1,1,1,1,1,0,1,1,1,0,1,1
"45_005. OneRepublic - Counting Stars_noise_-12.5dB_sample1.wav",161,1,1,1,1,1,1,1,1,1,1,1,1,0,1,1,1,1,1,1,1,1,0,0,1,1,1,1,1,1,1,1,1,1,1,1,1,0,0,1,1,0,1,1,1,1,1,1,1,1,1,1,0,1,1,1,0,1,1,1,1,1,1,1,1,1,1,1,25,0,0,1,1,1,1,1,1,1,1,1,1,0,1,1,1,1,1,1,1,1,1,1,1,1,1,1,1,1,1,1,1
"39_051. Galantis - No Money (Official Video)_noise_-12.5dB_sample2.wav",162,1,0,1,1,1,1,1,1,1,1,1,1,1,1,1,1,0,0,1,1,0,0,1,0,1,1,1,1,1,1,1,1,0,1,1,1,1,1,1,1,1,1,1,1,1,0,1,0,1,1,0,1,1,1,2,1,1,0,1,0,1,1,73,1,1,1,1,1,1,1,0,1,0,0,1,1,0,0,1,1,0,0,1,0,1,1,1,0,1,1,1,1,1,1,1,0,1,1,1,1
"93_015. Lukas Graham - 7 Years [Official Music Video]_noise_-12.5dB_sample2.wav",159,0,1,1,1,1,1,1,1,0,0,1,1,1,1,1,1,1,1,1,1,0,0,0,1,1,1,1,1,1,0,1,1,0,1,0,1,0,0,1,1,0,1,1,0,1,1,1,1,1,62,1,1,1,1,0,1,1,1,0,1,1,0,0,1,1,1,1,1,1,1,0,1,1,1,0,0,1,1,1,1,0,1,0,1,1,0,1,1,1,1,1,1,1,1,1,1,1,1,1,1
"0_096. Nightcore - Mad World_noise_-12.5dB_sample2.wav",158,1,1,0,1,1,0,0,0,1,1,1,1,1,1,1,1,0,0,1,60,0,0,0,1,1,1,1,1,1,1,0,0,1,1,1,0,1,2,1,1,1,0,0,1,1,1,1,1,1,1,1,1,0,1,1,1,0,0,0,1,0,1,2,1,1,1,1,1,1,1,0,0,1,0,0,1,0,1,0,0,0,1,1,1,0,1,1,1,1,1,1,1,1,0,1,0,0,1,2,1
"40_052. Lindsey Stirling - Moon Trance (Official Music Video)_noise_-12.5dB_sample2.wav",165,1,1,1,1,1,0,1,0,0,0,1,1,1,1,0,1,1,1,180,1,1,1,1,1,1,1,1,1,0,1,1,1,0,1,1,1,1,1,1,1,0,1,1,1,1,0,1,1,1,1,1,1,1,1,1,1,1,1,1,1,1,1,1,1,1,1,1,1,1,1,1,0,1,1,1,1,1,1,1,1,0,1,1,1,1,1,1,0,1,1,1,1,1,1,1,0,1,1,1,1
"3_100. Owl City & Carly Rae Jepsen - Good Time (Official Video)_noise_-12.5dB_sample2.wav",165,1,1,0,1,1,1,0,1,1,1,1,1,1,1,1,1,1,1,1,1,1,0,1,1,0,0,0,1,0,0,1,1,1,1,0,1,2,0,1,1,1,24,1,1,1,1,1,1,1,1,1,1,1,1,1,1,1,0,1,1,0,1,0,1,1,1,1,1,1,0,1,1,1,1,1,1,1,1,0,1,1,1,0,1,1,1,0,1,1,1,1,1,1,1,1,0,1,0,2,1
"81_013. Passenger  Let Her Go (Official Video)_noise_-12.5dB_sample2.wav",166,1,0,1,1,1,1,1,1,1,1,0,1,1,0,0,1,1,1,1,1,0,1,0,1,1,0,1,1,2,1,1,0,1,1,1,1,1,0,0,1,1,1,1,1,1,0,0,1,1,0,1,1,1,1,1,1,1,1,1,1,1,135,1,1,0,0,1,1,1,0,0,0,1,1,1,1,0,1,1,1,1,1,1,1,1,1,0,0,1,1,1,1,1,1,0,1,1,1,1,1
"93_015. Lukas Graham - 7 Years [Official Music Video]_noise_-12.5dB_sample1.wav",169,1,1,1,1,1,1,1,0,0,1,1,1,0,1,0,0,1,1,1,1,0,0,1,1,1,1,1,1,0,1,1,1,0,1,1,1,1,0,1,1,1,0,0,1,0,1,1,0,1,90,0,1,0,0,1,1,1,1,1,1,1,1,0,1,1,1,1,1,1,0,1,1,1,1,1,1,1,1,1,1,0,1,0,1,1,1,1,1,1,1,1,1,1,1,1,1,1,1,0,1
"76_073. Lindsey Stirling - Crystallize (Dubstep Violin Original Song)_noise_-12.5dB_sample2.wav",166,0,1,1,1,1,1,1,1,1,0,1,1,1,1,1,1,1,1,1,1,1,0,1,1,1,1,1,1,1,1,1,1,1,1,1,1,1,1,1,1,0,1,1,1,1,1,1,1,1,1,1,1,1,1,1,1,1,1,1,1,1,1,1,1,149,1,1,1,0,1,1,1,1,1,1,0,1,1,1,1,1,1,1,1,1,0,1,1,1,1,1,1,1,1,1,0,1,1,1,1
"9_034. Pitbull - Timber (Official Video) ft. Ke$ha_noise_-12.5dB_sample2.wav",175,1,1,1,1,1,1,1,1,0,1,0,1,1,1,1,1,1,1,1,1,1,0,0,1,1,1,1,1,1,123,1,0,1,1,1,1,1,0,1,1,0,1,1,1,1,1,1,1,1,1,1,1,1,0,1,1,1,1,1,1,1,1,1,1,1,1,1,1,1,1,0,0,1,1,1,1,1,1,1,0,1,1,1,0,1,1,1,0,1,1,1,1,1,1,1,1,1,0,1,1
"103_037. Calvin Harris, Rihanna - This Is What You Came For (Official Video) ft. Rihanna_noise_-12.5dB_sample2.wav",171,1,1,1,1,1,1,1,1,1,1,1,0,1,1,1,0,1,1,1,0,1,1,1,1,1,1,0,1,1,1,3,0,1,1,1,1,0,0,1,1,1,1,1,1,1,1,1,1,1,1,0,1,1,1,1,1,1,1,1,1,1,1,0,0,1,1,1,1,1,1,1,0,1,1,1,1,1,0,1,1,0,1,1,1,1,1,0,1,1,1,1,0,1,1,1,0,1,1,1,86
"80_077. Emeli Sandé - Hurts_noise_-12.5dB_sample1.wav",168,1,1,1,1,1,1,1,1,0,1,1,1,1,1,1,1,0,0,2,0,1,1,1,1,1,1,1,1,1,1,1,1,0,1,1,1,1,0,1,1,0,1,1,13,1,1,1,1,1,0,1,1,1,1,1,1,1,0,1,1,0,1,0,1,1,1,0,0,1,1,0,1,1,1,1,0,1,1,1,1,1,1,1,1,1,1,1,1,1,1,1,1,1,1,1,1,0,1,0,1
"37_063. Bastille - Pompeii (Official Music Video)_noise_-12.5dB_sample2.wav",164,0,1,1,1,1,0,0,1,1,1,1,1,1,0,1,1,0,1,1,1,1,0,59,1,1,1,1,0,0,1,0,0,2,1,0,0,1,0,0,1,1,1,1,1,1,1,1,0,1,1,1,0,1,1,1,1,1,0,1,1,1,1,1,1,0,1,2,1,1,1,1,1,0,0,1,1,1,1,1,1,1,1,1,1,1,0,1,1,1,1,1,0,1,1,1,0,1,1,1,1
"41_The Bidding_noise_-12.5dB_sample2.wav",173,0,1,1,1,1,1,0,1,1,1,1,1,1,1,1,1,1,1,1,1,1,1,0,1,0,1,1,0,0,1,1,0,1,1,0,1,1,0,1,1,1,1,0,1,1,1,1,1,1,1,1,0,1,1,1,1,1,1,1,1,1,0,1,1,1,1,0,1,1,1,1,0,1,1,1,1,0,0,0,1,1,1,1,1,1,0,1,1,1,1,1,1,1,0,1,47,0,1,1,1
"8_081. The Beach Boys - I Get Around_noise_-12.5dB_sample2.wav",170,0,0,1,1,1,1,0,1,1,1,0,1,0,1,1,1,1,1,1,1,1,1,1,1,1,1,1,1,1,1,1,0,0,0,1,1,0,1,1,1,97,1,1,1,1,1,0,1,1,0,1,1,1,1,1,1,1,0,1,1,1,1,1,1,1,1,1,0,1,1,0,1,0,1,1,0,0,0,0,1,0,1,1,1,1,0,1,1,1,1,1,0,1,1,1,0,1,1,1,1
"50_006. Wiz Khalifa - See You Again ft. Charlie Puth [Official Video] Furious 7 Soundtrack_noise_-12.5dB_sample1.wav",171,1,1,0,1,1,0,1,1,0,1,1,1,1,1,1,1,1,1,1,0,0,1,0,1,1,1,1,1,1,1,1,1,1,1,0,1,1,0,1,1,1,1,1,1,1,0,1,1,1,1,1,1,0,50,1,1,1,1,1,0,1,1,1,1,1,1,1,1,1,1,0,0,0,2,1,0,0,1,1,0,0,1,1,0,1,1,0,1,1,1,1,1,1,0,1,1,1,1,1,0
"24_047. Girls Talk Boys (from the Ghostbusters Original Motion Picture Soundtrack)_noise_-12.5dB_sample2.wav",164,1,1,1,1,1,0,0,1,1,1,0,0,1,1,1,1,0,1,1,0,0,0,1,1,1,1,0,1,1,1,1,1,0,1,1,1,1,0,2,1,1,0,0,1,0,1,1,1,0,1,0,1,1,0,0,1,1,0,0,0,1,1,1,0,1,1,1,1,1,1,0,1,1,1,1,0,1,0,1,1,0,1,1,1,1,0,1,0,1,1,3,1,0,1,1,0,0,0,1,1
"85_011. Martin Garrix - Animals (Official Video)_noise_-12.5dB_sample1.wav",165,1,1,1,1,1,1,0,1,0,1,1,1,34,1,1,2,0,0,2,1,1,0,1,1,1,0,1,1,1,1,1,0,1,1,1,1,1,0,1,1,1,1,0,1,1,1,1,0,1,1,0,1,1,1,0,0,3,1,0,1,1,1,1,1,1,1,1,1,1,0,0,1,1,1,0,1,1,1,1,1,1,0,1,0,1,1,1,0,1,1,2,0,1,0,1,0,1,1,1,1
"44_Sacred Beast_noise_-12.5dB_sample2.wav",170,1,1,1,1,1,0,1,1,1,1,1,0,0,1,1,1,0,1,1,0,0,0,1,1,1,1,1,1,1,1,1,0,1,1,1,1,1,1,1,1,0,1,1,1,2,1,1,1,1,1,1,1,1,1,0,1,1,1,1,2,0,1,0,1,1,1,1,1,1,0,0,0,1,1,1,1,240,1,2,1,0,0,1,1,1,0,1,1,1,1,1,1,1,1,0,0,1,1,1,2
"66_Cruel_Summer_noise_-12.5dB_sample2.wav",167,1,1,0,1,1,1,1,1,1,1,1,1,0,1,1,1,0,0,1,0,1,1,1,1,1,0,0,1,1,1,1,1,1,1,1,1,1,0,0,1,0,1,1,2,0,1,1,142,1,1,1,0,1,0,0,1,1,1,1,1,0,1,1,1,1,1,1,1,1,1,1,1,1,1,1,1,0,1,1,1,0,0,1,1,1,0,1,1,1,1,1,1,1,1,1,1,1,0,1,1
"68_055. Madness - Our House (Official 4K Video)_noise_-12.5dB_sample2.wav",169,1,1,1,1,1,1,1,0,1,0,0,1,1,0,1,1,1,0,1,1,1,1,1,1,0,1,1,1,0,0,1,1,1,1,1,0,1,0,0,0,0,0,1,1,1,1,1,0,0,1,1,0,0,1,1,0,1,1,0,1,1,1,1,1,1,1,1,1,0,1,0,1,1,1,1,1,1,0,1,1,0,102,1,1,1,0,0,0,1,1,1,1,1,1,2,1,0,0,1,0
"91_Greener_noise_-12.5dB_sample2.wav",166,1,1,1,1,1,1,1,1,1,1,1,1,1,1,1,0,1,1,1,1,1,0,1,1,1,1,1,1,1,0,0,1,1,1,1,1,1,0,1,1,0,1,0,1,1,1,1,0,1,0,1,1,1,1,1,1,0,1,1,1,1,1,1,95,1,1,1,1,1,1,1,1,1,1,1,1,1,1,0,1,0,1,1,0,1,0,1,1,1,1,1,1,1,1,1,1,1,1,1,1
"98_021. Alan Walker - Faded_noise_-12.5dB_sample1.wav",171,1,1,1,1,1,1,1,1,1,1,1,0,0,1,1,1,0,1,1,1,0,1,1,1,1,1,1,1,1,1,2,1,1,1,1,1,0,0,1,1,0,1,0,1,1,1,1,1,1,1,163,1,1,1,1,1,0,1,1,1,1,0,1,1,1,1,1,1,1,1,0,1,1,0,1,1,1,1,2,1,0,1,1,1,1,1,1,1,1,1,1,1,1,1,1,1,0,1,2,1
"79_095. Alan Walker - Alone_noise_-12.5dB_sample2.wav",164,1,1,1,1,1,0,1,1,0,1,1,1,1,0,1,0,1,1,1,1,1,0,2,1,1,1,1,1,1,0,1,1,1,0,1,1,0,0,1,1,1,1,1,0,1,1,1,0,1,1,1,1,1,1,1,1,1,118,1,0,0,1,0,1,1,1,1,0,1,1,1,0,1,0,1,1,1,1,1,1,0,0,1,1,1,0,0,0,1,1,1,1,0,1,0,1,1,0,0,1
"61_045. The Black Eyed Peas - I Gotta Feeling (Official Music Video)_noise_-12.5dB_sample2.wav",166,1,1,1,1,1,1,1,1,1,1,1,1,1,1,0,1,1,1,1,1,1,1,1,1,1,1,1,1,1,1,0,1,1,1,1,1,1,0,1,1,1,0,1,1,1,1,1,1,1,1,1,1,1,1,1,1,1,1,1,1,0,1,1,0,1,1,1,1,1,1,0,1,1,1,1,1,1,1,1,1,0,1,0,0,147,1,1,1,1,1,1,1,1,1,1,1,1,1,1,1
"96_089. American Boy by Estelle and Kanye West_noise_-12.5dB_sample1.wav",171,1,1,0,1,1,0,1,1,0,0,1,1,1,1,0,1,1,1,1,0,1,0,1,1,1,1,1,1,1,1,1,0,1,1,1,0,0,0,1,1,1,1,0,1,1,0,1,1,1,1,1,1,1,2,0,1,1,0,1,1,1,1,1,0,1,1,0,1,1,0,0,1,0,1,0,1,0,1,1,1,0,1,0,0,1,0,1,0,1,1,1,0,1,1,1,1,0,38,1,1
"13_030. Maroon 5 - Animals_noise_-12.5dB_sample1.wav",167,1,1,0,1,1,1,0,1,0,1,1,1,1,1,1,0,0,1,1,1,1,0,0,1,1,1,1,1,1,0,1,1,1,0,1,1,1,1,1,101,1,1,0,1,1,1,1,0,0,0,1,1,1,1,1,1,0,1,0,1,1,1,1,0,1,1,1,1,1,1,1,1,0,1,1,1,1,0,1,0,1,1,1,1,1,1,1,1,0,1,1,1,1,2,1,1,1,0,1,0
"57_Numb_noise_-12.5dB_sample1.wav",166,1,1,1,1,1,0,1,1,1,1,1,1,1,1,1,1,1,1,1,1,1,0,1,1,1,1,1,1,1,0,1,1,1,1,1,0,1,1,1,1,0,0,0,1,1,1,1,1,1,1,1,1,1,1,1,1,1,0,1,1,1,0,1,1,1,1,1,1,1,1,1,0,1,1,1,0,1,1,0,1,1,1,1,1,1,189,1,1,1,1,0,1,1,1,1,0,1,1,1,1
"19_054. Owl City - When Can I See You Again (From Wreck it Ralph)_noise_-12.5dB_sample2.wav",166,1,1,1,1,1,1,1,0,0,1,1,1,1,1,1,1,1,1,0,1,0,1,1,1,1,2,1,1,0,1,1,1,1,1,0,1,1,0,1,1,1,0,1,1,1,0,1,0,1,1,1,1,2,1,0,1,1,1,1,1,0,1,1,1,1,0,1,1,1,49,0,1,1,1,1,1,1,1,1,1,0,1,1,1,1,1,1,1,1,1,0,1,1,1,0,0,1,0,1,1
"15_060. My OCD (Song)_noise_-12.5dB_sample1.wav",170,1,1,1,1,1,0,1,0,1,1,1,114,0,1,0,1,1,1,1,1,1,0,1,1,1,1,0,1,1,1,1,1,1,1,1,2,1,0,1,1,0,1,1,1,1,0,1,1,1,1,1,1,1,1,0,1,1,1,1,1,1,1,1,1,1,1,1,0,1,1,0,1,1,1,1,0,1,1,1,1,0,2,1,1,0,0,1,1,1,1,1,1,1,1,0,0,1,1,1,1
"86_019. Naughty Boy - La la la ft. Sam Smith (Official Video)_noise_-12.5dB_sample1.wav",165,1,2,1,2,1,1,1,1,1,1,0,1,1,1,1,1,1,2,1,1,0,0,1,1,1,1,1,1,1,1,1,1,1,1,1,0,1,0,2,0,1,1,1,1,0,0,0,1,1,1,1,1,1,0,1,1,1,1,1,1,1,1,1,1,1,1,1,1,1,1,1,1,1,0,1,1,0,1,1,1,1,2,1,1,1,0,71,1,1,0,0,1,1,1,1,1,1,1,1,1
"96_089. American Boy by Estelle and Kanye West_noise_-12.5dB_sample2.wav",171,1,1,0,0,2,1,1,1,0,1,0,1,1,1,1,1,1,1,1,1,1,0,1,1,1,1,1,1,0,1,1,1,1,1,1,0,1,0,0,1,1,1,0,0,1,1,1,1,1,1,1,1,1,1,0,1,1,0,1,1,1,1,1,0,1,1,1,1,1,1,0,0,0,0,0,0,1,1,1,1,1,1,1,0,1,1,1,1,1,1,1,1,1,1,1,0,1,139,1,1
"26_017. David Guetta - Titanium ft. Sia (Official Video)_noise_-12.5dB_sample2.wav",169,1,1,1,1,1,1,1,1,1,1,1,0,1,1,1,1,1,0,1,2,0,1,1,1,1,1,1,1,1,1,1,1,1,1,1,0,0,0,0,1,1,1,1,1,1,1,1,1,1,1,1,0,0,1,1,0,1,1,84,2,1,1,0,1,1,1,1,0,1,1,0,1,1,0,1,1,1,0,1,1,0,1,1,1,0,0,0,1,1,1,1,0,2,1,1,1,1,0,1,1
"43_098. Nightcore~ The Wolf_noise_-12.5dB_sample1.wav",174,1,1,1,1,1,0,1,1,1,1,1,1,0,2,1,1,1,1,0,1,0,0,1,1,1,1,1,1,1,1,1,1,1,1,1,0,1,0,1,0,1,1,1,1,1,1,1,1,1,1,0,1,1,1,1,1,1,1,1,2,0,1,1,1,1,1,1,1,1,1,0,0,0,1,0,1,1,1,1,1,0,0,1,0,1,1,0,1,1,1,1,1,1,1,65,1,0,1,1,1
"71_083. My Singing Monsters - Plant Island Theme_noise_-12.5dB_sample1.wav",175,1,1,1,1,1,1,1,1,1,0,1,1,0,1,1,1,0,0,1,1,1,102,1,1,1,0,1,1,1,1,1,1,1,1,1,1,1,1,1,1,1,1,1,1,1,1,0,1,1,1,1,1,1,1,1,1,1,1,1,1,1,1,1,1,1,1,1,1,1,1,0,1,1,1,1,1,0,0,1,1,1,1,1,1,1,1,1,0,0,1,0,1,1,1,0,1,1,0,0,1
"64_097. Nightcore - Running With the Wolves [Lyrics]_noise_-12.5dB_sample2.wav",164,0,0,1,0,1,1,1,1,0,1,1,1,1,1,0,0,0,0,1,1,0,0,1,1,1,1,1,0,1,1,0,1,1,1,1,0,0,0,1,1,1,0,1,1,1,1,1,0,1,1,0,1,1,1,1,0,0,0,1,1,1,1,1,0,1,1,1,0,1,1,0,1,0,1,1,40,1,1,0,0,1,1,1,0,1,0,1,1,1,1,0,1,1,1,1,1,1,0,1,1
"26_017. David Guetta - Titanium ft. Sia (Official Video)_noise_-12.5dB_sample1.wav",169,2,1,1,1,0,1,1,1,1,1,1,1,1,1,1,1,1,0,1,1,1,0,1,1,1,1,0,1,1,1,1,1,1,0,1,0,1,0,1,1,0,1,1,1,3,1,1,1,1,1,1,1,1,1,1,1,1,1,219,1,1,1,1,1,1,1,1,1,1,1,0,1,1,0,0,1,0,0,1,1,0,1,1,1,1,1,1,1,0,1,1,0,1,1,1,1,1,1,0,1
"76_073. Lindsey Stirling - Crystallize (Dubstep Violin Original Song)_noise_-12.5dB_sample1.wav",167,1,1,1,1,1,1,0,1,0,1,1,2,0,1,1,1,1,1,0,1,0,0,2,1,1,1,1,1,1,0,1,3,1,1,1,1,1,0,1,1,0,1,1,1,1,1,1,1,1,1,0,1,1,1,1,0,1,1,1,0,1,1,1,1,85,1,1,1,1,1,1,0,1,0,1,1,1,1,1,1,1,1,1,1,1,0,1,1,0,1,1,1,1,1,1,0,1,1,1,0
"34_The Trap_noise_-12.5dB_sample1.wav",171,1,1,1,1,1,1,1,1,1,1,0,1,1,0,0,1,0,1,1,0,1,1,0,1,1,0,1,1,1,0,1,1,0,1,0,1,1,0,1,1,1,1,1,1,1,24,1,1,1,1,1,0,1,1,1,1,1,0,1,1,1,1,1,0,1,1,0,1,1,1,0,1,1,0,1,1,1,1,0,1,1,1,1,1,1,0,0,1,1,2,0,1,1,1,1,0,1,1,0,1
"20_Never Meant to Know_noise_-12.5dB_sample2.wav",170,1,1,1,1,1,1,0,1,1,1,1,1,2,1,1,1,1,1,1,0,1,1,1,1,1,1,1,2,1,1,1,1,0,1,1,1,1,0,1,1,1,1,1,1,1,1,1,0,1,1,1,1,117,1,1,1,0,1,0,1,1,1,1,1,1,1,1,1,1,1,0,0,1,1,0,2,0,3,1,1,0,1,0,1,1,1,0,0,1,1,1,1,1,1,1,0,1,1,1,1
"83_004. Katy Perry - Roar_noise_-12.5dB_sample2.wav",172,1,1,1,2,1,1,0,1,0,1,1,1,1,0,1,1,1,1,1,1,1,1,1,1,0,1,1,1,1,1,1,1,1,1,1,1,1,0,0,1,1,1,1,1,1,1,1,1,1,1,1,1,1,1,1,2,1,1,0,0,0,1,1,0,1,0,1,1,1,1,1,0,1,1,1,1,1,1,1,1,1,0,1,1,1,1,1,1,1,1,1,1,1,1,1,1,1,0,1,1
"47_020. Warriors (ft. Imagine Dragons)  Worlds 2014 - League of Legends_noise_-12.5dB_sample1.wav",170,1,1,1,0,1,1,1,1,1,1,1,1,1,0,1,1,1,1,1,1,0,1,1,0,1,1,1,0,1,1,0,0,1,1,0,1,1,1,1,1,1,1,0,1,1,1,1,1,1,0,1,0,1,1,1,1,1,1,1,1,1,1,0,1,2,1,1,1,50,1,1,1,1,1,1,1,1,1,1,1,0,1,1,1,1,1,0,0,1,1,1,0,1,0,1,1,1,1,1,1
"34_The Trap_noise_-12.5dB_sample2.wav",170,1,1,0,1,1,1,1,0,1,1,1,1,1,1,1,1,1,1,0,1,1,0,1,1,1,1,1,1,0,1,0,0,1,1,1,1,1,0,1,1,1,1,1,0,1,88,1,1,1,1,0,1,1,2,1,1,1,1,1,1,1,1,0,0,1,1,1,1,1,1,1,1,1,1,0,1,1,1,1,1,0,1,1,1,1,1,1,1,0,1,0,0,1,1,1,1,1,1,1,1
"21_085. Janji ft. Johnning - Heroes Tonight 1 HOUR_noise_-12.5dB_sample1.wav",172,1,1,1,2,1,1,0,1,0,1,0,1,1,1,0,0,1,0,2,1,0,0,1,1,1,1,1,1,1,0,1,1,1,1,1,0,0,0,1,1,0,1,1,1,2,1,1,0,0,1,1,1,0,0,1,1,1,1,1,1,1,1,1,1,1,1,1,1,1,1,1,1,0,1,1,0,0,0,1,1,0,1,1,1,1,0,2,0,1,1,1,1,1,1,1,0,0,1,0,1
"29_010. Katy Perry - Part Of Me (Official)_noise_-12.5dB_sample2.wav",163,1,1,1,68,1,1,1,0,1,1,1,1,1,1,1,1,1,1,1,1,1,0,1,1,1,1,1,0,1,1,1,1,1,1,1,1,1,1,1,1,1,1,1,1,1,0,1,1,1,1,2,1,1,1,1,1,1,0,1,1,1,1,1,1,1,1,1,1,1,0,0,1,1,2,0,0,1,1,1,1,1,1,1,2,1,0,1,1,0,1,0,1,1,1,1,0,1,1,1,0
"101_070. Eminence - Knock Me Out (feat. Anna Cyzon) [Monstercat Official Music Video]_noise_-12.5dB_sample2.wav",164,1,1,1,1,1,1,1,1,1,1,1,1,1,1,0,1,1,1,1,1,0,0,1,1,1,1,1,1,1,1,1,74,1,1,1,1,1,0,1,1,1,0,0,1,1,1,1,1,1,1,1,1,0,1,1,1,1,1,1,1,1,1,1,0,1,1,1,1,1,0,1,1,0,1,1,1,0,1,1,1,1,0,1,1,1,1,1,1,1,1,1,1,1,1,1,1,1,1,0,1
"83_004. Katy Perry - Roar_noise_-12.5dB_sample1.wav",167,1,1,0,1,1,1,1,1,1,1,1,0,1,1,0,0,0,0,1,1,0,0,1,1,1,1,1,1,0,1,1,1,1,1,0,0,1,0,1,1,0,0,1,1,0,0,1,0,1,1,1,1,0,1,1,36,1,1,1,1,1,1,0,1,1,0,1,0,1,0,0,1,1,1,1,1,1,1,1,1,0,1,1,1,1,0,1,0,1,1,1,1,1,1,1,1,2,1,2,1
"2_023. Rachel Platten - Fight Song (Official Video)_noise_-12.5dB_sample2.wav",187,0,1,0,0,1,1,0,1,1,0,1,1,0,1,24,1,0,0,1,1,1,1,1,1,0,1,0,0,1,1,1,0,1,1,1,1,1,0,1,1,0,1,1,1,0,1,1,1,1,0,1,1,1,1,0,0,1,1,1,1,1,1,1,1,1,1,1,0,0,1,1,0,1,1,1,0,1,1,1,1,0,1,1,0,0,1,1,0,0,1,1,0,1,0,1,1,1,1,1,0
"1_028. Capital Cities - Safe And Sound_noise_-12.5dB_sample2.wav",169,1,1,1,1,1,1,1,1,0,1,0,1,1,1,1,1,0,1,1,1,1,0,1,1,0,1,1,1,1,1,1,1,1,1,1,25,0,0,1,1,0,1,1,1,1,1,1,0,1,1,0,1,1,1,1,1,1,1,1,0,1,1,1,1,1,1,1,1,1,1,0,1,1,1,1,1,1,1,1,1,0,1,1,0,1,1,1,1,1,1,0,0,1,1,0,1,1,1,1,1
"77_065. Nightcore - Ghostbusters_noise_-12.5dB_sample1.wav",181,0,1,0,1,1,1,1,2,0,1,1,0,1,1,0,1,1,1,1,1,89,1,1,1,1,1,1,1,0,1,1,1,0,0,2,1,1,0,1,1,1,1,1,1,1,1,0,0,1,1,1,1,0,1,1,1,1,1,1,1,1,1,1,1,2,1,1,1,1,1,0,1,1,1,1,1,1,1,1,0,1,0,1,1,1,0,1,0,1,1,1,1,1,1,1,0,1,1,1,1
"53_102. What_noise_-12.5dB_sample2.wav",178,1,0,1,1,1,1,1,1,0,1,1,1,0,1,1,1,1,1,1,1,1,1,1,1,1,1,0,1,1,1,1,1,1,1,2,0,2,0,1,1,1,1,1,1,1,0,1,1,1,1,0,1,1,1,0,0,1,0,1,1,28,0,1,1,1,1,1,1,1,1,1,1,1,0,1,1,1,0,1,1,0,0,1,0,1,1,1,1,1,1,1,1,0,1,0,1,1,1,1,1
"70_You and Me_noise_-12.5dB_sample1.wav",177,1,1,1,1,1,1,1,1,1,1,1,0,1,1,1,1,1,1,1,0,0,1,1,1,1,1,1,1,1,1,1,1,1,1,1,1,1,1,1,1,0,0,1,1,1,1,1,1,1,1,1,0,1,1,1,0,1,1,1,1,1,1,1,1,1,1,1,0,2,1,1,0,1,139,1,1,0,1,1,1,0,1,1,1,1,1,1,0,1,1,1,1,1,1,1,0,1,1,1,1
"35_036. Fall Out Boy - Centuries (Official Video)_noise_-12.5dB_sample2.wav",171,1,1,0,2,1,1,0,1,0,0,1,1,1,0,1,1,0,1,1,1,1,0,0,1,1,1,1,1,0,1,1,0,1,1,51,1,0,0,0,1,1,0,1,1,1,0,1,1,1,1,1,1,1,1,0,1,1,1,1,0,1,1,1,1,1,1,1,1,0,0,0,1,1,1,0,0,1,1,1,1,0,1,1,0,0,1,1,0,1,1,1,1,1,1,1,1,1,1,1,1
"18_044. tony igy-stop in my mind_noise_-12.5dB_sample2.wav",171,0,1,1,1,1,1,1,0,1,1,1,0,1,1,1,0,1,0,1,1,1,0,1,1,1,1,1,1,1,1,82,1,1,1,1,1,1,0,0,1,0,1,0,1,1,0,0,1,1,0,1,1,1,1,0,1,0,1,1,1,1,1,1,1,1,1,1,1,1,1,1,0,0,1,0,0,1,1,1,1,1,1,1,1,1,1,1,0,1,1,1,1,1,1,0,1,1,0,1,1
"67_090. Josh Groban - You Raise Me Up (Official Music Video) [HD Remaster]_noise_-12.5dB_sample2.wav",171,29,1,1,1,1,0,0,1,0,1,1,1,1,1,1,1,1,0,1,0,0,0,1,1,1,1,1,1,1,1,1,1,0,1,0,1,1,0,1,1,0,1,1,0,1,1,1,0,1,1,2,1,1,1,0,1,1,1,1,0,1,1,1,0,1,0,0,1,1,1,1,1,1,1,1,0,1,1,0,1,0,0,1,1,1,0,0,1,1,1,1,0,1,1,1,1,1,1,1,1
"46_032. Katy Perry - Wide Awake (Official Video)_noise_-12.5dB_sample1.wav",168,1,1,0,1,42,1,1,1,0,1,1,1,1,1,1,1,0,0,1,0,0,1,1,1,1,1,1,1,1,0,1,1,1,1,1,0,1,0,1,1,0,1,1,1,1,0,1,1,1,1,0,1,1,1,1,1,1,0,1,1,1,1,0,1,1,1,1,0,0,1,1,0,1,1,1,0,0,0,0,0,0,1,1,1,1,0,1,1,1,1,0,1,1,0,1,0,1,0,1,1
"84_001. Anna Kendrick - Cups_noise_-12.5dB_sample2.wav",163,1,1,1,1,1,0,1,34,1,1,0,1,1,1,1,1,1,1,1,0,1,1,1,1,1,0,1,0,1,1,1,0,1,1,0,1,1,0,1,1,0,0,0,1,1,0,0,1,1,1,0,1,1,0,0,0,1,1,1,1,0,1,0,1,1,1,1,1,0,1,0,1,1,1,1,0,0,1,1,1,0,1,1,1,0,1,0,1,1,1,1,1,1,1,1,1,1,1,1,2
"46_032. Katy Perry - Wide Awake (Official Video)_noise_-12.5dB_sample2.wav",168,1,1,1,1,91,1,1,1,0,1,2,1,1,0,1,1,1,1,1,1,1,0,1,1,1,1,1,1,1,1,1,1,1,1,1,1,1,1,1,0,1,1,0,1,1,1,1,1,1,0,1,1,0,1,1,1,1,0,1,1,1,1,1,1,1,1,2,1,0,1,0,1,1,1,1,1,1,1,1,1,1,1,1,1,1,1,1,1,1,1,1,1,1,1,1,1,1,1,1,2
"8_081. The Beach Boys - I Get Around_noise_-12.5dB_sample1.wav",182,1,0,1,1,1,0,0,1,1,1,1,1,1,1,0,1,1,0,1,1,0,0,1,1,0,1,1,1,1,1,1,1,1,1,1,1,1,0,0,1,120,1,1,1,1,1,1,0,1,1,1,0,1,1,1,1,1,1,1,1,1,1,1,1,1,0,0,1,1,1,0,1,1,0,1,0,1,0,1,1,0,1,1,0,1,0,1,0,1,1,1,1,1,1,1,1,1,0,1,1
"82_A Lady_noise_-12.5dB_sample2.wav",171,1,1,1,1,0,1,0,1,1,0,1,1,1,1,1,1,1,1,1,1,0,1,1,1,0,1,1,1,1,2,1,1,1,1,1,1,1,27,1,1,0,1,1,1,1,1,1,1,1,1,1,1,1,1,1,1,0,1,1,1,1,1,1,1,1,1,1,0,1,0,1,0,1,0,0,1,0,1,1,0,1,1,0,1,1,1,1,1,1,1,0,0,1,2,1,0,1,1,0,0
"39_051. Galantis - No Money (Official Video)_noise_-12.5dB_sample1.wav",173,1,0,1,0,1,1,1,1,0,1,0,1,0,0,1,1,1,1,1,1,0,0,1,1,1,1,1,1,1,1,3,1,1,1,1,1,1,0,1,1,1,1,1,1,1,1,1,0,0,1,1,1,1,0,1,1,1,0,0,1,1,1,125,1,1,1,1,1,1,1,1,0,1,1,1,1,1,1,1,1,0,1,1,0,1,1,2,1,1,1,1,1,1,1,1,0,1,1,1,1
"60_057. Get Off The Phone Song_noise_-12.5dB_sample1.wav",167,1,1,1,2,1,0,1,0,0,0,1,1,0,0,0,0,1,0,1,1,1,1,1,1,1,1,0,1,1,1,1,1,0,0,1,1,0,0,1,1,0,1,12,1,1,1,1,1,1,1,1,0,1,0,1,0,1,0,1,1,1,1,1,1,1,1,1,0,1,1,0,1,1,0,1,1,1,1,1,0,1,1,1,1,1,1,0,0,1,0,0,1,1,1,1,1,1,1,0,0
"23_048. Pharrell Williams - Happy (Official Music Video)_noise_-12.5dB_sample1.wav",176,1,1,1,1,1,1,1,1,1,1,1,0,1,0,1,0,1,1,1,1,1,1,1,1,1,1,1,1,0,1,0,1,1,1,1,1,2,0,1,1,0,1,1,1,1,1,1,1,1,1,0,1,0,1,1,1,1,1,1,1,1,1,1,1,1,1,3,0,1,1,1,1,1,1,1,1,1,1,1,1,0,1,1,1,1,1,1,1,1,86,0,1,1,1,1,1,1,1,1,1
"54_016. Taylor Swift - Blank Space_noise_-12.5dB_sample1.wav",171,1,1,1,1,1,1,0,1,1,0,0,1,0,1,1,1,1,1,1,1,1,0,1,1,1,1,1,1,1,0,0,1,1,1,1,1,1,0,1,1,1,0,1,1,0,1,1,1,1,1,0,1,0,0,1,0,58,1,1,0,1,1,1,1,1,1,1,1,1,1,0,1,0,1,1,0,0,2,1,1,0,0,1,0,0,1,1,1,1,1,1,0,0,1,0,1,1,0,0,1
"53_102. What_noise_-12.5dB_sample1.wav",166,1,1,1,1,1,0,1,1,0,1,1,1,1,1,1,1,1,0,1,1,1,1,1,1,0,1,1,1,1,1,1,1,1,1,1,1,0,0,1,1,1,1,0,1,1,1,1,0,1,1,1,1,1,1,1,1,1,2,1,1,7,1,1,1,1,1,1,1,1,1,0,1,1,1,1,0,0,1,0,0,0,1,0,1,1,1,1,1,1,1,1,0,1,1,1,1,1,1,1,1
"28_074. American Authors - Best Day Of My Life_noise_-12.5dB_sample2.wav",164,0,1,1,1,0,0,1,1,1,1,1,1,1,1,1,0,97,1,1,1,1,1,1,0,1,1,1,0,1,1,1,1,1,1,1,1,0,1,1,1,0,0,1,1,1,1,1,1,1,0,0,1,0,1,1,0,1,1,1,1,0,1,1,1,1,1,1,0,1,2,0,1,1,1,1,1,0,1,1,1,1,1,1,1,1,1,1,0,0,1,1,1,1,1,1,0,1,0,1,1
"32_086. Olly Murs - Grow Up (Official Video)_noise_-12.5dB_sample1.wav",167,1,1,1,1,1,0,0,2,1,1,0,1,1,1,1,0,1,1,1,1,1,0,1,1,2,0,1,1,1,1,1,1,1,1,1,1,1,1,1,1,0,1,0,1,1,1,1,1,1,1,0,1,1,1,1,1,0,0,1,1,0,1,2,1,1,1,1,1,1,1,2,0,1,1,1,0,1,1,270,0,0,1,1,1,1,1,1,1,2,0,1,0,0,1,1,1,1,1,1,1
"89_091. Faster Car - Anders Lystell feat. Kaliber [EPIDEMIC SOUND] (Lyrics)_noise_-12.5dB_sample1.wav",165,1,1,1,1,1,1,1,1,1,1,1,1,0,1,0,1,1,1,1,1,1,0,1,1,1,0,1,1,1,1,1,1,1,0,1,1,1,1,0,1,1,1,1,1,1,1,1,1,1,1,0,42,1,1,2,0,2,1,0,1,1,1,1,1,2,1,1,1,1,0,0,0,1,1,1,0,1,1,0,1,0,1,0,1,1,1,1,1,1,1,1,1,1,1,1,1,1,0,1,1
"28_074. American Authors - Best Day Of My Life_noise_-12.5dB_sample1.wav",172,0,1,1,1,0,1,1,0,0,1,1,1,1,0,0,0,37,1,1,0,1,0,1,1,1,0,0,1,1,1,1,0,1,1,1,1,1,0,1,1,1,0,1,1,1,1,1,1,1,1,0,0,1,0,0,1,1,0,0,0,1,1,1,1,1,1,1,1,1,1,1,1,1,1,1,1,0,1,1,0,1,1,1,1,1,1,0,1,1,1,1,1,1,1,0,1,1,1,1,1
"74_029. David Guetta - Hey Mama (Official Video) ft Nicki Minaj, Bebe Rexha & Afrojack_noise_-12.5dB_sample1.wav",165,2,1,1,0,1,0,0,0,1,1,0,1,1,1,1,1,1,0,1,1,1,1,1,1,1,0,1,1,1,0,1,1,1,1,1,1,1,0,1,1,0,1,1,1,1,0,1,1,1,0,1,0,1,1,1,1,1,0,1,1,0,1,1,1,1,1,1,1,1,1,1,1,1,1,1,0,0,1,0,1,0,1,1,1,1,1,1,0,1,1,1,95,1,1,0,0,1,0,1,1
"14_099. Sheppard Geronimo - [International Version] (Official music Video)_noise_-12.5dB_sample2.wav",167,0,0,0,1,1,1,1,1,1,1,1,1,0,0,1,1,1,1,1,1,1,1,1,1,1,40,0,1,1,1,0,1,1,1,0,1,1,1,1,0,1,1,1,0,1,1,1,1,1,0,1,1,0,0,1,1,1,1,1,1,1,0,1,1,1,1,1,1,0,0,0,0,1,1,1,1,1,1,1,1,1,0,1,1,1,1,1,1,1,1,0,1,1,0,1,0,1,1,1,0
"71_083. My Singing Monsters - Plant Island Theme_noise_-12.5dB_sample2.wav",173,0,1,1,1,1,0,1,1,1,1,1,1,0,1,1,1,0,0,3,1,1,60,1,1,1,1,1,1,1,1,1,1,1,1,1,1,1,0,1,0,0,1,0,1,1,1,1,1,1,1,1,1,1,1,1,1,0,1,1,1,1,1,0,1,1,0,1,1,1,1,0,0,1,1,1,1,0,1,1,1,0,1,1,1,1,1,1,1,3,1,1,1,1,1,1,0,1,0,1,1
"38_082. Smoke and Mirrors_noise_-12.5dB_sample2.wav",172,1,1,0,1,0,1,1,1,0,1,0,1,1,1,1,0,0,1,1,0,1,0,1,0,1,0,1,1,1,1,1,1,0,1,1,0,1,0,0,1,1,1,0,1,1,0,1,1,22,0,1,1,0,1,0,1,1,1,0,1,1,1,1,1,1,0,1,1,1,1,1,0,1,0,1,1,1,0,1,1,1,1,1,1,1,0,1,1,1,1,1,1,1,1,1,1,0,1,0,1
"99_080. Melanie Martinez - Carousel (Official Music Video)_noise_-12.5dB_sample2.wav",166,1,1,1,1,2,1,1,0,1,1,1,4,1,1,1,1,1,1,1,1,1,1,0,1,1,1,1,1,1,1,1,1,1,1,1,2,1,0,1,1,1,1,1,1,1,1,1,1,1,1,1,1,1,1,1,1,1,1,1,1,0,2,1,1,1,1,289,1,1,1,0,1,0,0,1,1,1,1,1,1,1,2,1,1,1,1,1,1,0,1,1,2,1,1,1,1,1,1,1,1
"25_035. Alan Walker - Sing Me To Sleep_noise_-12.5dB_sample2.wav",167,1,1,1,1,1,0,1,1,1,1,1,1,1,1,1,1,1,1,1,2,0,0,1,1,1,0,1,1,1,1,1,1,1,1,1,1,1,0,1,1,1,1,0,1,1,2,1,1,1,1,1,1,1,1,1,1,1,1,1,1,1,1,1,1,1,1,1,1,1,1,1,2,1,1,2,1,1,1,1,1,1,1,1,1,1,1,1,1,1,1,1,1,1,1,1,1,319,1,1,1
"73_Turn the Lights Off_noise_-12.5dB_sample2.wav",170,1,1,1,1,1,1,1,1,1,1,1,1,1,1,1,1,0,1,1,1,1,1,1,1,0,1,1,0,113,1,0,1,1,1,0,1,1,0,1,0,1,1,1,1,1,0,1,1,0,1,0,1,1,0,1,1,0,1,1,1,0,3,1,1,2,1,1,1,1,1,1,0,1,1,1,1,1,0,1,1,0,1,1,1,1,1,0,1,0,1,1,1,1,1,1,0,1,1,1,1
"94_Banana Man_noise_-12.5dB_sample1.wav",167,1,1,1,1,1,1,1,1,1,1,1,1,1,1,1,0,1,1,1,1,1,1,1,1,206,0,1,1,1,1,1,1,1,1,1,0,1,0,1,1,1,1,1,1,1,1,1,1,1,1,1,1,1,1,1,1,1,0,1,1,1,1,1,1,1,1,1,1,1,0,0,0,1,1,0,0,1,1,1,1,0,1,1,1,1,1,1,0,1,1,1,1,1,1,1,1,1,1,1,1
"52_007. Katy Perry - Dark Horse ft. Juicy J_noise_-12.5dB_sample2.wav",166,1,1,0,1,0,0,0,0,1,1,0,1,1,1,1,0,0,1,1,1,1,0,1,0,1,1,1,0,1,1,1,1,1,1,1,1,1,0,1,1,0,1,1,1,1,0,0,0,1,1,1,1,1,1,1,1,1,1,0,1,1,1,1,1,1,0,1,1,0,0,0,0,1,1,1,0,1,1,1,1,0,1,1,0,1,0,1,0,1,1,1,1,1,1,1,0,1,1,13,1
"85_011. Martin Garrix - Animals (Official Video)_noise_-12.5dB_sample2.wav",164,1,1,1,1,1,1,1,1,1,1,1,1,34,1,0,1,0,1,1,1,0,0,1,1,1,1,1,1,0,1,1,1,1,1,1,1,1,0,1,1,1,1,0,1,1,1,1,1,1,1,1,1,1,1,0,1,1,1,1,1,0,1,0,1,1,1,1,1,1,1,0,0,1,0,1,0,1,0,1,1,0,1,1,0,0,1,1,1,1,1,0,1,1,1,1,0,2,1,1,0
"31_058. Rub Some Bacon on It_noise_-12.5dB_sample1.wav",156,1,1,1,1,1,0,0,0,1,1,1,1,1,1,1,1,1,1,1,1,0,1,0,0,1,1,1,1,0,0,1,1,3,1,0,1,1,1,0,1,1,1,1,1,0,1,1,1,1,1,0,1,1,0,1,1,1,1,0,1,1,1,1,0,2,1,1,0,1,0,0,1,1,1,0,0,1,1,1,1,0,1,1,1,1,1,1,1,1,1,1,0,1,1,1,0,1,1,0,1
"42_046. Meghan Trainor - NO_noise_-12.5dB_sample1.wav",162,1,0,1,1,0,0,1,1,1,1,1,1,1,0,1,1,1,0,1,0,1,1,0,1,1,0,1,159,1,0,1,1,1,1,1,1,0,0,0,1,0,0,1,1,1,1,1,1,1,1,1,1,1,1,0,1,1,0,1,0,0,1,1,1,1,0,1,0,1,1,1,1,1,1,0,1,1,0,1,1,0,1,1,0,1,1,1,0,1,1,1,0,1,1,1,0,0,1,1,1
"41_The Bidding_noise_-12.5dB_sample1.wav",161,1,1,1,0,1,0,1,1,1,0,0,1,1,1,0,1,1,1,1,1,1,1,1,1,1,1,0,1,1,1,1,0,1,1,0,1,1,0,1,1,1,1,1,0,1,0,1,1,1,1,0,1,1,1,1,1,0,1,1,0,1,1,1,1,1,1,0,1,1,1,0,1,1,1,1,1,1,1,1,1,0,1,1,1,1,1,1,0,1,1,1,1,1,1,1,14,1,1,1,0
"102_018. Shawn Mendes - Stitches (Official Music Video)_noise_-12.5dB_sample1.wav",176,1,1,1,1,1,1,1,1,1,1,31,1,1,1,1,1,1,1,1,0,1,0,1,1,1,1,1,1,1,1,1,0,0,0,1,1,1,0,1,1,0,1,1,1,1,1,1,0,1,1,1,2,0,1,1,1,1,1,1,1,0,1,1,1,1,1,1,1,1,1,0,1,0,1,1,1,0,0,1,0,0,1,1,1,0,1,1,1,1,1,1,0,1,1,1,1,1,1,1,1
"66_Cruel_Summer_noise_-12.5dB_sample1.wav",168,1,1,1,1,1,0,0,0,1,1,0,1,1,1,1,1,1,1,1,0,1,1,1,1,1,1,1,0,0,1,1,0,0,1,1,1,1,0,1,1,1,1,1,1,1,0,1,83,1,1,0,1,1,1,1,1,1,1,0,0,0,1,0,1,1,0,1,1,1,1,0,1,0,1,1,1,1,0,1,1,1,0,0,1,1,1,1,1,1,1,1,0,1,1,1,0,0,0,1,1
"30_Cannibal_noise_-12.5dB_sample2.wav",161,1,1,1,1,1,1,1,1,1,1,1,1,0,1,0,1,1,1,2,1,1,1,1,1,0,1,1,1,1,1,1,1,1,1,1,1,1,1,1,1,0,1,1,0,1,1,1,1,1,1,1,1,1,1,1,1,1,1,0,1,1,1,1,1,2,1,1,1,1,1,1,1,1,1,1,1,1,1,1,1,1,1,85,1,1,1,1,1,1,1,1,1,1,0,1,1,0,1,2,1
"29_010. Katy Perry - Part Of Me (Official)_noise_-12.5dB_sample1.wav",163,1,1,0,26,1,1,0,1,1,2,1,1,0,1,1,1,1,1,1,1,1,0,1,1,1,1,1,1,1,1,1,1,0,1,1,1,1,0,1,1,0,0,0,1,1,1,1,1,1,1,1,1,1,1,1,1,1,1,1,0,1,1,1,1,1,0,1,1,1,1,1,1,1,0,1,1,0,1,1,0,0,1,1,0,1,1,1,1,1,1,1,1,1,1,1,1,0,1,1,1
"42_046. Meghan Trainor - NO_noise_-12.5dB_sample2.wav",174,1,1,1,1,1,1,0,1,1,1,1,1,0,1,1,1,1,0,1,1,1,0,0,1,1,1,1,23,1,1,1,1,1,0,1,0,1,0,1,1,1,1,1,1,1,1,1,0,1,1,1,1,1,1,1,0,1,3,1,1,1,1,1,1,1,1,1,0,1,1,0,1,1,1,1,0,1,0,1,1,1,1,1,1,1,1,0,1,2,1,1,1,1,1,1,0,1,1,1,0
"17_084. Thomas Rhett - Crash and Burn_noise_-12.5dB_sample1.wav",164,1,1,1,1,1,1,1,1,0,1,1,1,1,1,1,28,0,1,1,1,0,1,1,1,1,1,1,1,0,0,1,1,0,1,1,1,1,0,1,1,1,1,1,1,1,1,1,1,0,1,1,1,1,0,1,0,0,0,1,1,1,1,1,0,1,1,1,0,1,1,0,0,1,1,1,0,1,0,1,1,0,1,1,1,1,0,1,0,1,1,1,1,1,1,1,1,1,0,1,1
"101_070. Eminence - Knock Me Out (feat. Anna Cyzon) [Monstercat Official Music Video]_noise_-12.5dB_sample1.wav",167,0,0,1,1,1,1,1,1,1,1,0,1,1,0,1,1,1,1,2,1,1,0,1,1,1,1,1,1,1,1,1,37,1,1,1,1,1,0,1,1,0,1,1,1,1,0,1,1,1,2,1,1,1,1,1,1,1,1,1,1,1,1,1,1,1,1,1,1,1,0,0,0,1,1,1,1,1,1,1,1,1,1,1,1,1,0,1,1,1,1,0,1,0,1,1,1,1,1,1,2
"18_044. tony igy-stop in my mind_noise_-12.5dB_sample1.wav",175,1,1,0,1,1,0,0,1,0,1,1,1,1,1,0,0,1,1,1,1,0,1,1,1,1,0,1,1,0,1,4,1,0,1,1,1,1,0,1,0,0,0,1,1,1,0,1,1,1,1,1,1,1,1,1,0,1,1,0,1,1,1,1,1,1,1,1,1,1,1,0,1,1,1,1,0,1,0,1,1,1,0,0,1,1,1,1,1,1,1,1,1,1,0,0,1,1,1,1,1
"62_061. LEFT SCREEN ONLY Spot the Differences_noise_-12.5dB_sample2.wav",168,1,0,0,1,1,1,1,1,1,0,2,1,1,1,1,1,1,1,1,1,0,0,1,1,0,1,0,2,0,1,1,0,1,1,2,0,1,0,1,1,1,1,1,1,1,0,1,0,1,1,1,1,1,1,0,0,1,0,1,0,1,0,1,1,1,1,1,1,1,1,1,1,1,0,1,0,1,1,1,172,0,1,0,0,1,1,1,0,1,1,1,0,1,0,1,1,1,1,1,1
"36_072. Jessie J - Price Tag ft. B.o.B_noise_-12.5dB_sample1.wav",159,0,2,1,1,1,0,1,0,1,1,1,1,0,1,1,1,1,1,2,0,1,1,1,1,0,1,1,1,1,1,1,1,1,1,1,1,0,0,1,1,1,1,1,1,0,1,1,1,1,3,1,0,0,1,1,1,1,0,1,1,1,0,1,1,1,1,1,1,1,0,0,1,1,1,1,0,0,0,1,1,1,1,1,1,1,0,1,1,1,0,1,1,1,33,1,0,1,1,1,1
"64_097. Nightcore - Running With the Wolves [Lyrics]_noise_-12.5dB_sample1.wav",158,1,1,1,1,1,1,0,1,0,1,1,1,1,1,1,1,1,1,2,1,0,0,1,1,1,1,0,1,1,2,1,1,1,1,0,1,2,0,0,1,0,1,1,1,1,1,1,1,1,1,1,1,1,1,1,1,0,0,0,0,1,0,1,1,1,1,1,1,0,1,0,0,1,0,1,15,0,1,1,1,0,1,0,1,1,1,1,1,2,1,1,1,1,0,1,0,0,1,1,0
"27_022. Major Lazer & DJ Snake - Lean On (feat. MØ) [Official Music Video]_noise_-12.5dB_sample1.wav",160,0,0,1,1,1,0,1,1,99,1,1,1,1,0,0,1,0,1,1,1,1,1,1,1,1,1,0,0,1,0,1,0,1,1,1,1,1,0,0,1,1,1,1,1,1,0,1,1,1,1,0,1,1,0,1,1,0,1,1,0,1,1,1,1,1,1,1,1,0,1,1,1,0,1,0,0,1,1,1,1,1,1,1,1,1,1,1,1,1,1,1,0,1,1,1,0,0,1,1,0
"15_060. My OCD (Song)_noise_-12.5dB_sample2.wav",155,1,1,1,1,1,1,0,1,1,0,0,1,0,1,1,1,1,1,1,1,0,0,1,1,0,1,1,1,1,1,1,0,0,1,1,0,1,1,1,1,0,1,1,1,1,1,1,1,1,1,0,1,0,1,1,0,1,1,0,1,0,1,1,1,1,1,0,0,1,0,0,1,1,0,1,1,1,1,1,1,0,1,1,1,1,0,1,1,1,1,0,1,1,1,0,1,1,1,2,1
"104_024. twenty one pilots Stressed Out [OFFICIAL VIDEO]_noise_-12.5dB_sample1.wav",158,1,1,1,1,1,1,1,1,1,1,1,1,1,1,1,1,1,1,1,0,1,0,0,1,2,0,1,1,1,1,0,1,1,1,1,1,1,0,2,1,1,0,1,1,0,0,1,1,0,0,1,1,0,1,1,1,1,0,1,1,1,1,0,1,1,151,1,1,1,1,1,1,1,1,3,1,1,1,1,1,1,1,1,0,1,1,1,1,2,2,1,1,1,0,0,0,1,1,1,1
"37_063. Bastille - Pompeii (Official Music Video)_noise_-12.5dB_sample1.wav",154,1,1,1,2,1,1,1,1,0,1,0,0,1,0,1,1,1,1,1,1,1,0,66,1,1,1,1,1,1,1,1,0,1,1,1,1,0,0,1,1,0,1,0,1,0,1,1,1,0,1,1,1,0,1,1,1,1,0,1,1,1,1,1,1,1,1,2,0,0,1,0,1,1,1,0,0,1,1,1,0,1,1,0,1,1,1,1,1,1,1,1,1,0,1,1,1,1,1,1,1
"75_078. Kungs vs Cookin on 3 Burners - This Girl (Official Music Video)_noise_-12.5dB_sample1.wav",161,1,2,1,1,1,94,1,0,1,1,1,1,1,0,1,1,1,1,1,0,1,1,1,1,1,1,1,0,1,1,1,1,1,1,1,1,1,0,1,1,0,1,1,1,1,1,1,1,1,1,1,1,1,1,1,1,1,1,0,1,0,1,1,0,1,1,1,1,1,1,0,1,1,1,0,1,0,1,1,1,1,1,1,1,1,1,1,0,1,0,1,0,1,1,1,0,0,1,1,1
"63_087. Anaconda - Nicki Minaj  The Fitness Marshall  Dance Workout_noise_-12.5dB_sample1.wav",163,1,1,1,1,1,1,1,1,1,1,0,1,0,1,1,1,1,2,1,0,1,1,1,1,1,1,1,1,1,1,1,1,1,0,1,1,1,1,0,1,1,1,1,1,1,1,1,0,1,0,1,1,1,1,1,0,1,0,0,1,1,1,1,1,1,1,1,1,1,1,0,1,1,0,0,0,1,36,0,1,1,1,1,1,1,1,1,1,1,1,1,1,1,1,1,0,1,1,1,1
"27_022. Major Lazer & DJ Snake - Lean On (feat. MØ) [Official Music Video]_noise_-12.5dB_sample2.wav",163,1,1,0,1,1,1,1,1,53,1,1,1,0,0,1,0,1,0,1,1,1,1,1,1,1,1,0,1,1,1,0,0,1,1,0,1,1,1,1,1,0,1,1,2,0,0,1,1,1,1,0,1,0,1,1,0,1,0,1,1,1,1,1,1,1,1,2,1,1,1,0,1,1,1,1,0,0,0,1,0,0,1,1,1,0,1,0,1,1,1,1,1,1,1,1,0,0,1,1,0
"67_090. Josh Groban - You Raise Me Up (Official Music Video) [HD Remaster]_noise_-12.5dB_sample1.wav",174,2,0,1,1,1,1,1,1,1,0,1,1,0,1,1,1,0,0,1,1,1,1,0,1,1,1,1,0,0,1,1,0,0,0,0,0,1,1,1,1,0,1,1,1,1,1,1,1,1,1,1,3,1,1,2,1,1,1,0,1,1,1,0,0,1,1,1,1,1,1,0,0,0,1,1,0,0,1,1,1,0,1,0,1,1,1,0,0,1,1,1,1,1,0,1,1,1,1,1,1
"44_Sacred Beast_noise_-12.5dB_sample1.wav",167,0,1,1,1,1,1,1,1,1,1,1,1,1,1,1,1,1,0,1,1,0,1,1,1,1,1,1,0,0,1,1,1,1,1,1,1,1,0,1,1,0,1,0,1,1,1,1,1,1,1,0,1,1,1,1,1,1,0,1,1,1,1,1,1,1,1,1,1,1,1,1,0,1,1,1,1,136,1,1,1,1,1,0,1,1,0,0,1,0,1,2,1,1,1,1,1,1,1,1,0
"49_050. Carly Rae Jepsen - I Really Like You_noise_-12.5dB_sample1.wav",158,1,1,0,1,1,0,0,1,1,1,0,1,1,1,1,1,0,0,1,1,1,1,1,1,1,1,1,1,1,1,1,1,1,1,1,1,1,1,1,1,1,1,1,1,1,1,1,1,1,1,0,0,1,1,1,1,1,1,1,1,2,1,1,1,2,1,1,1,1,1,0,1,0,1,1,1,1,1,1,1,1,1,1,18,1,1,1,1,1,1,1,1,1,1,1,1,1,1,0,1
"45_005. OneRepublic - Counting Stars_noise_-12.5dB_sample2.wav",155,1,1,0,1,0,0,1,0,1,1,1,1,1,1,0,0,1,1,1,1,0,1,1,1,1,1,1,1,1,1,1,0,1,1,0,1,1,1,1,1,1,1,0,1,0,1,1,0,1,1,1,1,0,1,1,1,0,0,1,1,1,1,1,1,1,0,1,28,1,1,0,1,0,0,0,1,1,1,1,0,0,1,1,1,1,0,1,1,1,1,1,0,1,1,1,1,1,0,1,1
"40_052. Lindsey Stirling - Moon Trance (Official Music Video)_noise_-12.5dB_sample1.wav",153,1,1,1,1,1,0,1,1,2,1,0,1,1,1,1,1,1,1,139,0,0,1,1,2,1,1,1,1,1,1,1,1,1,1,1,1,1,0,1,1,1,1,1,2,1,1,1,0,1,1,1,1,1,2,1,1,1,1,1,1,0,1,1,1,1,1,1,1,1,1,1,1,1,1,1,1,0,1,0,0,1,1,1,1,1,0,1,1,1,1,1,1,1,1,1,0,1,2,1,1
"4_003. Lorde - Royals (US Version)_noise_-12.5dB_sample2.wav",187,1,1,1,1,1,0,0,1,0,1,1,1,1,1,0,1,1,1,1,1,1,0,1,1,1,0,1,1,1,1,1,1,1,0,1,0,1,1,0,1,1,1,0,1,1,1,0,0,0,1,1,1,1,1,0,1,1,1,1,1,1,2,1,0,1,1,1,1,1,1,0,1,1,1,1,0,0,0,1,1,1,1,0,1,1,1,0,0,2,1,1,0,1,1,1,1,1,1,1,1
"79_095. Alan Walker - Alone_noise_-12.5dB_sample1.wav",176,0,1,1,0,1,1,1,1,1,1,1,0,1,1,1,0,1,1,1,1,0,1,1,1,1,1,0,0,1,1,1,1,1,1,1,1,1,0,1,1,0,1,1,1,1,1,1,1,1,1,1,1,1,1,1,1,1,56,1,1,1,1,1,1,1,1,2,1,1,1,1,0,1,0,1,1,1,0,1,1,1,1,0,1,1,1,0,0,1,1,1,1,1,1,1,0,1,0,1,1
"38_082. Smoke and Mirrors_noise_-12.5dB_sample1.wav",173,1,1,2,1,1,1,1,1,1,1,1,1,1,1,0,1,1,1,1,1,1,0,0,1,1,0,1,1,1,1,1,1,0,1,1,1,1,1,1,0,1,1,1,0,1,1,1,1,30,1,1,1,1,1,1,1,1,0,1,1,1,1,1,1,1,1,1,1,1,1,1,1,1,1,1,1,1,1,1,1,0,1,1,1,2,0,1,1,1,1,1,1,1,1,1,0,1,0,1,1
"90_064. Eurythmics, Annie Lennox, Dave Stewart - Sweet Dreams (Are Made Of This) (Official Video)_noise_-12.5dB_sample2.wav",166,0,1,1,0,1,1,1,1,0,1,1,1,1,1,1,0,1,1,1,1,0,1,1,1,0,1,1,1,1,1,1,1,1,0,0,1,1,0,1,1,1,1,0,0,1,1,1,1,1,0,1,1,1,1,1,1,1,1,0,1,1,1,0,1,2,0,1,1,0,1,0,0,1,1,1,1,1,0,0,1,1,0,1,1,0,1,0,1,61,1,1,1,1,1,1,1,1,0,2,1
"35_036. Fall Out Boy - Centuries (Official Video)_noise_-12.5dB_sample1.wav",223,1,1,1,1,1,1,1,1,1,0,1,1,1,1,1,0,1,0,1,1,0,1,1,1,1,1,1,1,1,1,1,1,1,1,90,1,1,0,0,1,0,1,1,1,1,0,1,1,1,1,1,1,0,1,1,1,1,1,1,0,0,0,0,1,1,1,1,1,1,0,0,1,1,1,1,1,1,0,1,0,0,1,0,0,1,1,1,0,1,0,1,1,1,1,1,0,1,0,1,1
"0_096. Nightcore - Mad World_noise_-12.5dB_sample1.wav",171,1,1,1,1,1,1,1,1,1,2,1,1,1,1,0,1,1,1,1,134,1,1,1,1,1,1,1,1,1,1,1,1,1,0,0,0,1,0,1,1,0,1,1,1,1,1,1,1,1,1,0,1,1,1,1,1,1,0,1,1,1,1,0,1,2,1,1,0,1,0,0,1,0,1,1,1,1,1,1,1,0,0,1,1,1,0,0,1,1,1,1,0,1,1,1,1,1,1,1,1
"33_076. Galantis - Firebird (Official Audio)_noise_-12.5dB_sample2.wav",168,1,1,1,0,1,1,1,1,1,1,1,1,1,0,1,1,1,0,1,1,1,0,1,1,1,1,1,1,1,1,1,0,1,1,1,1,1,0,1,0,0,1,1,1,1,1,1,1,1,1,1,1,1,1,1,1,1,1,1,56,1,1,0,1,1,1,1,1,1,1,1,1,1,1,0,1,1,1,1,1,0,1,0,1,1,0,1,1,1,1,1,1,3,1,1,0,1,1,1,1
"89_091. Faster Car - Anders Lystell feat. Kaliber [EPIDEMIC SOUND] (Lyrics)_noise_-12.5dB_sample2.wav",160,1,1,1,1,1,1,0,1,1,1,1,1,0,0,1,3,0,0,1,1,0,1,1,0,0,1,1,0,1,1,1,0,0,1,1,1,1,0,1,1,1,0,0,1,0,1,1,0,0,1,1,161,1,1,1,1,1,1,0,0,2,1,1,1,1,1,1,1,1,1,1,1,1,0,1,1,1,1,1,1,0,0,0,1,1,1,1,1,1,1,0,1,1,0,1,0,1,1,1,1
"94_Banana Man_noise_-12.5dB_sample2.wav",165,1,0,1,0,1,0,1,1,0,1,1,1,0,0,0,0,0,0,1,1,0,1,1,0,95,1,0,1,0,1,1,1,0,1,1,1,1,1,0,0,1,0,1,1,1,1,1,1,0,1,1,1,1,1,1,1,0,1,1,0,1,2,0,1,1,1,1,1,1,1,1,1,0,0,1,1,1,1,1,1,0,1,1,1,0,1,1,1,1,1,1,0,1,0,1,1,1,1,1,0
"61_045. The Black Eyed Peas - I Gotta Feeling (Official Music Video)_noise_-12.5dB_sample1.wav",161,1,1,1,1,1,0,1,1,1,2,1,1,1,1,0,1,1,1,1,1,1,0,1,1,1,1,0,1,0,1,1,0,1,1,1,1,0,0,1,1,0,1,1,1,1,1,1,0,1,1,1,1,1,1,1,1,1,1,1,1,1,1,0,1,1,1,1,1,1,1,0,1,1,1,1,1,1,1,0,1,0,1,1,0,70,1,0,0,1,1,1,1,1,1,1,0,1,1,1,1
"19_054. Owl City - When Can I See You Again (From Wreck it Ralph)_noise_-12.5dB_sample1.wav",164,1,0,1,1,1,0,1,2,1,0,0,1,0,1,0,1,2,1,1,1,0,1,1,1,1,1,1,0,1,1,1,0,1,1,1,0,1,0,1,1,0,1,0,1,1,0,0,1,1,1,0,1,1,1,1,1,1,1,0,2,1,1,1,0,1,1,1,1,0,16,1,0,0,1,0,1,1,1,1,0,1,0,1,1,1,0,1,0,1,1,1,1,1,1,0,0,1,1,1,1
"69_066. Jessie J - Bang Bang ft. Ariana Grande, Nicki Minaj_noise_-12.5dB_sample2.wav",185,1,1,1,1,1,1,1,1,1,1,1,1,0,1,0,1,0,1,1,1,1,0,1,1,1,1,0,0,1,1,1,0,1,1,1,1,1,0,1,1,0,0,0,2,1,1,0,1,1,0,0,1,0,1,43,1,1,0,1,1,0,1,1,0,1,1,1,1,0,1,1,0,1,3,1,0,0,1,0,1,0,0,1,1,1,0,0,0,1,0,1,1,1,0,1,1,1,1,1,1
"86_019. Naughty Boy - La la la ft. Sam Smith (Official Video)_noise_-12.5dB_sample2.wav",162,1,1,0,1,0,1,1,0,1,1,1,1,1,1,1,1,1,1,1,1,1,0,1,1,1,1,1,0,1,1,1,1,1,1,1,1,1,1,1,0,0,1,0,1,1,1,1,2,1,1,1,1,1,1,1,1,1,1,1,1,1,1,1,1,1,1,1,1,1,1,0,1,1,1,1,1,1,1,0,1,1,1,1,1,1,1,29,1,1,1,1,1,1,1,1,0,1,1,0,1
"21_085. Janji ft. Johnning - Heroes Tonight 1 HOUR_noise_-12.5dB_sample2.wav",164,1,1,1,1,1,0,1,1,1,1,1,1,1,1,1,1,1,1,1,1,0,1,1,1,0,1,1,1,0,1,1,1,1,1,1,1,1,1,1,1,1,1,1,1,1,1,0,1,1,0,1,1,1,1,1,0,1,1,1,1,1,1,1,0,2,1,1,1,1,1,0,1,1,1,0,1,1,1,1,1,1,1,1,0,0,1,1,1,1,1,1,1,1,1,1,1,0,0,1,1
"91_Greener_noise_-12.5dB_sample1.wav",171,1,1,2,1,1,0,1,0,0,1,1,1,1,1,1,1,1,1,1,1,1,1,1,1,1,1,1,1,0,1,1,1,1,1,1,1,2,0,1,1,1,1,1,1,1,1,1,0,0,0,1,1,1,1,1,1,1,1,1,1,1,1,1,41,2,1,1,1,1,2,1,1,0,1,3,1,1,1,1,1,0,2,0,1,1,1,1,1,1,1,1,1,1,1,1,1,1,1,1,1
"48_027. MAGIC! - Rude (Official Video)_noise_-12.5dB_sample1.wav",161,1,1,1,1,1,1,1,1,1,1,0,1,1,1,0,0,1,1,1,1,1,1,0,1,1,1,1,1,1,1,1,0,1,1,1,1,140,0,0,1,1,1,1,1,1,1,0,1,1,1,1,1,1,1,0,1,1,1,0,1,1,0,1,1,2,1,1,1,0,1,0,0,1,1,1,1,1,1,1,1,0,0,1,1,0,1,0,1,1,1,0,1,0,1,1,0,1,1,1,1
"43_098. Nightcore~ The Wolf_noise_-12.5dB_sample2.wav",160,1,0,0,1,1,0,0,1,1,1,1,0,1,1,0,1,1,0,1,1,1,1,1,1,1,1,1,1,1,1,1,1,0,1,1,1,1,0,1,0,1,1,0,1,1,1,1,1,1,1,2,1,0,1,1,1,1,0,1,1,1,1,0,0,1,1,1,1,0,0,0,1,1,0,1,1,1,1,1,1,0,0,1,0,1,1,0,1,1,1,0,1,0,1,35,1,1,1,1,0
"59_014. Avicii - Hey Brother (Lyric)_noise_-12.5dB_sample2.wav",160,1,1,1,1,1,0,1,1,1,1,1,1,0,1,1,1,0,1,1,1,1,0,1,70,1,0,1,1,1,1,1,0,1,121,1,1,1,1,1,1,1,1,1,1,3,1,1,1,1,1,1,1,1,3,1,1,1,1,0,1,0,1,1,0,2,1,1,1,1,1,1,1,1,0,0,1,1,1,1,1,0,0,1,1,1,1,0,1,1,1,1,1,1,1,1,1,1,1,1,0
"95_053. Avicii - Hey Brother_noise_-12.5dB_sample1.wav",163,1,1,1,1,1,1,1,1,0,1,1,1,1,1,1,1,2,0,1,1,1,0,1,187,1,1,1,0,1,1,1,1,1,46,1,1,0,0,1,1,1,1,1,1,1,1,1,0,1,1,1,1,1,1,1,1,1,1,3,1,1,1,1,1,2,1,0,1,1,1,0,1,1,1,1,0,1,0,1,1,1,1,1,1,1,0,1,0,1,1,1,0,1,1,1,0,1,1,1,2
"52_007. Katy Perry - Dark Horse ft. Juicy J_noise_-12.5dB_sample1.wav",172,1,1,1,1,1,0,1,1,0,1,1,1,1,1,1,1,1,1,2,1,1,0,0,1,1,1,1,1,2,1,1,1,1,1,1,1,0,0,1,1,1,0,1,1,0,1,1,1,1,1,1,1,0,1,1,1,1,0,1,1,1,1,1,1,1,1,1,1,0,1,0,1,0,1,0,0,1,1,0,0,0,0,0,1,1,1,1,1,1,1,1,1,1,1,1,1,0,1,25,1
"47_020. Warriors (ft. Imagine Dragons)  Worlds 2014 - League of Legends_noise_-12.5dB_sample2.wav",170,0,1,0,1,1,1,1,1,0,1,1,1,1,1,1,0,1,1,1,1,0,0,1,1,0,1,1,1,1,1,1,2,1,1,1,1,1,1,0,1,1,1,1,1,0,1,0,1,0,1,0,1,1,1,0,0,0,1,1,1,2,1,1,1,1,1,1,1,70,1,0,1,1,1,1,1,0,1,1,1,0,1,1,0,1,1,2,1,1,0,1,0,1,1,1,1,1,1,1,0
"10_012. Calvin Harris - I Need Your Love (Official Video) ft. Ellie Goulding_noise_-12.5dB_sample2.wav",165,0,1,0,1,1,1,1,0,0,1,1,1,1,1,1,1,1,0,1,1,1,1,1,1,1,1,1,1,1,1,0,0,0,1,1,0,1,0,1,1,1,0,1,1,11,1,2,1,1,0,1,1,1,1,1,1,0,1,0,1,1,1,1,1,1,1,1,1,1,1,1,1,1,1,0,1,2,1,1,1,0,1,1,1,1,1,0,1,1,1,1,0,1,1,1,1,1,1,1,1
"49_050. Carly Rae Jepsen - I Really Like You_noise_-12.5dB_sample2.wav",164,1,0,1,1,1,0,1,1,0,1,1,1,1,1,1,0,0,1,1,1,1,0,0,1,1,1,0,0,0,0,1,1,1,1,1,1,1,0,1,0,0,1,1,1,1,1,1,1,1,1,1,1,1,2,1,1,1,0,1,0,1,1,0,0,1,1,1,1,0,1,0,1,1,1,1,0,0,0,0,1,1,1,0,39,1,0,0,0,1,0,1,1,1,1,1,1,1,1,1,1
"88_033. Fifth Harmony - Worth It (Official Video) ft. Kid Ink_noise_-12.5dB_sample1.wav",160,1,1,1,0,1,0,1,1,1,180,0,1,0,0,0,0,1,1,1,1,0,0,1,1,1,1,1,0,1,1,1,1,1,1,1,1,1,0,0,0,0,1,1,1,1,0,1,0,1,1,0,1,1,1,2,0,0,1,0,1,1,1,1,1,1,1,2,1,1,1,0,1,0,1,1,1,1,1,1,1,1,1,1,1,1,1,1,0,1,1,1,0,0,1,1,0,1,1,1,1
"31_058. Rub Some Bacon on It_noise_-12.5dB_sample2.wav",164,1,1,0,1,1,1,1,1,1,0,1,1,1,1,1,0,1,0,1,1,1,0,0,1,1,1,1,1,1,1,1,1,8,1,1,1,1,0,1,1,1,1,0,1,1,0,1,0,1,1,1,1,1,1,1,1,1,1,1,0,1,0,1,0,1,0,1,1,1,1,1,1,1,1,0,1,1,0,1,1,0,1,0,1,1,1,1,0,1,1,1,1,1,2,1,1,1,1,1,1
"81_013. Passenger  Let Her Go (Official Video)_noise_-12.5dB_sample1.wav",166,1,0,1,1,1,0,1,1,1,1,1,1,0,1,1,0,0,1,1,1,0,1,1,1,0,1,0,1,1,1,1,1,0,1,1,0,0,0,1,1,0,1,1,1,1,1,1,1,1,1,0,0,1,1,1,1,1,0,2,1,1,32,1,0,1,1,1,1,1,0,1,1,1,0,1,0,0,1,1,0,0,0,1,1,1,1,1,0,1,1,1,1,1,0,1,1,1,1,1,1
"22_094. Harry Potter Puppet Pals - The Mysterious Ticking Noise (Video With Lyrics)_noise_-12.5dB_sample2.wav",157,1,0,1,1,2,3,1,1,0,1,0,0,1,1,1,1,1,0,2,1,1,0,1,1,1,1,1,1,0,1,1,1,1,1,1,1,0,0,1,1,1,0,1,1,1,0,1,0,1,1,1,1,0,1,0,1,0,0,1,1,1,0,1,1,1,1,1,1,1,1,0,0,1,1,1,1,0,0,1,1,20,1,0,1,1,1,1,0,1,1,1,1,0,1,1,1,1,1,1,1
"78_026. Katy Perry - Firework (Official Music Video)_noise_-12.5dB_sample1.wav",161,1,0,1,1,1,1,1,0,0,1,0,3,0,1,0,1,0,0,1,1,1,0,1,0,1,1,1,1,1,1,1,1,1,1,0,0,1,0,1,1,0,1,1,1,1,1,46,1,0,1,0,0,1,1,1,1,1,1,1,1,1,0,1,1,1,1,1,1,0,1,0,0,0,1,0,0,0,1,1,1,0,1,2,1,1,1,1,1,1,1,0,1,1,1,1,0,1,1,1,1
"33_076. Galantis - Firebird (Official Audio)_noise_-12.5dB_sample1.wav",195,0,0,1,1,1,0,0,1,1,1,0,1,1,1,1,1,1,1,1,1,0,0,0,1,1,1,1,1,1,1,1,0,1,1,1,1,1,0,1,1,1,1,1,1,1,1,1,1,0,1,0,1,1,2,0,1,1,1,1,173,1,1,0,0,1,1,0,1,1,1,0,0,1,1,1,1,1,1,1,1,0,1,0,1,1,0,0,0,1,1,1,0,1,1,0,0,1,0,1,1
"97_075. Lindsey Stirling - Prism (Official Video)_noise_-12.5dB_sample1.wav",175,1,1,0,1,1,1,73,1,1,1,1,1,1,1,0,1,0,1,1,1,0,0,1,0,1,0,1,0,1,1,1,1,1,0,0,1,1,0,1,1,0,0,1,1,1,1,1,1,1,0,1,0,1,1,1,1,0,1,0,1,1,1,1,1,1,1,1,1,1,1,0,0,1,0,1,1,0,0,1,1,1,0,0,1,1,1,1,1,1,1,1,1,1,0,1,1,1,0,0,1
"14_099. Sheppard Geronimo - [International Version] (Official music Video)_noise_-12.5dB_sample1.wav",169,1,2,1,1,1,0,1,1,0,1,1,1,0,1,1,1,1,1,1,1,0,0,1,1,1,49,1,1,1,1,1,1,1,1,1,0,1,1,1,1,0,1,1,1,1,0,1,1,1,1,0,1,0,1,1,1,0,0,0,1,1,1,1,1,1,2,1,1,1,1,0,1,1,0,1,1,0,1,1,1,0,1,1,1,1,0,0,0,1,1,1,1,0,1,1,0,1,1,1,1
"68_055. Madness - Our House (Official 4K Video)_noise_-12.5dB_sample1.wav",165,1,1,1,1,1,0,0,1,0,1,0,1,0,0,1,1,1,0,1,1,1,1,1,1,0,1,1,0,1,1,0,0,1,1,1,1,1,1,0,1,0,1,1,0,1,0,1,1,1,0,0,1,1,0,1,1,1,0,0,1,0,1,1,1,1,1,1,1,1,1,0,0,1,0,1,0,1,1,1,1,1,41,0,0,1,0,1,1,1,1,0,1,0,0,0,0,0,1,1,1
"32_086. Olly Murs - Grow Up (Official Video)_noise_-12.5dB_sample2.wav",166,2,1,1,1,1,1,0,1,1,1,1,0,1,1,1,1,1,1,1,1,1,0,1,1,2,1,1,1,0,1,1,1,1,1,1,1,1,0,1,1,0,1,0,1,1,1,1,0,0,1,0,1,1,1,1,0,0,0,1,1,0,1,1,1,1,1,1,0,1,1,1,0,1,1,1,1,1,1,112,1,0,1,0,1,0,1,0,1,1,1,1,1,1,0,0,1,0,1,1,1
"92_025. Fall Out Boy - Immortals (From Big Hero 6)_noise_-12.5dB_sample2.wav",175,1,1,1,0,1,0,2,1,1,1,1,1,1,1,1,1,1,0,1,0,0,0,1,0,0,1,60,1,1,1,1,1,1,1,1,1,1,0,1,1,0,1,1,1,0,1,1,1,1,1,0,1,1,1,1,1,1,1,0,1,2,1,1,1,1,1,0,1,0,1,1,0,0,0,0,1,0,1,1,1,1,1,1,1,0,1,1,1,1,0,1,0,1,1,0,0,0,1,1,1
"100_059. Nilla Wafer Top Hat Time  Song - Rhett & Link_noise_-12.5dB_sample1.wav",190,1,1,0,1,1,0,1,1,1,1,1,1,1,1,1,1,1,1,1,1,0,0,1,0,1,0,0,1,0,1,1,1,1,1,1,1,1,0,0,1,1,0,0,1,1,1,1,1,1,1,1,1,1,1,1,1,1,1,1,0,1,1,1,1,1,1,1,1,1,1,0,1,1,1,1,1,1,1,1,1,0,0,1,1,0,1,0,35,1,1,1,1,1,1,1,1,1,1,1,1
"7_092. Harry Potter Medley on Marimba_noise_-12.5dB_sample1.wav",207,1,1,96,0,1,1,1,1,1,1,1,1,1,1,1,1,1,1,1,1,1,1,0,3,1,1,1,1,1,1,1,1,1,1,1,1,1,0,1,1,1,1,1,1,1,1,1,0,1,1,1,1,0,1,1,0,0,1,1,1,1,1,1,0,1,1,1,0,1,1,0,1,1,1,1,0,0,1,1,1,0,1,1,1,0,0,1,1,1,1,1,1,0,1,1,0,1,1,1,0
"6_043. Wintergatan - Marble Machine (music instrument using 2000 marbles)_noise_-12.5dB_sample2.wav",164,1,1,1,2,1,1,1,1,1,1,0,2,0,46,1,1,1,1,1,1,0,0,0,1,1,1,1,0,1,1,1,0,1,1,1,1,1,0,1,1,1,0,1,1,0,1,1,1,1,1,1,1,2,1,1,1,1,0,1,1,1,1,1,0,1,1,1,1,1,1,0,1,1,1,1,0,1,1,1,1,0,1,1,1,1,1,1,1,1,1,1,1,1,1,1,0,1,1,1,2
"4_003. Lorde - Royals (US Version)_noise_-12.5dB_sample1.wav",165,1,1,1,1,1,1,2,0,1,1,1,0,1,0,1,1,1,15,1,1,0,0,1,1,1,1,1,1,1,1,1,1,1,1,1,0,1,0,1,1,1,1,1,1,1,1,1,1,1,1,1,1,1,1,1,1,1,1,1,1,1,1,1,1,1,1,1,1,1,1,0,1,1,1,1,1,1,0,1,1,1,1,0,1,0,1,1,1,1,1,0,1,1,0,1,0,1,1,0,0
"9_034. Pitbull - Timber (Official Video) ft. Ke$ha_noise_-12.5dB_sample1.wav",171,1,1,1,1,1,1,1,1,1,1,1,1,1,1,1,0,1,1,1,1,1,1,1,1,1,0,1,1,1,115,1,1,1,1,1,1,1,1,1,0,0,1,0,1,1,1,0,1,1,0,1,1,0,1,1,0,1,1,1,1,1,1,1,1,1,1,1,1,1,1,1,0,1,1,1,1,1,1,1,1,0,1,1,1,1,0,1,1,1,1,1,0,1,1,1,1,1,0,1,1
"105_101. Yann Tiersen - Comptine d`un autre ete - l`apres-midi_noise_-12.5dB_sample2.wav",166,1,1,1,2,0,1,1,0,0,1,1,1,1,1,1,1,1,0,1,1,1,0,1,1,1,1,0,1,1,2,0,1,1,1,1,1,0,0,1,1,0,1,1,1,1,1,1,0,0,1,1,1,1,1,1,1,1,1,1,1,1,1,1,1,1,1,1,1,1,1,65,1,1,1,4,0,1,1,1,1,0,0,1,1,1,1,1,1,1,1,1,1,1,1,1,0,1,1,1,1
"62_061. LEFT SCREEN ONLY Spot the Differences_noise_-12.5dB_sample1.wav",164,1,1,1,1,1,0,1,1,1,1,1,0,1,1,0,1,1,1,1,1,1,1,1,1,0,0,1,1,1,1,0,1,0,1,0,1,1,1,1,1,1,1,1,1,1,1,1,1,1,0,1,1,1,1,1,1,1,0,1,1,1,1,1,1,1,1,0,0,1,1,0,0,1,1,1,1,0,1,1,38,0,1,0,1,1,1,0,0,1,2,1,1,0,1,1,1,1,1,1,1
"36_072. Jessie J - Price Tag ft. B.o.B_noise_-12.5dB_sample2.wav",177,1,1,1,1,1,1,1,1,1,1,1,1,1,1,1,0,1,1,1,0,1,0,1,1,1,0,1,1,1,0,1,0,1,1,1,1,0,0,1,1,0,1,1,1,1,1,0,1,1,1,1,1,1,1,2,1,1,1,1,1,1,1,1,1,1,0,1,1,1,1,0,1,1,0,1,0,1,1,1,1,0,1,1,1,1,1,1,1,0,1,1,1,1,240,1,0,1,2,0,1
"48_027. MAGIC! - Rude (Official Video)_noise_-12.5dB_sample2.wav",163,1,1,0,1,1,0,1,1,0,0,1,1,1,1,1,1,0,1,1,1,1,1,1,1,1,1,1,1,0,1,1,0,1,1,1,1,68,0,1,1,0,0,1,1,1,1,1,1,1,1,1,1,0,1,1,1,0,1,0,1,1,1,1,1,1,1,1,1,1,1,0,0,0,1,1,0,1,1,1,0,0,1,0,1,1,0,1,1,1,1,1,1,1,1,1,0,1,1,1,1
"75_078. Kungs vs Cookin on 3 Burners - This Girl (Official Music Video)_noise_-12.5dB_sample2.wav",161,1,1,1,1,1,55,1,1,0,1,1,0,1,0,1,1,0,1,1,1,0,1,1,1,1,1,0,1,1,1,1,1,1,1,1,1,0,0,1,1,0,1,1,1,1,2,1,1,1,1,1,1,1,1,0,1,1,1,1,1,0,1,0,1,1,1,2,1,1,1,0,1,1,1,0,0,1,1,1,1,0,1,1,1,1,1,1,0,1,1,1,1,1,0,1,0,0,0,1,1
"78_026. Katy Perry - Firework (Official Music Video)_noise_-12.5dB_sample2.wav",159,1,1,1,1,1,1,1,1,1,1,1,1,1,1,1,1,1,0,1,1,1,1,2,1,1,1,1,1,1,1,0,1,1,1,1,1,1,1,0,1,0,1,1,0,1,0,93,1,1,1,1,1,1,1,1,1,0,0,0,1,1,1,2,1,1,1,0,1,1,1,1,0,1,1,0,0,1,1,0,0,0,1,1,1,1,1,1,1,1,1,0,1,1,1,0,1,1,1,1,0
"69_066. Jessie J - Bang Bang ft. Ariana Grande, Nicki Minaj_noise_-12.5dB_sample1.wav",162,1,1,1,1,1,1,1,1,1,1,1,1,1,1,0,1,0,0,1,0,1,1,1,1,1,1,1,1,0,1,1,1,1,1,1,1,1,0,1,1,0,0,1,0,1,1,1,0,1,1,1,0,0,1,110,1,1,1,1,1,1,1,1,1,0,1,1,1,1,1,0,0,1,1,1,1,1,0,2,1,0,1,1,1,1,0,1,0,1,1,1,0,1,0,1,0,1,1,1,0
"55_009. Taylor Swift - Shake It Off_noise_-12.5dB_sample1.wav",174,1,1,1,1,1,1,0,1,1,1,1,1,0,1,1,0,0,1,1,1,0,1,1,1,0,3,1,1,1,0,1,1,0,1,1,1,1,1,54,1,0,1,0,1,1,1,0,1,1,1,1,1,1,1,1,1,1,0,1,1,1,1,1,0,1,1,0,0,1,1,1,0,0,0,1,0,1,0,1,1,0,1,1,0,1,0,1,1,1,1,1,1,1,1,1,0,1,1,1,1
"17_084. Thomas Rhett - Crash and Burn_noise_-12.5dB_sample2.wav",165,1,1,0,1,1,0,1,1,1,1,1,1,1,1,1,34,1,1,1,1,1,0,1,1,1,1,0,1,1,1,1,1,0,1,0,1,1,0,1,1,1,1,1,1,1,1,1,0,1,1,0,1,1,1,1,1,0,1,1,1,1,1,1,3,1,1,2,0,1,1,0,1,1,1,1,1,1,1,1,1,1,0,1,1,1,0,1,1,0,1,1,0,1,1,1,0,0,1,2,0
"84_001. Anna Kendrick - Cups_noise_-12.5dB_sample1.wav",166,1,0,0,1,1,1,0,3,1,1,1,1,1,0,0,1,1,1,1,1,0,0,1,1,1,1,0,1,0,1,0,1,0,1,1,1,0,0,1,1,0,1,1,2,0,1,1,1,1,1,0,1,1,1,0,1,1,1,1,0,1,0,0,1,1,1,1,1,1,1,0,1,1,1,1,1,0,1,1,1,0,1,1,0,1,0,1,1,1,0,1,0,1,1,1,0,1,0,0,1
"54_016. Taylor Swift - Blank Space_noise_-12.5dB_sample2.wav",164,1,1,1,1,1,1,1,1,1,1,1,1,1,0,1,0,1,1,1,0,1,0,1,1,0,1,1,1,1,1,1,1,1,1,1,1,1,0,1,1,1,1,1,1,1,1,1,0,1,0,1,1,1,1,0,1,89,1,1,1,1,1,1,1,1,1,1,1,0,1,0,1,0,1,1,1,1,1,1,1,0,1,1,1,1,1,0,1,1,1,1,1,1,1,1,0,1,1,1,1
"97_075. Lindsey Stirling - Prism (Official Video)_noise_-12.5dB_sample2.wav",167,1,1,1,1,1,1,116,1,0,1,1,1,1,1,1,0,0,1,1,1,1,1,1,1,1,1,1,0,1,1,1,1,1,0,1,1,1,0,0,1,1,1,1,1,1,1,0,1,1,0,1,1,1,1,1,1,1,0,1,1,1,1,0,1,1,1,1,1,1,1,0,0,1,1,1,1,1,0,0,0,0,1,1,1,1,1,1,1,1,1,1,1,1,1,1,1,0,1,1,1
"58_039. OMFG - Hello_noise_-12.5dB_sample2.wav",165,1,1,0,1,1,1,1,1,1,1,1,1,1,1,0,1,0,1,1,1,1,0,0,1,1,1,0,0,0,1,0,0,1,1,1,1,2,0,1,1,1,1,1,1,1,0,1,1,1,1,2,1,1,1,0,1,0,1,1,1,1,1,1,1,1,1,1,1,1,1,0,1,0,1,0,1,1,1,1,1,0,0,1,1,0,1,1,0,1,1,2,1,78,1,1,0,0,1,1,1
"87_079. twenty one pilots Heathens (from Suicide Squad The Album) [OFFICIAL VIDEO]_noise_-12.5dB_sample1.wav",163,0,1,1,1,1,1,0,0,1,1,1,1,1,1,1,0,1,0,1,1,1,1,1,1,1,1,0,0,0,0,1,3,1,1,1,1,1,1,1,1,0,1,0,1,1,1,1,1,1,0,1,1,1,1,1,0,1,0,1,1,1,1,0,1,1,1,1,1,1,1,1,0,0,1,64,0,1,0,1,1,1,1,1,1,1,0,1,1,1,1,1,1,1,1,1,1,0,0,1,1
