"42_046. Meghan Trainor - NO_clean_sample1.wav",191,1,0,0,1,1,1,1,1,0,1,1,1,0,1,0,1,1,0,1,1,1,1,1,1,0,1,1,972,0,1,1,0,0,1,0,1,1,0,0,1,0,1,1,1,1,0,0,0,0,1,0,1,1,1,1,0,1,0,1,0,0,1,1,1,1,1,1,1,1,0,1,1,1,0,0,2,0,1,1,1,0,1,1,1,1,0,1,0,1,1,1,1,0,1,0,0,1,1,1,1
"37_063. Bastille - Pompeii (Official Music Video)_clean_sample2.wav",157,1,0,0,1,0,0,0,0,0,0,0,0,0,0,0,0,0,0,0,0,0,1,29,0,0,0,1,0,0,0,0,0,0,0,0,0,0,0,1,1,0,0,0,0,0,0,0,0,1,0,0,1,0,0,0,1,0,0,0,0,0,1,1,0,1,0,0,0,0,1,0,1,0,1,0,0,1,0,0,0,0,1,0,0,0,0,0,0,0,1,0,0,0,0,0,0,0,0,0,0
"53_102. What_clean_sample1.wav",161,0,1,0,1,1,1,0,1,1,1,1,1,1,1,1,1,1,1,1,1,0,1,1,1,1,1,0,0,0,0,1,1,0,1,1,1,1,0,0,1,0,1,0,1,1,1,1,1,1,1,1,1,1,0,1,0,1,1,0,1,403,1,1,1,1,1,1,1,1,1,0,0,0,1,0,1,1,1,1,1,1,1,1,0,1,1,1,0,1,1,1,0,0,1,0,1,1,1,1,1
"47_020. Warriors (ft. Imagine Dragons)  Worlds 2014 - League of Legends_clean_sample2.wav",201,1,0,0,1,1,1,1,1,1,1,1,1,1,1,1,1,1,1,1,1,1,0,1,1,1,1,1,1,0,1,1,1,1,1,1,2,1,0,1,1,0,1,1,1,0,1,1,1,1,0,1,1,1,1,1,1,1,1,1,0,1,1,1,1,1,1,1,1,293,1,1,1,1,1,1,1,1,0,1,1,1,0,1,0,1,1,1,1,0,1,1,1,1,1,1,1,1,0,0,0
"61_045. The Black Eyed Peas - I Gotta Feeling (Official Music Video)_clean_sample1.wav",159,1,0,1,1,1,0,1,1,1,1,1,1,1,1,1,3,1,1,1,0,1,1,1,1,1,1,1,0,1,1,1,0,2,1,1,2,1,1,1,1,0,1,0,1,1,0,0,1,1,1,0,0,1,1,0,1,0,1,1,1,1,1,0,1,2,1,1,1,1,1,0,1,1,1,1,1,1,1,1,1,1,1,1,1,321,1,1,0,1,1,1,1,1,1,0,1,1,0,1,1
"92_025. Fall Out Boy - Immortals (From Big Hero 6)_clean_sample1.wav",160,1,0,1,1,1,0,1,0,1,1,0,0,0,0,1,0,1,2,1,0,0,0,1,1,1,1,616,1,1,1,1,0,2,0,1,1,1,0,1,0,1,1,1,1,1,0,1,1,1,1,1,0,1,1,1,0,0,0,0,0,1,1,0,1,1,0,1,1,1,0,0,0,0,0,1,1,0,1,1,1,1,1,0,1,1,1,1,0,1,0,0,1,0,1,1,1,1,1,1,1
"87_079. twenty one pilots Heathens (from Suicide Squad The Album) [OFFICIAL VIDEO]_clean_sample1.wav",158,1,1,1,1,0,0,1,0,0,1,1,0,1,0,1,0,0,0,1,1,1,0,1,1,1,1,1,0,1,1,0,1,1,1,1,1,1,0,1,1,0,1,0,1,0,1,0,0,1,1,1,0,1,1,1,1,1,0,0,1,1,1,1,0,0,0,1,1,0,1,1,1,0,1,306,0,1,1,0,0,1,0,1,1,0,0,1,1,1,0,1,1,1,1,1,1,0,1,0,1
"70_You and Me_clean_sample2.wav",157,1,0,1,1,1,0,1,1,0,0,0,0,0,1,0,1,1,1,0,0,1,0,1,1,1,1,1,1,0,1,1,1,0,1,1,0,0,0,1,1,0,1,1,0,1,1,1,1,1,0,1,1,0,1,0,1,1,0,1,0,0,1,0,1,2,0,1,1,1,0,0,1,1,634,1,1,1,0,0,0,0,1,0,1,1,0,0,1,1,1,0,1,0,1,1,0,1,1,1,1
"60_057. Get Off The Phone Song_clean_sample1.wav",161,1,1,0,0,0,1,0,1,0,1,0,0,1,0,1,1,1,0,1,0,0,0,0,1,1,0,1,1,1,0,1,1,1,1,0,1,1,0,1,0,1,1,244,0,0,0,0,1,1,0,0,1,1,1,1,0,1,1,0,1,0,1,0,1,1,1,1,1,0,1,1,0,1,1,0,1,0,1,1,1,0,1,1,1,1,1,1,1,1,1,1,0,0,1,1,1,1,1,1,1
"30_Cannibal_clean_sample2.wav",153,0,1,0,0,1,0,1,1,0,0,1,1,1,1,0,1,1,0,0,0,1,0,1,1,0,0,0,1,1,0,3,1,0,0,1,1,1,1,1,0,0,0,1,0,1,1,0,1,1,1,1,1,1,1,1,0,1,1,0,0,1,2,0,1,1,1,1,1,1,1,1,0,1,1,1,0,1,1,0,0,1,0,490,1,1,1,1,0,0,1,1,1,0,1,0,0,0,1,0,1
"100_059. Nilla Wafer Top Hat Time  Song - Rhett & Link_clean_sample2.wav",147,1,1,1,1,0,0,0,1,0,1,1,1,1,1,1,0,0,0,0,0,1,1,1,0,0,1,0,0,1,1,1,1,1,1,1,0,0,0,0,1,1,1,1,1,0,0,0,1,1,1,1,0,0,1,1,1,0,1,0,1,0,1,1,1,1,0,1,1,1,1,0,1,1,1,0,0,0,0,1,1,0,0,1,1,1,0,1,223,1,0,1,1,1,0,1,0,0,1,1,1
"39_051. Galantis - No Money (Official Video)_clean_sample1.wav",159,1,1,0,1,0,1,1,1,0,1,0,1,1,1,1,1,1,1,1,0,0,0,1,0,1,1,1,0,1,1,1,1,1,1,1,1,1,0,1,0,0,1,1,1,1,1,0,1,1,1,0,1,1,1,1,1,1,0,0,0,1,1,267,1,1,1,1,1,1,1,1,1,0,0,1,1,1,1,1,1,0,1,1,1,1,1,1,1,1,1,1,1,1,0,1,1,1,0,0,1
"31_058. Rub Some Bacon on It_clean_sample2.wav",157,1,1,1,1,1,1,0,1,1,1,1,1,1,1,1,0,0,1,0,1,1,1,0,1,0,1,1,0,1,1,1,0,840,1,1,0,1,0,1,1,0,1,1,1,1,1,0,1,1,1,1,1,1,0,1,0,0,1,1,1,1,1,1,1,1,1,1,1,2,0,0,0,0,1,1,1,1,1,1,1,1,1,1,1,0,0,0,1,1,1,1,0,1,1,1,1,1,1,1,1
"3_100. Owl City & Carly Rae Jepsen - Good Time (Official Video)_clean_sample2.wav",142,1,1,1,1,1,1,1,1,1,2,0,1,1,0,1,1,0,1,1,1,1,0,1,1,1,1,0,0,1,1,1,1,0,1,1,1,1,0,1,1,0,381,1,0,1,0,1,1,0,1,1,1,1,1,1,1,1,1,1,2,1,1,0,1,1,1,1,1,1,0,1,0,0,0,1,1,1,0,1,1,0,1,1,1,1,0,0,1,1,1,1,1,1,1,1,0,1,1,1,2
"17_084. Thomas Rhett - Crash and Burn_clean_sample2.wav",152,1,1,1,1,1,1,1,1,1,1,1,1,1,1,0,904,0,1,1,1,1,1,1,1,0,1,1,1,1,1,1,1,0,1,1,1,1,0,1,1,0,1,1,0,1,1,1,1,1,1,1,3,0,1,1,1,0,1,1,1,1,1,1,1,1,1,1,1,1,2,0,0,0,0,1,0,1,1,1,1,1,1,0,0,1,0,0,1,1,1,1,0,1,1,1,1,1,1,1,1
"43_098. Nightcore~ The Wolf_clean_sample1.wav",154,0,1,1,0,1,1,0,1,1,0,0,1,1,1,0,1,1,0,1,0,0,0,1,1,0,1,1,0,1,0,1,0,0,1,1,1,1,1,1,1,0,1,0,0,1,0,1,0,1,1,1,1,1,1,1,1,1,1,1,0,1,1,1,1,1,1,1,1,1,1,0,1,1,0,1,1,0,0,1,1,1,1,0,1,1,1,1,1,1,1,0,1,1,0,579,1,1,1,1,1
"13_030. Maroon 5 - Animals_clean_sample1.wav",147,1,1,1,1,1,1,1,0,0,1,0,0,1,1,1,0,1,0,1,1,1,0,1,1,1,1,1,1,0,1,1,1,1,1,0,1,1,0,1,322,1,1,0,1,0,1,1,1,2,1,1,0,1,1,1,1,1,1,1,1,1,0,0,1,1,0,1,1,1,1,0,1,0,1,0,0,0,1,3,1,0,1,1,2,1,1,1,0,0,1,1,1,1,1,0,0,1,0,1,1
"7_092. Harry Potter Medley on Marimba_clean_sample2.wav",135,1,1,256,1,1,2,1,1,0,1,1,0,0,0,1,0,1,1,1,0,1,1,0,1,0,1,1,0,0,1,0,1,0,1,1,0,1,0,1,0,1,0,0,1,1,0,1,0,0,1,1,0,1,2,1,0,0,0,1,1,2,0,1,1,1,0,1,1,1,1,1,1,1,1,1,1,0,1,1,1,0,0,1,1,3,1,0,1,0,0,1,1,1,1,1,0,1,0,0,1
"71_083. My Singing Monsters - Plant Island Theme_clean_sample2.wav",155,1,1,1,1,2,0,0,1,1,0,1,1,1,1,0,0,0,1,1,1,1,229,1,1,1,1,0,1,0,0,1,0,1,1,1,1,1,0,1,1,1,0,1,1,1,0,0,1,0,0,0,1,1,1,1,1,1,1,1,1,1,0,0,1,1,0,1,1,1,0,0,0,0,1,0,0,0,0,1,0,1,0,1,1,0,1,1,0,0,1,0,1,0,1,1,1,1,1,1,1
"99_080. Melanie Martinez - Carousel (Official Music Video)_clean_sample2.wav",151,1,1,1,1,1,1,0,1,1,1,1,2,0,1,1,1,1,0,1,1,1,1,1,1,1,1,1,0,1,1,1,0,1,1,1,2,1,0,1,1,1,0,1,1,2,1,1,2,1,1,1,1,1,1,1,0,1,1,1,1,1,1,0,1,1,1,597,1,2,1,0,1,1,1,0,1,2,1,1,0,1,1,1,1,1,1,0,0,1,2,1,1,1,0,1,1,1,1,2,1
"94_Banana Man_clean_sample2.wav",157,1,0,1,1,1,1,1,1,1,1,1,1,1,1,1,0,1,0,1,1,1,0,1,0,194,1,0,0,1,1,0,1,1,0,1,1,1,0,1,1,1,0,0,1,1,0,1,0,1,1,0,0,1,0,1,1,1,0,1,0,1,1,2,1,1,1,1,1,1,0,0,1,1,1,1,0,0,0,1,1,1,1,0,1,1,1,1,0,0,1,0,0,1,1,1,1,0,1,0,1
"78_026. Katy Perry - Firework (Official Music Video)_clean_sample2.wav",151,0,1,0,1,2,1,0,1,1,1,1,1,1,0,0,1,1,1,1,1,1,0,1,1,1,2,1,1,1,1,1,1,0,1,1,0,0,0,1,0,0,1,1,1,1,1,394,0,1,1,1,1,1,0,1,1,0,0,1,1,1,1,0,1,1,1,1,1,1,0,1,0,1,1,1,1,1,0,1,0,1,0,0,1,1,0,0,0,1,1,1,1,1,1,1,1,0,1,1,1
"6_043. Wintergatan - Marble Machine (music instrument using 2000 marbles)_clean_sample2.wav",164,1,1,1,1,1,0,1,1,1,0,0,1,1,192,1,1,1,0,1,0,1,0,1,1,0,1,1,1,0,0,1,1,1,2,1,1,1,0,2,1,1,0,1,1,1,1,1,0,0,1,1,1,1,1,0,1,1,1,1,1,0,1,1,1,1,1,0,1,1,1,0,1,1,1,0,0,0,1,1,0,1,1,0,1,1,1,1,1,1,0,1,3,0,0,0,0,1,1,1,1
"66_Cruel_Summer_clean_sample2.wav",156,1,1,1,1,1,1,1,1,1,0,1,1,1,1,1,1,0,1,1,0,0,1,1,1,0,1,1,1,1,1,1,0,0,1,1,1,0,1,0,0,0,0,1,1,1,1,1,706,1,0,1,1,1,1,1,1,1,1,1,1,1,1,1,0,1,1,1,1,1,1,0,1,0,0,1,1,0,1,1,1,1,1,1,1,1,1,0,1,1,1,1,1,1,1,1,0,1,0,1,1
"98_021. Alan Walker - Faded_clean_sample1.wav",159,1,1,1,1,1,1,1,1,0,1,1,1,1,1,1,0,1,1,1,1,0,0,1,1,0,1,1,1,1,1,1,1,1,1,1,2,0,1,1,1,0,2,1,1,1,1,1,0,0,1,394,1,3,1,1,1,1,1,3,1,1,1,1,1,1,0,1,1,0,0,0,1,1,1,1,1,1,1,1,1,0,1,1,1,1,1,1,0,1,1,1,1,1,1,1,1,1,1,1,1
"4_003. Lorde - Royals (US Version)_clean_sample1.wav",151,1,1,1,0,1,1,1,0,1,1,0,0,1,1,1,0,0,374,1,0,1,0,1,1,1,1,1,1,1,1,2,1,1,1,1,0,1,1,1,1,0,0,0,2,0,1,0,1,1,1,0,0,1,0,1,1,1,1,0,1,1,1,1,0,3,2,1,1,1,1,0,0,1,1,1,2,1,1,1,1,0,2,1,1,1,1,1,1,1,1,1,1,1,1,0,0,2,1,1,1
"62_061. LEFT SCREEN ONLY Spot the Differences_clean_sample1.wav",150,0,0,0,1,1,0,0,1,1,1,1,1,1,1,0,0,1,1,1,1,1,1,1,1,1,1,0,1,0,1,1,1,1,0,1,1,0,0,0,1,1,0,1,1,1,1,1,1,1,0,0,1,1,1,1,1,1,1,1,1,0,0,1,1,1,1,1,1,0,1,1,0,1,1,0,1,1,0,1,933,0,0,0,0,1,1,1,1,2,1,1,0,1,1,1,1,2,0,1,1
"21_085. Janji ft. Johnning - Heroes Tonight 1 HOUR_clean_sample1.wav",149,1,1,1,0,1,1,1,1,0,2,1,0,1,1,0,1,0,1,0,1,1,1,1,0,1,0,1,1,0,0,0,1,0,1,1,1,1,0,1,1,0,1,0,1,1,1,1,0,0,0,2,0,1,1,1,1,0,1,1,1,1,1,0,1,2,2,1,1,1,1,0,0,0,0,0,1,1,1,1,0,0,1,1,0,1,1,1,1,1,1,1,1,1,1,3,1,1,1,0,1
"51_088. Steven Universe - We Are The Crystal Gems_clean_sample2.wav",151,1,1,0,0,1,0,1,1,0,0,1,1,1,1,0,1,1,1,1,1,1,0,1,1,0,1,1,1,0,0,1,0,1,1,1,1,1,1,0,1,1,1,1,1,0,1,0,1,1,0,0,1,1,1,1,1,1,1,1,1,1,1,0,1,1,1,1,0,1,0,0,446,1,1,0,0,1,1,1,1,0,1,0,1,1,1,0,0,1,1,1,1,1,0,1,1,1,0,1,0
"69_066. Jessie J - Bang Bang ft. Ariana Grande, Nicki Minaj_clean_sample2.wav",157,0,0,0,1,1,1,0,1,0,1,1,0,1,1,0,1,0,0,1,1,1,0,0,0,1,1,1,1,1,1,1,1,1,1,1,1,0,0,1,1,0,1,1,1,1,1,1,1,0,1,1,1,1,1,412,1,1,0,0,1,1,0,1,1,1,1,1,1,1,0,0,1,1,1,0,0,1,1,1,1,0,1,0,1,1,0,0,1,1,1,1,1,1,0,1,0,0,1,0,1
"80_077. Emeli Sandé - Hurts_clean_sample1.wav",154,0,1,0,1,1,1,0,0,0,1,1,1,0,1,1,0,1,1,1,0,0,0,0,0,0,1,1,1,0,0,1,0,0,1,1,1,1,1,0,1,1,0,0,273,1,1,1,1,1,1,1,1,1,1,1,1,0,0,0,1,1,1,1,0,1,1,1,1,0,1,0,1,1,0,1,0,1,1,0,1,1,1,0,0,1,1,1,0,1,1,1,0,1,1,1,0,0,1,0,1
"73_Turn the Lights Off_clean_sample2.wav",157,0,1,1,1,1,1,0,2,0,1,1,1,1,1,1,1,0,1,1,1,1,0,1,1,0,1,0,1,503,1,1,1,1,0,1,1,1,1,0,1,1,0,1,1,1,0,0,1,1,0,1,1,0,1,1,1,1,1,1,1,1,1,1,1,1,1,0,1,1,1,1,1,1,1,0,1,0,0,1,1,1,1,1,1,1,1,1,1,1,1,1,0,1,0,1,1,0,1,1,1
"39_051. Galantis - No Money (Official Video)_clean_sample2.wav",165,1,0,1,1,1,1,1,1,1,1,1,1,1,1,0,1,0,1,1,0,1,0,1,1,1,1,1,1,1,0,1,0,0,1,1,1,1,0,1,0,1,1,1,1,0,0,1,1,1,1,1,1,1,1,1,0,0,1,1,1,1,1,498,1,1,1,1,1,1,1,1,0,1,1,1,1,1,1,1,0,1,0,1,0,1,1,1,1,0,1,1,1,1,1,1,1,0,1,1,1
"85_011. Martin Garrix - Animals (Official Video)_clean_sample2.wav",141,0,1,1,1,1,1,0,1,1,0,0,0,171,2,1,1,1,0,1,1,1,1,1,0,0,0,1,0,1,1,0,1,1,1,1,0,1,0,1,1,0,1,1,0,1,0,0,1,1,1,1,1,1,1,1,1,1,0,1,1,1,1,1,1,1,1,1,0,0,0,1,0,1,0,1,1,0,1,0,1,0,0,1,0,1,1,1,1,1,2,0,1,0,1,0,1,1,0,1,1
"99_080. Melanie Martinez - Carousel (Official Music Video)_clean_sample1.wav",145,1,1,1,1,1,1,1,1,1,1,1,1,1,1,1,1,1,1,1,1,0,0,1,1,1,0,1,1,1,1,1,1,1,0,1,1,1,0,1,1,1,1,0,1,1,1,1,1,1,1,0,1,1,1,1,1,1,0,1,1,0,1,1,1,1,1,2276,1,2,1,1,1,1,1,1,1,1,1,1,1,1,1,1,1,1,1,0,0,1,1,2,1,1,1,1,1,1,0,1,1
"22_094. Harry Potter Puppet Pals - The Mysterious Ticking Noise (Video With Lyrics)_clean_sample2.wav",137,0,1,1,1,1,1,1,1,0,1,0,0,1,1,0,0,1,0,1,1,0,0,0,0,1,0,1,0,0,1,1,1,1,0,1,1,0,0,0,0,0,1,1,0,1,1,1,0,0,0,0,0,0,1,0,0,0,1,0,1,1,1,1,0,0,0,0,0,1,1,1,1,0,1,1,1,1,0,1,1,385,1,1,0,1,1,0,0,0,1,1,0,0,1,1,0,1,1,1,1
"54_016. Taylor Swift - Blank Space_clean_sample2.wav",142,0,0,0,1,1,0,0,1,2,1,1,1,0,1,1,1,0,1,1,0,1,0,1,2,1,1,1,0,0,1,1,0,1,1,0,1,2,0,0,1,1,0,1,0,1,1,1,0,1,1,0,1,1,0,0,0,636,1,1,1,1,1,0,1,1,1,1,0,1,1,1,0,1,0,0,0,0,0,1,1,1,0,1,0,0,0,1,0,1,0,0,1,1,1,1,1,0,1,1,1
"45_005. OneRepublic - Counting Stars_clean_sample2.wav",136,0,1,1,1,1,1,1,1,0,1,0,1,0,1,0,1,0,0,1,1,0,1,1,1,1,0,1,1,1,0,1,1,1,0,0,1,1,0,0,0,0,1,0,1,0,0,0,0,1,1,1,0,1,1,0,1,1,1,1,1,0,1,0,1,0,0,1,241,1,1,0,0,0,1,0,0,1,1,1,0,0,0,1,1,1,1,1,1,1,0,1,1,1,0,0,0,0,1,1,0
"100_059. Nilla Wafer Top Hat Time  Song - Rhett & Link_clean_sample1.wav",140,1,1,0,0,1,1,1,1,0,1,1,0,1,0,1,1,1,1,1,1,1,0,1,0,1,1,1,1,1,1,1,1,0,1,1,1,1,0,1,1,0,1,1,1,1,0,1,1,0,1,1,1,1,1,1,1,0,1,1,1,1,1,1,0,1,1,1,1,0,0,1,0,1,0,1,0,1,0,1,1,0,1,0,1,1,1,1,275,1,2,1,1,1,0,1,0,1,0,1,1
"70_You and Me_clean_sample1.wav",141,1,0,0,1,1,1,1,0,1,0,0,0,1,0,1,1,1,0,1,0,0,1,1,1,0,1,0,0,1,0,1,1,1,1,1,1,1,0,1,1,0,1,1,1,0,0,1,1,1,1,1,0,0,1,1,1,1,0,1,1,1,1,1,1,1,1,1,1,1,0,0,1,1,525,1,0,1,1,1,1,0,1,1,1,1,1,1,1,0,0,1,1,0,1,1,0,0,1,1,3
"89_091. Faster Car - Anders Lystell feat. Kaliber [EPIDEMIC SOUND] (Lyrics)_clean_sample1.wav",140,1,1,1,0,1,1,1,0,1,1,1,0,0,0,0,1,0,1,1,0,0,0,1,1,0,0,1,1,1,1,1,1,1,1,0,0,1,0,1,1,1,1,1,0,0,0,1,0,1,0,1,508,1,0,1,1,1,1,0,1,1,1,1,1,1,1,1,1,1,1,0,1,1,0,1,0,0,1,1,1,0,0,0,1,1,1,0,1,1,1,1,0,1,1,1,0,1,0,1,1
"23_048. Pharrell Williams - Happy (Official Music Video)_clean_sample2.wav",145,0,1,1,1,3,1,1,1,1,1,1,2,1,1,1,1,1,0,1,1,1,0,1,1,1,1,1,0,1,1,1,1,1,1,1,1,1,1,3,0,0,1,1,1,1,0,1,1,1,1,0,1,1,7,1,1,2,1,1,1,1,1,1,2,1,0,1,1,1,1,0,1,1,0,1,1,1,1,1,0,1,0,1,1,1,1,1,1,0,799,1,1,1,1,1,0,1,1,1,1
"96_089. American Boy by Estelle and Kanye West_clean_sample2.wav",150,0,1,0,1,1,1,1,1,0,0,0,1,0,1,0,0,0,0,1,1,1,0,0,1,1,0,0,1,0,0,0,1,1,0,1,0,1,0,1,1,0,0,1,0,1,0,1,1,1,1,1,1,1,1,0,1,0,0,1,0,0,1,1,1,1,1,1,1,1,0,1,0,1,1,0,1,0,0,0,1,1,0,1,1,1,0,0,0,1,1,0,0,0,0,1,0,0,259,1,1
"103_037. Calvin Harris, Rihanna - This Is What You Came For (Official Video) ft. Rihanna_clean_sample1.wav",150,1,1,0,1,1,1,0,1,0,1,1,1,1,3,1,0,1,1,1,1,0,1,1,1,1,1,0,0,0,1,0,1,0,1,1,1,1,0,1,1,0,1,1,1,1,1,1,1,1,1,0,1,1,1,1,1,1,1,1,1,2,1,1,1,2,1,1,1,1,1,0,1,0,1,1,1,1,1,1,1,0,0,1,1,1,1,1,1,1,1,1,1,1,1,0,1,1,1,1,307
"94_Banana Man_clean_sample1.wav",157,1,0,1,1,1,1,1,1,0,0,1,0,0,1,0,0,0,0,1,1,1,1,0,1,217,1,1,0,1,1,1,1,1,1,0,1,1,1,0,1,1,1,1,1,1,1,1,1,1,0,0,1,1,1,0,0,1,1,1,1,1,1,0,1,1,1,0,1,1,1,1,1,1,0,1,0,0,1,0,1,1,1,0,1,1,1,0,0,0,0,1,1,1,1,1,0,1,0,1,1
"77_065. Nightcore - Ghostbusters_clean_sample1.wav",156,1,1,1,0,1,1,0,0,1,1,1,1,0,1,1,0,0,0,1,0,210,0,1,1,1,1,1,1,2,1,1,1,0,1,1,0,0,0,1,0,0,0,0,0,0,0,0,1,1,1,0,1,0,1,1,1,1,1,0,0,0,1,0,1,1,0,1,1,1,0,0,1,1,1,1,1,1,1,1,0,1,1,0,1,1,0,0,0,0,1,1,1,1,1,1,1,1,0,1,0
"15_060. My OCD (Song)_clean_sample1.wav",159,1,1,1,1,2,0,0,1,1,1,1,2189,0,1,1,1,1,1,1,1,0,1,1,1,1,1,1,1,1,1,1,1,1,1,1,1,1,1,1,1,0,1,1,1,0,1,1,0,1,0,1,1,0,1,1,0,1,1,1,1,2,1,1,1,1,1,3,1,1,1,1,1,1,0,1,1,1,1,1,1,1,1,0,1,1,1,1,1,0,2,1,0,0,1,1,1,1,1,1,1
"91_Greener_clean_sample2.wav",164,1,1,1,1,1,1,1,1,1,1,1,1,1,1,1,1,0,0,1,1,1,0,1,1,0,1,1,1,0,0,1,1,0,1,0,1,1,0,1,1,1,1,1,1,1,0,1,0,1,1,1,1,1,1,1,1,1,0,1,0,1,1,0,331,1,1,1,1,1,1,1,0,1,1,1,0,1,1,1,1,0,0,0,1,1,0,0,1,1,1,0,0,1,1,1,1,1,1,0,1
"57_Numb_clean_sample1.wav",158,1,1,0,1,1,1,1,1,0,1,1,1,1,1,1,1,1,1,1,1,0,1,1,1,1,1,0,1,0,1,1,1,0,0,1,1,0,0,1,1,0,1,1,1,0,1,1,1,1,0,1,0,1,0,1,1,1,1,1,1,0,1,1,1,1,1,1,1,0,0,1,1,0,1,1,1,1,1,1,0,0,1,0,0,1,490,1,0,0,1,1,0,1,1,0,0,1,0,1,0
"82_A Lady_clean_sample1.wav",147,0,0,0,0,0,1,0,0,0,1,0,1,0,0,0,0,0,1,0,0,0,0,1,0,1,0,1,1,0,1,0,0,1,1,0,1,0,396,1,0,0,0,0,1,0,0,0,0,1,0,0,1,0,0,0,0,1,0,1,0,1,1,1,0,1,1,0,1,1,0,0,1,0,1,0,0,0,0,0,1,1,0,1,0,0,1,0,0,0,0,1,1,1,0,1,0,1,1,0,0
"2_023. Rachel Platten - Fight Song (Official Video)_clean_sample1.wav",155,1,1,1,1,1,0,1,1,1,1,1,1,0,1,896,1,1,1,0,1,1,0,1,1,1,1,0,1,1,1,1,0,1,1,1,0,1,1,1,1,1,0,1,0,1,1,1,1,1,1,1,1,1,1,0,0,1,0,1,1,1,1,1,0,1,0,1,1,1,1,0,0,0,1,1,1,1,1,1,1,1,1,0,0,1,1,1,0,0,1,1,1,1,1,1,1,2,1,1,1
"5_002. Avicii - Wake Me Up (Official Video)_clean_sample2.wav",154,1,631,0,1,1,1,0,0,1,1,0,1,1,0,0,0,1,1,1,0,1,0,1,0,1,1,1,0,1,1,1,0,1,0,1,0,0,0,1,1,1,0,0,1,0,0,0,0,0,0,0,0,1,1,1,0,0,0,1,1,1,1,0,1,0,0,1,0,0,1,0,1,1,0,0,0,0,1,1,1,0,1,0,1,1,1,0,0,0,1,1,1,0,1,1,0,1,0,1,0
"34_The Trap_clean_sample2.wav",154,1,1,0,1,1,1,1,1,1,1,1,1,0,1,1,1,0,1,1,1,0,0,0,1,1,1,1,0,0,1,0,0,1,1,1,1,1,0,1,1,0,1,1,1,1,218,1,1,0,0,1,1,1,1,1,1,0,1,1,1,0,1,1,1,1,1,1,1,1,0,0,0,1,1,0,1,0,1,1,0,0,1,0,1,0,0,1,1,0,1,1,0,1,1,0,1,1,0,1,1
"86_019. Naughty Boy - La la la ft. Sam Smith (Official Video)_clean_sample1.wav",167,0,1,1,1,1,0,1,0,0,0,1,1,1,1,0,1,0,0,1,0,0,0,1,1,0,1,1,1,1,1,1,1,1,1,1,1,1,1,1,0,0,1,0,1,3,0,1,1,1,0,2,0,0,0,1,1,1,1,1,1,1,1,1,1,1,1,0,1,1,1,1,1,1,1,0,0,0,1,1,1,0,1,0,1,1,1,355,0,1,1,1,1,0,1,0,0,1,0,0,1
"78_026. Katy Perry - Firework (Official Music Video)_clean_sample1.wav",161,1,1,1,1,0,1,1,1,0,1,1,1,0,0,1,1,0,1,1,0,1,0,2,1,1,1,0,1,1,1,1,1,1,1,1,1,1,0,1,1,0,0,1,1,1,0,305,1,1,1,1,1,1,1,1,0,1,1,1,1,1,1,1,1,1,1,1,1,1,1,0,1,1,0,0,0,1,1,1,1,1,0,1,1,0,0,1,0,1,0,1,1,1,1,1,1,1,1,1,1
"46_032. Katy Perry - Wide Awake (Official Video)_clean_sample1.wav",163,1,1,1,1,702,1,1,1,0,1,1,1,1,1,1,1,1,0,1,1,1,1,0,1,1,1,1,1,1,1,2,0,2,1,1,1,1,0,2,1,0,1,1,0,2,1,1,1,1,2,0,1,1,5,0,1,1,1,1,1,1,1,0,1,1,1,1,1,1,1,0,1,1,1,1,1,1,1,1,1,0,1,1,1,1,1,1,1,1,1,1,1,2,1,1,1,1,2,1,1
"104_024. twenty one pilots Stressed Out [OFFICIAL VIDEO]_clean_sample1.wav",158,0,1,0,1,2,1,0,1,1,1,1,1,1,1,0,1,1,1,1,0,1,0,1,1,0,1,1,0,1,1,1,2,2,1,0,1,1,0,0,1,1,0,1,1,1,1,1,1,1,1,0,1,1,1,1,1,0,0,0,1,0,1,1,1,1,659,1,1,1,1,1,1,1,0,1,0,1,0,0,1,0,1,1,3,1,1,1,1,1,0,1,1,1,0,0,1,0,1,1,1
"26_017. David Guetta - Titanium ft. Sia (Official Video)_clean_sample1.wav",154,0,0,0,0,1,1,0,2,0,1,1,1,0,1,0,1,0,1,1,1,1,0,1,1,0,1,1,1,1,1,1,1,1,1,1,0,1,0,1,1,0,1,1,1,1,0,0,2,1,1,1,1,0,1,0,1,1,1,493,1,1,1,0,1,1,1,1,1,1,1,0,1,1,1,1,1,0,1,1,0,1,1,0,1,1,0,1,1,0,1,0,0,1,1,1,1,0,1,1,1
"11_062. Pipe Guy - HouseTranceTechno Live_clean_sample2.wav",148,1,1,0,0,1,1,1,0,0,1,1,1,0,1,1,0,1,1,1,1,0,0,0,1,0,0,0,0,1,0,0,1,1,1,1,0,0,0,0,1,1,0,0,0,0,1,0,0,1,0,0,1,0,0,1,0,0,0,1,1,1,1,0,1,1,1,1,1,0,0,1,0,0,0,0,0,0,0,1,1,0,0,1,1,0,0,0,1,0,0,1,0,1,0,1,0,0,0,0,1
"30_Cannibal_clean_sample1.wav",152,1,1,0,1,0,0,1,0,0,1,1,1,1,1,0,1,0,1,1,1,0,0,1,1,0,1,1,1,1,1,1,1,1,1,1,1,1,0,1,1,1,0,1,1,1,0,1,1,1,1,0,1,0,1,0,0,1,0,1,0,1,1,1,0,1,1,1,1,1,1,1,0,1,1,1,0,1,0,1,1,0,1,316,0,1,0,1,1,0,1,0,0,0,2,1,0,0,1,0,0
"69_066. Jessie J - Bang Bang ft. Ariana Grande, Nicki Minaj_clean_sample1.wav",151,1,1,0,1,1,1,1,0,0,1,1,1,1,1,1,1,0,0,1,0,1,1,1,1,0,1,0,1,0,1,0,1,1,0,1,0,1,0,1,0,1,1,0,1,0,1,1,0,0,1,1,1,0,0,309,1,0,0,1,1,2,1,1,0,1,0,0,1,0,0,1,0,0,0,1,0,1,1,1,0,0,1,0,1,1,1,0,0,1,1,1,1,0,1,0,0,0,0,1,0
"54_016. Taylor Swift - Blank Space_clean_sample1.wav",163,0,1,1,1,1,0,1,0,0,1,1,1,0,0,1,1,0,0,0,0,1,0,1,1,0,1,1,1,1,1,0,1,1,1,1,1,1,0,1,0,1,0,1,0,1,1,1,1,3,1,1,1,0,1,0,0,225,0,1,1,1,1,1,1,1,1,1,1,0,1,0,0,1,2,0,0,1,1,1,1,0,0,1,0,0,1,0,0,1,2,1,1,1,0,0,1,1,0,1,0
"61_045. The Black Eyed Peas - I Gotta Feeling (Official Music Video)_clean_sample2.wav",155,1,1,1,1,1,1,1,1,1,1,1,0,1,2,2,1,1,1,1,1,0,1,1,1,1,1,0,0,1,1,1,0,0,1,0,1,1,1,1,1,1,0,1,1,1,1,1,1,1,0,0,1,1,1,1,1,0,1,1,1,0,1,1,1,2,1,2,1,1,1,1,1,0,0,1,1,1,1,1,0,0,0,1,1,657,0,1,1,1,1,1,1,1,1,1,0,1,1,0,1
"103_037. Calvin Harris, Rihanna - This Is What You Came For (Official Video) ft. Rihanna_clean_sample2.wav",158,1,1,1,1,0,1,0,1,1,1,1,1,0,1,1,0,1,2,1,1,1,1,1,1,1,1,1,1,0,1,1,1,1,1,1,1,1,1,1,1,0,1,0,1,1,1,1,1,1,1,0,1,0,1,1,1,1,1,1,1,1,1,1,0,1,1,1,1,1,1,1,1,1,1,1,1,1,0,1,1,0,1,1,1,1,1,1,0,1,1,1,1,1,1,1,0,1,1,0,930
"9_034. Pitbull - Timber (Official Video) ft. Ke$ha_clean_sample2.wav",154,1,1,1,1,1,0,2,1,1,1,1,1,1,1,1,1,0,1,0,1,0,0,1,1,1,1,1,1,1,991,1,1,1,1,0,0,1,0,1,1,1,1,1,1,1,1,1,1,1,1,1,1,2,1,0,1,1,0,1,1,0,1,1,0,1,1,1,1,1,1,0,0,1,1,1,1,1,0,1,1,0,1,1,1,1,0,1,1,1,1,1,0,0,0,1,0,1,1,1,1
"27_022. Major Lazer & DJ Snake - Lean On (feat. MØ) [Official Music Video]_clean_sample2.wav",152,1,2,1,1,1,0,1,0,526,1,1,1,1,1,1,1,1,0,1,1,1,1,0,1,0,1,0,0,1,1,1,1,0,1,1,1,1,0,1,1,0,1,1,0,1,0,1,0,1,1,1,1,0,1,1,1,1,0,0,1,1,1,1,1,1,1,1,0,0,1,1,1,1,0,0,1,1,1,1,1,0,1,0,1,0,1,1,0,1,1,1,0,0,1,1,0,0,1,1,0
"58_039. OMFG - Hello_clean_sample1.wav",155,0,1,1,1,1,1,0,1,1,1,1,1,1,1,1,0,1,1,1,0,1,0,1,1,1,1,1,1,1,0,1,1,1,1,1,1,1,0,1,1,0,1,0,1,1,0,1,0,1,1,0,1,1,1,1,1,1,1,1,0,1,1,0,1,1,1,1,1,1,1,1,1,0,0,1,1,1,1,1,0,0,1,1,1,0,1,0,1,1,1,1,1,378,0,1,0,1,0,1,0
"32_086. Olly Murs - Grow Up (Official Video)_clean_sample1.wav",144,1,0,1,0,1,1,1,1,0,1,0,1,0,1,0,1,0,1,1,1,1,1,1,1,1,1,1,0,0,1,1,0,1,1,1,0,1,0,1,1,0,1,1,1,2,1,1,1,1,1,1,2,1,1,1,0,0,1,1,1,1,1,1,1,1,1,2,0,0,0,0,0,1,0,1,0,1,0,323,1,0,1,1,0,1,1,1,0,1,0,2,1,1,1,0,0,1,1,0,1
"33_076. Galantis - Firebird (Official Audio)_clean_sample2.wav",140,1,0,1,0,1,1,1,1,1,1,0,1,1,1,0,1,0,1,1,0,0,0,1,3,1,1,1,1,0,1,0,1,1,1,1,1,0,0,1,1,0,1,1,1,1,1,1,1,1,1,0,1,1,0,1,1,0,1,1,621,1,1,0,1,1,1,1,1,0,1,0,0,1,0,0,1,1,1,1,0,0,0,1,1,1,0,0,1,0,1,0,1,1,1,1,0,0,1,0,1
"66_Cruel_Summer_clean_sample1.wav",139,1,1,1,1,1,1,1,1,0,0,0,0,1,1,0,1,0,1,1,0,0,1,1,1,0,1,1,1,0,0,1,0,1,1,0,0,0,0,0,1,0,0,1,0,0,1,0,229,1,0,0,0,1,1,0,0,1,0,1,1,1,1,1,0,1,1,1,1,1,1,0,1,1,1,0,0,1,1,1,0,0,0,0,1,1,0,1,0,1,0,1,1,0,0,0,0,1,0,1,0
"19_054. Owl City - When Can I See You Again (From Wreck it Ralph)_clean_sample2.wav",144,1,1,1,1,1,1,0,1,0,1,1,1,1,1,1,1,1,1,1,1,0,1,0,1,1,1,1,1,0,1,2,1,1,1,1,2,1,0,1,1,1,0,0,1,1,1,1,1,1,1,1,1,1,1,1,1,1,1,1,1,0,1,1,0,1,1,1,1,1,815,0,1,1,1,0,1,0,1,1,0,1,1,1,0,1,1,1,0,1,0,1,1,3,1,1,1,1,1,1,1
"18_044. tony igy-stop in my mind_clean_sample1.wav",140,0,1,0,1,1,1,1,1,1,1,0,1,1,1,0,0,0,1,0,1,1,0,1,1,0,1,0,1,1,1,405,1,1,1,1,1,0,0,1,1,0,1,1,1,0,0,1,1,1,1,1,1,0,1,0,1,1,0,0,1,1,0,1,1,1,1,1,1,1,0,0,1,1,1,1,1,1,1,1,1,0,1,0,1,1,0,0,1,1,1,1,0,1,0,1,0,1,1,0,1
"81_013. Passenger  Let Her Go (Official Video)_clean_sample1.wav",142,1,1,1,1,1,0,1,1,1,0,1,1,0,1,0,0,1,1,1,1,0,0,1,1,1,2,0,0,1,1,1,0,0,0,1,1,1,0,1,1,1,0,0,0,1,0,1,1,0,1,0,1,0,0,1,1,1,0,1,1,1,206,1,1,1,1,1,1,1,0,0,1,1,1,1,1,0,1,1,1,0,1,1,1,1,1,1,0,1,1,1,0,1,1,0,1,1,1,0,1
"14_099. Sheppard Geronimo - [International Version] (Official music Video)_clean_sample2.wav",150,0,1,1,0,1,1,0,1,1,1,1,1,1,2,0,1,1,2,1,0,1,0,1,1,0,351,1,1,1,1,1,1,0,1,1,1,2,0,1,1,0,1,0,1,1,1,1,0,1,1,0,1,0,1,1,1,1,0,1,1,0,1,1,1,1,0,1,0,0,1,1,1,1,1,1,0,0,1,1,1,0,1,1,1,1,1,1,1,1,1,0,1,1,2,1,1,1,1,1,1
"93_015. Lukas Graham - 7 Years [Official Music Video]_clean_sample2.wav",146,1,1,0,1,1,1,0,1,0,0,1,1,0,1,1,1,1,1,1,1,1,1,1,1,1,1,0,0,1,1,1,0,1,1,1,1,1,0,0,1,1,1,1,1,1,1,1,1,1,953,0,1,1,1,1,1,1,0,1,1,1,1,0,1,1,0,1,1,1,1,0,0,0,0,0,0,0,1,1,0,0,0,1,0,1,0,0,0,1,1,1,1,1,0,1,0,1,1,1,1
"76_073. Lindsey Stirling - Crystallize (Dubstep Violin Original Song)_clean_sample1.wav",151,1,1,2,1,1,1,1,1,1,1,1,1,1,1,1,1,1,1,1,1,1,1,1,1,1,2,1,1,1,1,1,1,1,1,1,1,1,0,1,1,0,1,1,1,1,1,1,1,2,1,1,1,1,1,1,1,1,1,1,1,1,1,1,1,1435,2,1,1,1,1,0,1,3,0,1,0,0,1,1,2,1,1,1,1,1,0,1,1,1,1,1,1,3,1,1,1,1,1,1,1
"76_073. Lindsey Stirling - Crystallize (Dubstep Violin Original Song)_clean_sample2.wav",150,1,1,1,1,1,1,1,1,0,0,1,1,0,1,1,0,0,1,1,1,1,0,1,1,1,1,1,1,0,0,1,1,1,1,1,1,1,0,1,1,0,1,1,1,1,1,1,2,1,0,1,1,1,1,1,1,1,1,1,1,1,1,1,1,470,1,1,1,1,1,1,0,1,1,1,1,1,1,0,1,1,1,1,1,1,1,1,1,1,1,0,1,1,1,0,1,1,1,1,1
"67_090. Josh Groban - You Raise Me Up (Official Music Video) [HD Remaster]_clean_sample2.wav",152,306,1,1,1,3,1,1,1,1,1,2,1,1,1,1,0,0,0,1,1,0,0,1,1,0,1,1,1,0,0,0,0,0,1,0,1,1,0,0,1,1,1,1,0,1,1,1,0,1,1,1,0,1,1,0,1,1,1,1,1,1,0,1,1,1,0,1,0,1,1,0,1,0,1,0,1,0,1,1,1,1,0,1,1,1,0,1,0,0,0,1,0,1,1,1,0,0,1,1,1
"46_032. Katy Perry - Wide Awake (Official Video)_clean_sample2.wav",152,1,1,1,1,1407,3,1,1,0,1,1,1,1,1,1,1,1,1,1,1,1,0,1,1,1,1,1,1,2,1,0,1,1,1,1,1,1,0,2,1,0,1,0,1,1,1,1,1,1,1,1,1,1,2,1,1,1,1,1,1,1,1,1,1,1,1,1,1,1,1,0,1,1,1,1,1,1,1,1,1,1,1,1,1,1,1,1,0,1,5,1,1,1,1,3,1,1,1,1,1
"79_095. Alan Walker - Alone_clean_sample1.wav",152,1,1,0,1,1,0,0,0,1,1,1,1,1,2,1,0,0,0,1,1,1,0,0,1,1,1,0,0,0,1,1,0,1,1,0,1,1,0,1,1,0,1,1,0,1,1,0,0,0,1,1,1,1,0,0,1,0,379,0,1,0,1,0,0,1,1,1,0,0,0,0,0,0,0,1,0,0,0,1,1,0,1,1,1,1,1,1,0,1,1,0,0,1,0,0,1,1,1,0,1
"62_061. LEFT SCREEN ONLY Spot the Differences_clean_sample2.wav",150,1,1,1,0,1,1,1,1,1,1,1,1,1,1,1,1,0,1,0,0,0,0,2,1,1,0,1,0,0,1,1,1,1,1,1,1,1,0,1,1,0,0,0,1,2,1,1,1,1,1,0,1,1,1,1,1,1,1,0,1,1,1,0,1,2,1,1,0,0,1,0,1,1,1,0,1,1,1,0,373,1,1,0,0,1,0,0,0,1,1,1,1,1,1,1,0,1,1,1,1
"88_033. Fifth Harmony - Worth It (Official Video) ft. Kid Ink_clean_sample1.wav",150,1,1,0,1,1,0,0,0,1,666,0,1,1,1,1,1,1,1,1,1,0,1,1,1,0,1,1,1,0,1,0,1,1,1,1,1,1,0,1,1,1,0,1,1,1,1,0,0,1,1,0,1,1,1,1,0,1,1,1,1,1,1,0,1,1,1,1,1,1,0,0,1,1,1,1,1,1,1,1,1,1,1,1,1,1,0,1,0,1,1,1,1,1,1,1,0,1,1,1,1
"59_014. Avicii - Hey Brother (Lyric)_clean_sample2.wav",149,1,1,0,1,1,1,1,1,1,1,0,1,1,1,1,1,1,1,1,0,1,0,1,20,1,1,0,1,0,1,1,1,0,283,1,1,1,0,1,1,1,1,1,1,2,1,1,0,0,1,0,1,1,1,1,1,1,1,1,0,2,1,1,1,1,0,1,1,1,1,0,1,1,1,1,0,1,1,1,1,1,0,1,1,1,0,1,1,1,1,1,1,1,1,1,0,2,1,1,0
"33_076. Galantis - Firebird (Official Audio)_clean_sample1.wav",149,1,1,1,0,1,0,0,1,0,1,1,1,1,1,0,1,0,1,1,0,0,0,1,3,1,0,1,0,1,1,1,1,0,0,1,1,0,0,0,0,1,0,1,1,1,1,1,0,0,0,0,0,1,0,1,1,1,1,1,688,1,1,0,1,1,1,0,1,0,1,1,0,1,1,0,0,1,1,1,0,0,1,0,1,1,0,0,0,0,1,0,0,1,0,0,0,0,0,1,1
"97_075. Lindsey Stirling - Prism (Official Video)_clean_sample2.wav",149,1,1,1,0,1,1,316,1,1,0,1,1,1,0,1,1,0,0,1,1,1,1,1,0,1,0,1,1,0,1,1,1,0,1,1,1,1,0,0,1,0,0,1,1,1,0,1,1,1,1,0,1,1,0,0,0,1,1,1,0,0,1,0,1,1,1,1,1,1,1,1,0,1,0,1,0,0,0,1,1,1,1,1,0,1,1,1,0,0,1,1,1,1,1,1,0,0,1,0,1
"92_025. Fall Out Boy - Immortals (From Big Hero 6)_clean_sample2.wav",143,1,1,0,1,1,1,1,1,0,0,1,1,1,0,1,0,1,0,1,1,0,0,1,1,0,1,524,1,0,0,1,1,1,0,0,0,1,0,1,1,1,1,1,1,0,0,1,1,1,0,1,1,0,0,0,1,1,1,1,0,1,1,0,1,1,0,2,1,1,1,1,0,0,0,1,1,0,1,1,1,0,0,1,1,1,1,0,1,1,0,1,1,1,1,1,0,1,1,1,0
"83_004. Katy Perry - Roar_clean_sample1.wav",144,1,1,1,0,1,1,1,1,0,1,0,0,1,1,1,0,1,1,1,0,1,1,0,1,1,1,1,0,1,1,1,1,1,1,1,0,1,1,1,1,0,1,0,1,1,1,1,1,1,1,1,0,0,1,1,675,2,1,1,1,0,1,1,1,1,1,1,1,0,1,1,0,1,1,1,1,1,0,1,0,0,1,0,1,0,0,0,1,0,1,1,1,1,1,1,0,1,1,1,1
"63_087. Anaconda - Nicki Minaj  The Fitness Marshall  Dance Workout_clean_sample1.wav",144,1,1,1,1,1,0,1,1,1,1,1,1,1,0,0,0,1,1,1,0,1,0,1,1,1,1,0,0,1,1,1,1,1,1,1,1,1,0,1,1,1,0,1,1,1,1,1,0,1,1,1,1,1,1,1,0,1,1,1,1,0,1,1,1,1,0,1,1,0,1,0,0,1,1,0,1,0,252,1,1,0,0,0,1,1,1,1,1,0,1,1,1,0,1,1,1,1,1,1,1
"16_038. P!nk - Just Give Me A Reason ft. Nate Ruess_clean_sample1.wav",141,1,1,0,1,1,1,0,0,1,0,1,1,1,0,1,0,1,0,1,0,0,1,1,1,1,1,1,0,1,0,1,1,1,1,0,1,1,0,1,1,0,0,1,1,1,0,1,1,1,1,0,1,1,1,2,1,1,0,1,0,1,1,1,0,1,0,0,1,1,1,1,1,251,0,1,1,1,1,1,1,0,1,1,0,1,0,1,1,1,0,0,1,1,0,1,1,1,1,1,1
"95_053. Avicii - Hey Brother_clean_sample1.wav",140,1,1,1,1,1,0,1,1,1,1,1,1,1,1,1,0,1,0,0,1,1,0,1,315,1,1,0,0,0,1,1,1,1,55,1,1,1,0,1,1,0,1,0,2,1,1,1,1,1,1,1,1,1,2,1,1,0,1,1,1,0,1,0,1,1,1,1,1,1,1,0,1,1,0,1,0,1,0,1,1,1,1,1,1,1,1,1,0,1,1,1,1,1,1,1,0,1,0,1,1
"11_062. Pipe Guy - HouseTranceTechno Live_clean_sample1.wav",141,1,1,0,0,1,0,1,0,0,1,1,1,0,1,0,0,1,0,1,0,1,0,0,1,1,1,1,0,0,1,1,0,1,0,1,1,1,0,0,1,0,0,1,0,2,0,1,1,0,0,1,1,1,1,0,1,0,0,0,1,0,0,0,0,2,0,1,1,1,1,1,0,0,1,0,1,0,1,1,0,1,1,1,1,1,0,1,0,1,0,0,1,1,1,1,1,1,1,1,1
"22_094. Harry Potter Puppet Pals - The Mysterious Ticking Noise (Video With Lyrics)_clean_sample1.wav",154,1,0,0,1,1,1,1,0,0,1,1,1,1,0,1,0,1,1,1,0,1,0,0,0,0,0,0,0,0,0,1,1,0,0,1,1,0,0,0,0,0,1,0,1,0,0,1,0,0,0,1,0,1,0,1,0,1,1,0,1,0,1,0,0,0,0,1,0,1,1,0,1,1,1,0,1,0,0,0,1,163,1,0,0,1,0,0,0,1,1,1,0,0,1,1,0,1,1,0,1
"45_005. OneRepublic - Counting Stars_clean_sample1.wav",138,1,1,0,1,1,1,1,1,0,1,1,1,1,1,1,1,1,1,1,1,0,1,1,1,0,1,1,1,1,1,1,3,1,1,1,1,1,0,1,1,1,0,1,1,0,1,0,0,1,1,1,0,1,1,1,1,0,0,1,1,1,1,0,1,1,1,0,680,1,1,1,1,1,1,1,0,1,1,0,0,0,1,1,1,1,1,1,0,1,1,1,0,1,1,1,1,1,1,1,3
"13_030. Maroon 5 - Animals_clean_sample2.wav",134,1,1,1,0,1,1,1,1,1,1,1,0,1,1,1,1,1,1,1,0,0,1,1,0,0,1,1,1,0,1,0,1,1,0,1,1,1,0,0,745,1,1,1,0,1,1,1,1,1,1,1,1,1,1,1,1,1,0,1,1,1,0,0,1,0,1,1,1,1,1,1,1,0,1,0,0,1,1,1,1,0,1,0,2,1,1,1,1,1,0,1,1,1,1,1,1,1,1,1,1
"5_002. Avicii - Wake Me Up (Official Video)_clean_sample1.wav",135,0,481,0,0,1,0,1,1,0,1,1,1,0,0,1,0,1,0,1,1,0,1,0,1,1,1,1,1,1,0,1,1,0,1,1,1,1,0,1,1,1,1,1,1,1,1,1,1,1,1,1,0,0,0,1,1,1,1,1,1,0,1,0,0,2,1,1,1,1,1,0,1,0,0,0,0,0,1,1,0,0,1,0,1,1,1,1,0,0,0,0,0,0,1,1,1,1,1,2,1
"63_087. Anaconda - Nicki Minaj  The Fitness Marshall  Dance Workout_clean_sample2.wav",134,1,1,1,1,1,0,1,1,1,1,0,1,1,1,1,1,1,1,0,0,1,1,1,0,1,1,1,1,0,1,1,1,0,1,1,0,1,0,1,1,0,1,1,1,1,0,0,1,1,0,1,1,1,1,1,1,2,0,0,1,1,0,1,1,2,1,1,1,1,1,0,1,1,1,0,0,1,414,1,1,0,1,1,0,1,1,1,0,1,1,0,0,1,1,1,0,1,1,1,1
"85_011. Martin Garrix - Animals (Official Video)_clean_sample1.wav",137,1,1,1,1,0,1,1,1,1,0,0,1,146,0,1,1,1,1,1,1,1,0,1,0,1,1,1,0,1,1,1,1,0,1,0,1,1,0,0,1,1,0,0,0,1,1,1,1,1,1,1,0,1,1,1,1,1,1,0,1,1,1,1,0,1,0,1,1,1,0,0,1,1,0,0,1,1,3,1,1,0,1,0,0,1,0,1,1,1,1,1,0,1,1,0,0,0,2,1,1
"89_091. Faster Car - Anders Lystell feat. Kaliber [EPIDEMIC SOUND] (Lyrics)_clean_sample2.wav",132,1,1,1,1,1,1,1,1,1,1,0,1,0,0,0,1,1,0,1,0,0,1,1,0,0,0,1,1,1,1,1,1,0,0,1,0,1,1,2,1,1,1,0,1,1,0,1,1,0,1,0,248,1,1,1,1,0,1,0,0,1,1,1,1,1,1,1,1,1,0,1,1,0,1,0,1,1,0,1,1,1,0,1,1,1,0,0,1,1,1,0,1,1,0,0,0,0,0,1,1
"58_039. OMFG - Hello_clean_sample2.wav",139,0,1,0,1,1,1,0,0,1,1,1,1,1,1,1,1,1,1,1,1,0,0,1,1,0,1,0,1,0,1,1,1,1,1,1,1,1,0,1,1,0,1,1,1,1,0,1,0,1,1,1,0,1,1,1,1,1,1,1,1,0,1,2,1,3,1,2,1,1,1,0,1,1,1,1,1,1,0,1,0,0,1,1,1,0,1,1,0,1,1,1,1,352,1,0,0,1,1,1,2
"96_089. American Boy by Estelle and Kanye West_clean_sample1.wav",133,1,1,2,1,1,1,0,1,1,0,1,1,0,1,1,1,1,0,1,0,1,0,0,1,0,1,0,0,0,1,1,0,0,1,1,1,1,0,1,0,0,1,0,1,0,1,0,1,0,1,0,0,1,1,1,0,0,0,1,1,1,1,1,1,1,1,1,0,0,1,0,1,0,0,1,1,0,1,1,0,0,1,1,0,1,1,1,0,0,0,1,0,0,1,1,1,0,257,0,1
"67_090. Josh Groban - You Raise Me Up (Official Music Video) [HD Remaster]_clean_sample1.wav",132,544,1,0,0,1,1,1,0,0,1,0,1,0,0,1,1,0,0,1,1,0,1,0,0,1,1,0,1,1,0,0,0,1,0,0,0,1,0,1,1,0,1,0,0,1,1,1,0,1,1,1,1,0,1,1,1,1,1,1,1,1,1,0,1,2,1,0,1,0,1,0,1,1,0,0,0,1,0,1,1,0,1,1,0,1,1,0,1,1,1,1,1,1,1,1,1,1,1,1,1
"0_096. Nightcore - Mad World_clean_sample1.wav",139,1,2,1,1,1,1,1,1,1,1,0,0,1,1,1,1,1,0,1,699,0,0,1,1,1,1,1,1,1,1,1,1,1,0,0,1,0,0,0,1,0,1,0,1,1,1,1,1,1,1,0,1,1,1,1,0,1,0,1,1,1,1,1,0,1,1,1,1,1,1,0,1,0,1,1,1,1,0,1,1,0,0,0,1,1,1,1,0,1,1,0,0,1,0,1,1,1,1,1,1
"105_101. Yann Tiersen - Comptine d`un autre ete - l`apres-midi_clean_sample2.wav",131,0,0,1,1,1,0,0,1,0,1,1,0,0,1,2,1,1,1,1,0,1,0,1,1,0,1,0,1,1,1,1,1,1,1,1,1,1,0,0,1,0,0,0,0,1,0,0,1,0,0,0,0,1,1,1,0,1,1,0,0,0,1,2,0,1,1,1,1,1,2,157,1,1,1,1,1,0,1,0,0,0,1,1,0,0,0,1,0,0,1,2,2,0,0,0,0,1,0,0,0
"31_058. Rub Some Bacon on It_clean_sample1.wav",138,1,1,1,1,1,1,1,1,0,1,1,1,1,1,1,1,1,0,1,0,1,1,0,1,1,1,1,1,1,0,1,0,484,1,1,1,0,1,1,0,0,1,1,0,1,1,1,0,1,1,1,1,0,1,1,1,2,2,0,1,1,1,0,1,0,1,1,1,1,1,0,0,1,1,1,1,1,0,1,1,1,1,1,1,1,1,1,0,1,1,3,2,1,1,1,0,1,1,1,0
"90_064. Eurythmics, Annie Lennox, Dave Stewart - Sweet Dreams (Are Made Of This) (Official Video)_clean_sample1.wav",136,0,0,0,1,1,1,1,1,0,0,0,2,2,1,0,1,0,1,1,1,1,0,1,1,1,1,0,1,1,1,1,0,1,1,1,1,1,1,1,1,0,1,1,1,1,0,1,1,1,0,1,1,1,1,1,1,1,1,1,1,1,1,1,1,1,1,1,1,1,1,0,1,1,0,1,1,0,1,1,1,0,1,1,1,1,1,1,0,243,0,1,1,1,0,1,0,1,1,1,0
"84_001. Anna Kendrick - Cups_clean_sample1.wav",134,0,1,1,1,1,0,1,378,1,0,1,1,1,0,1,1,1,1,1,1,0,0,1,1,1,1,1,1,2,2,0,0,0,1,1,0,1,0,1,1,0,1,0,1,1,1,0,1,0,1,0,1,0,1,0,1,1,1,0,1,1,1,1,1,1,1,1,1,1,1,0,1,1,1,1,1,1,1,1,1,1,1,1,1,1,0,1,0,1,1,1,1,1,1,1,1,1,1,1,0
"83_004. Katy Perry - Roar_clean_sample2.wav",136,0,0,0,0,1,0,0,0,0,1,1,1,1,0,0,1,0,0,1,0,0,1,0,1,0,1,1,0,1,0,0,0,0,0,0,1,1,0,0,1,1,0,1,0,0,1,0,0,1,0,1,1,1,1,0,89,1,1,0,1,0,1,0,0,1,0,1,1,0,0,0,0,0,0,1,1,0,0,0,1,1,1,1,0,1,0,1,1,1,1,1,1,0,1,1,0,0,0,0,1
"74_029. David Guetta - Hey Mama (Official Video) ft Nicki Minaj, Bebe Rexha & Afrojack_clean_sample1.wav",139,0,0,0,1,1,1,0,1,1,1,1,1,1,1,1,1,1,1,1,1,0,0,1,1,1,1,1,0,1,1,1,1,0,1,1,1,1,0,1,1,1,0,2,1,1,0,1,1,0,0,1,1,1,1,0,1,0,1,1,0,0,1,1,1,0,0,1,1,1,1,1,1,1,1,1,1,1,1,0,0,0,1,1,1,1,1,1,1,0,1,1,495,1,1,1,1,1,1,0,1
"87_079. twenty one pilots Heathens (from Suicide Squad The Album) [OFFICIAL VIDEO]_clean_sample2.wav",138,1,1,1,0,1,0,1,0,0,1,1,1,1,1,1,1,1,0,1,0,1,1,1,1,0,1,0,1,0,1,1,1,0,1,0,1,1,0,1,1,0,0,1,0,1,1,0,0,1,0,1,0,1,0,0,0,1,1,0,0,1,1,0,0,3,0,1,0,1,1,3,0,1,1,481,1,0,0,1,0,1,1,1,1,1,1,1,1,1,1,1,3,0,1,0,0,1,1,0,1
"81_013. Passenger  Let Her Go (Official Video)_clean_sample2.wav",140,0,1,1,1,1,1,1,1,1,1,0,0,1,1,1,1,1,0,1,1,1,1,1,1,0,1,1,2,1,1,1,1,0,1,1,1,1,0,0,1,1,1,1,0,1,1,0,0,1,1,1,0,0,2,1,1,1,0,1,1,1,773,0,1,1,1,2,1,1,1,1,1,1,1,1,1,1,1,0,1,0,1,1,0,1,0,1,0,1,1,1,0,0,0,1,1,0,0,0,1
"102_018. Shawn Mendes - Stitches (Official Music Video)_clean_sample1.wav",133,0,1,1,0,1,1,0,0,0,1,435,1,1,1,0,1,1,0,1,1,0,0,0,0,0,0,1,1,0,1,1,1,1,1,1,0,1,0,0,0,0,1,1,1,0,1,1,0,1,1,1,0,1,1,0,1,1,0,1,1,1,1,1,1,1,1,1,0,0,0,0,0,0,1,0,1,0,0,0,2,0,1,0,0,0,0,0,1,0,1,1,1,0,1,1,0,1,1,1,1
"102_018. Shawn Mendes - Stitches (Official Music Video)_clean_sample2.wav",134,1,1,0,1,1,1,1,1,0,0,195,0,0,1,0,0,1,0,0,1,0,0,1,1,0,0,0,1,0,1,0,0,0,0,1,0,1,0,1,0,1,1,0,1,1,0,1,0,1,0,1,0,1,0,1,1,0,1,0,1,1,1,0,1,1,0,1,1,1,0,0,1,0,0,0,1,0,0,1,0,0,0,0,0,0,0,1,0,1,0,1,1,0,1,0,0,0,1,1,0
"40_052. Lindsey Stirling - Moon Trance (Official Music Video)_clean_sample2.wav",144,1,1,1,1,0,2,1,0,1,1,1,1,1,1,1,1,1,1,1162,1,0,1,1,1,0,1,1,1,0,0,1,1,2,1,1,1,0,1,1,1,0,1,1,1,1,1,1,0,1,1,0,0,1,1,1,0,0,1,1,1,0,1,1,1,1,1,4,1,1,0,2,1,1,1,1,1,1,1,1,0,0,1,0,1,1,1,1,1,1,1,1,1,1,1,0,1,2,1,1,1
"6_043. Wintergatan - Marble Machine (music instrument using 2000 marbles)_clean_sample1.wav",135,0,1,1,0,1,1,1,1,0,1,0,1,0,335,0,0,1,1,1,1,1,0,1,1,1,1,0,1,1,1,1,0,1,1,0,1,0,0,1,1,1,0,0,1,1,1,1,1,1,1,0,1,1,1,1,1,1,0,1,1,1,1,0,0,1,1,1,0,0,1,1,1,0,0,1,1,0,1,1,0,0,1,1,1,1,0,0,0,1,1,1,1,0,1,0,0,1,0,1,1
"48_027. MAGIC! - Rude (Official Video)_clean_sample1.wav",136,1,1,1,1,1,1,1,1,0,1,1,1,1,1,1,0,2,1,1,1,1,0,0,1,1,1,1,1,1,1,1,1,1,1,2,1,405,0,0,1,0,1,1,0,1,1,0,1,1,1,1,1,1,1,1,1,1,1,1,1,1,1,1,1,1,1,1,1,1,1,1,1,1,0,1,1,2,0,1,1,0,1,0,1,2,1,1,1,1,5,1,0,1,1,0,0,0,1,0,1
"14_099. Sheppard Geronimo - [International Version] (Official music Video)_clean_sample1.wav",133,1,1,1,0,1,1,0,1,0,1,0,1,0,1,1,1,1,0,1,0,0,0,1,1,1,411,1,1,1,0,1,1,1,2,1,1,1,0,1,0,0,1,0,1,2,1,1,1,1,1,1,1,0,1,1,1,0,0,1,1,1,1,1,1,0,1,1,1,1,1,0,2,1,1,0,0,1,0,1,1,0,0,1,2,1,1,1,0,1,1,1,1,1,1,0,0,1,1,1,1
"41_The Bidding_clean_sample2.wav",132,1,0,0,1,1,0,1,0,0,1,1,1,0,1,0,0,1,1,1,0,1,0,1,1,1,1,1,1,0,1,0,1,1,1,1,1,0,0,1,1,0,1,1,0,1,1,1,0,0,1,1,0,1,0,1,0,0,1,1,1,1,1,1,0,1,0,1,1,0,1,0,0,1,1,0,1,1,0,0,0,0,0,1,1,0,1,0,1,0,1,1,1,1,1,0,436,1,1,1,0
"0_096. Nightcore - Mad World_clean_sample2.wav",142,1,0,0,0,1,1,1,1,1,1,1,1,0,1,0,1,1,0,1,583,0,0,1,1,0,1,1,1,1,1,1,1,1,1,1,1,1,0,1,1,0,1,1,0,1,1,1,1,1,0,1,1,1,1,1,1,0,0,1,1,1,1,1,1,1,1,1,1,1,1,0,1,0,0,0,0,0,1,1,0,0,1,0,0,1,1,1,1,1,1,0,1,1,1,1,1,1,1,1,0
"101_070. Eminence - Knock Me Out (feat. Anna Cyzon) [Monstercat Official Music Video]_clean_sample2.wav",142,1,1,1,0,1,0,1,0,1,1,1,1,1,0,1,0,1,1,1,0,0,1,1,1,1,1,0,1,0,1,1,185,0,1,1,0,0,1,1,0,0,0,0,1,1,1,0,1,1,0,1,0,1,1,1,1,0,0,1,1,1,1,1,0,1,1,1,1,2,0,0,0,0,0,1,0,0,1,1,0,0,1,1,1,1,0,0,1,1,0,1,0,1,1,1,0,0,0,0,1
"9_034. Pitbull - Timber (Official Video) ft. Ke$ha_clean_sample1.wav",141,1,1,1,0,0,1,0,1,1,1,0,1,1,1,0,1,1,0,1,0,1,0,1,1,1,1,0,1,0,447,1,1,1,0,0,1,1,0,1,1,0,1,1,0,0,1,1,1,1,1,1,1,1,1,1,1,1,0,0,1,1,1,0,1,0,0,1,1,0,1,0,0,1,1,1,0,1,1,1,0,0,0,0,1,1,1,1,0,1,1,1,1,1,1,1,0,1,0,1,0
"7_092. Harry Potter Medley on Marimba_clean_sample1.wav",135,1,1,142,1,0,0,1,1,1,1,1,1,0,1,1,1,0,1,2,0,0,1,1,1,0,1,0,1,1,1,0,1,1,0,0,0,0,0,0,1,0,1,1,0,1,1,0,1,1,1,1,0,1,1,0,0,1,1,0,2,0,0,1,1,0,1,0,1,0,1,1,0,1,1,1,0,1,0,1,0,0,0,0,1,1,1,0,1,0,1,0,0,0,1,0,1,1,0,1,0
"43_098. Nightcore~ The Wolf_clean_sample2.wav",140,1,1,1,1,10,1,1,1,1,1,1,1,1,1,1,1,0,1,1,1,1,0,1,1,1,1,0,1,1,1,1,1,1,1,1,1,1,0,0,1,0,1,0,0,1,1,1,0,1,1,1,1,1,1,0,1,1,1,0,1,1,1,0,1,1,0,1,1,1,1,1,1,1,1,1,1,1,1,1,0,1,1,0,1,0,0,1,1,1,1,1,0,1,1,893,0,1,1,1,1
"104_024. twenty one pilots Stressed Out [OFFICIAL VIDEO]_clean_sample2.wav",138,1,1,1,1,1,1,1,1,1,1,1,1,1,0,1,1,1,2,1,1,1,0,1,1,1,0,0,1,1,1,1,1,1,0,1,1,0,0,0,1,1,0,1,1,1,1,1,2,1,1,1,1,1,0,1,1,1,1,1,1,0,1,0,1,1,1048,1,1,1,1,1,1,1,1,1,0,1,1,1,1,1,1,0,0,1,1,1,0,0,1,1,1,1,0,0,0,1,1,1,1
"97_075. Lindsey Stirling - Prism (Official Video)_clean_sample1.wav",142,1,1,0,1,0,1,553,0,1,0,1,1,0,1,0,1,0,0,1,0,1,1,1,1,1,1,0,1,0,1,0,1,1,1,1,1,1,0,0,1,0,0,0,1,0,0,0,1,1,1,1,1,0,0,1,0,0,1,1,1,0,0,1,1,1,0,1,0,1,1,0,1,0,0,1,0,1,1,1,1,0,0,1,0,1,2,1,0,1,1,1,1,0,1,1,0,1,1,1,0
"105_101. Yann Tiersen - Comptine d`un autre ete - l`apres-midi_clean_sample1.wav",141,0,1,1,0,0,1,0,1,0,1,1,0,0,1,1,1,1,1,1,0,1,1,1,1,0,1,0,1,0,0,1,1,1,1,1,1,1,1,0,3,0,0,1,1,1,1,0,0,0,1,0,0,0,1,0,0,1,1,0,1,1,1,0,1,1,0,1,0,1,1,187,1,1,1,2,1,0,1,1,0,1,0,1,1,0,1,1,0,0,0,1,1,0,0,0,0,0,1,0,1
"77_065. Nightcore - Ghostbusters_clean_sample2.wav",138,0,1,1,0,1,0,1,1,1,1,1,2,1,1,1,1,0,1,0,1,184,1,0,1,0,1,1,0,1,1,1,1,1,1,1,0,1,0,1,0,0,0,0,0,1,1,1,1,1,1,0,1,1,1,1,1,0,1,1,0,1,1,1,0,1,1,1,0,1,1,0,1,0,0,0,1,0,0,1,1,0,0,0,0,1,1,0,0,1,0,1,1,1,0,0,0,0,0,1,1
"44_Sacred Beast_clean_sample1.wav",140,1,1,0,0,1,1,0,1,1,1,0,2,1,1,1,1,0,1,1,1,1,1,0,1,0,1,1,0,1,0,1,1,1,0,1,0,1,0,1,1,1,1,1,1,1,1,1,1,1,1,0,1,1,1,1,1,1,1,1,0,1,1,1,2,1,0,1,1,1,1,1,1,0,1,1,1,876,1,1,0,1,1,3,1,1,0,1,1,0,1,1,1,1,1,1,0,1,1,0,1
"68_055. Madness - Our House (Official 4K Video)_clean_sample1.wav",142,0,1,1,1,1,0,1,1,2,1,1,0,1,1,0,1,1,0,1,1,1,0,1,1,1,1,1,1,1,1,0,0,1,1,1,1,1,0,1,1,0,0,1,1,1,0,1,1,0,1,1,1,1,1,1,1,1,1,1,0,1,1,0,1,1,1,1,1,1,1,0,1,1,0,0,0,1,0,1,1,0,981,1,1,1,1,1,1,0,1,1,1,1,1,1,1,1,1,1,1
"29_010. Katy Perry - Part Of Me (Official)_clean_sample2.wav",141,1,2,1,399,0,1,1,1,1,1,1,1,1,1,1,1,1,1,0,1,1,0,1,1,1,2,1,0,1,1,1,1,1,1,1,1,1,0,1,0,1,1,1,0,1,1,1,1,0,0,1,1,0,1,1,0,1,1,1,1,0,1,1,1,1,3,1,1,1,1,1,0,1,1,0,0,0,1,0,1,1,1,1,0,1,0,1,1,1,1,0,1,1,1,1,0,1,0,1,1
"88_033. Fifth Harmony - Worth It (Official Video) ft. Kid Ink_clean_sample2.wav",141,1,1,0,1,1,2,0,1,1,229,1,1,1,1,1,1,1,1,1,0,1,0,1,1,1,1,1,1,1,1,1,0,1,1,0,1,1,0,1,1,1,1,1,1,1,0,1,0,1,1,0,1,1,1,1,1,0,0,0,0,1,1,0,1,1,1,1,0,1,0,0,1,0,0,1,0,1,1,2,1,0,1,1,1,0,1,1,1,1,1,0,0,0,1,1,1,1,1,1,0
"35_036. Fall Out Boy - Centuries (Official Video)_clean_sample2.wav",137,1,1,1,1,1,0,1,1,0,1,1,1,0,1,1,0,0,1,3,1,1,0,1,1,1,1,1,0,0,0,1,0,0,1,651,1,1,0,0,0,0,0,0,0,1,1,0,0,1,1,1,1,1,1,1,0,0,1,1,0,1,1,1,1,1,1,1,1,1,1,0,0,1,0,1,0,1,1,1,1,0,1,1,1,1,0,1,0,1,0,1,0,2,1,1,1,1,1,1,1
"53_102. What_clean_sample2.wav",139,1,1,1,3,1,1,0,0,0,0,1,2,0,1,1,1,1,0,1,0,1,0,1,0,1,1,0,1,0,1,1,1,1,1,0,1,1,0,1,1,1,1,1,1,1,1,1,0,1,1,0,1,0,0,1,0,1,1,0,1,361,1,1,1,1,1,1,1,1,1,0,1,1,0,0,0,1,0,1,1,0,1,1,1,0,1,1,1,1,1,1,2,1,1,1,0,1,0,1,1
"90_064. Eurythmics, Annie Lennox, Dave Stewart - Sweet Dreams (Are Made Of This) (Official Video)_clean_sample2.wav",139,0,0,0,1,1,1,0,1,0,1,1,0,1,0,1,1,0,1,1,1,1,0,0,1,0,0,0,0,0,1,1,0,0,0,1,1,0,0,1,1,1,1,1,1,1,0,1,1,1,1,1,1,1,1,1,1,1,2,1,1,1,1,1,1,1,0,1,1,1,1,0,1,0,0,0,0,0,0,1,1,0,1,1,1,1,1,1,1,547,1,1,0,1,1,1,1,0,0,1,1
"93_015. Lukas Graham - 7 Years [Official Music Video]_clean_sample1.wav",137,1,1,1,0,1,1,0,0,2,1,1,1,0,2,1,1,1,1,1,1,1,1,1,1,1,1,1,1,0,0,1,0,2,1,1,0,1,0,1,0,1,1,0,1,1,1,1,0,1,322,1,0,1,1,0,1,0,1,1,1,0,1,0,0,1,1,1,1,0,1,1,1,0,1,0,1,1,0,1,0,0,1,0,3,0,1,1,1,1,1,1,1,1,1,1,0,0,1,0,1
"38_082. Smoke and Mirrors_clean_sample2.wav",132,1,1,1,1,0,1,1,1,1,1,1,1,0,1,0,1,0,1,1,0,0,0,1,1,0,1,1,0,0,1,0,0,1,1,1,1,1,0,1,1,0,1,0,0,1,1,0,0,291,3,1,0,1,0,1,0,1,0,1,1,0,1,1,1,1,1,1,0,1,1,0,1,1,1,1,1,1,1,1,1,0,0,1,1,1,1,1,0,1,0,1,1,1,0,1,1,0,0,1,0
"23_048. Pharrell Williams - Happy (Official Music Video)_clean_sample1.wav",136,1,0,2,1,6,0,1,1,1,1,1,4,1,0,1,1,1,1,1,1,1,1,1,1,0,1,1,1,0,1,1,1,1,1,1,1,1,0,1,0,1,1,1,1,1,1,1,0,1,1,1,1,0,7,0,1,2,1,0,1,1,1,1,1,1,1,1,1,1,1,0,1,0,1,1,1,1,1,2,1,0,1,2,1,2,1,1,1,1,1042,1,1,1,1,2,1,1,1,1,1
"28_074. American Authors - Best Day Of My Life_clean_sample2.wav",134,1,1,1,1,1,1,0,0,1,0,1,0,1,1,0,0,400,1,1,0,1,0,0,1,0,1,1,0,1,1,1,0,1,1,1,1,1,0,1,1,0,1,1,1,1,1,1,1,1,1,0,0,1,0,0,1,0,1,1,0,0,1,0,0,1,1,1,1,1,1,0,1,0,0,0,1,1,0,1,0,1,1,1,0,1,1,0,1,1,1,1,0,1,1,1,1,0,1,1,0
"28_074. American Authors - Best Day Of My Life_clean_sample1.wav",133,1,1,1,1,1,0,1,1,1,1,0,1,0,1,1,0,205,0,1,0,0,1,1,0,1,0,1,1,1,0,1,0,0,1,0,1,1,1,1,0,0,1,1,1,0,1,0,0,1,1,1,1,0,1,1,1,1,0,1,1,1,1,0,1,1,1,1,1,0,1,1,0,0,0,1,1,0,0,1,0,0,1,1,1,1,1,0,0,1,1,1,1,1,1,0,1,1,1,1,1
"18_044. tony igy-stop in my mind_clean_sample2.wav",129,1,1,1,1,0,0,1,1,1,1,1,0,0,0,1,0,0,0,1,0,0,0,1,1,0,1,0,1,1,0,116,0,0,1,0,0,0,0,0,0,0,1,0,0,1,0,0,0,0,0,1,1,1,1,0,0,1,1,1,0,1,1,1,0,0,0,0,1,1,1,0,1,0,0,0,0,1,1,1,1,1,1,1,1,2,0,0,0,1,1,1,0,1,1,0,0,0,1,1,1
"44_Sacred Beast_clean_sample2.wav",129,1,1,0,1,1,1,0,1,1,1,0,1,1,1,0,1,0,1,1,0,1,1,1,1,1,1,1,0,1,1,1,1,1,1,1,1,1,0,1,1,0,1,0,1,1,1,1,1,1,1,1,1,1,1,1,1,1,1,1,1,1,1,1,1,1,1,2,1,1,1,1,1,0,0,1,1,377,0,1,1,0,1,1,1,1,1,1,1,1,1,1,0,1,0,1,0,1,1,1,1
"50_006. Wiz Khalifa - See You Again ft. Charlie Puth [Official Video] Furious 7 Soundtrack_clean_sample2.wav",129,1,1,1,1,1,1,1,1,1,1,1,1,0,1,1,1,1,0,1,1,1,1,1,1,1,1,1,1,1,1,1,0,1,1,1,1,1,1,1,1,1,1,0,1,1,1,1,1,1,1,1,1,1,582,1,1,2,1,1,1,1,2,1,1,1,1,1,1,1,1,0,1,0,1,2,0,2,1,1,0,1,1,1,1,0,1,1,1,1,4,1,1,1,1,3,0,1,1,1,1
"49_050. Carly Rae Jepsen - I Really Like You_clean_sample1.wav",129,1,1,1,1,1,1,1,0,0,1,1,1,1,1,1,1,0,1,1,0,1,0,1,1,1,2,0,1,0,1,0,0,1,1,1,1,1,0,1,0,1,1,0,1,1,1,1,0,1,0,1,1,1,0,1,1,0,0,1,1,1,1,1,1,1,0,0,0,0,1,0,1,0,1,0,1,1,1,0,0,1,0,0,370,1,1,1,0,1,0,1,0,1,0,1,0,0,0,1,1
"37_063. Bastille - Pompeii (Official Music Video)_clean_sample1.wav",131,1,1,1,1,1,1,1,1,0,1,1,1,1,1,0,1,1,1,1,1,0,1,497,1,1,1,1,1,1,1,1,1,1,1,0,1,1,1,1,1,1,1,0,1,1,1,1,1,1,1,0,1,1,1,1,1,2,0,0,1,1,1,1,1,1,0,1,1,0,1,0,1,1,1,1,1,1,0,1,1,0,1,0,1,1,1,1,1,0,1,1,1,0,1,1,0,1,1,1,1
"74_029. David Guetta - Hey Mama (Official Video) ft Nicki Minaj, Bebe Rexha & Afrojack_clean_sample2.wav",133,0,1,1,1,1,1,1,1,1,1,1,1,0,1,2,0,1,1,1,1,0,1,1,1,1,2,1,0,0,1,0,1,0,1,1,1,1,0,0,1,0,1,1,1,0,1,1,0,1,1,1,1,0,0,2,1,1,0,0,1,1,0,1,1,1,1,1,0,1,1,0,1,0,1,1,1,0,1,1,1,1,0,1,0,1,1,1,1,1,0,1,367,0,1,1,0,1,1,1,1
"4_003. Lorde - Royals (US Version)_clean_sample2.wav",131,0,1,1,1,1,0,0,1,1,0,1,1,1,1,0,1,1,232,1,1,1,0,1,1,0,0,1,1,0,1,2,1,0,1,1,1,2,0,1,1,1,1,0,1,1,1,1,1,1,1,1,1,1,1,1,1,0,0,1,1,1,1,1,1,1,1,0,1,1,0,1,0,1,1,0,0,1,1,1,1,0,1,1,0,1,0,0,1,0,1,1,1,1,0,1,0,1,0,1,1
"29_010. Katy Perry - Part Of Me (Official)_clean_sample1.wav",132,0,1,0,240,0,1,1,1,1,0,1,1,1,1,1,1,1,1,1,1,1,0,1,1,1,1,1,0,1,0,1,1,1,1,0,1,1,0,1,1,0,0,1,1,1,0,1,0,1,0,0,0,1,1,1,1,1,1,1,1,1,1,0,0,1,1,0,0,0,1,1,1,0,1,1,0,0,1,1,1,0,1,1,1,1,1,0,1,1,1,0,1,0,1,1,0,1,1,1,1
"42_046. Meghan Trainor - NO_clean_sample2.wav",132,1,1,1,1,1,1,1,1,0,1,1,0,0,1,0,0,0,1,0,0,1,0,1,1,1,0,1,161,1,1,0,0,1,1,0,1,1,1,0,1,0,0,0,0,0,1,1,1,1,0,1,1,1,1,0,1,0,1,1,0,1,1,1,1,1,1,1,1,1,1,0,1,1,0,1,1,1,1,1,0,0,1,1,1,1,1,1,0,1,1,1,0,1,1,1,1,1,1,1,1
"2_023. Rachel Platten - Fight Song (Official Video)_clean_sample2.wav",132,1,1,0,1,1,0,1,1,1,0,1,0,1,0,460,0,1,0,1,1,1,0,1,1,1,1,1,0,0,1,1,0,1,1,0,1,1,1,0,1,0,1,1,1,1,0,1,1,1,1,1,0,1,1,1,1,1,0,1,1,1,1,1,1,1,1,1,1,1,1,0,1,1,0,1,1,1,1,0,0,0,1,1,1,1,1,0,0,0,1,1,2,0,0,0,1,0,1,1,0
"49_050. Carly Rae Jepsen - I Really Like You_clean_sample2.wav",131,1,1,1,1,1,1,1,0,1,0,0,1,1,1,1,1,1,1,1,1,1,0,1,1,1,0,1,1,1,1,1,1,1,1,1,1,1,0,0,1,0,1,1,1,0,1,1,1,1,1,1,1,1,1,1,1,1,1,1,1,0,1,1,1,1,1,1,1,0,1,1,1,0,1,1,0,0,1,0,1,0,1,1,308,1,0,1,1,1,1,1,0,1,1,1,0,0,0,1,1
"36_072. Jessie J - Price Tag ft. B.o.B_clean_sample1.wav",133,1,0,1,1,1,1,1,1,1,1,1,1,0,0,1,1,1,4,1,1,1,0,1,1,1,1,0,1,1,0,1,0,1,1,0,1,1,0,1,1,0,1,1,0,1,1,1,0,1,1,1,1,0,1,1,1,1,1,1,1,1,1,0,1,1,1,1,0,1,1,1,1,1,1,1,1,1,0,1,1,0,1,1,1,1,0,1,0,1,1,1,1,1,866,1,1,1,0,1,1
"52_007. Katy Perry - Dark Horse ft. Juicy J_clean_sample1.wav",131,1,1,0,1,1,1,1,1,1,0,1,1,0,0,1,1,1,1,1,0,0,1,0,0,0,0,0,0,1,1,1,1,0,1,1,1,1,0,3,1,1,1,1,1,0,0,1,1,1,1,1,1,1,1,1,1,1,1,1,1,1,1,1,1,1,1,1,1,1,0,1,0,1,1,1,0,1,1,1,0,0,1,0,1,1,1,1,1,1,1,1,1,1,1,0,0,1,1,402,1
"24_047. Girls Talk Boys (from the Ghostbusters Original Motion Picture Soundtrack)_clean_sample2.wav",133,0,1,1,1,1,1,1,1,1,1,0,1,1,1,1,1,1,0,1,1,0,0,1,1,1,1,1,1,1,1,1,1,1,1,1,1,1,0,1,1,1,1,1,1,1,1,0,1,1,1,1,0,1,3,0,1,2,0,0,1,1,1,1,0,1,1,1,0,1,1,0,1,0,0,1,1,0,1,1,1,0,1,1,1,1,0,0,0,1,1,1566,1,1,1,1,0,1,1,1,1
"16_038. P!nk - Just Give Me A Reason ft. Nate Ruess_clean_sample2.wav",130,1,1,1,1,1,0,0,0,1,0,1,0,0,1,1,1,0,0,1,1,1,0,1,1,1,1,1,1,0,0,1,1,1,1,1,1,1,0,1,1,0,1,0,1,1,2,1,0,1,1,1,0,1,1,1,1,1,1,0,0,0,0,1,0,1,1,1,1,1,0,1,0,1187,1,1,0,1,1,2,0,0,1,1,0,1,0,1,1,0,1,1,0,1,1,1,0,1,1,1,0
"50_006. Wiz Khalifa - See You Again ft. Charlie Puth [Official Video] Furious 7 Soundtrack_clean_sample1.wav",135,1,0,1,1,1,0,0,1,1,1,1,2,1,1,0,0,0,1,1,0,1,0,0,1,1,2,0,0,0,0,0,1,1,1,1,1,1,0,1,1,1,1,1,0,1,1,1,1,1,1,0,1,0,539,1,1,1,0,1,1,1,1,1,1,1,2,1,1,1,1,1,0,1,1,0,1,1,1,2,1,0,0,1,1,1,1,1,1,1,1,1,1,0,1,0,1,1,1,0,1
"79_095. Alan Walker - Alone_clean_sample2.wav",138,1,3,1,1,1,1,1,1,1,2,1,1,0,0,1,1,1,1,1,1,1,0,2,1,1,1,1,1,0,1,0,1,1,1,1,1,1,0,1,1,0,1,0,1,1,1,1,0,1,1,1,1,1,0,1,1,1,542,1,1,1,1,1,1,1,1,1,1,1,1,0,1,1,0,0,1,1,1,1,1,1,0,0,1,0,1,1,1,1,1,1,1,0,1,1,1,2,1,1,1
"8_081. The Beach Boys - I Get Around_clean_sample2.wav",131,0,1,0,1,0,0,1,0,0,0,1,1,1,1,1,0,0,0,0,0,0,0,1,0,0,1,1,1,1,0,1,0,1,0,1,1,0,0,1,1,407,0,1,1,0,1,1,0,1,0,0,1,1,1,0,0,0,0,0,1,1,1,0,1,1,1,1,1,0,1,0,1,1,0,0,1,0,1,1,0,0,0,0,1,1,0,0,0,0,1,1,1,0,1,1,0,1,0,1,0
"64_097. Nightcore - Running With the Wolves [Lyrics]_clean_sample2.wav",123,1,2,0,0,0,0,0,0,0,1,0,1,0,1,0,0,0,0,0,0,0,1,0,0,0,1,0,0,1,1,1,0,1,1,1,0,1,0,1,1,0,1,1,0,1,1,0,0,1,0,0,0,1,1,1,0,1,1,0,1,0,0,1,0,1,1,1,0,0,0,0,0,1,0,0,48,0,1,0,1,0,1,0,1,1,0,1,0,1,1,1,0,1,0,1,1,0,1,1,0
"27_022. Major Lazer & DJ Snake - Lean On (feat. MØ) [Official Music Video]_clean_sample1.wav",143,1,1,0,1,1,0,0,1,206,1,1,1,1,1,0,1,1,0,1,1,0,1,1,1,0,1,1,1,0,1,1,0,1,1,1,1,1,0,0,0,1,0,1,1,0,1,1,1,1,0,0,0,0,1,1,1,1,1,0,0,0,0,1,0,1,1,1,1,1,0,0,1,0,1,0,0,1,1,1,0,0,1,1,0,1,1,1,1,1,1,1,1,0,0,1,1,1,1,1,1
"82_A Lady_clean_sample2.wav",127,1,1,1,0,0,1,0,1,1,0,1,0,0,0,0,1,0,1,1,0,0,0,1,0,1,0,0,1,1,0,0,0,1,1,0,0,1,165,0,0,1,0,0,0,0,0,1,0,1,1,0,1,1,0,1,1,0,0,0,1,0,0,0,0,1,1,1,1,0,0,0,1,0,0,0,0,0,0,1,0,0,0,0,0,1,0,0,0,0,0,1,1,1,0,1,0,1,0,0,1
"3_100. Owl City & Carly Rae Jepsen - Good Time (Official Video)_clean_sample1.wav",133,1,1,1,0,1,1,0,1,1,0,1,1,0,2,1,1,1,0,1,1,1,0,0,0,0,1,1,1,0,0,1,1,1,1,0,1,0,1,1,0,0,305,1,1,1,1,1,1,0,1,0,2,1,1,1,1,1,1,1,1,1,1,1,1,1,1,1,1,1,0,0,1,0,1,0,1,1,0,1,0,1,1,0,1,1,0,1,1,1,1,1,1,1,1,1,0,1,0,1,1
"32_086. Olly Murs - Grow Up (Official Video)_clean_sample2.wav",132,2,0,1,1,1,1,1,1,1,1,1,1,1,1,1,1,1,0,1,1,1,1,1,1,1,0,1,1,1,1,1,0,0,1,1,1,1,0,0,1,0,1,1,0,1,1,1,0,1,1,1,1,1,1,0,1,1,1,1,1,0,1,1,1,1,1,1,1,1,1,1,0,1,1,1,0,1,2,408,1,1,1,2,1,1,1,1,1,1,1,1,1,0,1,1,1,1,1,1,1
"91_Greener_clean_sample1.wav",137,1,1,0,0,1,1,0,1,0,1,1,0,1,1,0,1,1,0,1,0,1,1,1,1,0,1,0,2,0,1,0,1,1,1,1,1,1,1,1,1,1,1,0,0,1,0,1,1,1,1,1,1,1,1,1,1,1,0,0,1,0,1,1,840,1,1,1,1,1,1,0,1,1,1,0,1,1,1,1,0,0,1,1,1,0,1,1,1,1,1,1,1,1,1,0,1,1,1,0,1
"48_027. MAGIC! - Rude (Official Video)_clean_sample2.wav",134,1,1,1,1,1,1,1,1,1,1,0,0,1,1,1,2,1,1,1,1,1,0,1,1,0,1,1,1,1,1,1,0,0,0,1,1,794,0,0,1,0,1,0,1,1,0,1,1,1,0,1,1,1,1,1,1,1,0,1,0,1,1,1,1,1,1,0,1,0,1,1,1,0,0,1,0,1,1,1,1,0,1,1,1,1,1,1,1,1,1,1,1,1,1,1,0,0,1,1,1
"47_020. Warriors (ft. Imagine Dragons)  Worlds 2014 - League of Legends_clean_sample1.wav",131,1,1,1,1,1,1,1,1,0,1,1,1,0,1,2,1,1,2,1,1,0,1,1,1,1,1,1,2,0,1,1,1,1,1,1,1,1,1,1,1,0,1,0,2,1,1,0,1,1,1,1,1,1,2,1,1,0,1,1,1,1,1,1,1,1,1,3,1,694,1,1,1,1,1,1,1,1,1,1,1,0,1,1,1,1,2,1,1,0,0,1,1,1,1,1,0,1,1,1,1
"60_057. Get Off The Phone Song_clean_sample2.wav",124,1,0,1,1,0,0,0,0,0,1,0,0,0,0,0,0,0,0,0,0,0,0,0,0,0,0,0,1,0,1,0,0,0,0,0,0,1,0,0,0,0,0,32,0,0,0,1,0,0,1,0,0,0,0,0,1,0,1,0,0,0,0,0,0,0,1,0,0,1,0,0,0,1,0,1,1,0,0,1,0,0,1,0,0,0,1,1,1,1,0,0,0,0,0,0,0,0,0,0,1
"41_The Bidding_clean_sample1.wav",130,1,0,0,1,0,0,0,1,1,0,0,1,1,0,0,0,0,1,1,1,0,0,1,1,1,0,1,1,0,0,1,0,1,1,1,0,0,0,1,1,0,1,0,1,1,0,0,1,1,1,0,1,1,0,1,1,1,0,0,0,1,1,1,1,1,1,1,0,0,0,0,0,1,0,0,0,0,0,0,0,0,0,0,2,1,1,1,1,1,1,1,1,0,1,1,297,1,0,0,1
"35_036. Fall Out Boy - Centuries (Official Video)_clean_sample1.wav",126,1,1,0,1,1,1,1,1,0,0,0,1,0,0,1,0,0,0,1,1,1,0,0,1,1,1,0,0,0,0,1,1,0,1,231,0,0,1,1,1,0,0,1,1,1,1,0,0,0,0,0,1,0,1,0,0,0,0,0,1,1,1,1,0,1,0,2,0,0,0,0,0,0,1,0,0,0,0,1,0,0,0,0,0,1,0,0,0,0,0,0,0,0,0,0,1,0,0,0,0
"95_053. Avicii - Hey Brother_clean_sample2.wav",137,1,1,0,1,1,0,1,0,0,1,1,1,1,0,0,1,1,0,1,1,0,1,1,351,1,1,1,0,1,1,1,0,1,31,1,1,1,0,1,1,0,0,0,1,2,1,1,1,1,1,1,1,0,1,1,1,0,1,1,1,1,1,1,0,1,0,1,1,0,1,1,1,1,1,0,1,1,0,1,1,0,1,0,1,1,0,1,0,1,0,1,1,0,1,1,0,1,1,1,1
"84_001. Anna Kendrick - Cups_clean_sample2.wav",130,1,1,0,1,1,1,0,366,1,0,1,1,1,0,0,0,1,1,0,0,0,0,1,1,1,1,1,1,1,1,0,1,1,1,1,0,1,0,1,1,0,0,1,0,0,1,1,1,0,0,1,0,1,1,0,0,0,1,1,1,0,0,1,0,1,0,1,1,1,0,0,0,0,2,0,0,1,1,0,1,0,1,1,0,1,1,0,0,1,1,1,0,1,1,1,0,0,0,0,1
"73_Turn the Lights Off_clean_sample1.wav",134,1,1,1,1,1,1,1,0,1,1,1,1,2,0,2,1,1,1,1,1,1,0,1,1,1,1,0,0,605,1,1,1,1,1,1,1,0,1,1,1,0,0,1,1,1,1,1,1,1,1,1,1,1,1,1,0,1,1,1,1,0,1,1,1,1,1,0,1,1,1,1,1,1,1,1,1,1,1,1,0,0,1,2,1,1,1,1,1,1,1,1,1,1,1,1,1,1,0,1,1
"57_Numb_clean_sample2.wav",132,1,0,1,1,1,1,1,1,1,0,0,1,1,1,1,1,0,1,1,0,0,1,1,1,0,1,1,1,1,1,1,1,1,1,1,1,1,0,1,0,0,1,1,1,1,0,1,1,1,1,1,1,1,0,1,0,1,0,1,1,1,1,1,0,1,1,1,1,1,1,0,0,1,0,1,0,1,0,1,1,0,1,0,0,1,478,1,1,1,1,1,1,1,0,1,0,1,1,1,1
"71_083. My Singing Monsters - Plant Island Theme_clean_sample1.wav",133,0,1,1,1,1,1,1,1,1,1,1,0,1,1,0,1,1,1,1,1,1,383,1,1,1,0,0,1,1,0,0,0,0,0,0,1,1,0,1,0,1,0,1,1,0,1,0,1,1,1,1,1,1,1,1,1,0,0,0,1,1,0,1,1,1,0,1,1,1,0,0,1,0,1,1,0,0,0,1,0,0,1,1,0,1,1,1,0,1,0,1,1,1,1,1,0,1,1,1,1
"1_028. Capital Cities - Safe And Sound_clean_sample1.wav",134,1,0,1,1,1,1,1,1,1,1,1,2,1,1,0,1,1,0,1,1,0,1,1,1,1,1,0,0,0,1,1,2,2,1,0,1126,0,1,1,1,0,1,1,1,1,1,0,1,1,1,1,0,1,1,0,1,1,0,1,1,1,1,1,1,1,1,1,1,1,1,1,1,1,0,1,1,1,1,1,1,1,1,1,1,1,1,0,0,1,1,0,2,1,1,0,1,1,1,1,1
"80_077. Emeli Sandé - Hurts_clean_sample2.wav",134,1,1,1,1,1,0,1,0,1,1,0,1,0,0,1,0,1,0,0,0,0,0,1,1,1,1,1,1,0,1,1,0,1,1,2,1,1,0,0,1,0,1,1,223,0,1,1,1,1,1,0,1,1,1,1,1,0,0,1,1,1,1,1,1,1,1,1,1,0,1,2,0,0,0,1,0,0,0,1,0,0,0,1,1,1,1,0,1,1,1,1,1,0,1,1,0,1,0,1,1
"86_019. Naughty Boy - La la la ft. Sam Smith (Official Video)_clean_sample2.wav",134,1,1,0,1,1,0,1,1,1,1,1,1,1,1,0,1,0,1,1,1,2,0,1,1,1,1,1,1,1,1,1,1,1,1,1,0,1,1,0,1,0,1,1,1,1,1,1,1,1,0,1,1,0,1,1,1,0,1,0,1,1,1,1,1,2,0,1,1,1,1,1,0,0,1,0,1,0,1,1,1,0,1,1,1,0,0,588,1,1,1,1,0,0,1,1,1,1,0,0,1
"36_072. Jessie J - Price Tag ft. B.o.B_clean_sample2.wav",130,1,0,1,0,1,1,1,1,1,0,1,1,1,1,1,1,0,1,0,1,1,1,1,1,1,1,0,2,1,1,1,1,1,1,1,1,1,0,1,1,0,1,1,1,1,1,1,0,1,1,0,1,1,1,1,1,0,1,1,0,1,1,0,1,1,1,0,1,0,1,0,1,1,0,0,0,1,0,1,1,1,1,1,0,0,1,1,0,1,1,1,1,1,504,0,0,1,1,1,1
"26_017. David Guetta - Titanium ft. Sia (Official Video)_clean_sample2.wav",135,1,0,1,1,1,1,1,1,1,1,1,1,1,1,1,1,1,0,1,0,0,0,0,1,0,1,0,1,0,0,1,1,0,1,1,0,1,0,1,1,0,1,0,0,1,1,1,1,1,1,1,0,1,0,1,1,1,1,543,1,1,1,1,1,1,1,1,1,0,1,0,0,1,1,1,0,0,0,1,0,1,0,1,0,1,1,1,0,1,1,1,1,1,1,0,1,0,0,1,1
"1_028. Capital Cities - Safe And Sound_clean_sample2.wav",133,0,1,1,1,2,1,0,1,1,0,0,1,0,1,1,1,1,1,1,0,0,1,1,1,1,1,1,1,1,0,1,3,0,1,1,651,1,1,1,1,0,1,0,1,1,1,1,1,1,1,1,1,0,1,0,1,1,1,1,1,1,1,1,1,1,0,0,0,1,1,0,1,1,1,1,1,1,1,1,0,0,1,1,1,1,0,1,1,0,1,1,1,1,1,1,0,1,1,1,1
"19_054. Owl City - When Can I See You Again (From Wreck it Ralph)_clean_sample1.wav",133,1,1,1,1,1,1,1,1,0,0,1,1,1,1,1,1,1,0,1,1,0,1,1,1,0,1,1,1,1,1,1,1,0,2,1,1,1,0,1,1,0,0,1,1,1,1,1,1,1,0,1,0,1,1,1,1,1,0,1,1,1,1,1,1,1,1,1,1,1,389,0,0,1,1,1,1,0,1,1,1,0,1,1,1,1,1,1,0,1,1,1,1,1,1,0,1,1,0,0,1
"24_047. Girls Talk Boys (from the Ghostbusters Original Motion Picture Soundtrack)_clean_sample1.wav",131,1,1,1,1,1,1,1,1,1,1,1,1,0,1,1,1,0,1,1,0,1,0,1,1,1,1,1,1,1,1,1,1,1,1,1,1,2,1,1,1,1,1,0,0,1,1,1,1,1,1,1,1,0,2,0,1,1,1,1,1,1,1,1,1,1,1,1,0,1,1,0,0,0,1,0,0,0,1,1,0,0,1,1,1,1,1,1,1,1,1,1216,1,1,1,1,0,1,1,1,2
"38_082. Smoke and Mirrors_clean_sample1.wav",131,1,1,1,1,1,1,1,1,1,1,0,1,1,1,0,0,1,0,0,1,1,1,2,1,1,0,1,1,1,0,1,1,1,1,1,2,0,0,1,1,1,1,1,1,1,1,1,0,302,1,0,1,1,1,1,1,1,1,1,0,1,1,0,1,1,1,1,0,1,0,1,1,0,1,0,1,1,0,1,0,0,0,1,1,1,0,1,0,1,1,0,0,0,1,1,0,1,1,1,1
"98_021. Alan Walker - Faded_clean_sample2.wav",133,1,1,0,0,0,0,0,1,0,1,1,0,0,1,1,1,1,1,1,1,0,0,1,1,0,0,1,1,1,1,1,1,1,1,0,1,1,1,1,1,0,1,0,1,1,1,1,1,1,1,501,0,1,1,1,1,1,1,0,1,1,1,0,1,1,0,0,0,0,0,0,0,1,1,1,1,1,1,1,1,0,1,0,0,1,1,1,0,1,1,0,0,1,1,0,0,1,0,1,0
"52_007. Katy Perry - Dark Horse ft. Juicy J_clean_sample2.wav",133,1,1,1,1,1,0,1,0,1,1,1,1,0,1,1,1,1,0,2,1,0,0,1,1,1,1,1,1,0,0,1,1,1,1,1,1,1,0,1,1,1,1,1,1,2,1,1,1,0,1,0,1,1,1,1,0,0,1,0,1,1,1,1,0,1,0,1,1,0,1,0,1,0,0,0,1,1,1,1,1,0,1,0,0,1,0,2,0,1,1,1,1,1,1,1,1,1,1,477,0
"75_078. Kungs vs Cookin on 3 Burners - This Girl (Official Music Video)_clean_sample2.wav",132,1,1,0,1,1,1227,1,1,1,1,1,1,1,1,1,1,1,0,1,1,1,1,0,1,1,1,0,1,0,1,0,0,1,1,1,1,1,0,1,1,1,1,1,1,1,1,1,1,1,1,1,1,1,1,1,1,1,1,1,1,1,1,1,1,1,0,1,1,1,1,0,1,0,1,0,1,1,1,1,1,0,1,1,1,1,1,1,1,1,1,1,0,1,1,1,1,1,1,0,1
"34_The Trap_clean_sample1.wav",131,0,0,1,0,1,1,1,1,1,1,0,1,1,1,0,0,1,0,1,1,1,1,1,1,0,1,1,1,0,1,1,1,1,1,1,1,1,0,1,0,0,1,0,0,0,730,0,1,1,1,0,0,1,0,1,1,0,0,1,1,1,0,0,0,1,0,0,0,1,0,0,0,0,0,1,1,0,1,1,1,0,0,0,1,2,0,1,0,1,1,1,1,1,1,1,1,1,0,1,1
"10_012. Calvin Harris - I Need Your Love (Official Video) ft. Ellie Goulding_clean_sample2.wav",135,1,1,1,1,1,1,1,1,2,1,1,1,1,3,1,1,1,1,1,0,1,0,1,2,0,1,0,1,1,1,1,0,1,1,1,1,2,1,1,1,0,1,1,1,1498,1,1,1,1,1,1,1,0,1,1,1,1,1,1,1,1,1,1,1,1,1,0,1,1,1,0,0,0,1,1,1,1,1,2,1,1,2,1,0,1,1,1,0,1,1,1,1,1,1,1,1,1,1,1,4
"59_014. Avicii - Hey Brother (Lyric)_clean_sample1.wav",136,1,1,0,1,1,1,1,0,1,1,1,1,1,1,1,1,0,1,1,1,0,0,1,19,1,1,0,0,1,1,1,0,1,484,0,1,0,0,1,0,0,1,1,1,2,1,1,1,0,1,1,1,1,1,0,1,1,1,1,1,1,1,1,1,1,0,1,0,1,1,0,0,1,1,1,0,1,1,1,1,0,1,1,1,1,1,1,0,0,0,1,1,1,1,1,0,1,0,0,1
"40_052. Lindsey Stirling - Moon Trance (Official Music Video)_clean_sample1.wav",137,1,0,1,1,1,1,1,1,1,1,1,0,1,1,1,1,1,1,381,1,1,0,1,1,1,1,1,0,1,2,1,0,0,1,1,1,1,0,1,1,1,0,1,1,1,0,1,0,2,1,1,1,1,1,1,1,1,0,1,1,1,1,1,1,1,1,1,1,1,1,1,1,0,1,1,0,0,0,0,1,1,1,1,1,1,1,1,0,1,1,1,1,1,1,0,0,1,1,1,1
"10_012. Calvin Harris - I Need Your Love (Official Video) ft. Ellie Goulding_clean_sample1.wav",134,1,1,1,1,1,1,1,1,2,1,1,2,1,3,1,1,1,1,1,0,0,0,1,3,0,1,0,1,1,1,2,1,1,2,1,1,1,2,1,1,0,1,1,1,1804,1,1,1,1,1,1,1,1,0,1,1,1,1,1,1,1,1,1,1,1,1,0,1,1,1,0,0,0,1,1,1,1,1,2,1,1,2,1,0,1,1,1,0,1,1,1,1,1,1,1,1,1,1,1,4
"17_084. Thomas Rhett - Crash and Burn_clean_sample1.wav",127,0,1,0,1,1,0,0,1,1,1,1,1,0,0,0,208,0,0,1,0,0,0,1,0,1,0,0,1,1,0,1,1,1,1,0,0,1,0,1,1,0,1,1,1,1,1,1,1,0,0,0,0,1,0,1,0,1,0,1,1,1,1,1,1,1,1,1,1,1,0,0,0,1,1,0,1,0,1,1,0,0,0,0,0,1,1,0,0,1,1,1,0,0,1,1,0,0,0,1,0
"51_088. Steven Universe - We Are The Crystal Gems_clean_sample1.wav",142,0,1,1,1,1,0,1,1,0,0,1,1,0,1,1,1,1,1,1,1,0,0,1,1,1,1,1,1,0,1,1,0,1,1,1,0,0,0,1,0,0,0,1,1,1,1,1,1,0,0,1,1,1,1,1,1,0,1,1,1,1,1,1,1,1,0,1,1,1,1,0,367,1,1,1,1,1,0,1,1,0,1,0,1,1,1,1,1,0,1,0,0,1,1,1,0,1,0,1,1
"15_060. My OCD (Song)_clean_sample2.wav",131,1,0,0,1,1,0,1,0,1,1,0,34,0,1,0,0,1,1,0,0,0,0,0,1,1,1,1,0,0,0,1,0,1,1,1,0,0,0,1,1,0,1,1,0,0,1,1,0,0,0,1,0,1,1,0,0,1,1,0,0,1,1,1,0,1,1,1,0,1,0,0,0,1,1,1,0,1,1,0,1,0,1,1,1,0,1,0,0,0,1,1,0,1,1,0,1,0,1,1,1
"25_035. Alan Walker - Sing Me To Sleep_clean_sample2.wav",145,0,1,1,1,1,1,0,1,1,1,1,1,1,1,2,1,1,1,2,1,0,0,1,1,1,1,1,1,1,1,0,1,1,1,1,1,1,0,1,1,1,1,1,1,1,1,1,1,1,1,1,1,0,1,1,1,1,1,1,1,1,1,1,1,1,1,1,1,1,1,0,1,1,1,1,1,2,1,0,1,1,1,1,1,1,1,1,1,1,1,1,1,1,1,1,0,1296,1,1,1
"25_035. Alan Walker - Sing Me To Sleep_clean_sample1.wav",140,0,1,1,1,1,1,1,1,1,1,0,1,1,1,1,1,1,0,1,0,0,1,1,2,0,0,1,0,1,1,1,1,1,0,0,1,1,0,1,1,1,0,1,0,1,1,0,1,2,0,1,1,0,1,0,0,1,1,1,1,1,1,1,1,2,1,1,1,1,1,1,1,1,0,1,0,1,1,1,0,0,1,1,1,1,0,0,0,1,1,1,1,1,1,1,0,420,1,1,0
"8_081. The Beach Boys - I Get Around_clean_sample1.wav",135,0,1,0,1,1,0,1,0,1,1,1,1,1,1,0,1,0,0,1,1,1,0,1,1,1,0,1,0,1,1,1,1,0,1,1,1,1,1,1,0,528,0,0,1,1,1,1,0,0,0,0,0,1,1,1,1,1,0,1,0,1,1,0,1,1,0,1,1,1,1,0,1,1,1,0,0,0,0,0,1,0,1,0,1,1,1,1,1,1,0,0,1,1,1,0,1,2,0,1,0
"20_Never Meant to Know_clean_sample1.wav",130,0,0,0,1,1,0,1,0,1,1,1,1,0,1,1,0,1,1,1,1,1,0,1,0,0,1,1,1,0,1,1,1,0,1,0,1,1,1,0,1,0,0,1,1,1,1,1,1,1,0,0,1,250,1,1,1,1,0,0,1,0,0,1,1,1,0,1,1,1,1,0,1,1,1,1,1,1,1,0,1,0,0,0,1,1,0,1,0,1,1,1,1,1,1,1,0,1,1,1,1
"75_078. Kungs vs Cookin on 3 Burners - This Girl (Official Music Video)_clean_sample1.wav",133,1,1,1,1,1,459,1,1,1,2,1,1,1,1,1,1,1,0,1,1,0,0,0,1,1,1,1,1,0,1,1,0,2,1,2,1,0,0,1,1,0,1,1,1,1,1,1,1,1,1,1,1,1,1,1,1,1,1,1,1,0,0,1,1,1,1,2,1,1,1,0,1,1,1,0,1,1,1,1,1,0,0,0,1,1,1,0,0,1,1,1,0,1,1,1,0,1,1,1,1
"21_085. Janji ft. Johnning - Heroes Tonight 1 HOUR_clean_sample2.wav",132,1,0,1,0,1,1,1,1,0,0,0,1,0,1,0,1,0,1,0,0,0,0,1,1,1,1,1,0,0,1,1,1,1,1,0,0,1,1,1,1,0,1,1,0,0,1,0,1,1,1,1,0,1,1,1,1,0,1,1,1,1,2,0,0,1,1,1,0,1,0,0,0,0,0,0,1,0,1,1,1,0,1,1,1,1,0,1,1,1,0,1,0,0,1,1,0,1,0,1,0
"101_070. Eminence - Knock Me Out (feat. Anna Cyzon) [Monstercat Official Music Video]_clean_sample1.wav",133,1,1,1,1,1,1,1,1,1,0,0,2,0,1,1,1,1,1,1,0,0,1,1,1,1,1,1,1,0,0,1,724,1,1,0,1,1,0,1,1,0,0,1,1,1,0,1,1,1,1,0,1,1,1,1,1,1,0,1,1,1,0,0,1,0,0,1,1,1,1,0,1,1,1,1,1,1,1,0,1,0,1,1,1,1,1,1,1,1,1,0,1,1,1,1,0,1,0,1,0
"55_009. Taylor Swift - Shake It Off_clean_sample2.wav",134,1,1,1,1,1,1,1,1,0,2,1,1,1,0,1,0,1,1,1,1,0,1,0,2,1,1,1,1,0,1,1,1,1,1,1,1,1,1,1226,1,0,1,1,1,1,1,1,1,1,0,0,1,0,1,1,1,1,0,1,1,1,1,0,2,1,1,1,0,1,1,1,1,0,1,1,0,1,1,1,1,0,1,1,0,1,1,1,0,1,1,1,1,0,0,1,0,0,1,1,1
"64_097. Nightcore - Running With the Wolves [Lyrics]_clean_sample1.wav",134,0,0,0,1,1,0,0,0,1,1,1,0,1,1,1,1,0,0,1,0,1,1,1,1,1,0,1,0,0,0,0,0,0,1,1,0,1,0,0,1,1,1,1,0,1,0,0,1,1,1,0,0,1,1,1,0,0,1,1,0,0,1,0,1,1,1,0,0,1,0,0,1,1,1,1,892,1,0,1,0,1,0,1,1,1,0,0,1,1,1,1,0,1,1,0,1,1,0,1,1
"55_009. Taylor Swift - Shake It Off_clean_sample1.wav",131,1,1,1,1,1,1,0,1,1,1,1,1,1,0,1,1,0,0,1,1,1,0,1,1,1,3,1,1,1,1,1,1,0,0,1,1,1,1,249,1,0,1,1,1,1,0,1,1,1,0,1,1,1,1,0,1,1,0,1,1,1,1,0,1,1,1,1,0,1,1,1,0,0,1,1,0,1,1,1,1,0,1,1,1,1,0,1,1,0,1,1,1,1,1,1,1,1,1,0,1
"20_Never Meant to Know_clean_sample2.wav",129,1,1,1,1,1,1,0,0,0,1,1,0,0,0,0,1,0,0,1,1,1,1,0,1,1,1,1,1,1,0,1,1,1,1,1,1,1,1,1,1,0,1,1,0,0,1,1,1,1,0,1,1,542,1,0,0,1,1,1,1,0,1,1,1,1,1,1,1,1,1,0,1,1,1,1,1,1,1,1,0,0,0,1,0,0,1,1,1,0,2,1,1,1,0,1,1,1,1,1,0
"68_055. Madness - Our House (Official 4K Video)_clean_sample2.wav",131,1,0,1,1,1,1,1,1,0,1,1,1,1,1,1,1,0,1,1,1,1,0,1,1,1,0,1,1,1,1,1,1,0,1,1,1,1,0,1,1,1,0,0,1,1,1,1,0,0,1,1,1,0,1,1,1,1,1,1,1,1,0,0,1,1,1,1,1,1,1,1,0,1,1,0,1,1,1,1,0,1,743,0,1,1,0,1,1,0,1,1,1,1,1,1,0,1,1,1,1
