"104_024. twenty one pilots Stressed Out [OFFICIAL VIDEO]_noise_-20dB_sample1.wav",233,0,0,0,0,0,0,0,0,0,0,0,0,0,28,0,0,0,2,0,0,0,0,0,0,0,0,0,1,0,0,3,0,0,0,0,0,0,0,0,0,0,0,0,0,0,0,0,0,0,0,0,0,0,0,0,0,0,0,0,0,0,0,0,0,0,4,0,0,0,0,8,0,0,0,0,0,0,0,0,0,0,0,0,0,0,0,0,0,0,0,0,0,0,0,0,0,0,0,0,0
"78_026. Katy Perry - Firework (Official Music Video)_noise_-20dB_sample1.wav",221,0,0,253,22,4,0,0,0,32,0,0,0,0,30,0,0,2,0,0,0,0,0,0,1,0,0,0,0,0,0,0,0,0,1,0,4,0,0,0,0,4,99,0,0,66,60,1566,0,0,1240,82,0,99,55,2,21,0,33,14,11,0,23,0,0,4,0,0,0,0,0,0,0,0,0,0,0,1,0,5,0,0,0,0,143,1,0,0,0,0,0,0,0,0,56,3,2,1,0,31,0
"105_101. Yann Tiersen - Comptine d`un autre ete - l`apres-midi_noise_-20dB_sample1.wav",221,0,0,190,0,9,0,18,0,0,0,0,0,0,33,18,0,2,6,0,0,0,0,0,0,9,1,16,13,0,10,27,29,523,0,22,0,0,0,4,0,0,0,0,8,0,2,0,0,0,0,0,0,0,0,0,0,6,0,0,0,4,48,0,2,86,0,0,0,0,0,11681,0,0,9,15,0,0,0,0,0,0,0,0,0,0,143,0,0,0,0,2,13,0,0,0,2,27,0,0,5
"53_102. What_noise_-20dB_sample2.wav",222,0,0,0,0,0,3,0,0,0,0,0,0,0,33,0,2,2,0,0,0,0,0,0,0,0,0,0,0,0,0,0,0,0,0,0,0,0,0,1,0,0,0,0,0,0,0,1,0,0,0,0,0,0,0,0,0,0,0,0,0,45,0,0,0,0,0,0,0,0,0,0,0,6,0,0,0,0,0,0,0,0,0,0,0,0,0,0,0,0,0,0,0,0,1,0,0,0,0,2,0
"64_097. Nightcore - Running With the Wolves [Lyrics]_noise_-20dB_sample1.wav",219,0,0,0,0,0,0,0,0,0,0,0,0,0,33,0,0,1,0,0,0,0,0,0,0,1,0,0,0,0,0,0,42,0,0,0,0,0,0,1,0,0,0,0,0,0,0,0,0,0,0,0,0,0,0,0,0,0,0,0,8,0,0,18,6,0,0,0,4,5,0,0,0,0,0,0,2,0,0,0,0,0,0,0,0,0,0,0,0,0,0,0,0,0,0,0,4,0,0,2,0
"52_007. Katy Perry - Dark Horse ft. Juicy J_noise_-20dB_sample2.wav",197,0,0,22,0,0,0,0,0,0,0,0,0,0,33,0,0,4,0,0,0,0,0,0,0,1,0,0,0,0,0,1,0,0,0,1,0,0,0,1,0,0,0,0,0,0,0,0,0,0,0,0,0,0,0,0,0,0,0,0,0,0,0,0,0,0,0,0,0,0,0,0,0,2,0,0,0,0,0,0,0,0,0,0,0,0,0,0,0,0,0,0,0,0,0,0,2,0,0,12,0
"0_096. Nightcore - Mad World_noise_-20dB_sample1.wav",150,0,0,0,0,0,0,0,0,0,0,0,4,0,3,0,0,0,0,0,8,0,0,0,0,0,0,0,0,0,0,0,0,0,0,0,0,0,0,12,0,0,0,0,0,1,11,0,0,0,0,0,0,0,0,0,1,0,5,0,0,0,0,0,0,1,0,0,0,0,3,0,0,0,1,0,0,8,0,0,0,0,0,0,0,0,0,0,0,0,0,0,0,0,0,0,0,2,0,0,0
"100_059. Nilla Wafer Top Hat Time  Song - Rhett & Link_noise_-20dB_sample1.wav",153,0,0,0,0,0,0,0,0,0,0,0,0,0,33,0,0,5,0,0,0,0,0,0,0,2,0,0,0,0,0,0,0,0,0,0,0,0,0,0,0,0,0,0,0,0,0,0,0,0,0,0,0,0,0,0,0,0,0,0,0,0,0,0,0,0,0,0,0,0,0,0,0,0,0,0,0,0,0,0,0,0,0,0,0,0,0,0,0,0,0,0,0,0,0,0,2,0,0,0,0
"103_037. Calvin Harris, Rihanna - This Is What You Came For (Official Video) ft. Rihanna_noise_-20dB_sample1.wav",157,0,0,0,2,1,3,0,0,3,0,0,6,1,33,0,0,4,0,0,0,0,0,0,0,0,0,0,0,0,0,0,13,0,1,0,1,0,0,20,0,0,1,0,0,0,0,0,0,0,1,0,0,0,0,0,2,1,0,0,1,0,0,0,0,0,0,0,0,0,1,8,0,1,0,0,0,0,0,0,0,0,0,0,0,1,0,0,0,0,0,1,2,0,0,0,0,3,0,0,78
"77_065. Nightcore - Ghostbusters_noise_-20dB_sample2.wav",157,0,0,0,0,0,0,0,0,0,0,0,0,1,31,0,0,4,0,0,0,9,0,0,0,0,0,0,0,0,0,0,0,0,0,0,0,0,0,0,0,0,0,0,0,0,0,0,0,0,0,0,0,0,0,0,0,0,0,0,0,0,0,0,0,0,0,0,0,0,0,0,0,0,0,0,0,0,0,0,0,0,0,0,0,0,0,0,0,0,1,0,0,0,1,0,0,0,0,0,0
"66_Cruel_Summer_noise_-20dB_sample1.wav",213,0,0,0,0,0,0,1,0,0,0,0,0,0,30,0,0,2,0,0,0,0,0,0,0,0,0,0,0,0,3,0,1,0,0,1,0,0,0,0,0,0,0,0,0,0,0,0,0,0,0,0,0,0,0,0,0,0,0,0,0,0,0,0,0,0,0,0,0,0,0,2,0,0,0,0,0,0,0,0,0,0,0,0,0,0,0,1,0,0,0,0,0,0,0,0,0,0,0,0,0
"66_Cruel_Summer_noise_-20dB_sample2.wav",260,0,0,0,0,0,1,11,0,0,0,0,0,0,33,0,0,7,0,0,0,0,0,0,0,2,0,0,0,0,0,2,0,0,0,0,0,0,0,0,0,0,0,0,0,0,0,0,13,0,0,0,0,0,3,0,0,0,0,0,0,0,0,0,0,2,0,0,0,0,0,2,0,0,0,0,0,0,0,0,0,0,0,0,0,1,0,0,0,0,0,0,2,0,0,0,2,0,0,0,0
"50_006. Wiz Khalifa - See You Again ft. Charlie Puth [Official Video] Furious 7 Soundtrack_noise_-20dB_sample1.wav",250,0,0,11,1,0,0,0,3,1,0,0,0,0,33,1,0,2,0,11,0,0,0,0,207,0,0,0,5,0,0,0,0,1,207,0,0,0,2,2,0,0,0,0,0,20,0,0,0,54,0,0,0,0,18,0,0,5,0,0,7,0,0,0,0,20,0,0,0,0,0,0,0,0,0,0,0,1,0,0,0,0,0,0,2,2,0,0,0,0,0,5,2,0,0,0,2,0,0,2,0
"45_005. OneRepublic - Counting Stars_noise_-20dB_sample2.wav",230,0,0,39,0,0,0,9,0,0,0,0,0,0,33,6,0,7,1,1,0,0,0,1,0,2,33,2,0,0,52,1,12,0,0,0,1,0,0,0,0,0,0,0,5,0,0,0,0,22,0,0,5,0,0,0,0,0,0,0,0,0,3,1,8,0,6,0,7,0,0,1,0,5,0,1,0,9,0,0,0,0,1,17,0,0,1,0,0,1,3,10,7,0,0,0,4,8,0,0,33
"46_032. Katy Perry - Wide Awake (Official Video)_noise_-20dB_sample2.wav",231,0,3,0,0,20,0,144,0,0,0,0,1,2,31,3,0,0,0,0,0,0,0,0,0,0,0,0,0,0,0,1,14,6,1,0,0,0,0,0,0,0,0,0,0,0,0,0,0,0,0,0,0,0,11,0,0,0,0,0,0,0,0,0,0,0,0,0,0,0,0,0,0,0,0,0,0,0,0,0,0,0,0,0,1,0,14,0,0,0,0,0,0,0,1,0,0,0,0,0,2
"83_004. Katy Perry - Roar_noise_-20dB_sample1.wav",173,0,0,0,0,1,0,0,0,2,0,0,0,0,30,0,1,2,0,0,0,0,0,0,0,1,0,0,0,1,0,1,0,0,0,0,0,0,11,2,0,0,0,0,0,0,5,2,0,0,0,0,0,0,1,0,24,0,0,0,0,0,0,0,0,0,0,0,0,0,0,0,0,0,0,0,0,0,5,0,0,0,0,0,0,0,0,0,0,0,0,0,0,0,2,0,2,0,0,2,0
"14_099. Sheppard Geronimo - [International Version] (Official music Video)_noise_-20dB_sample1.wav",151,0,0,0,0,0,0,0,0,0,0,0,0,0,25,0,0,0,0,0,0,0,0,0,0,0,46,0,0,0,0,2,0,0,0,0,0,0,0,0,0,0,0,0,0,0,0,0,0,0,0,0,3,0,0,0,0,0,0,0,0,0,0,0,0,0,0,0,0,0,0,0,0,0,1,0,0,0,0,0,0,0,0,0,0,0,0,1,0,0,0,0,0,0,0,0,0,0,0,0,0
"54_016. Taylor Swift - Blank Space_noise_-20dB_sample1.wav",154,0,0,0,0,0,0,0,0,0,0,0,0,0,23,0,0,1,0,0,0,0,0,0,0,1,0,0,0,0,0,0,0,0,0,0,2,0,0,5,0,0,0,0,0,0,0,0,0,0,0,0,0,0,0,0,0,1,0,0,0,0,0,0,0,0,0,0,0,0,0,0,0,0,0,0,0,0,0,0,0,0,0,0,0,0,0,0,1,0,0,0,0,0,0,0,5,0,0,0,0
"53_102. What_noise_-20dB_sample1.wav",152,0,55,0,0,0,0,6,0,0,0,0,0,0,23,0,0,2,0,0,0,0,0,0,0,1,0,0,0,0,0,0,0,0,0,2,1,0,0,0,0,0,0,0,0,0,0,0,0,0,0,0,0,0,0,0,0,0,0,0,0,15,0,0,0,0,0,0,0,0,0,0,0,0,0,0,0,0,0,0,0,0,0,1,0,0,0,1,0,0,0,0,0,0,0,0,8,0,0,0,0
"36_072. Jessie J - Price Tag ft. B.o.B_noise_-20dB_sample2.wav",152,0,0,0,0,1,0,0,0,0,0,0,1,0,30,0,0,0,0,0,0,0,0,0,0,1,0,0,0,0,0,4,0,0,0,0,0,0,1,0,0,0,0,0,0,0,0,0,0,0,0,0,0,14,0,0,0,0,0,0,0,0,0,0,0,0,0,0,0,0,0,0,0,0,0,0,0,0,0,0,0,0,0,0,0,0,0,0,0,0,0,0,2,0,4,0,0,0,0,0,0
"31_058. Rub Some Bacon on It_noise_-20dB_sample1.wav",154,0,0,0,0,0,0,0,0,0,0,3,0,0,23,0,0,1,0,0,0,0,0,0,0,0,0,0,0,0,0,0,0,8,0,0,0,0,0,0,0,0,0,0,0,0,0,0,0,0,0,0,0,0,0,0,1,0,0,0,0,0,0,0,0,0,0,0,0,0,0,0,0,0,0,0,0,0,0,0,0,0,0,0,0,0,0,0,0,0,0,0,0,0,0,0,0,0,0,0,0
"62_061. LEFT SCREEN ONLY Spot the Differences_noise_-20dB_sample1.wav",166,0,0,0,0,0,0,0,0,0,0,0,0,0,32,0,0,2,0,0,0,0,0,0,0,0,0,0,0,0,0,0,0,0,0,0,0,0,0,0,0,0,0,0,0,0,0,0,0,0,0,0,0,0,0,0,0,0,0,0,0,0,0,0,0,0,0,0,0,0,0,0,0,0,0,0,0,0,0,0,10,0,0,0,0,0,0,0,0,0,0,0,0,0,0,0,4,0,0,0,0
"7_092. Harry Potter Medley on Marimba_noise_-20dB_sample2.wav",153,39,0,4029,132,75,0,0,0,55,0,0,0,0,30,0,0,0,0,0,0,0,0,2,0,0,0,0,0,3,1,0,6,0,0,0,17,0,0,36,0,0,0,0,0,0,0,530,1,0,0,0,0,0,129,0,0,9,0,66,0,0,121,0,0,129,0,24,0,0,0,6,0,0,0,1,0,0,0,0,0,6,0,0,0,0,17,0,0,0,0,0,0,0,451,11,17,0,0,0,0
"36_072. Jessie J - Price Tag ft. B.o.B_noise_-20dB_sample1.wav",156,0,0,11,2,0,0,0,0,0,0,0,0,0,33,0,0,0,0,11,0,0,0,0,0,0,0,0,0,0,0,0,0,0,0,0,0,0,0,2,0,0,0,0,0,0,4,0,0,0,0,0,0,0,0,0,0,0,0,0,0,0,0,0,0,0,0,0,0,0,0,0,0,0,0,0,0,0,0,0,0,0,0,5,2,0,0,0,0,0,0,0,0,0,18,0,0,0,0,0,0
"91_Greener_noise_-20dB_sample1.wav",154,0,0,0,0,0,0,40,0,0,0,0,0,1,30,0,0,0,0,0,0,0,0,0,0,0,0,1,0,0,1,0,0,0,0,0,0,0,0,0,0,0,0,0,1,2,1,0,0,4,0,20,0,0,0,0,0,0,0,0,0,0,0,2,58,0,0,0,2,0,1,5,0,2,0,0,0,0,0,17,0,0,2,1,0,0,3,0,0,2,0,0,0,0,0,0,0,0,1,0,0
"49_050. Carly Rae Jepsen - I Really Like You_noise_-20dB_sample2.wav",152,0,0,0,0,0,0,0,0,0,0,0,0,0,33,0,0,4,0,0,0,0,0,0,0,1,0,0,0,0,0,0,8,0,0,0,0,0,0,0,0,0,0,0,0,0,5,0,0,0,0,0,0,4,0,0,0,0,0,0,0,0,0,0,0,0,0,0,1,0,0,0,0,2,1,0,0,2,0,0,0,0,0,0,17,0,0,0,0,0,0,0,0,0,1,0,5,0,3,0,0
"95_053. Avicii - Hey Brother_noise_-20dB_sample2.wav",150,0,1,0,1,2,9,0,0,0,0,7,6,0,30,0,0,4,0,0,0,0,0,0,375,2,0,0,3,5,0,2,0,0,269,0,2,0,0,21,1,0,0,0,0,2,0,29,0,37,0,0,0,0,16,2,0,9,0,0,1,0,0,0,0,72,0,2,0,0,0,0,0,0,0,0,0,33,0,2,0,0,2,0,14,0,0,0,0,0,0,3,0,0,93,0,2,1,0,6,0
"98_021. Alan Walker - Faded_noise_-20dB_sample2.wav",155,0,0,0,0,0,0,0,16,0,0,0,0,2,31,0,0,1,0,0,0,0,0,0,0,0,0,0,0,0,0,6,0,0,0,0,0,0,0,0,0,0,0,0,1,0,0,0,0,1,0,37,0,0,0,0,0,0,1,0,0,0,0,0,0,11,0,0,0,0,0,26,0,0,0,0,0,0,0,0,0,0,0,0,0,0,0,0,0,0,0,0,0,0,0,0,0,0,0,3,0
"39_051. Galantis - No Money (Official Video)_noise_-20dB_sample1.wav",164,0,0,0,0,0,0,0,0,0,0,0,0,1,33,0,0,4,0,0,0,0,0,0,0,0,0,0,0,0,0,0,0,0,0,0,0,0,0,1,0,0,0,0,0,0,0,0,0,0,0,0,0,0,0,0,0,0,0,0,0,0,0,25,0,0,0,0,0,0,0,0,0,0,0,0,0,0,0,0,0,0,0,0,0,0,0,0,0,0,0,0,2,0,0,0,2,0,0,0,0
"81_013. Passenger  Let Her Go (Official Video)_noise_-20dB_sample1.wav",156,0,0,0,0,0,0,0,0,0,0,0,0,0,23,0,0,0,0,0,0,0,0,0,0,0,0,0,0,0,0,0,0,0,0,0,0,0,0,0,0,0,0,0,0,0,0,0,0,0,0,0,0,0,0,0,0,0,0,0,0,0,2,0,0,0,0,0,0,0,0,0,0,0,0,0,0,0,0,0,0,0,0,0,0,0,0,0,0,0,0,0,0,0,0,0,0,0,0,0,0
"89_091. Faster Car - Anders Lystell feat. Kaliber [EPIDEMIC SOUND] (Lyrics)_noise_-20dB_sample1.wav",158,0,0,5,0,0,0,0,0,0,0,0,0,0,32,0,0,0,0,0,0,0,0,0,0,0,0,0,0,0,1,0,0,0,0,0,0,0,0,0,0,0,3,0,0,0,0,1,0,0,0,3,152,0,0,0,0,0,0,0,0,0,0,0,0,0,0,0,0,0,0,0,0,0,0,0,0,0,0,0,0,0,0,0,0,0,0,1,0,0,0,0,0,0,0,0,0,0,0,0,0
"4_003. Lorde - Royals (US Version)_noise_-20dB_sample2.wav",164,0,0,22,0,1,0,0,0,0,0,0,1,0,33,0,0,0,51,22,0,0,0,0,0,0,0,0,0,11,0,0,1,0,0,0,0,0,0,4,0,0,0,0,0,0,0,0,0,0,0,0,0,0,0,0,0,0,0,5,0,0,0,0,0,3,0,0,0,2,0,11,0,2,0,0,0,0,0,0,0,0,0,0,0,0,0,0,0,0,0,0,0,0,0,0,0,2,0,0,1
"28_074. American Authors - Best Day Of My Life_noise_-20dB_sample1.wav",155,0,1,8,0,0,0,0,0,0,0,0,0,0,32,0,0,13,0,0,0,0,0,0,2,4,0,2,0,0,0,0,0,15,1,0,0,0,0,0,0,0,0,0,0,0,0,0,0,0,0,0,0,0,0,0,0,1,0,0,0,0,0,0,0,4,0,0,0,0,1,0,0,0,1,1,0,0,0,0,0,0,0,0,0,0,1,1,0,0,0,0,0,0,0,0,0,0,0,0,0
"84_001. Anna Kendrick - Cups_noise_-20dB_sample2.wav",158,0,0,0,0,0,0,0,0,0,1,0,0,0,33,0,0,2,0,0,0,0,0,0,0,1,0,0,0,0,0,0,0,0,0,0,0,0,0,0,0,0,0,0,0,0,0,0,0,0,0,0,0,0,0,0,0,0,0,0,0,0,0,0,0,0,0,0,0,0,0,0,0,1,0,0,0,0,0,0,0,0,0,0,0,0,0,0,0,0,0,0,0,0,2,0,2,0,0,0,0
"23_048. Pharrell Williams - Happy (Official Music Video)_noise_-20dB_sample2.wav",157,0,0,0,0,0,0,0,0,0,0,0,0,0,28,0,0,1,0,0,8,0,0,0,0,0,0,0,0,0,0,0,0,0,0,0,0,0,0,0,0,0,0,0,0,0,0,0,0,0,0,0,0,0,0,1,0,0,0,0,0,0,0,0,0,0,0,0,0,0,0,0,0,0,0,0,0,0,0,0,0,0,0,0,0,0,0,0,0,0,10,0,0,0,4,0,0,0,0,0,0
"9_034. Pitbull - Timber (Official Video) ft. Ke$ha_noise_-20dB_sample1.wav",157,0,1,29,0,0,0,51,0,0,0,0,0,0,14,6,0,4,0,0,0,0,0,0,0,0,24,3,0,0,89,0,41,0,0,24,1,0,0,0,0,0,0,0,2,0,0,0,0,14,0,0,16,1,0,0,0,0,0,0,0,0,1,0,5,0,2,0,2,0,0,26,0,3,0,25,0,4,0,0,0,0,0,7,0,0,0,0,0,0,0,7,12,0,0,0,0,2,0,0,22
"91_Greener_noise_-20dB_sample2.wav",158,7,0,0,0,0,0,22,0,0,0,0,0,0,33,0,0,1,0,0,0,2,0,0,0,0,0,0,0,1,1,0,0,0,0,0,0,0,0,0,0,0,1,0,0,0,4,0,0,0,0,8,0,0,0,0,0,0,0,0,0,0,0,0,6,0,0,0,2,0,0,0,0,0,0,0,0,0,0,8,0,0,2,2,0,0,0,0,0,0,0,0,0,0,0,0,0,0,0,0,0
"67_090. Josh Groban - You Raise Me Up (Official Music Video) [HD Remaster]_noise_-20dB_sample2.wav",156,40,1,0,0,0,0,0,0,0,0,0,4,0,31,0,0,1,0,0,0,0,0,0,0,1,0,0,0,0,0,0,0,0,0,0,0,0,0,0,0,0,0,0,1,0,0,0,0,0,0,1,0,1,0,0,0,0,0,0,0,0,0,0,0,0,0,0,0,0,0,0,0,0,0,0,14,0,0,0,0,1,0,0,0,0,0,0,0,0,0,0,2,0,0,0,0,0,0,1,0
"37_063. Bastille - Pompeii (Official Music Video)_noise_-20dB_sample2.wav",159,0,0,0,0,0,0,4,0,0,0,0,0,0,33,0,0,2,0,0,0,0,0,13,0,1,0,0,0,0,0,0,0,0,0,1,0,0,0,0,0,0,0,0,0,0,0,0,0,0,0,0,0,0,0,0,0,0,0,0,0,0,0,0,0,0,0,0,0,0,0,0,0,0,0,0,0,0,0,0,0,0,1,0,0,0,0,0,0,0,0,0,0,0,0,0,2,0,0,0,0
"20_Never Meant to Know_noise_-20dB_sample2.wav",158,61,0,0,0,0,0,0,0,0,0,0,0,0,33,0,0,0,1,0,0,0,0,0,0,0,0,1,0,0,0,1,0,0,0,0,0,0,0,0,0,0,5,0,0,0,0,0,0,0,0,35,2,168,0,0,0,0,0,0,0,0,0,0,0,0,0,0,0,0,0,0,0,0,0,0,0,0,0,0,0,0,0,1,0,0,0,0,0,0,0,0,0,0,0,0,0,0,0,0,0
"24_047. Girls Talk Boys (from the Ghostbusters Original Motion Picture Soundtrack)_noise_-20dB_sample2.wav",163,0,0,0,0,0,0,0,0,0,0,0,0,0,30,6,0,0,0,0,0,0,0,0,0,0,0,0,0,0,0,0,0,1,2,0,0,0,0,0,0,0,0,0,0,0,0,0,0,0,0,0,0,0,0,0,0,0,0,0,0,0,0,0,0,0,1,0,1,0,5,6,0,0,0,1,0,0,0,0,0,0,0,0,0,0,0,0,0,0,0,57,0,0,0,0,0,0,0,0,0
"30_Cannibal_noise_-20dB_sample2.wav",163,0,0,0,0,0,0,0,0,0,0,0,1,0,33,0,0,0,0,0,0,0,0,0,0,0,0,0,0,2,0,1,18,0,0,20,1,0,3,0,0,0,0,0,0,0,0,0,0,0,0,0,0,0,0,0,0,0,0,0,5,0,0,0,0,0,0,0,0,3,0,2,0,0,0,0,0,0,0,0,0,0,0,422,39,2,0,0,0,0,0,0,0,0,0,0,4,0,0,0,0
"96_089. American Boy by Estelle and Kanye West_noise_-20dB_sample2.wav",159,0,0,0,0,0,0,0,0,0,0,0,0,0,29,0,0,0,0,0,0,0,0,0,0,1,0,1,0,1,1,0,3,0,0,1,0,0,0,0,0,0,0,0,0,0,0,0,0,2,0,0,0,6,0,0,0,0,0,0,0,0,0,0,0,0,0,0,0,0,0,0,0,0,0,0,0,0,0,0,0,0,0,0,0,0,0,0,0,0,0,0,0,0,0,2,2,0,83,0,0
"99_080. Melanie Martinez - Carousel (Official Music Video)_noise_-20dB_sample1.wav",159,0,0,22,0,1,0,0,0,4,1,0,0,2,31,0,0,2,0,0,0,0,0,0,0,0,0,0,0,0,0,0,0,0,0,0,1,0,0,0,0,0,0,0,0,0,0,8,0,0,0,0,0,0,1,0,0,0,0,0,0,0,5,0,0,0,0,24,0,0,0,0,0,0,0,0,0,0,0,0,0,0,0,0,0,0,0,0,0,0,0,0,0,0,10,1,0,0,0,0,0
"87_079. twenty one pilots Heathens (from Suicide Squad The Album) [OFFICIAL VIDEO]_noise_-20dB_sample1.wav",158,0,0,0,0,1,0,28,0,0,0,0,4,0,33,1,0,2,0,0,0,0,0,0,0,0,0,0,0,0,26,0,15,0,0,17,5,0,0,0,0,0,0,1,0,0,0,0,0,0,0,0,0,0,0,0,0,0,0,0,0,8,0,0,0,1,1,0,0,4,0,18,0,0,0,211,0,0,0,0,0,2,0,0,0,0,1,0,0,0,0,0,8,0,1,0,0,0,0,0,0
"85_011. Martin Garrix - Animals (Official Video)_noise_-20dB_sample2.wav",157,0,0,0,0,0,0,0,0,0,0,0,0,50,33,0,0,1,1,0,0,0,0,0,0,0,0,0,0,0,0,0,0,0,0,0,0,0,0,0,0,0,0,0,0,0,0,0,0,0,0,0,0,0,0,0,0,0,0,0,0,0,0,0,0,2,0,0,0,0,0,0,0,0,0,0,0,3,0,0,0,0,0,0,0,0,1,0,0,0,0,0,0,0,0,0,0,0,0,1,0
"17_084. Thomas Rhett - Crash and Burn_noise_-20dB_sample1.wav",156,0,0,0,0,2,0,0,0,0,0,0,0,0,29,0,6,2,0,0,0,0,0,0,0,1,0,0,0,0,0,0,0,0,0,0,3,0,0,0,0,0,0,0,0,0,0,0,0,0,1,0,0,0,0,0,0,0,0,0,0,0,0,0,0,0,0,0,0,0,0,0,0,0,1,0,0,0,0,0,0,0,0,0,0,0,0,0,0,0,0,0,0,0,0,0,1,0,0,0,0
"3_100. Owl City & Carly Rae Jepsen - Good Time (Official Video)_noise_-20dB_sample2.wav",161,0,0,0,0,0,0,0,0,10,0,0,0,0,32,0,0,2,0,0,0,0,0,0,11,0,0,0,0,0,0,0,0,0,10,0,0,0,0,0,0,0,56,0,0,2,0,19,0,5,4,0,0,0,0,0,0,1,3,0,1,0,0,0,0,9,0,0,0,0,3,0,0,0,0,0,0,0,0,0,0,0,0,0,0,8,0,0,0,0,0,0,0,0,0,0,6,0,0,2,0
"41_The Bidding_noise_-20dB_sample1.wav",166,0,0,0,0,0,0,0,2,0,0,0,0,0,33,0,0,4,1,0,0,0,0,0,0,2,0,0,0,0,0,0,0,0,0,0,0,0,0,0,0,0,0,0,0,0,0,0,0,0,0,0,0,0,0,0,0,0,0,0,0,0,0,0,0,0,0,0,0,0,0,0,0,0,0,0,0,0,0,0,0,0,0,0,0,0,0,0,0,0,0,0,0,0,0,0,39,0,0,0,0
"28_074. American Authors - Best Day Of My Life_noise_-20dB_sample2.wav",178,0,0,44,0,0,0,4,0,0,0,0,0,0,33,6,0,18,0,0,0,0,0,0,0,1,38,0,0,0,50,0,13,0,0,0,0,0,0,0,0,0,0,0,6,0,0,0,0,27,0,0,0,0,0,0,0,0,0,0,0,0,0,0,1,0,5,0,9,0,0,3,0,1,0,0,0,14,0,0,0,0,0,17,0,0,0,0,0,0,0,14,5,0,0,0,2,11,0,0,0
"62_061. LEFT SCREEN ONLY Spot the Differences_noise_-20dB_sample2.wav",157,0,0,0,0,0,0,0,0,0,0,3,0,0,33,0,0,0,0,0,0,0,0,0,0,0,0,0,0,0,0,0,0,0,0,0,0,0,0,0,0,0,0,0,0,0,0,0,0,0,0,0,0,0,0,0,0,0,0,0,0,0,0,0,2,0,0,0,0,0,1,0,0,0,0,0,0,0,0,0,51,0,0,0,0,0,0,0,0,0,1,0,0,0,0,0,0,0,0,0,0
"33_076. Galantis - Firebird (Official Audio)_noise_-20dB_sample1.wav",159,0,0,0,0,0,0,0,0,0,0,0,0,0,33,0,0,1,0,0,0,1,0,0,5,1,0,0,0,0,0,8,4,0,5,0,0,0,0,0,0,0,12,0,0,0,0,0,0,1,0,0,0,0,0,4,0,0,0,0,2433,0,1,0,0,0,0,0,0,0,0,0,0,0,0,0,0,0,1,0,0,5,2,0,0,11,0,4,0,1,0,0,0,0,0,0,2,0,0,0,0
"21_085. Janji ft. Johnning - Heroes Tonight 1 HOUR_noise_-20dB_sample1.wav",159,0,0,0,0,0,0,0,0,3,0,0,0,0,33,0,0,0,0,0,0,0,0,0,0,0,0,0,0,0,0,1,5,0,0,0,0,0,0,0,0,2,23,0,0,42,6,530,0,0,174,18,0,63,32,0,0,0,21,0,4,0,0,0,0,0,0,0,0,0,0,0,0,0,0,0,0,1,0,0,0,0,0,0,84,0,0,0,0,0,0,0,0,0,0,0,2,0,0,8,0
"58_039. OMFG - Hello_noise_-20dB_sample1.wav",169,0,0,0,0,0,0,0,0,0,0,0,0,0,23,0,0,0,0,0,0,0,3,0,0,0,0,0,0,0,0,0,0,0,0,0,0,0,0,0,0,0,0,0,0,0,1,0,0,0,0,0,0,0,0,0,0,0,0,0,0,0,0,0,0,0,0,0,0,0,0,0,0,0,0,0,0,2,0,0,0,0,0,0,0,0,0,0,0,0,0,0,0,9,0,0,0,0,0,0,0
"35_036. Fall Out Boy - Centuries (Official Video)_noise_-20dB_sample2.wav",165,0,0,0,0,0,0,0,0,0,0,0,0,1,28,2,0,0,0,0,0,0,0,0,0,0,1,0,0,0,0,0,33,0,0,4497,0,0,0,0,3,0,0,0,0,0,0,0,0,0,0,0,0,0,0,0,0,0,0,0,0,0,0,0,729,16,0,0,0,22,0,34,0,0,0,0,0,0,0,0,0,0,0,0,0,17,0,0,0,0,0,0,1,0,0,0,2,0,0,0,11
"11_062. Pipe Guy - HouseTranceTechno Live_noise_-20dB_sample1.wav",159,0,0,8,0,0,0,1,0,0,0,0,0,1,33,0,0,2,0,1,0,0,0,0,0,1,5,0,0,0,3,1,1,0,0,2,0,0,0,0,0,0,0,0,0,0,0,0,0,0,0,0,0,0,0,0,0,0,0,0,0,0,0,0,0,0,1,0,0,0,0,1,0,0,0,1,0,0,0,0,0,3,0,0,0,0,0,0,0,0,0,0,0,0,0,0,0,0,0,8,0
"70_You and Me_noise_-20dB_sample1.wav",158,0,0,175,0,0,0,45,0,0,0,0,0,1,27,29,0,25,0,0,0,0,0,0,0,1,145,0,0,0,274,0,92,0,0,4,9,0,0,0,0,0,0,0,20,0,0,0,0,91,0,0,0,3,0,0,0,0,0,0,0,0,0,0,3,0,16,0,27,1,0,23,0,3,37,22,0,40,0,0,0,0,0,62,0,0,0,0,0,0,0,46,24,0,0,0,4,34,1,0,0
"60_057. Get Off The Phone Song_noise_-20dB_sample1.wav",165,0,0,0,0,0,0,0,0,0,0,0,0,0,33,0,0,4,0,0,0,0,0,0,0,0,0,2,1,0,3,1,3,0,0,0,0,0,0,0,0,0,0,24,0,0,0,0,0,0,0,0,16,14,0,0,0,0,0,0,0,0,0,0,0,0,0,0,0,0,0,0,0,3,0,0,0,0,0,4,0,0,0,0,0,0,0,5,0,0,2,0,0,0,0,0,2,0,1,0,0
"84_001. Anna Kendrick - Cups_noise_-20dB_sample1.wav",166,0,0,0,0,0,0,0,13,0,0,0,0,0,33,0,0,2,0,0,0,0,0,0,0,2,0,0,0,0,0,0,0,0,0,0,0,0,0,0,0,1,0,0,0,0,0,0,0,0,0,0,0,0,0,0,0,0,0,0,0,0,0,0,0,0,0,0,0,0,0,0,0,0,0,0,0,0,0,0,0,0,0,0,0,0,0,0,0,0,0,0,0,0,0,0,2,0,0,0,0
"30_Cannibal_noise_-20dB_sample1.wav",158,0,0,37,0,3,0,0,0,0,0,0,0,3,30,0,0,1,0,0,0,0,0,0,0,5,0,1,3,0,0,20,0,11,0,0,4,0,0,0,0,0,0,0,1,0,1,0,0,0,0,0,0,0,0,0,0,1,0,0,0,0,0,0,0,6,0,0,0,0,3,2,0,0,18,1,0,0,0,0,0,0,0,131,0,0,6,1,0,0,0,2,0,0,0,0,2,0,0,1,0
"4_003. Lorde - Royals (US Version)_noise_-20dB_sample1.wav",160,0,0,0,0,0,0,0,0,0,0,0,0,0,33,0,0,2,43,0,0,0,0,0,0,1,0,1,1,0,0,0,0,0,0,0,0,0,0,1,0,0,0,0,0,0,0,0,0,0,0,0,0,0,0,0,0,0,0,0,0,0,0,0,0,3,0,0,0,0,0,14,0,2,0,0,0,0,0,0,0,0,0,0,0,0,0,0,0,0,0,0,0,0,0,0,2,0,0,0,0
"99_080. Melanie Martinez - Carousel (Official Music Video)_noise_-20dB_sample2.wav",160,0,0,1,0,1,3,0,0,0,0,0,0,1,30,0,0,1,1,0,0,0,0,0,0,1,0,0,0,0,0,0,0,0,0,1,0,0,0,0,0,0,0,0,0,0,1,48,0,0,0,0,0,0,6,1,0,1,0,0,0,0,0,0,0,11,0,37,0,0,0,0,0,0,0,0,0,7,0,4,0,0,1,0,4,0,0,0,0,0,0,0,0,0,11,0,2,0,0,1,0
"41_The Bidding_noise_-20dB_sample2.wav",160,0,0,0,0,0,0,0,0,0,0,0,0,1,29,0,1,4,1,0,0,0,1,0,0,1,0,0,0,0,0,0,0,0,0,0,0,0,0,0,0,0,0,0,0,0,0,0,0,0,0,3,0,0,0,0,0,0,0,0,0,0,0,0,0,0,0,0,0,0,0,6,0,0,0,0,0,0,0,0,0,0,0,0,0,0,0,0,0,0,0,0,0,0,1,0,9,0,0,0,2
"49_050. Carly Rae Jepsen - I Really Like You_noise_-20dB_sample1.wav",159,0,0,66,0,19,0,0,0,0,0,0,0,0,33,0,0,2,0,0,0,0,0,0,0,8,0,13,0,0,0,0,0,66,0,0,0,0,0,0,0,0,0,0,8,0,3,0,0,0,0,0,0,0,0,0,0,2,0,0,0,0,0,0,0,31,0,0,0,0,0,8,0,0,18,0,0,0,0,0,0,0,0,26,26,0,32,0,0,0,1,3,0,0,0,0,2,0,0,2,0
"15_060. My OCD (Song)_noise_-20dB_sample2.wav",158,0,5,0,0,0,0,47,0,0,0,0,204,0,30,0,0,4,1,0,0,1,0,0,0,1,0,0,9,0,0,1,0,0,0,0,0,0,0,62,0,1,0,0,0,2,0,0,0,0,0,0,0,0,3,0,2,0,0,0,0,0,0,0,0,4,0,0,0,0,7,0,0,1,2,0,0,1,0,0,0,0,0,0,0,0,0,0,0,0,0,0,2,0,1,0,2,6,0,0,0
"37_063. Bastille - Pompeii (Official Music Video)_noise_-20dB_sample1.wav",159,0,11,44,9,15,0,0,0,0,0,0,0,5,32,0,0,4,0,0,0,0,0,5,0,3,0,13,2,13,0,4,3,44,0,0,0,0,0,0,0,0,0,3,5,0,1,0,0,0,0,0,0,1,0,0,0,1,0,7,0,0,0,0,0,20,0,0,0,0,15,3,0,0,11,5,0,0,0,0,0,0,0,0,0,0,84,0,0,0,0,1,0,0,0,0,0,0,0,0,0
"13_030. Maroon 5 - Animals_noise_-20dB_sample1.wav",157,0,0,0,0,0,0,0,0,0,0,0,0,0,22,0,0,1,0,0,0,0,0,0,0,0,0,0,0,0,0,0,0,0,0,0,0,0,0,0,41,0,0,0,0,0,0,0,0,0,0,0,0,0,0,0,0,0,0,0,0,0,0,0,0,0,0,0,0,0,0,0,0,0,0,0,0,0,0,0,0,0,0,0,0,0,0,0,0,0,0,0,0,0,0,0,2,0,0,0,0
"0_096. Nightcore - Mad World_noise_-20dB_sample2.wav",158,0,0,0,0,0,0,0,1,0,0,0,0,0,3,0,0,0,0,0,234,0,0,0,0,0,0,0,0,0,0,0,0,0,0,0,0,0,0,1,0,0,0,0,0,0,0,0,0,0,0,0,0,0,0,0,0,0,0,0,0,0,2,0,0,0,0,0,0,0,0,0,0,0,0,0,0,0,0,0,0,0,0,0,0,0,0,0,0,0,0,0,0,0,0,0,0,0,0,1,0
"77_065. Nightcore - Ghostbusters_noise_-20dB_sample1.wav",160,0,0,0,0,0,0,0,0,0,0,0,0,0,24,0,3,0,0,0,0,15,0,0,2,0,0,0,0,0,0,0,0,0,1,0,0,0,0,0,0,0,0,0,0,0,1,0,0,0,0,0,0,0,0,0,0,0,0,0,0,0,0,0,0,0,0,0,0,0,0,0,0,0,0,0,0,0,0,0,0,0,0,0,0,0,0,0,0,0,0,0,0,0,1,0,2,0,0,0,0
"18_044. tony igy-stop in my mind_noise_-20dB_sample2.wav",168,0,0,0,0,0,0,7,0,0,0,0,0,0,20,0,0,2,0,0,0,0,0,0,0,0,0,4,0,0,0,102,0,22,0,0,0,0,0,0,0,0,0,0,0,0,0,0,0,0,0,0,0,0,0,0,0,0,0,0,0,0,0,0,0,2,0,0,0,0,0,0,0,0,2,0,0,0,0,0,0,0,0,0,0,0,4,0,0,0,0,0,0,0,0,0,0,0,0,1,1
"79_095. Alan Walker - Alone_noise_-20dB_sample2.wav",223,0,0,0,0,0,0,0,0,0,0,0,0,0,30,0,0,4,0,0,0,0,0,0,0,0,0,0,0,0,0,1,0,0,0,0,0,0,0,0,0,0,2,0,0,2,0,17,0,0,20,3,0,6,4,0,8,0,19,0,0,0,0,0,0,0,0,0,0,0,0,0,0,0,0,0,0,0,0,0,0,0,0,0,25,0,1,0,0,0,0,0,0,0,0,0,0,0,0,2,0
"63_087. Anaconda - Nicki Minaj  The Fitness Marshall  Dance Workout_noise_-20dB_sample2.wav",161,0,0,0,2,0,0,0,0,0,0,0,0,0,33,0,0,2,0,1,0,0,0,0,0,2,0,1,0,0,0,0,0,0,0,0,0,0,0,0,0,0,0,0,0,0,0,0,0,0,0,0,0,0,0,0,0,0,0,0,0,0,0,0,0,0,0,2,0,0,1,0,0,0,0,0,0,0,16,0,0,0,0,0,0,0,0,0,0,0,1,0,0,0,3,0,2,0,0,0,0
"55_009. Taylor Swift - Shake It Off_noise_-20dB_sample1.wav",158,0,0,4,0,0,0,1,0,0,0,0,3,0,20,0,0,3,0,81,0,0,0,0,0,0,0,0,1,0,0,0,7,0,0,0,0,0,0,44,0,0,0,0,0,0,0,0,0,0,0,0,0,0,0,0,0,0,0,0,0,0,0,0,0,0,0,0,0,0,0,12,0,1,0,0,0,0,0,0,0,0,0,0,0,0,0,0,0,0,0,0,0,0,0,0,0,0,0,1,0
"82_A Lady_noise_-20dB_sample1.wav",161,0,0,0,0,0,0,0,0,0,0,0,18,29,33,0,0,2,0,0,0,1,0,0,0,0,0,0,13,0,0,2,0,0,0,0,0,0,239,57,0,0,0,0,0,0,5,0,0,0,0,0,0,0,1,0,0,0,0,0,0,0,0,0,0,0,0,2,0,0,0,0,0,0,0,0,63,0,5,0,0,0,5,3,0,0,50,0,0,0,0,1,0,0,0,0,2,0,0,0,0
"26_017. David Guetta - Titanium ft. Sia (Official Video)_noise_-20dB_sample1.wav",160,1,0,0,0,1,0,0,2,0,0,0,0,0,27,0,0,0,0,0,0,0,1,0,0,0,0,0,0,0,0,1,1,0,0,0,0,0,0,0,0,1,0,0,0,1,0,0,0,0,0,0,0,0,2,0,0,0,0,24,0,0,0,0,0,0,0,0,0,0,0,0,0,0,0,0,0,0,0,0,0,0,0,0,0,0,0,0,0,0,0,2,0,0,0,0,2,0,0,1,0
"92_025. Fall Out Boy - Immortals (From Big Hero 6)_noise_-20dB_sample2.wav",163,0,0,44,1,17,0,0,0,0,0,0,0,3,33,0,0,4,1,1,0,0,0,0,0,2,1,169,1,1,0,8,0,52,0,0,0,0,0,0,0,0,0,0,5,0,0,0,0,0,0,4,0,1,0,0,0,1,0,1,0,0,2,0,0,15,0,0,0,0,3,0,0,0,6,7,0,0,0,0,0,0,0,1,2,0,17,0,0,0,0,0,0,0,0,0,4,0,0,0,0
"75_078. Kungs vs Cookin on 3 Burners - This Girl (Official Music Video)_noise_-20dB_sample2.wav",168,4,0,0,0,0,24,0,0,0,0,0,0,0,33,0,0,1,0,0,0,0,0,0,44,0,0,0,0,0,0,0,0,0,24,0,0,0,0,0,0,0,0,0,0,0,0,0,0,1,0,0,0,0,0,0,0,0,0,0,0,0,0,0,0,0,0,0,0,0,0,0,0,0,0,0,0,0,0,1,0,0,0,0,0,0,0,0,0,0,0,0,0,0,0,0,0,0,0,0,0
"3_100. Owl City & Carly Rae Jepsen - Good Time (Official Video)_noise_-20dB_sample1.wav",163,0,0,0,0,0,0,0,0,0,0,0,0,0,33,0,0,0,0,0,0,0,0,0,0,1,0,0,0,0,0,0,0,0,0,0,0,0,0,0,0,0,0,0,0,0,0,0,0,0,0,0,0,0,0,0,0,0,0,0,0,0,0,0,0,0,0,0,0,0,0,0,0,0,0,0,0,0,0,0,0,0,0,0,0,0,0,0,0,0,0,0,0,0,0,0,2,0,0,0,0
"81_013. Passenger  Let Her Go (Official Video)_noise_-20dB_sample2.wav",157,0,3,0,0,0,0,0,0,0,0,0,2,0,28,6,0,4,1,0,0,0,0,0,0,2,0,0,0,0,2,0,0,0,0,0,0,0,0,0,7,2,0,0,0,0,0,0,0,3,0,0,0,0,0,0,0,0,0,0,0,0,10,0,0,0,0,0,0,0,0,4,0,1,0,0,0,0,0,0,0,0,0,0,0,0,3,0,0,0,0,0,0,0,0,0,2,0,0,3,0
"97_075. Lindsey Stirling - Prism (Official Video)_noise_-20dB_sample2.wav",166,0,0,0,0,0,0,21,0,0,0,0,0,0,25,0,0,0,0,0,0,0,0,0,0,0,0,0,0,0,0,0,0,0,0,0,0,0,0,0,0,0,0,0,0,0,0,0,0,0,0,0,0,0,0,0,0,0,0,0,0,0,0,0,0,0,0,0,0,0,0,0,0,0,0,0,0,0,0,0,0,0,0,0,0,0,0,0,0,0,0,0,0,0,0,0,2,0,0,0,0
"23_048. Pharrell Williams - Happy (Official Music Video)_noise_-20dB_sample1.wav",167,0,0,0,0,0,0,0,0,0,0,0,0,0,27,0,0,2,0,1,0,0,0,0,0,1,0,0,0,0,0,0,0,0,0,0,0,0,0,0,0,0,0,0,0,0,0,0,0,0,0,0,0,0,0,0,0,0,0,0,0,0,0,0,0,0,0,0,0,0,0,0,0,0,0,0,0,0,0,0,0,0,0,0,0,0,0,0,0,0,17,0,0,0,2,0,2,0,0,0,0
"32_086. Olly Murs - Grow Up (Official Video)_noise_-20dB_sample2.wav",161,0,0,0,0,0,0,15,0,0,0,0,0,1,25,0,0,2,0,0,0,0,0,0,0,0,0,0,0,0,0,0,0,0,0,0,0,0,0,0,0,0,0,0,0,0,0,0,0,0,0,18,0,0,0,0,0,0,0,0,0,0,0,0,0,0,0,0,0,0,0,0,0,0,0,0,0,0,0,108,0,0,0,0,0,0,0,0,0,0,0,0,0,0,9,0,0,0,0,0,0
"93_015. Lukas Graham - 7 Years [Official Music Video]_noise_-20dB_sample2.wav",157,5,0,0,0,0,0,0,0,0,0,0,0,0,33,0,0,1,0,0,0,0,0,0,0,0,0,0,0,0,0,0,0,0,0,1,0,0,0,0,0,0,0,0,0,0,0,0,0,0,12,0,0,0,0,0,0,0,0,0,0,0,0,0,0,0,0,0,0,0,0,0,0,0,0,0,0,0,0,0,0,1,0,0,0,0,0,0,0,0,0,0,0,0,0,0,0,0,0,0,0
"61_045. The Black Eyed Peas - I Gotta Feeling (Official Music Video)_noise_-20dB_sample2.wav",159,0,0,0,0,0,0,0,0,0,0,0,0,0,23,0,0,0,0,0,0,0,0,0,0,0,0,0,0,0,0,0,0,0,0,16,0,0,0,0,0,0,0,0,0,0,0,0,0,0,0,0,0,0,0,0,0,0,0,0,0,0,0,0,8,0,0,0,0,0,0,0,0,0,0,0,0,0,0,0,0,0,0,0,0,41,0,1,0,0,0,0,4,0,0,0,0,0,0,0,0
"88_033. Fifth Harmony - Worth It (Official Video) ft. Kid Ink_noise_-20dB_sample1.wav",158,0,0,0,0,0,0,0,0,2,36,0,0,2,29,0,0,0,0,0,1,0,0,0,0,0,0,0,0,0,0,0,0,0,4,0,0,0,0,0,0,0,0,0,0,0,0,0,0,0,0,0,0,0,0,0,0,0,0,0,0,0,0,0,0,0,0,2,0,0,0,0,0,0,0,0,0,0,0,0,0,0,0,0,0,0,0,0,0,0,0,0,0,0,0,0,2,5,0,0,0
"31_058. Rub Some Bacon on It_noise_-20dB_sample2.wav",159,0,0,0,0,0,0,0,0,0,0,0,0,0,29,0,0,0,0,0,0,0,0,0,0,0,0,0,0,0,0,0,0,16,0,0,0,0,0,0,0,0,0,0,0,0,0,0,0,0,0,0,0,0,0,0,3,0,0,0,0,0,0,0,0,0,0,0,0,0,0,8,0,0,0,12,0,0,0,0,0,0,0,0,0,3,0,0,0,0,0,0,0,0,0,0,2,5,0,0,0
"38_082. Smoke and Mirrors_noise_-20dB_sample2.wav",161,0,0,0,0,0,0,0,0,0,0,0,0,0,33,0,0,4,0,0,0,0,0,0,0,0,0,0,0,0,0,0,0,0,0,0,1,0,0,0,0,0,0,0,0,0,0,0,0,0,0,0,0,0,0,0,0,0,1,0,0,0,0,0,0,0,0,0,0,0,0,0,0,0,0,0,0,0,0,0,0,0,0,0,0,0,0,0,0,0,0,0,0,0,0,0,0,0,0,0,0
"43_098. Nightcore~ The Wolf_noise_-20dB_sample2.wav",164,0,0,0,0,0,1,0,0,0,0,0,0,0,33,0,0,3,0,0,0,0,0,0,0,2,0,0,0,0,0,1,0,0,1,1,0,3,0,0,0,0,0,0,0,0,0,0,0,0,0,0,0,0,0,0,0,0,0,0,0,0,0,0,0,0,0,0,0,0,0,0,0,0,0,0,0,0,0,0,0,0,0,0,1,2,4,0,0,0,1,0,0,0,3,2,4,0,0,0,0
"80_077. Emeli Sandé - Hurts_noise_-20dB_sample1.wav",157,0,0,44,1,15,0,9,0,0,0,0,0,20,33,2,2,1,7,0,1,0,0,0,0,11,5,12,0,10,28,38,12,80,0,11,3,0,0,0,0,0,0,0,120,0,1,0,0,0,0,2,0,2,0,0,0,13,0,4,0,0,0,0,0,35,1,13,0,0,13,26,0,13,11,18,13,0,1,0,0,7,0,3,0,0,50,0,1,0,0,1,3,0,0,0,0,0,0,0,0
"34_The Trap_noise_-20dB_sample1.wav",160,0,0,0,0,0,0,0,0,0,0,0,0,0,33,0,0,4,0,0,0,0,0,0,0,2,0,0,0,0,0,0,0,0,0,2,0,0,6,1,0,0,0,0,0,0,13,0,0,0,0,0,0,0,0,0,0,0,0,0,0,0,0,0,0,0,0,0,1,0,0,0,0,0,0,0,0,0,0,0,0,0,0,0,0,0,0,0,0,0,0,0,0,0,0,0,2,0,0,0,0
"101_070. Eminence - Knock Me Out (feat. Anna Cyzon) [Monstercat Official Music Video]_noise_-20dB_sample1.wav",163,0,0,0,0,0,0,0,0,0,0,0,0,1,33,0,0,6,0,0,0,0,0,0,0,1,0,0,0,0,0,0,18,0,0,0,0,0,0,0,0,0,0,0,0,0,0,0,0,0,0,0,0,0,0,0,0,0,0,0,0,0,0,0,0,0,0,0,0,0,0,0,0,0,0,0,0,0,0,0,0,0,0,0,0,0,0,0,0,0,0,0,0,0,0,0,0,0,0,1,0
"45_005. OneRepublic - Counting Stars_noise_-20dB_sample1.wav",160,0,0,0,0,0,0,0,0,0,0,0,0,0,31,1,0,2,0,0,0,0,0,0,0,0,0,0,0,0,0,0,0,0,0,0,0,0,0,1,0,0,0,0,0,0,0,0,0,0,0,0,0,0,0,0,0,0,0,0,0,0,0,0,0,2,0,0,3,0,0,0,0,0,0,0,0,0,0,0,0,0,0,0,0,0,0,0,0,0,0,0,0,0,0,0,2,0,0,0,0
"104_024. twenty one pilots Stressed Out [OFFICIAL VIDEO]_noise_-20dB_sample2.wav",160,0,0,0,0,0,0,0,0,0,0,0,0,0,33,0,0,0,0,0,0,0,0,0,0,0,0,0,0,0,0,0,0,0,0,0,0,0,0,3,0,0,0,0,0,0,2,0,0,0,0,0,0,0,0,0,0,0,0,0,0,0,0,0,0,6,42,0,0,0,0,0,0,0,0,0,0,0,0,0,0,0,0,0,0,0,0,0,0,0,0,0,0,0,0,0,4,2,0,0,0
"105_101. Yann Tiersen - Comptine d`un autre ete - l`apres-midi_noise_-20dB_sample2.wav",163,0,8,231,0,78,4,77,0,0,0,0,0,0,33,10,0,2,1,1,0,0,0,0,0,17,2,55,0,0,8,0,14,231,0,33,0,0,0,1,22,3,0,0,24,0,6,0,0,4,0,0,0,0,11,0,0,4,0,0,0,0,0,0,27,93,0,0,0,2,3,283,0,0,53,6,0,0,0,0,0,0,0,0,0,0,92,1,0,0,0,6,0,0,0,0,2,0,0,1,1
"16_038. P!nk - Just Give Me A Reason ft. Nate Ruess_noise_-20dB_sample2.wav",160,0,0,0,0,0,0,0,0,0,2,0,0,0,26,0,0,1,1,0,0,0,0,0,0,0,0,0,0,0,0,0,0,0,0,0,0,0,0,0,0,3,0,0,0,0,2,0,0,0,0,0,0,0,0,0,0,0,0,0,0,0,0,0,0,0,0,0,0,0,0,0,0,62,0,0,0,0,0,0,1,0,0,0,0,0,1,0,0,0,0,0,0,0,0,0,0,0,0,2,0
"25_035. Alan Walker - Sing Me To Sleep_noise_-20dB_sample1.wav",160,0,0,4,0,0,0,0,0,0,0,0,1,0,29,1,0,0,0,0,0,0,0,0,0,0,0,0,0,0,0,0,0,0,0,2,0,0,0,0,0,0,0,0,0,0,0,0,0,0,0,0,0,0,0,0,0,0,0,0,0,0,0,0,0,0,0,0,0,0,0,3,0,0,0,0,0,0,0,0,0,0,0,3,0,10,0,0,0,0,0,1,0,0,0,0,0,42,0,0,0
"59_014. Avicii - Hey Brother (Lyric)_noise_-20dB_sample1.wav",160,0,0,0,0,0,0,0,0,0,6,4,0,0,31,0,0,2,1,15,0,0,0,0,115,2,0,0,0,9,0,0,0,0,153,0,0,0,0,0,0,0,0,2,0,0,0,0,0,0,0,0,0,0,0,0,0,0,0,21,0,0,0,0,0,0,0,0,0,0,0,0,0,0,14,0,0,0,0,1,0,0,0,0,0,4,0,0,0,0,0,26,0,0,1,0,2,0,0,2,0
"16_038. P!nk - Just Give Me A Reason ft. Nate Ruess_noise_-20dB_sample1.wav",162,0,0,0,0,0,0,0,0,0,0,0,0,0,31,0,0,4,0,0,0,0,1,0,0,1,0,0,0,0,0,0,0,0,0,0,0,0,0,0,0,0,0,0,0,0,0,0,0,0,0,0,0,0,0,0,0,0,0,0,0,0,0,0,0,0,0,0,0,0,0,0,0,40,0,0,0,0,0,0,0,0,0,0,0,0,0,0,1,0,0,0,0,0,0,0,2,0,0,1,0
"60_057. Get Off The Phone Song_noise_-20dB_sample2.wav",182,0,0,0,0,0,0,0,0,0,0,0,0,0,33,0,0,2,1,0,0,0,0,0,0,1,0,0,0,0,0,1,0,0,0,0,0,0,0,0,0,0,0,13,0,0,0,0,0,0,0,0,0,0,0,0,0,0,0,0,0,0,0,0,0,0,0,0,0,0,0,0,0,0,0,0,0,0,0,0,0,0,0,0,0,0,0,0,0,0,0,0,0,0,0,0,4,0,0,0,0
"87_079. twenty one pilots Heathens (from Suicide Squad The Album) [OFFICIAL VIDEO]_noise_-20dB_sample2.wav",178,0,0,30,0,3,0,0,0,0,0,0,0,4,27,0,0,0,1,0,0,0,0,2,0,3,0,3,0,0,0,4,0,11,0,0,0,0,0,1,0,0,0,0,3,0,1,0,0,0,0,0,0,0,0,0,0,6,0,5,0,0,19,0,1,6,0,3,0,0,7,2,0,0,3,74,0,0,0,0,0,0,0,1,0,0,11,0,0,0,0,1,0,0,0,0,2,0,0,0,0
"5_002. Avicii - Wake Me Up (Official Video)_noise_-20dB_sample1.wav",180,0,0,0,0,0,0,0,0,0,0,0,0,0,33,0,0,1,0,0,0,0,0,0,0,0,0,0,0,0,0,0,0,0,0,1,0,0,0,0,0,0,0,0,0,0,0,1,0,0,0,0,0,0,0,0,0,0,0,0,0,0,0,0,0,0,0,0,0,0,0,0,0,0,0,0,0,0,0,0,0,0,0,0,0,0,0,0,0,0,0,0,0,0,0,0,2,0,0,3,0
"86_019. Naughty Boy - La la la ft. Sam Smith (Official Video)_noise_-20dB_sample2.wav",167,0,0,0,0,0,0,0,0,0,0,0,0,0,33,0,0,2,0,0,0,0,0,0,0,0,0,0,0,0,0,0,24,0,0,0,4,0,0,0,0,0,0,0,0,0,0,0,0,0,0,0,0,0,0,0,0,0,0,0,0,0,0,0,0,0,0,0,0,0,1,3,0,1,0,0,0,0,0,0,0,0,0,0,0,0,0,15,0,0,0,0,0,0,2,0,2,0,0,0,0
"10_012. Calvin Harris - I Need Your Love (Official Video) ft. Ellie Goulding_noise_-20dB_sample1.wav",165,0,0,0,0,0,1,0,0,2,0,0,1,1,30,0,9,6,0,0,1,0,0,0,0,2,11,0,0,0,0,0,0,0,1,1,0,0,0,0,0,0,1,0,0,484,0,0,0,0,0,0,0,0,0,0,0,0,5,0,0,0,0,0,0,0,0,0,0,0,0,0,0,1,0,0,0,0,0,2,0,0,0,0,0,59,0,0,0,0,0,0,0,0,0,0,4,0,0,0,0
"102_018. Shawn Mendes - Stitches (Official Music Video)_noise_-20dB_sample2.wav",169,0,0,0,2,0,0,0,0,0,0,7,0,0,33,0,0,1,0,0,0,0,0,0,10,0,0,0,0,0,0,0,0,0,2,0,0,0,0,0,0,0,0,0,0,0,0,0,0,0,0,0,0,0,3,0,1,0,0,0,0,0,0,0,0,25,0,0,0,0,0,0,0,0,0,0,0,0,0,0,0,0,0,0,0,0,0,0,0,0,0,0,0,0,1,0,2,5,0,4,0
"26_017. David Guetta - Titanium ft. Sia (Official Video)_noise_-20dB_sample2.wav",164,0,0,55,0,16,0,0,0,0,0,0,0,0,23,0,0,0,0,21,0,0,0,0,21,6,0,12,0,0,0,0,0,55,10,0,0,0,0,0,0,0,0,0,6,0,2,0,0,0,0,0,0,0,1,0,0,1,0,44,0,0,0,0,0,26,0,0,0,0,0,6,0,0,15,0,0,0,0,0,0,0,0,0,0,0,26,0,0,0,0,2,0,0,2,0,0,0,0,0,0
"76_073. Lindsey Stirling - Crystallize (Dubstep Violin Original Song)_noise_-20dB_sample1.wav",166,0,0,724,2,120,0,4,0,0,0,0,0,1,33,1,0,1,0,0,0,0,10,0,0,13,0,129,0,0,0,8,0,803,0,2,1,0,0,0,0,0,0,0,63,0,4,0,0,0,0,0,0,0,2,0,0,7,0,0,0,0,1,0,0,298,0,0,0,0,0,13,0,0,55,0,0,0,0,0,0,0,0,0,0,0,229,0,0,0,0,4,0,0,0,0,0,0,0,1,0
"55_009. Taylor Swift - Shake It Off_noise_-20dB_sample2.wav",164,0,0,0,0,0,0,0,0,0,0,0,0,0,33,0,0,0,0,0,0,0,0,0,0,0,0,0,0,0,0,0,0,0,0,0,0,0,0,20,0,0,0,0,0,0,0,0,0,0,0,0,0,0,0,0,0,0,0,0,0,0,42,0,0,0,0,0,0,0,0,0,0,2,0,0,0,0,0,0,0,0,0,0,0,0,0,0,0,0,0,0,0,0,4,0,0,0,0,0,0
"82_A Lady_noise_-20dB_sample2.wav",163,0,0,2,0,0,0,0,0,0,0,0,5,0,33,0,0,2,0,1,0,0,0,0,3,11,0,0,3,0,0,0,0,0,9,0,3,0,43,25,0,0,0,0,0,11,104,0,0,0,1,4,1,0,0,0,1,13,0,0,1,1,0,0,0,3,2,5,0,0,2,23,0,0,1,0,0,0,0,0,0,0,0,0,1,1,0,0,0,0,0,5,2,0,0,0,2,1,0,0,0
"67_090. Josh Groban - You Raise Me Up (Official Music Video) [HD Remaster]_noise_-20dB_sample1.wav",167,51,0,0,0,1,0,0,0,0,0,0,6,0,33,0,0,2,0,0,0,0,0,0,0,1,0,0,0,0,0,0,0,0,0,0,0,0,0,0,0,0,0,0,0,0,0,0,0,0,0,1,0,1,0,0,0,0,0,0,0,0,0,0,0,0,0,0,0,0,0,0,0,0,0,0,9,0,0,0,0,0,0,0,0,0,0,0,0,0,0,0,0,0,0,0,2,0,0,0,0
"2_023. Rachel Platten - Fight Song (Official Video)_noise_-20dB_sample2.wav",167,0,0,1,0,3,0,0,0,0,0,0,3,0,34,39,0,1,0,0,0,0,0,2,0,0,0,0,0,0,0,0,113,0,0,0,1,0,0,0,0,0,0,0,0,0,0,1,1,0,0,0,0,0,0,0,0,0,0,0,0,0,0,0,0,0,0,0,0,0,0,1,0,0,0,1,0,0,0,0,0,1,0,0,0,0,0,0,0,0,0,0,0,0,1,0,0,0,0,1,0
"78_026. Katy Perry - Firework (Official Music Video)_noise_-20dB_sample2.wav",169,0,0,110,2,2,0,0,0,9,0,0,0,0,33,0,0,4,0,2,0,0,0,0,0,1,0,0,0,0,0,0,0,0,0,0,3,0,0,0,0,0,9,0,0,36,0,332,0,0,247,18,0,70,35,0,2,0,27,10,0,0,13,0,0,4,0,0,0,0,0,0,0,0,0,0,0,1,0,1,0,0,0,0,65,0,0,0,0,0,0,0,0,0,34,2,4,1,0,9,0
"71_083. My Singing Monsters - Plant Island Theme_noise_-20dB_sample1.wav",169,0,0,0,12,0,0,0,0,0,0,0,0,0,28,0,0,2,0,0,0,0,452,0,0,1,0,0,0,0,0,0,0,0,0,0,0,0,0,0,0,6,0,0,0,0,0,0,0,0,0,0,0,0,0,0,0,0,0,0,0,0,0,0,0,0,0,0,0,0,0,0,0,1,0,0,0,0,0,0,0,0,0,0,0,18,0,0,0,0,0,0,0,0,0,0,1,0,0,0,0
"59_014. Avicii - Hey Brother (Lyric)_noise_-20dB_sample2.wav",170,0,0,0,0,0,0,0,0,0,0,0,0,0,33,0,0,0,0,15,0,0,0,0,44,1,0,0,0,0,0,0,0,0,42,0,2,0,0,0,0,0,0,2,0,0,0,0,0,0,0,0,0,0,0,0,0,0,0,21,0,0,0,0,0,0,1,0,0,0,0,0,0,1,0,0,1,0,0,0,0,0,0,0,0,0,2,2,0,0,0,0,0,0,2,0,2,0,0,0,0
"57_Numb_noise_-20dB_sample2.wav",170,0,0,0,0,0,0,0,0,0,0,0,0,0,33,0,0,2,0,0,0,0,0,0,0,1,0,0,0,0,0,2,0,0,0,0,0,0,0,0,0,0,0,0,0,0,0,1,0,0,0,0,0,0,0,0,0,0,0,0,0,0,0,0,0,5,0,0,0,0,0,0,0,0,0,0,0,0,0,0,0,0,0,0,0,0,34,0,0,0,0,0,0,0,0,0,0,0,0,2,0
"94_Banana Man_noise_-20dB_sample1.wav",172,0,0,0,0,0,0,0,0,0,0,0,0,0,30,0,0,4,0,0,0,0,0,0,0,0,0,1,0,0,0,0,0,0,0,0,0,0,0,0,0,0,0,0,0,0,0,0,0,0,0,0,0,0,0,0,0,0,0,0,0,0,0,0,0,0,0,0,0,0,0,0,0,2,0,0,0,0,0,0,0,0,0,0,0,0,0,0,0,0,0,0,0,0,0,0,2,0,0,0,0
"40_052. Lindsey Stirling - Moon Trance (Official Music Video)_noise_-20dB_sample2.wav",170,0,0,0,0,0,0,1,0,0,0,0,0,0,32,0,0,4,0,18,0,0,0,0,0,1,0,0,0,0,1,0,3,0,0,0,0,0,0,0,0,0,2,2,0,3,0,0,0,38,0,2,0,0,0,0,0,0,1,2,4,0,2,0,0,11,0,0,0,0,0,1,0,0,0,0,0,0,0,0,0,0,0,0,0,0,1,0,0,0,0,0,0,0,2,0,2,0,0,1,22
"48_027. MAGIC! - Rude (Official Video)_noise_-20dB_sample2.wav",166,0,0,0,0,0,0,0,0,0,0,0,0,0,27,0,0,0,0,0,0,0,0,0,0,0,0,2,0,2,0,2,0,0,0,0,0,15,0,0,0,0,0,0,0,0,0,0,0,0,0,2,6,0,0,0,0,0,0,0,0,0,0,0,0,0,0,0,0,0,0,0,0,0,0,0,0,0,0,5,0,0,0,0,0,0,12,0,0,0,1,0,0,0,0,0,0,0,0,1,0
"51_088. Steven Universe - We Are The Crystal Gems_noise_-20dB_sample1.wav",169,0,0,0,2,1,8,2,1,0,0,0,20,1,34,1,0,2,0,0,3,0,0,3,0,0,0,0,7,5,0,0,123,0,5,0,7,0,2,106,0,0,0,0,0,1,0,20,0,0,0,0,0,0,8,2,1,5,0,0,0,0,0,0,0,44,0,0,0,0,6,6,0,0,1,0,0,22,0,0,0,1,1,0,11,9,0,0,0,0,0,1,0,0,52,0,0,6,0,6,0
"38_082. Smoke and Mirrors_noise_-20dB_sample1.wav",186,0,0,0,0,0,0,0,0,0,0,0,0,0,31,0,0,0,0,0,0,0,0,0,0,0,0,0,0,0,0,0,0,0,0,0,0,0,0,0,0,0,0,0,0,0,0,0,0,0,0,0,0,0,1,0,0,0,1,0,0,0,0,0,0,0,0,0,0,0,0,0,0,0,0,0,0,0,0,0,0,0,0,0,0,0,0,1,0,0,0,0,0,0,0,0,4,0,0,0,0
"96_089. American Boy by Estelle and Kanye West_noise_-20dB_sample1.wav",232,0,0,0,0,0,0,0,0,0,0,0,0,0,25,0,0,0,0,0,0,0,0,0,0,0,0,0,0,0,0,0,0,0,0,0,0,0,0,0,0,0,0,0,0,0,0,0,0,0,0,0,0,0,1,0,0,0,0,0,0,0,0,0,0,0,3,0,0,0,0,0,0,0,0,0,0,8,0,0,0,0,0,0,0,0,0,0,2,0,0,0,0,0,0,0,0,0,35,0,0
"63_087. Anaconda - Nicki Minaj  The Fitness Marshall  Dance Workout_noise_-20dB_sample1.wav",159,0,0,0,0,0,0,0,0,0,0,0,0,0,33,0,0,0,0,0,3,0,0,0,0,0,0,0,0,0,0,0,0,0,0,0,0,0,0,0,0,0,0,0,0,0,0,0,0,0,0,0,0,0,0,0,0,0,0,0,0,0,0,0,0,0,0,0,0,0,0,0,0,0,0,0,0,0,15,0,0,0,0,0,0,0,0,0,0,0,0,0,0,0,0,0,0,0,0,0,0
"103_037. Calvin Harris, Rihanna - This Is What You Came For (Official Video) ft. Rihanna_noise_-20dB_sample2.wav",164,0,0,0,0,0,6,0,0,0,0,0,0,0,30,0,0,2,0,0,0,0,0,0,0,0,0,0,0,1,0,0,165,0,0,0,0,0,0,1,0,1,3,0,0,0,0,0,0,0,0,0,0,0,0,0,0,0,0,0,0,0,0,0,0,3,0,0,0,1,0,6,0,0,0,0,0,0,0,0,0,0,0,0,0,0,0,0,0,0,0,10,1,0,0,0,4,0,0,1,92
"88_033. Fifth Harmony - Worth It (Official Video) ft. Kid Ink_noise_-20dB_sample2.wav",199,3,0,0,0,0,0,0,0,0,29,0,0,1,31,0,2,0,0,0,0,0,0,0,0,0,0,0,0,0,0,0,0,0,0,0,0,0,0,0,0,0,0,0,0,0,0,0,0,0,0,0,0,0,0,0,0,0,0,0,0,2,0,0,0,0,0,0,0,0,0,0,0,0,0,0,0,0,0,0,0,0,0,2,0,0,0,0,0,0,0,0,0,0,0,1,0,0,0,0,0
"101_070. Eminence - Knock Me Out (feat. Anna Cyzon) [Monstercat Official Music Video]_noise_-20dB_sample2.wav",151,0,0,295,0,0,0,107,0,0,0,0,0,0,33,19,0,15,0,0,27,0,0,0,0,0,101,0,0,0,297,0,818,0,0,22,16,0,0,5,1,0,0,0,11,2,0,0,0,188,0,0,0,0,0,0,0,0,0,0,0,0,0,0,0,0,7,0,15,0,0,82,0,1,0,27,0,21,0,0,0,0,0,36,0,0,0,0,4,0,0,32,30,0,0,0,0,18,0,2,19
"27_022. Major Lazer & DJ Snake - Lean On (feat. MØ) [Official Music Video]_noise_-20dB_sample1.wav",152,0,0,0,0,0,0,0,0,16,0,0,0,2,22,0,0,0,3,0,0,0,0,1,0,1,1,1,0,0,0,3,0,0,0,0,0,0,0,0,0,0,0,0,1,0,0,1,0,0,0,0,0,0,3,0,0,4,0,0,0,0,0,0,0,4,0,2,0,0,2,0,0,0,0,8,0,0,0,0,0,0,0,1,0,0,3,0,0,0,1,2,0,0,1,0,0,0,0,0,0
"14_099. Sheppard Geronimo - [International Version] (Official music Video)_noise_-20dB_sample2.wav",174,0,1,0,0,0,0,4,0,0,0,0,0,6,32,0,0,2,0,1,0,0,0,0,0,0,1,1,0,0,0,3,0,0,0,0,0,0,0,0,0,0,0,0,0,0,0,0,0,0,0,0,0,0,0,0,0,0,0,0,0,0,0,0,0,0,0,0,0,0,0,0,0,2,0,0,0,0,0,0,0,0,0,0,0,0,0,0,0,0,0,0,0,0,0,0,0,0,0,0,0
"74_029. David Guetta - Hey Mama (Official Video) ft Nicki Minaj, Bebe Rexha & Afrojack_noise_-20dB_sample2.wav",254,0,0,9,0,0,0,35,0,0,0,0,0,0,33,4,0,0,1,0,0,0,0,0,0,1,0,0,0,0,53,0,66,0,0,29,2,0,0,1,0,0,0,0,0,0,0,0,0,54,0,0,0,0,0,0,0,0,0,0,0,0,0,0,0,0,3,0,5,0,0,34,0,0,0,28,0,0,0,0,0,0,0,0,0,0,0,0,5,0,0,0,54,0,0,0,2,1,0,0,1
"71_083. My Singing Monsters - Plant Island Theme_noise_-20dB_sample2.wav",262,0,0,0,13,0,0,0,0,0,0,0,0,1,32,0,0,4,0,0,0,0,13371,0,0,2,0,0,0,0,2,0,0,0,0,4,1,0,0,0,0,6,0,0,1,0,0,0,0,0,0,0,0,0,0,0,0,0,0,1,0,0,0,0,0,0,0,0,0,0,0,1,0,0,0,0,0,0,0,0,0,6,0,0,0,366,0,0,0,0,0,0,2,2,2,0,5,0,0,0,0
"24_047. Girls Talk Boys (from the Ghostbusters Original Motion Picture Soundtrack)_noise_-20dB_sample1.wav",274,0,0,0,0,0,0,0,1,0,0,0,0,0,29,0,0,0,0,0,0,0,0,6,0,0,0,0,0,7,0,0,0,0,0,0,0,0,0,0,0,0,0,0,0,0,0,0,0,0,0,0,0,0,0,0,0,0,0,0,0,0,0,0,0,0,0,0,0,0,0,0,0,0,0,0,0,0,0,0,0,0,0,0,0,0,0,0,0,0,0,36,0,0,0,0,0,0,0,0,0
"92_025. Fall Out Boy - Immortals (From Big Hero 6)_noise_-20dB_sample1.wav",210,0,0,0,0,0,0,0,0,0,0,0,0,3,33,0,0,1,0,0,0,0,0,0,0,0,0,27,2,0,0,2,1,0,0,0,0,0,0,0,0,0,0,1,1,0,0,0,0,0,0,0,4,15,0,0,0,2,0,0,0,0,0,0,0,0,0,0,0,0,0,0,0,0,0,0,0,0,0,0,0,0,0,0,0,0,0,0,0,0,3,0,0,0,0,0,0,0,1,1,0
"21_085. Janji ft. Johnning - Heroes Tonight 1 HOUR_noise_-20dB_sample2.wav",164,3,0,2,0,1,0,0,0,3,0,17,0,0,33,3,0,2,1,0,0,0,0,0,10,1,8,0,0,0,5,0,9,0,12,1,1,0,42,9,0,0,2,0,0,19,2,57,0,9,20,2,2,6,3,0,3,22,3,0,0,0,0,0,0,0,0,0,0,0,0,0,0,0,2,0,0,5,0,0,0,0,0,2,6,6,0,0,0,0,0,17,0,0,0,0,3,0,1,1,0
"7_092. Harry Potter Medley on Marimba_noise_-20dB_sample1.wav",158,0,0,32,0,1,0,0,0,2,0,0,0,0,22,0,0,0,0,0,0,0,0,0,0,0,0,0,1,0,0,0,0,0,0,0,1,0,0,0,0,0,0,0,2,1,0,11,0,0,11,2,0,4,1,0,4,0,3,0,0,0,2,0,0,0,0,0,0,0,0,9,0,0,0,0,0,0,0,0,0,0,0,0,17,0,0,0,0,0,0,0,0,0,5,1,0,0,0,0,0
"6_043. Wintergatan - Marble Machine (music instrument using 2000 marbles)_noise_-20dB_sample2.wav",211,0,16,2,4,8,0,18,0,0,0,0,312,0,78,0,0,4,0,0,0,0,0,4,0,1,0,0,125,5,0,0,47,0,0,1,4,0,34,1255,0,0,16,0,0,10,0,0,2,0,0,0,0,0,0,0,10,0,0,0,0,0,0,0,0,41,8,0,0,0,548,8,0,4,10,2,0,0,0,0,0,0,0,0,7,0,0,0,0,0,0,0,10,0,1,0,2,44,0,0,8
"51_088. Steven Universe - We Are The Crystal Gems_noise_-20dB_sample2.wav",249,0,0,0,0,0,0,0,0,0,0,0,0,0,32,0,0,10,0,0,0,0,0,0,0,1,0,0,0,0,0,1,0,0,0,0,0,0,0,0,0,0,0,0,0,0,1,0,0,0,0,0,0,0,0,0,0,0,0,0,0,0,0,0,0,0,0,0,0,0,0,0,9,0,0,0,0,0,0,0,0,0,0,0,0,0,0,0,0,0,0,0,0,0,0,0,1,0,0,1,0
"61_045. The Black Eyed Peas - I Gotta Feeling (Official Music Video)_noise_-20dB_sample1.wav",248,0,0,0,0,1,0,1,0,0,0,0,0,0,27,0,0,1,0,0,0,0,0,0,0,1,0,0,0,0,0,0,0,0,0,18,0,0,0,0,0,0,0,0,1,0,0,0,0,0,0,0,2,0,0,0,0,0,0,0,0,0,0,0,7,0,0,0,0,0,0,0,0,0,0,0,0,0,0,0,0,0,1,0,0,158,0,0,0,0,0,0,2,0,0,0,4,0,0,1,0
"42_046. Meghan Trainor - NO_noise_-20dB_sample1.wav",252,0,0,0,0,0,0,1,0,0,0,1,0,1,26,0,0,0,0,0,0,0,0,0,0,8,0,0,139,3,6,0,0,0,0,2,0,0,0,0,0,0,0,0,3,0,12,0,0,0,0,22,0,0,0,0,0,0,0,0,0,0,0,0,0,0,0,0,0,0,0,5,0,0,0,0,0,0,0,0,0,0,0,0,0,0,0,1,0,0,0,0,0,0,0,0,0,0,0,0,0
"47_020. Warriors (ft. Imagine Dragons)  Worlds 2014 - League of Legends_noise_-20dB_sample1.wav",259,1,0,0,0,0,0,0,0,4,0,0,1,0,30,0,0,4,0,1,0,1,0,0,0,2,0,0,3,0,0,13,6,0,0,228,8,0,0,1,4,1,0,0,1,0,0,0,0,0,0,0,0,0,0,0,0,0,0,0,0,0,0,0,66,2,0,0,0,259,0,41,0,0,0,0,0,0,0,0,0,0,1,0,0,2,0,0,2,0,0,0,2,0,1,0,4,5,0,0,2
"93_015. Lukas Graham - 7 Years [Official Music Video]_noise_-20dB_sample1.wav",260,0,0,0,0,0,0,0,0,3,0,0,0,0,31,0,0,2,0,0,0,1,0,0,0,1,0,0,0,0,0,0,0,0,0,0,0,0,0,0,0,0,0,0,0,0,6,0,0,0,46,0,0,0,0,0,0,0,0,0,0,0,0,0,0,0,0,0,0,0,0,2,0,0,0,0,0,0,0,0,0,0,0,0,0,0,0,0,0,0,0,0,0,0,0,0,0,0,0,0,0
"73_Turn the Lights Off_noise_-20dB_sample2.wav",258,0,0,28,0,0,0,0,0,0,1,0,0,0,30,0,0,2,0,0,0,0,0,0,0,0,0,0,0,0,0,0,0,0,0,1,0,0,0,0,0,0,0,0,2,0,0,0,0,0,0,0,0,0,0,0,0,0,0,0,0,0,0,0,0,0,0,0,0,0,0,10,0,0,0,0,0,0,0,0,0,0,0,0,0,0,0,0,0,0,0,0,2,0,2,0,2,9,0,0,0
"44_Sacred Beast_noise_-20dB_sample1.wav",261,0,0,41,0,0,0,0,0,0,0,1,0,0,33,1,0,2,0,0,0,0,0,0,0,2,0,0,0,0,0,0,0,0,0,0,4,0,17,0,0,0,0,0,0,0,0,0,0,0,0,0,9,0,14,0,0,0,0,0,0,0,0,0,0,12,0,3,0,0,0,2,26,0,0,0,0,285,0,0,0,0,0,0,0,0,0,0,0,0,0,0,0,0,0,0,0,9,0,0,0
"1_028. Capital Cities - Safe And Sound_noise_-20dB_sample1.wav",258,0,0,44,2,1,0,0,0,0,0,0,0,0,33,0,0,2,0,1,0,0,0,0,0,3,0,4,0,0,0,2,0,88,0,0,19,0,0,0,0,0,0,0,11,0,0,0,0,0,0,0,0,0,0,0,0,0,0,2,0,0,0,0,0,21,2,0,0,4,2,0,0,0,1,6,0,0,0,0,0,0,2,0,0,0,16,0,0,0,0,0,0,0,0,0,2,1,0,2,0
"70_You and Me_noise_-20dB_sample2.wav",266,0,0,0,2,0,0,0,0,0,0,0,6,0,33,1,0,2,0,0,0,0,0,0,0,1,0,0,0,0,0,0,0,0,0,0,0,0,0,20,0,0,0,6,0,2,0,0,0,0,0,0,0,0,0,0,4,0,0,0,0,0,0,0,0,2,0,0,0,0,4,0,26,0,257,0,0,0,0,0,0,0,0,22,2,4,0,0,0,0,0,0,1,0,0,0,2,3,0,1,0
"32_086. Olly Murs - Grow Up (Official Video)_noise_-20dB_sample1.wav",272,0,0,66,0,1,0,19,0,2,0,0,0,1,28,0,0,0,0,0,1,0,0,0,0,0,0,0,0,0,0,0,0,0,0,0,1,2,0,0,0,0,0,0,0,0,0,4,0,0,0,15,0,0,2,1,1,0,0,0,0,0,2,0,0,0,0,0,0,0,0,0,0,0,0,0,0,0,0,126,0,0,0,0,0,0,0,0,0,0,0,0,0,0,14,1,0,0,0,0,0
"22_094. Harry Potter Puppet Pals - The Mysterious Ticking Noise (Video With Lyrics)_noise_-20dB_sample2.wav",278,0,0,0,0,0,0,0,0,0,0,0,0,0,33,0,0,2,0,0,0,0,0,0,0,1,0,0,0,0,0,0,9,0,0,4,1,0,0,0,1,0,0,0,0,0,0,0,0,0,0,0,0,0,0,0,0,0,0,0,0,0,0,0,0,0,0,0,0,0,0,0,0,0,0,0,0,0,0,0,0,27,0,0,0,0,0,0,0,0,0,0,0,0,0,0,4,0,0,2,0
"80_077. Emeli Sandé - Hurts_noise_-20dB_sample2.wav",285,0,0,0,0,0,0,0,0,0,0,0,0,0,33,0,0,8,0,0,0,0,0,0,0,2,0,8,0,0,0,2,2,0,0,0,0,0,0,1,0,0,0,0,51,0,0,0,0,0,0,0,0,0,0,0,0,0,0,0,0,0,0,0,0,2,0,0,0,0,0,0,0,3,0,0,1,0,0,0,0,0,0,0,0,0,0,3,0,0,0,0,0,0,2,0,2,0,2,1,0
"52_007. Katy Perry - Dark Horse ft. Juicy J_noise_-20dB_sample1.wav",271,0,0,0,0,0,0,0,0,0,0,0,0,0,33,0,0,5,0,0,0,0,0,0,0,1,0,0,0,0,0,0,0,0,0,0,5,0,0,1,0,0,0,0,0,0,3,1,0,0,0,0,0,0,0,0,0,0,0,0,0,0,0,0,0,0,0,0,0,0,0,0,0,0,0,0,0,0,0,0,0,0,0,0,0,0,0,1,0,0,0,0,2,0,1,0,0,0,0,9,0
"15_060. My OCD (Song)_noise_-20dB_sample1.wav",292,0,0,0,0,0,0,0,0,0,0,0,0,0,33,0,0,1,0,0,0,0,0,0,0,1,0,0,0,0,0,0,0,0,0,1,1,0,0,0,0,0,0,0,0,0,0,0,0,0,0,0,0,0,0,0,0,0,0,0,0,0,0,0,0,0,0,0,0,0,0,0,0,0,0,0,0,0,0,0,0,0,0,0,0,0,0,0,0,0,0,0,0,0,0,0,0,0,0,4,0
"46_032. Katy Perry - Wide Awake (Official Video)_noise_-20dB_sample1.wav",252,0,0,22,0,7,0,0,0,0,0,0,0,0,33,0,0,3,0,0,0,0,0,0,0,0,0,0,0,0,0,0,0,0,0,0,0,0,0,1,0,0,0,0,0,0,0,0,0,0,0,0,0,0,0,0,0,0,0,0,0,0,0,0,0,0,0,0,0,0,0,0,0,0,0,0,0,0,0,0,0,0,0,0,0,0,0,1,0,0,0,0,0,0,0,0,0,0,0,0,0
"90_064. Eurythmics, Annie Lennox, Dave Stewart - Sweet Dreams (Are Made Of This) (Official Video)_noise_-20dB_sample2.wav",164,0,0,0,0,0,0,0,0,0,4,0,0,0,33,0,0,1,0,0,0,0,0,0,0,0,0,0,0,0,0,0,0,0,0,0,0,0,0,0,0,0,0,0,0,0,0,0,0,0,0,0,0,0,0,0,0,0,0,0,0,0,0,0,0,0,0,0,0,0,0,0,0,0,0,0,1,0,0,0,0,2,0,0,0,0,1,0,0,29,0,0,0,0,0,0,0,0,0,0,0
"2_023. Rachel Platten - Fight Song (Official Video)_noise_-20dB_sample1.wav",163,0,0,0,0,0,0,0,0,0,0,0,2,0,29,33,0,0,0,0,0,0,0,0,0,0,0,0,0,0,0,0,128,0,0,0,0,0,0,0,0,0,0,0,0,0,0,0,0,0,0,0,0,0,0,0,0,0,0,0,0,0,0,0,0,0,0,0,0,0,0,0,0,0,0,0,0,0,0,0,0,0,0,0,0,0,0,0,0,0,0,2,0,0,0,0,0,0,0,4,0
"54_016. Taylor Swift - Blank Space_noise_-20dB_sample2.wav",197,0,0,22,0,1,0,0,0,4,0,0,0,2,22,0,0,0,0,0,0,0,0,0,0,0,0,0,0,0,0,0,0,0,0,0,2,0,0,0,0,0,0,0,0,0,0,8,0,0,0,0,0,0,3,0,2,5,0,0,0,0,5,0,0,4,0,0,0,0,0,0,0,0,0,0,0,0,0,0,0,0,0,0,0,2,0,0,0,0,0,0,0,0,18,2,0,1,0,0,0
"68_055. Madness - Our House (Official 4K Video)_noise_-20dB_sample2.wav",263,0,0,0,0,0,1,4,0,0,0,0,0,0,22,0,0,0,0,0,0,1,0,0,0,0,0,0,0,0,0,0,0,0,0,0,0,0,0,0,0,0,0,0,0,0,0,0,0,0,0,0,0,0,0,0,0,0,0,0,0,0,0,0,0,0,0,0,0,0,0,0,0,0,0,0,0,0,0,0,0,1,29,0,0,0,0,0,0,0,0,0,0,0,0,0,0,0,0,0,0
"94_Banana Man_noise_-20dB_sample2.wav",282,0,0,0,0,0,0,0,0,0,0,0,0,1,33,0,0,2,0,0,2,0,0,0,0,8,0,0,0,1,0,0,0,0,0,0,0,0,0,1,0,0,0,0,0,0,0,0,0,0,0,0,0,0,0,0,0,0,0,0,0,0,0,0,0,0,0,0,0,0,0,0,0,3,0,0,0,0,0,0,0,0,0,0,0,0,0,0,0,0,0,0,0,0,0,0,0,0,0,6,0
"8_081. The Beach Boys - I Get Around_noise_-20dB_sample2.wav",266,0,0,0,0,0,0,0,0,0,0,0,0,0,31,0,3,4,0,1,0,0,0,0,0,0,0,0,0,0,0,0,1,0,1,0,0,1,0,0,0,27,0,0,0,0,1,0,0,0,0,0,0,0,0,8,0,0,0,0,0,0,0,0,0,0,0,0,0,0,0,0,0,0,0,0,0,3,0,0,0,0,1,0,0,0,0,0,0,7,0,0,1,0,0,0,0,0,0,0,0
"9_034. Pitbull - Timber (Official Video) ft. Ke$ha_noise_-20dB_sample2.wav",270,0,0,0,0,0,0,0,0,0,0,0,0,0,29,7,0,0,0,0,0,0,0,0,0,0,0,0,0,0,14,6,0,0,0,2,0,0,0,0,0,0,0,0,0,0,0,0,0,0,0,0,3,2,0,0,0,0,0,0,0,0,1,0,8,0,1,0,1,0,0,4,0,4,0,0,0,0,0,0,0,0,0,3,0,0,0,0,0,0,0,0,0,0,0,0,0,0,0,0,44
"68_055. Madness - Our House (Official 4K Video)_noise_-20dB_sample1.wav",257,0,1,0,0,0,0,12,0,0,0,0,0,0,22,0,0,0,0,0,0,4,0,0,0,0,0,0,0,0,0,1,0,0,0,0,0,0,0,0,0,0,0,0,0,0,0,0,0,0,0,0,0,0,0,0,0,0,0,1,3,0,0,0,0,0,0,0,1,0,0,0,0,0,0,0,0,0,0,0,0,3,53,0,0,0,0,0,0,0,0,0,0,0,0,1,0,1,0,0,0
"44_Sacred Beast_noise_-20dB_sample2.wav",274,0,0,99,0,1,0,19,0,0,0,0,0,0,18,15,0,14,0,0,0,0,0,0,0,0,85,0,0,0,120,1,28,0,0,0,0,0,0,0,0,0,0,1,12,0,0,0,0,56,0,0,0,0,0,0,0,0,0,0,0,8,0,0,0,3,9,0,16,0,0,5,0,0,0,4,0,61,0,0,0,1,0,34,0,0,1,0,0,0,0,29,12,0,0,0,1,21,0,0,0
"19_054. Owl City - When Can I See You Again (From Wreck it Ralph)_noise_-20dB_sample2.wav",259,0,0,0,0,0,0,0,0,0,0,0,0,0,33,2,0,1,0,0,0,0,0,0,0,1,0,0,0,0,0,0,1,0,0,0,1,0,0,0,0,0,1,0,0,0,0,0,0,0,0,0,0,0,0,0,0,0,0,0,0,0,0,0,0,0,0,0,0,0,38,0,0,0,0,0,0,0,0,0,0,0,0,0,0,0,0,0,0,0,0,2,4,0,0,0,0,0,0,0,0
"73_Turn the Lights Off_noise_-20dB_sample1.wav",282,0,0,0,0,0,0,0,0,0,0,0,0,1,33,0,0,0,0,0,1,0,0,0,0,0,0,0,0,8,0,0,0,0,0,0,0,0,0,0,0,0,0,0,0,0,0,0,0,0,0,0,0,0,0,0,0,0,0,0,0,0,0,0,0,0,0,0,0,0,0,0,0,1,0,0,0,0,0,0,0,0,0,0,0,0,0,0,0,0,0,0,0,0,2,0,0,0,0,0,0
"22_094. Harry Potter Puppet Pals - The Mysterious Ticking Noise (Video With Lyrics)_noise_-20dB_sample1.wav",272,0,0,0,0,0,0,0,0,0,0,0,0,0,33,0,0,2,0,1,0,0,0,0,0,2,0,0,0,0,0,0,0,0,0,0,0,0,0,0,0,0,0,0,0,0,0,0,0,0,0,0,0,0,0,0,0,0,0,0,0,0,0,0,0,0,0,0,0,0,0,0,0,3,0,0,0,0,0,0,0,2,0,0,0,0,0,0,0,0,0,0,2,0,0,0,0,0,0,2,0
"6_043. Wintergatan - Marble Machine (music instrument using 2000 marbles)_noise_-20dB_sample1.wav",283,0,0,2,0,2,0,0,0,0,0,0,0,0,177,0,0,2,0,0,0,0,0,4,0,0,0,0,0,5,0,6,55,0,0,0,4,0,0,0,0,0,0,0,0,0,0,0,2,0,0,0,0,0,2,0,0,0,0,0,0,0,0,0,0,0,0,0,2,0,0,8,0,0,0,2,0,0,0,0,0,0,0,2,0,0,0,0,0,0,1,0,0,0,0,0,0,0,0,4,0
"89_091. Faster Car - Anders Lystell feat. Kaliber [EPIDEMIC SOUND] (Lyrics)_noise_-20dB_sample2.wav",269,0,0,0,0,0,0,149,0,0,0,0,0,0,32,0,2,0,0,0,0,1,0,0,0,0,0,1,1,0,2,4,0,0,0,0,0,0,0,0,0,0,0,0,0,0,0,0,0,0,0,2,147,0,0,0,0,0,0,0,0,0,0,2,0,0,0,0,4,0,0,0,0,0,0,0,0,0,0,0,0,0,0,0,0,11,59,9,0,1,0,0,0,0,0,0,0,0,0,8,0
"50_006. Wiz Khalifa - See You Again ft. Charlie Puth [Official Video] Furious 7 Soundtrack_noise_-20dB_sample2.wav",269,0,0,119,0,0,0,0,0,0,0,0,0,1,31,0,0,3,0,0,0,0,0,0,0,1,0,0,0,0,0,8,0,76,0,1,1,0,0,2,0,0,0,0,0,0,1,0,0,1,0,0,0,0,6,0,0,3,0,0,0,0,0,0,0,24,0,0,0,14,0,0,0,0,0,0,0,0,1,0,0,0,0,0,0,0,75,0,0,0,0,0,0,0,0,0,6,0,0,2,0
"35_036. Fall Out Boy - Centuries (Official Video)_noise_-20dB_sample1.wav",271,7,1,0,0,0,0,0,0,0,0,0,0,1,31,1,0,1,0,0,0,0,0,0,0,0,0,0,0,0,0,0,33,0,0,4314,0,0,0,0,0,0,0,0,0,0,0,0,0,0,0,0,0,0,0,0,0,0,0,0,0,0,0,0,729,12,0,0,0,22,0,33,0,0,0,0,0,0,0,0,0,0,0,0,0,15,0,0,0,0,0,0,2,0,0,0,4,4,0,0,11
"47_020. Warriors (ft. Imagine Dragons)  Worlds 2014 - League of Legends_noise_-20dB_sample2.wav",276,8,0,0,0,0,0,0,0,0,0,0,0,1,31,0,0,4,0,0,0,0,0,0,0,1,1,0,0,1,0,0,18,0,0,86,6,0,0,0,0,0,0,0,0,0,0,1,0,0,0,0,0,0,2,0,0,0,0,0,0,0,0,0,0,0,0,0,0,306,0,3,0,1,0,0,0,0,0,0,0,0,0,0,0,0,0,0,8,0,0,0,0,0,1,0,2,4,0,0,0
"48_027. MAGIC! - Rude (Official Video)_noise_-20dB_sample1.wav",268,0,0,0,0,0,0,4,0,0,0,0,0,2,30,0,0,0,0,0,0,0,0,0,0,0,0,0,0,0,0,0,0,0,0,0,0,7,0,0,0,0,0,0,0,0,0,0,0,0,0,0,0,0,0,0,0,0,0,0,0,0,0,1,0,0,0,0,0,0,0,2,0,0,0,0,0,0,1,0,0,0,0,0,0,0,1,0,0,1,0,0,0,0,0,0,0,0,0,0,0
"57_Numb_noise_-20dB_sample1.wav",273,0,0,0,0,0,0,0,0,0,0,0,0,0,33,0,0,0,0,0,0,0,0,0,0,0,0,0,0,0,0,0,0,0,0,1,0,0,0,0,0,0,0,0,0,0,0,0,0,0,0,0,0,0,0,0,0,0,0,0,0,0,0,0,0,0,0,0,0,0,0,0,0,0,0,0,0,0,0,0,0,0,0,0,0,0,0,0,0,0,0,0,2,0,1,0,2,0,0,0,0
"85_011. Martin Garrix - Animals (Official Video)_noise_-20dB_sample1.wav",268,0,0,2,0,0,0,1,0,0,0,0,0,332,32,0,0,1,0,5,0,0,0,0,0,2,0,0,0,0,0,0,0,0,0,0,2,0,0,1,0,0,0,0,0,0,0,0,0,0,0,1,0,0,0,0,0,0,0,0,0,0,0,0,0,0,0,0,0,0,0,0,0,0,0,0,0,0,0,0,0,0,0,0,0,0,0,0,0,0,0,0,0,0,0,2,4,0,0,0,0
"76_073. Lindsey Stirling - Crystallize (Dubstep Violin Original Song)_noise_-20dB_sample2.wav",277,0,2,14,4,0,0,1,0,0,0,1,0,2,33,0,0,3,0,0,0,0,0,0,46,0,1,1,0,0,0,6,0,14,46,0,0,0,0,0,0,0,0,0,0,2,1,0,0,32,0,0,0,0,3,0,0,0,0,5,1,0,0,0,0,147,0,1,0,0,3,0,0,0,0,0,0,0,0,0,0,0,0,0,0,0,15,0,0,0,0,0,0,0,0,0,0,0,0,4,0
"8_081. The Beach Boys - I Get Around_noise_-20dB_sample1.wav",303,0,0,0,0,0,0,1,0,0,0,0,0,0,33,0,0,6,0,0,0,0,0,0,0,1,0,0,0,0,0,0,0,0,0,0,0,0,0,1,0,0,0,0,0,0,0,0,0,0,0,0,0,0,0,0,0,0,0,0,0,0,0,0,0,0,0,0,0,0,0,0,0,0,0,0,0,0,0,0,0,0,0,0,0,0,0,0,0,0,0,0,0,0,0,0,4,0,0,2,0
"29_010. Katy Perry - Part Of Me (Official)_noise_-20dB_sample2.wav",299,0,1,0,5,0,0,0,0,1,0,0,0,0,33,0,0,4,1,1,0,0,0,0,0,1,0,0,0,0,0,3,0,0,0,0,0,0,0,0,0,0,0,0,0,0,0,0,0,0,0,0,6,1,0,0,0,0,0,0,0,0,0,0,0,0,0,0,0,0,0,0,0,1,0,0,0,0,0,0,0,0,0,0,0,0,0,0,0,0,2,0,0,0,2,0,0,0,0,0,0
"17_084. Thomas Rhett - Crash and Burn_noise_-20dB_sample2.wav",290,0,0,0,0,0,0,0,0,2,0,0,0,1,33,2,27,5,0,1,2,0,0,0,7,1,0,0,0,0,0,0,0,0,10,0,0,0,2,3,0,0,0,0,0,0,0,0,0,0,0,0,0,0,0,0,0,7,0,0,0,0,0,0,0,0,0,0,1,0,0,0,0,2,0,0,0,16,0,0,0,0,0,0,0,3,0,0,0,1,0,8,0,0,1,0,2,0,0,1,0
"33_076. Galantis - Firebird (Official Audio)_noise_-20dB_sample2.wav",284,0,0,0,0,1,0,0,0,0,0,0,0,0,29,0,0,1,0,0,0,0,0,0,0,0,0,0,0,0,0,0,1,0,0,0,0,0,0,0,0,0,0,0,4,0,0,0,0,0,0,0,0,0,0,0,0,0,0,9,18,0,0,3,0,0,0,0,0,0,0,0,0,0,0,0,0,0,0,0,0,0,0,0,0,0,0,0,0,0,0,0,0,0,0,0,0,0,1,0,0
"79_095. Alan Walker - Alone_noise_-20dB_sample1.wav",270,0,0,357,0,9,0,0,5,16,0,0,1,0,23,1,0,0,0,22,0,0,0,0,0,0,0,0,0,0,0,0,0,0,0,0,4,0,0,8,0,0,0,0,0,1,0,53,0,2,36,0,0,0,4,0,0,0,23,0,1,0,26,0,0,3,0,0,0,0,0,6,0,1,0,0,0,0,0,0,0,0,0,0,1,0,0,0,0,0,0,0,0,0,67,4,0,0,0,0,0
"29_010. Katy Perry - Part Of Me (Official)_noise_-20dB_sample1.wav",292,7,1,0,18,2,0,0,0,0,0,0,0,6,30,1,0,4,0,0,0,0,0,0,0,2,0,0,0,0,2,0,0,0,0,0,0,0,0,2,0,0,0,0,0,0,0,0,0,10,0,0,0,0,0,0,1,0,0,0,0,0,0,0,0,0,0,2,0,0,0,0,0,1,0,2,0,0,0,0,0,5,0,0,0,0,5,0,3,0,0,0,0,0,0,0,4,0,0,0,0
"13_030. Maroon 5 - Animals_noise_-20dB_sample2.wav",286,0,1,0,0,0,0,0,0,0,0,0,0,0,31,0,0,0,1,0,0,0,0,0,0,1,0,0,0,0,0,2,0,0,0,4,0,0,0,0,9,0,0,0,0,0,0,1,0,0,0,0,0,0,0,0,0,0,0,0,0,0,0,0,0,0,0,0,1,0,0,0,0,0,0,0,0,0,0,0,0,0,0,0,0,0,0,0,0,0,0,0,0,0,2,0,1,0,0,1,0
"5_002. Avicii - Wake Me Up (Official Video)_noise_-20dB_sample2.wav",286,0,17,0,0,0,0,0,0,0,0,0,0,0,33,2,0,2,0,0,0,0,0,0,0,1,0,0,0,0,0,6,0,0,0,0,1,0,0,0,3,1,0,0,0,0,0,0,0,0,0,0,0,0,0,0,0,0,0,0,0,0,0,0,0,0,0,0,1,0,0,0,0,0,0,0,0,0,0,0,0,0,0,0,0,0,1,0,0,0,0,0,0,0,0,0,2,0,0,0,0
"20_Never Meant to Know_noise_-20dB_sample1.wav",277,1,0,33,0,0,0,0,0,0,0,0,0,0,31,0,0,11,0,0,0,0,0,0,0,0,1,0,0,0,6,0,10,0,0,0,0,0,0,0,0,0,0,0,0,3,14,0,0,0,0,0,0,56,0,0,0,0,0,0,5,0,0,0,3,0,0,0,0,0,0,19,0,0,0,1,0,0,0,0,0,0,0,5,0,0,0,0,0,0,0,0,7,16,0,0,0,1,0,0,0
"18_044. tony igy-stop in my mind_noise_-20dB_sample1.wav",283,0,11,18,0,0,0,0,0,2,0,0,0,0,33,0,0,2,1,0,0,0,0,0,0,9,0,1,0,29,6,479,0,33,0,0,0,0,0,0,0,0,0,0,0,0,0,0,0,0,0,0,0,0,0,0,0,0,0,0,0,0,0,2,0,12,0,0,0,0,0,0,0,0,1,0,0,0,0,0,0,0,2,10,0,0,6,0,0,0,0,0,0,0,0,0,2,0,0,2,0
"64_097. Nightcore - Running With the Wolves [Lyrics]_noise_-20dB_sample2.wav",291,0,0,0,0,0,0,0,0,0,0,0,0,0,33,0,0,2,0,1,6,0,0,0,0,1,0,0,0,0,0,0,0,0,0,0,0,0,0,0,0,0,0,0,0,0,0,0,0,0,0,0,0,0,0,0,0,0,0,3,0,0,0,0,0,0,0,0,0,0,0,0,0,1,0,0,149,0,0,0,0,0,0,0,0,0,0,0,0,0,0,0,0,0,0,0,0,0,0,1,0
"86_019. Naughty Boy - La la la ft. Sam Smith (Official Video)_noise_-20dB_sample1.wav",274,0,0,0,0,0,0,0,0,0,0,0,0,0,27,0,0,2,0,0,0,0,0,0,0,0,0,0,0,0,0,0,0,0,0,0,0,0,1,0,0,0,0,0,0,0,0,0,1,0,0,0,0,0,0,0,0,0,0,0,0,0,3,0,6,0,0,0,0,0,0,0,0,3,0,0,0,0,0,0,0,0,0,0,0,0,0,3,0,0,0,0,0,0,1,0,0,0,0,1,22
"83_004. Katy Perry - Roar_noise_-20dB_sample2.wav",271,0,0,0,0,0,0,0,0,0,0,0,0,0,33,0,0,0,1,2,0,0,0,0,0,0,0,0,0,0,0,0,0,0,0,0,0,0,0,0,0,0,0,0,0,0,0,0,0,0,0,0,0,0,0,0,6,0,0,0,0,0,0,0,0,1,0,0,0,0,0,0,0,0,0,0,0,0,0,0,0,1,0,0,0,0,0,0,0,0,0,0,0,0,0,1,0,0,0,2,0
"1_028. Capital Cities - Safe And Sound_noise_-20dB_sample2.wav",274,0,0,0,3,0,0,0,0,0,0,0,0,0,33,0,0,4,0,0,0,0,0,0,0,0,1,0,0,0,0,0,0,0,0,0,3,0,0,0,0,0,0,0,0,0,0,0,0,0,0,0,0,0,0,0,0,1,0,0,0,0,0,0,0,0,0,0,1,0,1,0,0,0,0,3,0,0,0,0,0,0,0,0,0,0,0,0,0,0,0,0,0,0,0,0,4,0,0,0,0
"98_021. Alan Walker - Faded_noise_-20dB_sample1.wav",270,1,0,16,0,0,1,1,0,0,0,0,0,1,32,0,0,2,0,0,0,0,0,0,0,0,0,0,0,0,1,0,0,0,0,0,0,0,0,0,0,0,0,0,0,0,5,6,0,0,0,223,0,0,0,0,0,0,0,0,2,0,0,0,0,0,0,0,0,0,0,0,0,0,0,0,0,0,0,3,0,0,0,0,0,0,0,0,0,0,0,0,0,4,0,0,0,0,0,0,0
"69_066. Jessie J - Bang Bang ft. Ariana Grande, Nicki Minaj_noise_-20dB_sample2.wav",271,0,0,0,0,0,0,0,0,0,0,0,0,0,33,0,0,1,0,0,0,0,0,0,0,0,0,0,0,0,0,0,0,0,0,0,0,0,0,0,0,0,0,0,0,0,0,0,0,0,0,0,0,1,0,2,0,0,0,0,0,0,0,0,0,0,0,0,0,0,0,0,0,0,0,0,0,0,0,0,0,0,0,1,0,0,0,0,0,0,0,0,0,0,0,0,2,0,4,1,0
"69_066. Jessie J - Bang Bang ft. Ariana Grande, Nicki Minaj_noise_-20dB_sample1.wav",268,0,0,0,0,0,0,0,0,0,0,0,0,0,26,0,0,2,0,0,0,0,0,0,0,0,0,0,0,0,0,0,0,0,0,0,0,0,0,0,0,0,0,0,0,0,0,0,0,0,0,0,0,0,0,0,0,0,0,0,0,0,0,0,0,0,0,0,0,0,0,0,0,0,0,0,0,0,0,0,0,0,0,0,0,0,0,0,0,0,0,0,0,0,0,0,0,0,0,0,0
"10_012. Calvin Harris - I Need Your Love (Official Video) ft. Ellie Goulding_noise_-20dB_sample2.wav",274,0,0,0,0,0,0,0,0,0,0,0,0,0,33,0,1,4,0,0,0,0,0,0,0,2,0,0,0,0,0,0,0,0,0,0,0,0,0,1,0,0,3,0,0,239,1,0,0,0,13,1,0,0,0,0,0,0,2,0,0,0,0,0,0,0,0,0,0,0,0,0,0,3,0,0,0,0,0,3,0,0,0,0,0,33,0,0,0,0,0,1,0,0,7,0,4,0,0,1,0
"58_039. OMFG - Hello_noise_-20dB_sample2.wav",266,0,0,0,0,0,0,0,0,0,0,0,0,0,33,0,0,1,0,0,0,0,0,0,0,0,0,0,0,0,0,0,0,0,0,0,0,0,0,0,0,0,0,0,0,0,0,0,0,0,0,0,0,0,0,0,0,0,0,0,0,0,0,0,0,0,0,0,0,0,0,0,0,0,0,0,0,0,0,0,0,0,0,0,0,0,0,0,0,0,0,0,0,3,0,0,0,0,0,0,0
"11_062. Pipe Guy - HouseTranceTechno Live_noise_-20dB_sample2.wav",255,0,0,22,11,1,2,0,0,1,0,0,0,0,33,1,0,6,0,0,0,0,0,0,0,1,0,0,0,0,0,0,0,0,0,1,0,0,0,1,0,0,1,0,0,0,0,5,0,0,0,0,0,0,0,0,0,0,0,7,0,0,0,0,0,4,0,0,1,0,0,1,0,0,0,0,0,0,0,2,0,0,0,0,3,0,0,0,0,0,0,0,0,0,12,0,2,0,0,3,0
"42_046. Meghan Trainor - NO_noise_-20dB_sample2.wav",183,0,0,0,0,0,0,0,0,0,0,0,0,0,30,0,0,0,0,0,0,0,0,0,0,0,0,4,48,0,0,0,7,0,0,0,0,0,0,0,0,0,0,0,0,0,0,0,0,0,0,0,0,0,0,0,0,0,0,0,0,0,0,0,0,0,0,0,0,0,0,0,0,0,0,0,0,0,0,0,0,0,0,0,0,0,0,0,0,0,0,0,3,0,1,0,6,0,1,0,0
"27_022. Major Lazer & DJ Snake - Lean On (feat. MØ) [Official Music Video]_noise_-20dB_sample2.wav",164,0,0,0,0,0,0,0,0,0,0,0,0,0,33,0,0,4,2,0,0,0,0,0,0,3,0,0,0,0,0,0,0,0,0,1,0,0,0,1,0,0,0,0,0,0,0,0,0,0,0,0,0,0,0,0,0,0,0,0,0,0,0,0,0,0,0,0,0,0,0,0,0,0,3,0,0,0,0,0,0,0,0,0,0,0,0,0,0,0,0,0,0,0,0,0,7,0,0,0,0
"25_035. Alan Walker - Sing Me To Sleep_noise_-20dB_sample2.wav",166,0,1,0,0,0,0,0,0,0,18,0,21,0,33,0,0,0,0,0,0,0,0,0,0,1,0,0,0,1,0,0,0,0,0,0,0,0,3,54,0,0,0,0,0,2,0,0,0,0,0,0,0,0,0,0,2,0,2,0,0,0,0,0,0,11,0,0,0,0,16,1,0,3,2,0,0,0,0,0,0,0,0,2,0,0,0,0,0,0,0,0,2,0,0,0,2,15,0,0,0
"74_029. David Guetta - Hey Mama (Official Video) ft Nicki Minaj, Bebe Rexha & Afrojack_noise_-20dB_sample1.wav",165,0,0,0,0,0,0,0,0,0,0,0,0,0,32,0,0,2,0,0,0,0,0,0,0,0,0,0,0,0,0,0,0,0,0,3,0,0,0,0,0,0,0,0,0,0,0,0,0,0,0,0,0,0,0,0,0,0,0,0,0,0,1,0,0,0,0,0,0,13,0,4,0,2,0,0,0,0,0,0,0,0,0,0,0,0,0,0,1,0,0,0,11,0,1,0,0,0,0,0,0
"90_064. Eurythmics, Annie Lennox, Dave Stewart - Sweet Dreams (Are Made Of This) (Official Video)_noise_-20dB_sample1.wav",167,0,0,0,0,0,0,0,0,0,0,0,0,1,32,0,0,2,0,1,1,0,0,0,0,0,0,0,0,0,0,0,4,0,0,1,0,0,0,0,0,0,0,0,0,0,0,1,0,0,0,0,0,0,0,0,0,0,0,0,0,0,0,1,0,0,0,0,0,1,0,0,0,0,0,0,0,0,0,0,0,0,0,0,0,0,0,0,0,14,0,0,0,0,3,0,0,0,0,0,0
"43_098. Nightcore~ The Wolf_noise_-20dB_sample1.wav",172,0,1,0,0,0,0,0,0,0,0,0,0,1,32,0,0,4,0,0,0,0,0,0,0,1,0,0,0,0,0,0,0,0,0,1,0,0,0,0,0,0,0,0,0,0,0,0,0,0,0,0,0,0,0,0,0,0,0,0,0,0,0,0,0,0,0,0,0,0,0,0,0,0,0,0,0,0,0,0,0,0,0,0,0,0,0,0,0,0,0,0,0,0,0,3,2,0,0,2,0
"75_078. Kungs vs Cookin on 3 Burners - This Girl (Official Music Video)_noise_-20dB_sample1.wav",158,0,0,0,0,0,109,0,0,0,0,0,0,0,31,0,4,1,0,0,0,0,0,0,0,0,0,0,0,0,0,0,0,0,0,0,0,0,14,0,0,0,5,0,0,0,0,0,0,0,0,0,0,0,0,0,0,0,0,0,0,0,0,0,0,0,0,0,0,0,0,0,0,0,0,0,0,44,0,0,0,0,0,0,0,0,0,0,0,0,0,0,0,0,0,0,0,0,0,0,0
"100_059. Nilla Wafer Top Hat Time  Song - Rhett & Link_noise_-20dB_sample2.wav",157,0,0,0,0,0,1,0,0,0,0,0,0,0,33,0,0,2,0,1,0,0,1,0,0,1,0,0,0,1,0,2,1,0,0,1,0,0,0,0,1,0,0,0,0,0,0,0,0,26,0,0,0,0,0,0,0,0,0,0,0,1,0,0,0,0,0,0,0,9,0,0,0,2,0,0,0,0,0,0,0,0,0,0,0,0,0,3,427,0,0,0,0,0,2,0,4,0,0,0,0
"39_051. Galantis - No Money (Official Video)_noise_-20dB_sample2.wav",156,1,0,0,0,0,0,0,0,0,0,0,0,0,31,0,0,0,0,0,0,0,0,0,0,0,0,0,0,3,0,4,0,0,0,0,0,0,0,0,0,0,0,0,0,0,0,0,0,6,0,0,0,0,0,0,0,0,0,0,0,0,0,30,0,0,0,0,0,0,0,30,0,0,0,0,0,0,0,0,0,0,0,0,0,1,0,0,0,0,0,0,0,0,0,0,0,0,0,0,0
"34_The Trap_noise_-20dB_sample2.wav",159,0,0,0,0,0,0,0,0,0,0,0,0,1,31,0,0,2,0,6,1,0,0,0,12,1,0,0,0,0,0,0,0,0,20,0,0,0,0,2,0,0,0,0,0,0,61,0,0,3,0,0,0,0,1,0,2,0,0,9,0,0,0,0,0,20,0,0,0,0,0,0,0,0,0,0,0,4,0,0,0,0,0,2,0,2,0,0,0,0,0,0,0,0,0,0,4,1,0,1,0
"95_053. Avicii - Hey Brother_noise_-20dB_sample1.wav",159,0,2,0,0,0,0,0,0,0,0,0,0,0,33,0,0,1,0,0,0,0,0,0,3,0,0,1,0,0,0,0,0,0,4,0,0,0,0,0,0,0,0,0,0,0,0,1,0,0,0,0,0,0,0,0,0,0,0,0,0,0,0,0,0,0,0,0,0,0,0,15,0,0,0,0,0,0,0,1,0,0,0,0,0,0,0,0,0,0,0,0,0,0,1,0,0,0,0,0,0
"97_075. Lindsey Stirling - Prism (Official Video)_noise_-20dB_sample1.wav",161,0,0,0,0,0,0,88,0,0,0,0,0,0,33,0,0,1,0,0,0,0,0,0,0,0,0,0,0,6,0,0,0,0,0,0,0,0,0,0,0,0,0,0,18,0,0,0,0,0,0,0,0,0,0,0,0,0,0,0,0,0,0,0,0,0,0,0,0,0,0,11,0,0,0,0,0,0,0,0,0,0,0,0,0,0,0,0,0,0,0,0,0,0,0,0,0,0,0,0,0
"40_052. Lindsey Stirling - Moon Trance (Official Music Video)_noise_-20dB_sample1.wav",161,0,0,0,0,0,0,0,0,0,0,0,0,0,29,0,0,2,0,12,0,0,0,0,0,0,0,0,0,0,0,0,0,0,0,0,2,0,0,0,0,0,0,0,0,0,0,0,0,0,0,0,0,0,0,0,0,0,0,0,0,0,0,0,0,0,0,0,0,0,0,0,0,0,0,0,0,0,0,0,0,0,0,0,0,0,0,0,0,0,0,0,0,0,0,0,2,0,0,0,0
"102_018. Shawn Mendes - Stitches (Official Music Video)_noise_-20dB_sample1.wav",157,0,0,0,0,0,0,0,0,0,0,32,0,0,29,0,0,4,0,0,0,0,0,0,0,0,0,0,0,0,0,0,0,0,0,0,0,0,0,0,0,0,0,0,0,0,0,0,0,0,0,0,0,0,0,0,0,0,0,0,0,0,0,0,0,0,0,0,0,0,0,0,0,0,0,0,0,0,0,0,0,0,0,1,0,0,0,0,0,0,0,0,0,0,0,0,2,0,0,0,0
"19_054. Owl City - When Can I See You Again (From Wreck it Ralph)_noise_-20dB_sample1.wav",158,0,0,6,2,0,0,0,0,0,0,0,0,0,33,2,2,1,4,0,0,0,0,0,0,3,2,1,0,1,0,7,0,9,0,0,0,0,0,0,0,0,0,0,1,0,0,0,0,0,0,0,0,0,0,0,0,3,0,4,0,0,0,0,0,15,0,5,0,0,74,1,0,0,0,6,0,0,0,0,0,0,0,0,0,0,2,0,0,0,0,0,0,0,0,0,0,0,0,0,0
