"104_024. twenty one pilots Stressed Out [OFFICIAL VIDEO]_noise_-20dB_sample1.wav",198,1,1,1,1,1,0,1,0,1,1,0,1,1,1,1,1,1,2,1,1,1,0,1,1,1,0,0,1,1,0,1,0,1,1,1,1,1,0,1,1,1,1,0,1,1,1,0,1,1,1,0,1,1,1,1,0,0,1,0,1,1,1,1,1,1,233,1,1,1,0,0,0,1,0,0,1,1,1,0,1,1,1,1,0,1,1,1,1,1,1,1,1,0,1,0,1,1,1,1,1
"78_026. Katy Perry - Firework (Official Music Video)_noise_-20dB_sample1.wav",148,1,1,1,3,0,1,1,1,1,1,1,1,1,1,1,1,1,0,1,1,1,0,0,1,1,1,1,1,1,0,1,1,1,1,1,1,1,1,0,1,0,1,0,1,1,1,140,1,1,1,1,1,0,1,1,1,0,0,0,1,0,1,1,1,1,1,1,1,0,1,0,0,1,1,0,1,0,1,1,1,1,1,1,0,1,0,1,0,1,1,1,1,1,1,1,1,0,2,1,1
"105_101. Yann Tiersen - Comptine d`un autre ete - l`apres-midi_noise_-20dB_sample1.wav",155,1,1,1,1,2,1,1,1,1,1,1,1,1,1,1,1,1,0,1,1,0,1,1,1,1,1,1,1,1,1,1,1,1,1,1,1,1,0,1,1,0,1,1,1,1,0,1,1,1,0,1,1,1,1,1,1,1,1,0,0,0,0,1,0,1,0,0,1,1,1,51,1,1,1,1,0,0,1,1,1,1,1,1,1,1,1,1,0,1,1,1,1,1,1,1,0,1,1,1,1
"53_102. What_noise_-20dB_sample2.wav",150,1,1,1,0,1,1,1,1,0,1,1,1,0,1,1,1,0,0,1,0,1,0,0,1,1,0,1,1,1,1,1,1,0,1,1,1,1,0,2,1,1,1,1,1,1,1,1,0,1,1,1,1,1,1,1,1,1,1,1,1,113,0,1,1,1,1,1,1,0,1,0,1,0,1,1,1,1,0,1,1,0,1,0,0,1,1,1,1,1,1,1,1,1,1,0,1,1,1,1,1
"64_097. Nightcore - Running With the Wolves [Lyrics]_noise_-20dB_sample1.wav",141,1,0,0,1,0,1,0,1,1,1,1,1,0,3,1,1,0,0,1,1,1,0,1,1,1,1,1,1,1,0,1,1,1,1,0,1,1,0,1,1,1,1,1,1,1,1,1,1,1,1,1,0,1,1,0,1,1,1,1,1,1,1,1,1,1,1,1,1,0,1,0,1,1,1,1,78,1,1,1,1,0,1,0,1,1,1,1,0,1,1,0,1,1,1,1,1,0,1,2,1
"52_007. Katy Perry - Dark Horse ft. Juicy J_noise_-20dB_sample2.wav",138,1,1,1,0,1,1,1,1,1,0,1,0,0,1,1,1,1,0,1,0,0,0,1,0,1,1,1,0,1,1,1,1,2,1,1,1,1,0,1,1,0,1,0,1,1,0,0,1,1,2,1,1,0,1,1,1,1,1,1,1,1,1,1,1,1,1,1,1,0,1,0,0,0,1,1,1,0,1,0,1,1,1,1,2,1,1,1,1,0,1,1,1,0,1,1,0,0,1,96,1
"0_096. Nightcore - Mad World_noise_-20dB_sample1.wav",143,1,1,1,1,1,1,1,0,1,1,1,1,1,1,0,0,1,0,1,130,0,1,1,1,0,0,1,1,0,1,1,0,0,1,1,2,0,0,1,1,1,1,1,1,1,1,1,0,0,1,1,1,0,1,0,0,1,1,1,1,0,0,1,0,1,0,1,0,1,0,0,1,1,1,1,0,1,1,0,1,0,1,1,1,1,1,0,1,0,1,0,1,0,0,1,0,1,0,1,1
"100_059. Nilla Wafer Top Hat Time  Song - Rhett & Link_noise_-20dB_sample1.wav",138,1,0,0,1,1,1,0,0,1,1,0,0,1,1,0,1,0,1,1,1,1,0,1,0,1,1,1,1,1,1,1,1,1,1,1,1,1,0,1,1,0,1,1,0,1,1,1,1,0,1,1,1,1,1,1,1,0,1,1,1,1,1,1,1,1,1,1,0,1,0,1,1,1,1,1,0,1,1,1,0,1,1,1,1,1,1,1,161,1,1,1,1,1,1,0,1,1,1,1,1
"103_037. Calvin Harris, Rihanna - This Is What You Came For (Official Video) ft. Rihanna_noise_-20dB_sample1.wav",140,1,1,1,1,1,1,1,1,1,0,1,1,1,1,1,0,1,0,1,0,1,0,1,1,1,1,1,1,0,0,1,1,0,1,1,1,1,0,1,1,1,1,1,1,2,0,1,1,1,0,0,1,0,1,1,1,1,1,1,1,1,1,1,1,1,1,1,1,1,1,1,1,0,1,1,1,1,1,1,0,0,1,1,1,1,1,1,1,3,1,1,1,1,1,1,0,1,0,1,79
"77_065. Nightcore - Ghostbusters_noise_-20dB_sample2.wav",150,1,1,0,1,1,1,1,0,1,0,1,0,1,1,1,0,0,1,1,1,572,0,1,1,1,1,1,1,1,0,1,1,0,1,1,1,1,0,1,1,0,1,1,0,1,0,1,1,1,0,1,1,0,1,1,1,1,0,1,1,1,1,1,1,1,1,1,1,0,1,0,1,2,0,1,0,1,1,1,1,1,1,1,1,1,1,0,1,1,1,1,1,1,1,1,0,0,1,1,1
"66_Cruel_Summer_noise_-20dB_sample1.wav",128,1,1,1,1,1,1,1,1,1,1,1,1,1,1,1,1,1,1,1,1,1,1,1,1,1,1,0,1,1,1,0,1,1,2,1,1,1,0,1,1,1,1,1,1,0,1,1,145,1,0,1,1,1,1,1,0,0,0,1,0,0,1,0,1,1,1,1,1,1,1,0,0,1,1,1,1,0,2,1,1,1,1,1,1,1,1,1,0,1,1,1,1,1,1,1,1,1,1,1,1
"66_Cruel_Summer_noise_-20dB_sample2.wav",130,1,1,1,1,1,1,0,1,1,0,1,1,1,1,1,1,0,1,1,1,0,1,1,1,0,1,1,1,1,1,1,0,0,1,0,1,1,0,1,1,0,1,0,1,1,1,1,74,1,1,1,0,1,1,1,1,1,1,1,1,1,1,0,1,1,1,1,1,1,1,0,0,1,1,1,1,1,1,1,1,0,1,0,1,1,1,1,0,1,1,1,0,1,1,0,1,1,1,1,1
"50_006. Wiz Khalifa - See You Again ft. Charlie Puth [Official Video] Furious 7 Soundtrack_noise_-20dB_sample1.wav",133,1,1,1,1,1,1,1,1,1,1,1,1,1,1,1,1,1,1,1,0,1,1,1,1,1,0,1,0,0,1,0,0,1,1,0,1,1,0,1,1,1,1,1,1,1,0,1,1,1,0,1,0,1,119,1,1,1,1,1,1,1,1,1,1,1,1,1,0,0,0,0,1,1,1,1,1,1,1,1,1,1,1,1,1,1,1,1,1,0,1,1,1,1,1,1,1,1,1,0,1
"45_005. OneRepublic - Counting Stars_noise_-20dB_sample2.wav",146,1,1,1,1,1,1,0,1,1,1,1,1,1,1,1,1,1,1,1,0,0,0,1,1,1,1,1,1,1,0,0,1,1,0,0,1,0,1,1,1,1,1,1,1,1,1,1,1,1,1,0,1,1,1,1,1,1,0,1,1,1,1,1,0,0,0,0,34,1,1,0,1,1,0,1,1,0,1,1,1,0,1,1,1,1,1,0,1,1,1,1,0,0,1,1,0,1,1,1,1
"46_032. Katy Perry - Wide Awake (Official Video)_noise_-20dB_sample2.wav",147,1,1,2,1,495,1,1,1,1,1,2,1,1,1,1,1,0,1,1,0,1,1,1,1,1,0,1,1,1,0,1,1,1,1,2,2,1,0,3,1,0,1,1,1,1,1,1,2,1,1,1,1,1,2,1,1,1,1,1,1,1,1,1,1,1,0,1,1,0,0,0,1,0,1,1,1,1,1,1,0,1,1,1,1,0,1,1,1,1,1,1,0,1,1,1,0,1,1,0,1
"83_004. Katy Perry - Roar_noise_-20dB_sample1.wav",148,1,0,1,1,1,1,1,1,1,1,1,1,1,1,0,1,0,0,2,1,1,0,1,1,1,1,1,1,1,1,0,0,1,1,1,1,0,0,1,1,1,1,1,1,1,0,0,0,1,1,1,1,1,1,1,84,1,1,0,1,1,1,1,0,1,1,1,1,1,0,0,1,1,0,1,1,1,1,1,1,1,1,1,1,1,0,1,0,0,0,1,0,1,1,1,0,1,1,1,1
"14_099. Sheppard Geronimo - [International Version] (Official music Video)_noise_-20dB_sample1.wav",147,1,1,1,1,1,0,1,1,1,1,1,1,0,1,1,0,0,0,1,1,1,0,1,1,1,289,1,1,1,0,1,1,1,0,0,1,1,0,1,1,0,1,0,0,1,1,0,0,0,1,1,1,1,1,1,1,0,0,1,1,1,0,1,1,1,1,1,0,1,0,0,1,1,0,0,1,1,1,0,1,0,1,1,1,1,1,1,1,1,0,0,1,1,0,1,0,0,1,1,1
"54_016. Taylor Swift - Blank Space_noise_-20dB_sample1.wav",146,0,1,0,1,1,0,1,0,1,0,1,1,1,2,1,0,1,0,1,1,1,1,0,1,1,0,1,1,1,1,1,0,1,1,1,1,1,0,1,1,0,0,0,1,0,1,1,0,1,0,1,0,1,1,1,1,216,1,0,2,0,0,1,1,1,0,1,1,1,1,1,1,1,1,2,0,0,1,0,1,0,0,1,0,1,1,1,0,1,1,1,1,1,1,1,1,1,1,1,1
"53_102. What_noise_-20dB_sample1.wav",148,1,0,0,1,1,1,1,1,1,0,1,1,1,1,1,1,0,0,1,0,1,0,1,1,1,1,0,0,1,1,1,1,1,0,1,0,0,1,1,1,1,1,1,0,1,1,1,1,0,1,1,1,1,0,1,1,1,1,1,1,110,1,1,1,1,0,1,1,1,1,0,1,1,0,1,0,1,1,1,1,0,1,1,1,1,1,1,1,1,1,1,1,1,1,1,0,1,1,1,1
"36_072. Jessie J - Price Tag ft. B.o.B_noise_-20dB_sample2.wav",137,0,1,1,1,1,1,1,1,1,0,1,1,1,1,1,1,1,1,1,1,1,1,1,1,0,2,1,1,0,1,1,1,1,1,1,1,1,0,1,1,1,1,1,1,1,1,1,1,1,1,1,1,1,1,1,1,1,1,1,1,1,1,1,1,1,1,1,1,0,1,1,1,1,1,0,1,1,1,1,1,0,1,1,1,1,1,1,0,1,1,1,1,1,239,1,1,1,1,1,1
"31_058. Rub Some Bacon on It_noise_-20dB_sample1.wav",141,1,1,1,1,1,1,1,1,1,1,1,1,1,1,1,0,1,0,1,1,0,1,1,1,0,1,1,0,1,1,1,1,55,0,1,1,1,0,1,1,0,0,1,1,1,1,0,0,1,0,1,1,1,1,0,1,0,1,0,1,1,1,0,2,1,1,1,0,1,1,0,1,1,1,1,0,1,1,2,1,0,1,1,1,0,1,1,0,1,0,1,1,1,1,1,0,1,1,1,0
"62_061. LEFT SCREEN ONLY Spot the Differences_noise_-20dB_sample1.wav",139,1,1,0,1,1,1,1,1,1,0,1,1,1,0,1,1,1,0,1,0,1,1,1,1,1,1,1,1,1,1,1,0,1,0,0,1,1,0,1,1,0,1,0,1,0,0,1,1,1,1,1,0,0,1,1,1,0,1,1,2,0,1,1,1,1,0,0,1,0,1,1,1,1,1,1,0,0,1,1,103,0,0,0,1,1,1,0,0,1,1,1,1,1,1,1,1,0,1,1,1
"7_092. Harry Potter Medley on Marimba_noise_-20dB_sample2.wav",195,1,1,95,3,1,1,0,0,1,1,1,1,1,1,0,1,1,1,1,1,1,1,1,1,1,1,1,1,0,1,1,0,1,1,1,1,1,0,1,1,1,1,0,1,1,1,1,1,1,1,1,1,1,1,1,1,1,1,1,1,1,1,1,0,1,1,1,1,1,1,1,1,1,1,1,1,1,1,1,1,0,1,1,1,1,0,0,1,1,1,0,1,0,1,1,1,1,0,1,1
"36_072. Jessie J - Price Tag ft. B.o.B_noise_-20dB_sample1.wav",197,1,0,1,1,0,1,1,1,1,0,1,1,1,1,1,1,1,0,1,0,1,0,0,1,1,1,1,1,1,1,1,1,0,1,1,1,1,0,1,0,1,1,1,1,1,1,1,1,1,0,1,1,1,1,1,0,1,0,1,0,1,1,1,1,1,0,1,1,0,1,0,0,1,1,1,1,1,1,0,1,1,1,1,1,1,0,0,0,1,1,0,1,0,456,1,1,1,1,0,1
"91_Greener_noise_-20dB_sample1.wav",215,1,1,0,1,1,0,3,1,1,0,0,1,1,1,1,1,1,1,1,1,1,1,1,1,1,1,1,1,1,1,1,1,1,1,1,1,0,0,1,1,1,1,1,0,1,1,1,1,1,1,1,1,1,1,1,1,1,1,0,1,1,1,0,186,0,1,1,1,1,1,1,1,0,1,1,1,0,1,1,1,1,1,1,1,1,1,1,0,2,1,1,1,1,1,1,1,1,0,1,0
"49_050. Carly Rae Jepsen - I Really Like You_noise_-20dB_sample2.wav",164,1,0,1,1,1,1,1,1,1,1,1,1,1,1,1,0,1,1,1,0,1,0,1,1,1,1,1,1,1,1,1,1,1,1,0,1,1,0,1,1,0,1,1,1,1,1,1,0,1,1,1,1,1,1,1,1,1,1,1,1,1,1,1,1,1,1,1,0,1,1,0,1,0,1,1,0,1,1,1,1,0,1,1,100,1,1,1,0,1,0,1,1,1,1,1,0,1,1,1,1
"95_053. Avicii - Hey Brother_noise_-20dB_sample2.wav",132,1,1,1,1,1,1,1,0,1,1,1,0,1,0,1,0,1,0,1,0,1,1,0,73,0,1,1,1,0,1,1,0,1,42,1,1,0,1,1,1,1,1,1,1,0,1,1,1,0,1,1,1,0,1,0,0,0,1,1,1,0,1,0,0,1,1,1,1,1,0,0,0,1,1,1,0,1,1,1,1,1,1,1,1,1,1,1,1,1,1,0,1,1,1,1,0,0,0,1,0
"98_021. Alan Walker - Faded_noise_-20dB_sample2.wav",135,1,1,1,1,1,1,1,0,1,0,1,1,1,2,1,1,1,1,2,1,1,0,1,1,1,1,1,1,1,1,1,0,1,1,1,0,1,0,1,1,0,1,1,1,1,1,1,1,1,1,506,2,1,1,1,1,1,1,0,0,1,1,2,1,1,1,1,1,1,1,0,1,0,1,1,1,1,0,0,0,1,1,1,1,1,1,1,1,1,1,1,1,1,1,1,1,1,1,1,1
"39_051. Galantis - No Money (Official Video)_noise_-20dB_sample1.wav",165,1,0,1,1,2,1,1,1,1,2,1,1,1,1,1,1,1,0,1,1,0,0,1,1,1,1,1,1,1,0,1,1,1,0,1,1,1,1,1,1,0,1,0,1,1,0,1,1,1,1,1,1,0,1,1,1,1,1,1,1,1,1,441,1,1,1,1,1,1,1,0,1,1,1,1,0,0,1,1,1,1,1,1,1,1,1,1,1,1,1,1,0,1,1,1,1,1,1,1,1
"81_013. Passenger  Let Her Go (Official Video)_noise_-20dB_sample1.wav",205,1,1,1,1,1,1,1,1,2,1,1,1,1,1,0,1,1,1,2,1,1,1,1,1,1,0,1,1,1,1,1,0,1,1,1,0,1,0,1,1,1,1,1,0,1,1,1,1,0,1,1,0,1,1,1,0,1,1,1,0,1,181,0,1,0,0,1,1,1,1,0,1,1,0,0,0,1,1,1,1,1,0,1,1,1,1,1,0,1,1,0,1,1,1,1,0,1,1,1,0
"89_091. Faster Car - Anders Lystell feat. Kaliber [EPIDEMIC SOUND] (Lyrics)_noise_-20dB_sample1.wav",131,1,1,1,1,1,0,1,1,1,1,1,1,1,1,1,1,1,1,1,0,0,0,1,1,1,1,1,0,1,1,1,0,0,1,1,0,1,0,1,1,1,1,1,1,1,1,1,0,1,1,1,142,1,0,1,1,0,1,0,1,1,1,1,1,0,1,1,1,1,0,0,1,1,1,1,0,0,1,0,1,0,1,0,1,1,1,1,0,1,1,0,1,1,1,1,0,0,1,1,1
"4_003. Lorde - Royals (US Version)_noise_-20dB_sample2.wav",137,1,1,1,1,1,1,1,1,1,1,1,1,1,1,1,1,1,39,1,1,1,0,0,0,1,1,1,0,0,0,1,1,0,1,0,1,1,1,1,1,0,1,1,1,1,1,1,1,1,1,0,1,1,1,1,1,1,0,1,1,1,0,0,1,1,1,1,1,1,0,1,1,0,1,1,1,1,1,1,1,1,1,1,1,1,0,1,1,1,1,1,1,1,1,1,0,1,1,1,1
"28_074. American Authors - Best Day Of My Life_noise_-20dB_sample1.wav",181,0,1,1,1,0,0,1,0,1,1,1,1,1,1,1,0,65,0,1,1,1,0,1,1,0,1,1,1,0,0,0,1,1,1,1,0,1,0,1,1,1,1,0,1,1,1,1,0,1,1,1,1,0,1,0,1,1,1,1,0,1,1,1,1,1,0,2,1,0,1,0,1,1,1,1,0,0,1,1,0,0,1,1,1,1,1,1,0,1,1,1,0,0,1,1,0,1,1,1,1
"84_001. Anna Kendrick - Cups_noise_-20dB_sample2.wav",235,0,1,0,1,1,1,1,1,1,1,0,1,1,1,1,0,1,1,1,1,1,0,1,1,1,1,1,1,1,1,1,1,1,1,1,1,1,0,1,1,0,1,0,1,1,1,0,1,0,0,1,1,0,1,1,0,1,0,1,1,1,1,1,1,1,1,1,1,1,1,1,0,1,1,1,0,0,1,1,1,0,1,0,1,1,1,1,0,1,1,1,1,1,1,1,1,1,0,1,1
"23_048. Pharrell Williams - Happy (Official Music Video)_noise_-20dB_sample2.wav",207,0,1,1,1,2,1,1,0,1,0,1,1,1,1,1,1,1,0,1,1,0,0,1,1,0,1,1,1,1,1,1,0,1,1,1,1,1,0,1,1,0,1,1,1,1,1,1,1,1,0,1,1,0,1,1,0,1,1,1,1,1,1,1,1,1,1,1,1,0,1,0,1,1,1,0,1,1,1,1,1,1,1,1,2,0,1,1,1,1,212,0,1,1,1,1,0,1,1,1,1
"9_034. Pitbull - Timber (Official Video) ft. Ke$ha_noise_-20dB_sample1.wav",144,1,1,0,1,1,1,1,1,1,1,0,1,0,1,1,1,0,1,1,0,1,0,1,1,1,0,0,1,1,317,1,1,1,1,1,1,1,0,1,1,0,0,0,0,1,1,1,0,1,1,1,1,1,1,1,1,1,1,0,1,0,1,1,1,1,1,1,1,0,1,1,1,1,1,1,0,1,1,1,0,0,1,1,1,1,1,1,1,0,1,1,1,1,1,1,0,1,1,1,0
"91_Greener_noise_-20dB_sample2.wav",136,1,0,1,1,0,1,1,1,1,1,1,1,1,1,1,1,1,1,1,0,1,0,1,1,1,1,1,0,1,0,1,1,1,1,1,1,1,0,1,1,1,0,1,1,1,0,1,1,1,1,1,1,1,1,0,1,1,1,1,1,1,1,1,113,0,1,1,1,1,1,0,1,0,0,1,1,0,1,1,0,1,1,1,1,1,1,1,1,0,1,1,1,1,0,1,1,1,1,1,1
"67_090. Josh Groban - You Raise Me Up (Official Music Video) [HD Remaster]_noise_-20dB_sample2.wav",129,100,1,1,1,1,0,1,1,1,1,1,1,1,1,1,1,1,0,1,1,1,0,0,1,1,1,1,1,1,1,1,0,0,1,1,0,1,0,1,1,0,1,0,1,1,0,1,1,1,1,1,1,1,1,1,1,0,1,0,1,1,1,1,0,1,1,1,1,0,1,0,1,1,0,1,1,1,0,1,1,0,2,1,0,1,1,0,0,1,1,1,1,0,1,1,1,0,1,1,1
"37_063. Bastille - Pompeii (Official Music Video)_noise_-20dB_sample2.wav",131,1,0,1,1,1,1,1,0,1,1,1,1,0,1,1,1,0,1,1,0,1,0,61,0,1,1,1,1,1,0,0,1,1,1,1,1,1,0,1,1,0,1,1,1,1,1,0,1,0,1,1,1,1,1,1,1,1,0,1,1,1,1,1,1,1,1,1,1,1,1,0,0,1,1,1,0,1,1,1,1,1,0,1,1,1,1,1,1,1,1,1,1,1,0,1,0,1,1,1,1
"20_Never Meant to Know_noise_-20dB_sample2.wav",133,1,1,1,1,1,1,0,0,1,0,1,0,1,1,1,0,0,0,1,1,0,1,1,1,1,1,1,0,1,0,1,1,1,0,0,0,1,0,1,1,0,0,1,1,1,1,0,0,1,1,1,1,317,0,0,1,1,0,1,1,0,1,0,0,1,1,1,1,1,1,0,1,0,1,0,1,0,1,1,1,0,1,1,1,0,1,1,0,1,0,1,1,0,1,1,1,1,0,1,1
"24_047. Girls Talk Boys (from the Ghostbusters Original Motion Picture Soundtrack)_noise_-20dB_sample2.wav",129,1,0,0,1,1,1,1,1,1,1,1,0,1,1,0,1,1,1,1,0,1,0,0,0,1,1,1,1,1,1,0,1,1,1,0,1,1,0,1,1,1,0,0,1,0,1,1,1,1,1,0,1,1,3,1,2,0,1,1,0,1,1,1,1,1,1,1,1,1,1,0,1,2,0,2,0,1,1,0,1,0,1,1,1,1,1,0,1,1,1,517,1,1,1,1,0,1,1,1,0
"30_Cannibal_noise_-20dB_sample2.wav",129,0,1,1,1,1,1,1,1,1,1,1,1,1,1,1,1,0,0,1,0,1,0,1,1,1,1,0,1,1,1,1,1,1,1,1,0,1,0,1,1,1,1,1,1,1,1,1,1,1,1,0,1,1,1,1,1,1,1,1,1,1,1,1,0,1,1,0,1,1,1,0,0,1,1,0,1,0,1,1,1,0,0,153,1,1,1,1,1,1,1,1,1,1,1,1,0,1,1,1,0
"96_089. American Boy by Estelle and Kanye West_noise_-20dB_sample2.wav",126,0,1,0,0,1,1,1,1,1,1,0,1,0,1,0,1,0,1,1,0,1,0,1,1,1,1,1,1,1,1,1,1,0,1,1,1,1,0,1,1,1,1,1,1,1,1,1,1,1,0,1,1,0,0,1,1,1,0,1,0,0,0,0,1,1,1,0,1,1,1,1,1,0,0,1,1,0,1,1,0,0,1,1,1,1,1,1,0,1,1,1,1,1,1,1,0,1,281,1,1
"99_080. Melanie Martinez - Carousel (Official Music Video)_noise_-20dB_sample1.wav",130,1,0,1,0,1,1,1,1,1,1,0,1,1,1,1,1,1,0,1,1,0,0,1,1,1,1,1,1,1,0,1,1,0,1,1,1,0,1,1,0,1,0,1,1,1,1,1,1,1,1,1,1,1,1,1,1,1,0,1,1,1,1,1,1,1,1,168,1,1,1,0,0,1,0,1,0,1,1,1,0,1,1,1,2,1,0,1,1,1,1,1,0,1,1,1,0,0,1,1,1
"87_079. twenty one pilots Heathens (from Suicide Squad The Album) [OFFICIAL VIDEO]_noise_-20dB_sample1.wav",136,1,1,0,1,1,1,1,0,1,0,1,0,1,1,0,1,1,1,1,1,1,1,1,0,1,1,1,1,1,0,1,0,1,1,1,1,0,0,1,1,0,1,1,1,0,1,1,1,1,1,1,1,1,0,1,1,1,0,0,1,1,1,1,1,1,1,0,1,1,2,0,1,1,0,180,0,1,0,1,1,0,1,1,0,1,1,1,0,1,1,1,1,1,1,0,0,1,1,1,1
"85_011. Martin Garrix - Animals (Official Video)_noise_-20dB_sample2.wav",132,1,1,1,1,1,0,1,1,1,1,1,1,91,1,1,0,1,1,1,1,0,0,1,0,0,2,1,0,1,1,1,1,0,1,1,1,1,0,1,1,0,1,1,1,1,0,1,0,1,1,1,1,1,1,1,1,1,1,1,1,1,1,0,1,1,1,1,1,1,1,0,1,1,1,1,1,0,1,1,2,0,1,1,1,8,1,1,0,1,1,1,1,1,1,0,1,1,0,1,1
"17_084. Thomas Rhett - Crash and Burn_noise_-20dB_sample1.wav",133,1,1,1,2,1,1,1,0,1,1,1,1,1,1,1,73,1,0,1,1,0,1,0,1,0,1,1,0,1,2,1,1,0,1,1,0,1,0,1,1,0,1,1,1,1,1,1,1,1,1,1,1,1,1,1,1,0,1,1,1,1,0,1,1,1,0,0,1,1,1,0,1,1,1,1,1,0,1,1,0,0,1,1,1,1,1,1,1,1,0,1,1,1,1,2,0,0,1,1,1
"3_100. Owl City & Carly Rae Jepsen - Good Time (Official Video)_noise_-20dB_sample2.wav",130,1,1,1,1,1,1,0,1,1,0,1,1,1,0,1,1,1,0,1,1,0,1,1,1,1,1,1,1,1,1,1,1,1,1,1,1,1,1,1,1,1,143,1,1,1,1,0,1,1,2,1,1,1,1,1,1,1,1,1,1,1,1,0,1,1,0,1,1,1,0,1,1,0,0,1,0,1,1,1,1,0,1,1,1,1,1,1,0,1,2,0,1,1,1,1,1,1,1,1,1
"41_The Bidding_noise_-20dB_sample1.wav",180,1,0,1,1,1,1,1,0,1,0,1,1,1,1,1,1,0,0,1,1,1,0,1,1,1,0,1,1,0,1,1,1,1,1,1,0,1,0,1,1,0,1,1,1,1,1,1,1,1,1,1,1,1,0,0,1,0,1,0,1,1,1,1,1,1,2,1,1,0,1,0,0,1,1,1,0,0,1,1,1,1,1,1,1,1,1,1,1,0,1,1,1,1,1,1,80,0,1,1,0
"28_074. American Authors - Best Day Of My Life_noise_-20dB_sample2.wav",159,1,1,1,1,1,0,1,1,1,1,1,1,1,1,1,1,1,0,2,1,1,1,1,1,1,1,0,0,0,1,1,1,1,0,3,1,1,1,1,1,1,0,1,0,0,0,0,1,1,1,0,1,1,1,0,0,1,1,1,1,1,1,1,1,1,1,1,1,0,1,0,1,1,0,0,0,0,1,0,0,0,1,0,1,1,0,0,1,0,0,0,1,1,1,1,0,0,1,1,0
"62_061. LEFT SCREEN ONLY Spot the Differences_noise_-20dB_sample2.wav",155,0,1,1,1,1,1,1,1,1,0,1,1,1,0,1,0,1,0,1,0,1,1,1,1,1,1,1,1,1,1,1,1,1,1,2,0,1,0,1,1,1,0,0,1,0,1,0,1,1,1,0,1,0,1,1,1,1,1,1,1,1,1,1,1,0,1,0,1,0,1,1,1,1,0,1,0,0,0,1,114,0,1,1,1,1,0,1,1,1,1,0,1,0,1,1,0,0,1,1,1
"33_076. Galantis - Firebird (Official Audio)_noise_-20dB_sample1.wav",187,1,2,1,1,1,2,1,1,1,1,1,1,5,2,0,0,1,1,1,1,1,1,1,1,1,1,1,1,1,1,1,1,0,1,1,1,1,1,1,1,1,1,1,0,1,1,1,1,1,1,1,1,1,1,1,1,1,1,1,84,1,1,1,1,1,1,1,1,1,1,0,1,0,0,0,1,0,1,1,1,0,1,1,1,1,1,0,0,1,1,0,1,1,1,1,1,1,1,1,1
"21_085. Janji ft. Johnning - Heroes Tonight 1 HOUR_noise_-20dB_sample1.wav",161,1,1,2,1,1,0,1,1,1,1,1,1,1,1,1,0,1,0,1,0,1,0,0,1,1,1,1,1,1,1,1,1,1,1,1,1,1,0,1,0,1,1,1,1,1,1,1,0,1,1,1,1,1,1,1,0,1,1,1,1,1,1,0,1,1,1,1,0,0,1,0,0,1,0,1,1,1,0,1,1,1,1,1,1,1,1,1,0,1,1,1,1,1,0,1,0,1,1,1,1
"58_039. OMFG - Hello_noise_-20dB_sample1.wav",129,1,1,1,1,1,1,0,0,1,1,1,1,1,1,1,1,0,1,1,1,1,0,0,1,1,1,0,1,0,1,1,1,1,1,1,1,1,0,1,0,1,1,0,1,1,1,0,0,1,1,0,1,1,0,1,1,1,1,1,0,2,1,0,1,1,1,0,1,0,1,0,0,1,1,0,0,0,1,0,0,0,1,1,1,1,1,0,0,1,1,1,1,126,1,1,1,0,0,1,0
"35_036. Fall Out Boy - Centuries (Official Video)_noise_-20dB_sample2.wav",131,1,1,1,1,1,1,1,1,1,1,1,1,1,1,1,1,1,0,1,1,1,0,1,1,1,1,0,1,1,1,1,1,1,1,136,1,1,0,1,1,0,1,1,1,1,1,1,1,1,0,1,1,1,1,1,0,1,1,1,1,1,1,1,1,1,1,1,1,1,1,1,0,1,0,1,1,1,1,0,1,0,1,1,1,0,1,0,1,0,1,1,1,1,1,1,0,1,1,1,1
"11_062. Pipe Guy - HouseTranceTechno Live_noise_-20dB_sample1.wav",141,0,1,1,1,1,1,1,1,1,2,1,1,0,1,1,1,1,1,1,1,1,1,0,1,0,1,0,0,1,1,1,1,1,1,1,1,1,0,0,0,0,1,1,1,0,1,1,1,1,1,0,1,0,0,1,1,1,0,1,1,1,1,0,1,1,1,1,1,1,1,0,0,1,1,1,1,1,1,1,1,0,1,1,1,1,1,1,1,1,1,1,1,1,1,1,0,1,1,2,1
"70_You and Me_noise_-20dB_sample1.wav",160,0,0,1,1,1,1,1,1,1,1,1,1,1,1,1,1,1,1,1,0,0,0,0,1,1,1,1,3,1,1,1,1,1,1,1,0,1,0,1,1,1,1,1,1,0,1,1,1,1,0,1,1,1,1,1,0,1,1,1,1,1,1,1,1,1,1,1,1,1,1,1,1,1,101,1,0,1,1,1,0,0,1,1,1,1,1,1,0,1,1,1,1,0,1,1,0,1,1,1,1
"60_057. Get Off The Phone Song_noise_-20dB_sample1.wav",132,1,0,1,1,1,1,1,0,1,1,0,1,0,1,1,0,1,1,1,0,1,0,1,1,0,0,1,1,1,1,1,1,0,1,1,0,1,0,1,1,1,1,86,1,1,1,1,1,1,0,1,1,2,1,1,1,1,0,1,0,0,1,1,0,0,1,1,0,1,1,0,1,1,1,1,0,0,1,1,1,0,1,1,1,0,0,0,1,1,1,1,1,1,1,1,1,0,1,1,1
"84_001. Anna Kendrick - Cups_noise_-20dB_sample1.wav",127,1,0,1,1,1,1,1,78,1,1,1,1,1,1,1,0,1,0,1,1,1,0,1,1,1,1,1,1,1,1,1,1,1,1,0,1,1,0,1,1,0,1,0,1,1,0,1,1,0,1,1,1,1,1,0,1,1,1,1,1,1,1,1,1,1,1,1,0,1,1,1,1,1,0,1,0,1,1,1,1,0,1,1,1,1,1,1,1,1,1,1,1,1,1,1,1,1,1,1,1
"30_Cannibal_noise_-20dB_sample1.wav",128,1,1,1,1,1,1,1,1,2,1,0,1,1,1,1,1,0,1,1,1,1,0,1,1,1,1,1,1,1,1,1,1,1,1,0,1,1,0,1,1,0,1,1,1,1,1,1,1,1,1,1,1,1,1,1,1,0,0,1,2,0,1,1,1,1,1,0,1,1,1,1,1,1,1,1,0,1,1,1,1,0,1,188,1,1,0,1,0,1,1,0,1,1,1,1,0,1,1,1,1
"4_003. Lorde - Royals (US Version)_noise_-20dB_sample1.wav",129,1,1,0,1,0,1,1,1,2,0,1,1,1,1,1,0,1,12,1,1,1,0,1,1,1,1,1,1,1,0,1,1,1,1,1,1,1,0,1,1,1,1,1,1,1,1,1,1,1,1,1,1,1,1,0,0,1,0,1,1,0,1,0,2,1,1,1,1,1,1,1,0,1,1,1,1,0,1,1,1,0,1,1,1,1,1,1,0,1,1,1,0,1,1,2,0,1,1,1,1
"99_080. Melanie Martinez - Carousel (Official Music Video)_noise_-20dB_sample2.wav",127,1,1,0,1,1,0,0,1,1,1,1,1,1,1,1,1,0,0,1,1,1,0,1,1,0,1,1,1,1,0,0,1,0,0,1,0,1,1,1,1,0,1,1,1,1,0,1,0,1,1,1,1,1,1,1,0,1,0,0,1,0,1,1,1,1,0,273,1,0,1,0,1,1,1,1,1,1,1,1,1,0,1,1,1,1,0,0,1,1,0,1,1,1,1,2,1,1,1,1,1
"41_The Bidding_noise_-20dB_sample2.wav",133,0,1,1,1,1,1,0,1,1,1,0,1,1,0,1,1,0,1,1,1,1,0,1,1,1,1,1,1,1,0,1,1,0,1,0,1,1,0,1,0,1,1,1,0,1,0,1,1,1,1,1,1,1,1,1,1,1,1,0,1,1,1,1,1,0,1,1,0,1,1,0,1,1,1,0,1,0,1,1,0,0,1,1,1,1,1,0,1,1,1,1,1,1,1,1,2,1,1,1,1
"49_050. Carly Rae Jepsen - I Really Like You_noise_-20dB_sample1.wav",144,0,1,1,1,0,2,1,1,1,1,1,1,1,1,1,1,0,0,0,1,0,0,0,1,1,1,1,1,1,1,1,1,0,1,1,2,1,0,1,1,0,1,0,0,1,1,1,1,1,1,1,0,1,0,0,0,1,1,1,1,1,1,1,1,1,1,1,1,1,1,0,1,1,1,0,1,0,1,1,1,0,1,0,110,1,1,0,1,1,1,1,1,1,2,1,0,1,1,1,1
"15_060. My OCD (Song)_noise_-20dB_sample2.wav",169,0,1,1,1,1,0,1,1,2,1,0,57,1,2,1,1,1,0,1,1,1,0,0,1,1,1,1,0,1,0,1,1,0,1,1,1,1,1,1,1,1,1,1,1,1,1,1,1,1,1,1,1,1,0,1,0,1,1,1,0,0,1,1,1,0,0,1,1,1,1,0,1,1,1,1,1,1,0,1,1,0,1,1,1,0,1,1,1,1,1,1,2,1,1,1,0,1,1,1,0
"37_063. Bastille - Pompeii (Official Music Video)_noise_-20dB_sample1.wav",130,1,1,0,1,1,1,1,1,1,1,0,0,1,1,1,1,1,1,1,0,0,0,27,0,1,1,1,0,0,1,1,0,1,1,0,1,1,0,1,1,1,0,1,1,0,1,0,0,1,1,1,1,1,0,1,1,1,0,0,1,1,1,1,1,1,1,1,1,1,1,0,1,1,0,0,0,1,1,1,0,1,1,1,1,1,1,1,1,0,1,1,0,1,1,1,0,1,1,1,0
"13_030. Maroon 5 - Animals_noise_-20dB_sample1.wav",129,0,1,1,2,1,0,1,1,1,1,1,1,0,1,0,0,1,0,1,0,1,0,0,1,1,1,0,1,1,1,1,1,0,1,1,1,1,0,1,58,1,1,1,0,1,0,1,1,0,1,0,1,0,1,1,1,1,0,1,1,1,1,0,1,0,1,1,1,1,0,0,0,1,0,1,0,1,1,1,1,0,1,0,1,1,1,1,1,1,1,0,1,1,1,1,1,0,1,1,1
"0_096. Nightcore - Mad World_noise_-20dB_sample2.wav",131,0,1,1,1,1,1,1,1,1,1,1,1,1,1,1,1,1,1,1,437,1,0,0,0,0,1,1,1,1,1,1,0,0,1,1,1,1,0,1,1,0,1,1,1,1,1,1,0,1,0,1,0,1,1,0,1,1,1,0,1,1,1,0,0,1,1,1,0,1,1,0,1,1,0,1,1,1,1,1,1,0,1,1,1,1,0,1,0,1,1,0,1,1,0,1,0,0,1,1,1
"77_065. Nightcore - Ghostbusters_noise_-20dB_sample1.wav",128,1,1,1,1,1,1,1,1,1,1,1,1,1,1,1,1,1,1,1,1,444,1,1,1,1,2,1,1,0,0,1,1,0,1,1,1,1,0,1,1,1,1,1,1,1,1,1,1,0,1,0,1,1,1,2,1,1,1,1,1,1,1,0,1,3,1,0,1,1,1,0,1,1,1,1,1,1,1,1,1,0,1,1,2,1,1,1,1,1,1,1,1,1,1,0,0,0,1,1,1
"18_044. tony igy-stop in my mind_noise_-20dB_sample2.wav",134,0,1,1,1,1,0,1,0,1,1,1,1,2,1,1,0,1,1,1,0,1,0,1,1,1,1,2,0,0,1,212,1,1,1,1,1,1,1,1,1,1,1,1,1,1,1,1,1,1,1,1,1,1,1,0,1,0,1,1,1,1,1,0,2,1,1,1,1,0,1,0,1,0,1,1,0,1,1,1,1,0,1,1,1,1,1,1,1,1,1,1,1,1,1,1,1,1,1,1,1
"79_095. Alan Walker - Alone_noise_-20dB_sample2.wav",137,0,0,0,1,1,1,1,1,2,0,0,1,0,1,0,1,0,0,1,0,0,0,0,0,1,0,0,1,1,0,1,1,0,1,1,1,1,0,1,0,0,1,1,1,1,0,1,1,1,1,1,1,1,1,0,1,1,119,1,1,0,1,1,1,0,1,0,0,0,1,0,0,1,1,0,1,1,0,1,1,0,1,0,1,1,1,1,1,1,1,1,0,1,1,1,1,1,0,1,1
"63_087. Anaconda - Nicki Minaj  The Fitness Marshall  Dance Workout_noise_-20dB_sample2.wav",176,0,1,1,1,1,1,1,1,2,1,0,1,1,1,1,3,0,0,1,0,1,0,1,0,1,1,1,1,1,1,1,1,1,1,1,1,1,0,1,1,1,1,1,1,1,0,1,0,1,1,1,1,1,1,0,1,1,1,1,0,1,1,2,1,1,1,0,1,1,1,0,0,0,0,1,0,1,216,1,1,0,1,1,1,1,1,0,0,1,1,1,1,1,1,1,0,1,0,1,1
"55_009. Taylor Swift - Shake It Off_noise_-20dB_sample1.wav",211,1,1,1,1,2,0,1,0,4,0,1,1,0,1,1,1,1,0,0,0,1,0,0,1,1,1,0,1,1,1,1,1,1,0,1,1,1,0,162,1,0,0,1,1,1,1,1,1,1,1,1,1,0,1,1,1,1,1,1,1,1,1,1,1,1,1,1,0,1,0,0,1,0,1,1,1,1,1,0,1,0,1,1,0,1,1,1,1,1,2,1,0,1,1,1,0,0,1,1,1
"82_A Lady_noise_-20dB_sample1.wav",203,1,1,0,1,1,1,1,0,1,1,1,1,1,1,1,1,1,0,1,0,1,1,1,1,1,1,1,1,1,1,1,1,1,0,1,1,1,41,1,1,1,1,0,1,1,1,1,1,1,1,1,1,1,1,1,1,1,0,0,1,2,1,1,1,1,1,1,1,1,1,0,1,1,1,1,0,1,1,1,1,0,1,1,1,0,1,1,1,1,1,1,1,1,1,1,1,0,0,1,2
"26_017. David Guetta - Titanium ft. Sia (Official Video)_noise_-20dB_sample1.wav",146,1,1,1,1,1,1,1,0,1,1,1,1,1,1,1,1,0,1,1,1,0,0,1,1,1,1,0,1,0,1,0,1,0,1,0,1,1,0,1,1,1,1,0,1,1,1,1,0,1,1,1,1,1,1,1,1,1,1,392,1,1,1,1,1,1,1,0,1,1,1,0,1,1,1,1,1,0,0,1,1,0,1,1,1,0,1,1,0,1,0,1,1,0,1,1,0,0,1,1,1
"92_025. Fall Out Boy - Immortals (From Big Hero 6)_noise_-20dB_sample2.wav",142,1,0,1,1,0,1,2,1,2,1,1,1,0,1,1,1,0,0,2,0,1,0,1,1,1,1,279,0,1,1,1,1,0,1,0,1,1,0,1,1,0,1,0,1,1,1,1,1,1,1,1,1,1,0,1,1,1,0,0,0,1,1,1,1,0,1,1,1,1,0,1,1,1,0,1,1,1,1,1,1,0,0,1,1,1,1,1,1,1,1,1,1,1,1,1,0,1,1,1,1
"75_078. Kungs vs Cookin on 3 Burners - This Girl (Official Music Video)_noise_-20dB_sample2.wav",138,0,1,1,1,1,244,1,1,1,1,1,1,1,1,1,1,1,0,1,1,0,0,1,1,0,1,1,1,1,1,1,1,1,1,1,1,1,1,1,1,1,2,0,0,3,1,1,1,1,1,3,0,1,1,1,1,1,1,1,1,1,1,0,1,1,1,1,2,1,1,0,1,1,1,1,1,1,1,1,1,1,1,1,1,1,1,1,1,1,1,1,1,2,1,1,1,1,1,1,1
"3_100. Owl City & Carly Rae Jepsen - Good Time (Official Video)_noise_-20dB_sample1.wav",127,1,1,1,1,1,1,1,1,3,0,1,1,1,1,0,1,1,0,1,0,0,0,1,1,1,0,1,1,0,1,1,1,1,1,0,1,1,0,1,1,1,111,0,1,1,1,1,1,1,1,1,1,1,1,1,1,1,1,1,1,1,0,1,1,1,1,0,1,1,1,0,0,1,0,1,0,1,1,1,1,0,1,1,1,0,1,1,1,1,1,1,1,1,1,1,1,1,1,1,1
"81_013. Passenger  Let Her Go (Official Video)_noise_-20dB_sample2.wav",131,1,1,0,1,1,1,1,1,1,1,1,1,1,1,0,1,1,1,1,0,0,0,1,1,1,1,1,1,1,0,1,1,1,1,1,1,0,0,1,0,0,1,1,0,1,1,1,1,1,0,1,0,0,0,1,1,1,1,1,1,0,178,0,1,1,0,1,1,1,0,0,1,1,1,1,1,0,0,1,0,0,1,1,1,0,1,0,0,1,1,2,1,1,1,1,1,1,1,0,1
"97_075. Lindsey Stirling - Prism (Official Video)_noise_-20dB_sample2.wav",141,1,0,1,1,1,1,177,1,1,0,1,1,1,1,0,1,1,0,1,1,1,1,1,1,1,0,0,0,1,1,1,0,0,1,1,1,1,1,1,1,0,1,1,1,1,0,0,1,0,1,0,0,1,0,0,1,1,1,1,1,1,0,1,1,1,0,0,1,1,1,0,1,1,0,1,0,0,1,1,1,1,1,0,1,1,0,1,0,1,0,1,1,1,0,0,1,1,0,1,0
"23_048. Pharrell Williams - Happy (Official Music Video)_noise_-20dB_sample1.wav",130,1,1,1,1,1,1,0,0,1,1,1,1,0,1,0,1,1,1,1,0,0,0,1,1,0,1,0,1,1,1,1,1,0,1,1,1,1,1,1,1,1,1,1,1,0,1,1,1,1,1,0,1,1,1,1,1,1,0,1,1,1,2,0,1,1,1,1,0,1,1,0,1,0,0,0,1,1,1,1,1,0,1,1,1,1,1,1,1,0,240,2,2,1,1,2,0,0,1,1,1
"32_086. Olly Murs - Grow Up (Official Video)_noise_-20dB_sample2.wav",128,0,1,1,1,1,1,1,1,1,0,1,0,1,1,0,1,1,0,1,0,0,1,1,1,1,1,1,1,0,0,1,0,1,1,1,1,1,0,1,1,1,1,1,0,1,0,1,1,0,0,1,1,1,1,0,1,1,1,1,1,0,1,1,1,1,1,0,1,1,1,0,1,1,0,1,1,1,0,206,1,1,1,1,0,1,1,1,1,1,1,1,1,1,1,1,1,0,1,0,1
"93_015. Lukas Graham - 7 Years [Official Music Video]_noise_-20dB_sample2.wav",127,1,1,1,1,0,1,1,1,1,1,1,1,1,0,1,1,1,1,1,1,1,0,0,1,1,0,1,1,0,1,1,0,1,1,1,1,1,0,1,1,1,1,0,0,1,1,1,1,1,308,1,1,1,1,1,1,1,1,1,1,1,1,0,1,0,1,1,1,1,1,0,1,1,1,1,1,1,0,1,1,0,1,1,1,1,1,1,0,0,1,1,1,0,1,1,0,0,1,1,1
"61_045. The Black Eyed Peas - I Gotta Feeling (Official Music Video)_noise_-20dB_sample2.wav",131,1,1,1,1,1,1,1,1,1,1,1,1,1,0,1,1,1,1,1,1,1,0,0,1,0,1,1,1,1,1,1,0,0,1,1,1,0,0,1,1,0,1,0,1,1,1,1,0,1,1,1,1,1,0,1,1,1,1,1,1,1,1,0,1,1,0,1,1,0,0,0,0,1,0,1,1,1,1,1,1,1,1,1,1,80,1,1,1,1,1,1,1,1,1,1,1,1,0,0,1
"88_033. Fifth Harmony - Worth It (Official Video) ft. Kid Ink_noise_-20dB_sample1.wav",140,1,0,1,1,1,0,1,1,1,514,1,1,0,1,1,1,1,1,1,1,0,0,0,1,1,1,1,0,1,1,0,1,1,1,1,0,1,1,1,1,1,1,1,0,1,0,1,0,2,1,1,1,0,1,1,1,1,1,1,1,1,1,1,0,0,0,1,1,1,0,0,0,0,0,1,0,1,1,1,1,1,1,1,1,0,1,1,1,1,1,1,1,1,1,0,1,1,1,1,1
"31_058. Rub Some Bacon on It_noise_-20dB_sample2.wav",145,1,1,0,1,1,1,1,1,1,0,1,1,1,1,1,0,1,0,1,1,0,1,0,0,1,1,1,0,1,1,0,1,89,1,0,1,1,1,1,1,1,1,1,1,1,0,1,1,1,1,3,1,1,1,1,1,1,1,1,1,1,1,1,1,1,1,1,1,1,0,0,1,1,1,1,1,1,1,0,0,1,1,1,1,1,0,1,0,1,2,1,0,1,1,1,1,0,1,1,0
"38_082. Smoke and Mirrors_noise_-20dB_sample2.wav",141,1,1,1,1,0,1,1,1,1,1,1,1,1,1,1,1,0,1,1,1,1,1,0,0,1,1,1,1,0,1,0,1,1,1,1,0,1,1,1,1,1,1,1,0,1,1,1,1,11,1,1,1,0,1,1,1,1,1,1,1,1,1,1,1,1,1,1,1,0,0,1,0,1,1,1,0,1,1,1,1,1,1,0,0,1,1,1,1,1,1,1,1,1,1,1,0,1,1,1,1
"43_098. Nightcore~ The Wolf_noise_-20dB_sample2.wav",141,1,0,0,1,1,1,2,1,1,1,0,0,0,1,1,1,1,1,1,1,1,0,1,1,1,1,0,1,0,0,1,1,1,1,1,0,1,0,1,1,1,1,1,0,1,1,1,0,0,1,1,1,1,1,1,1,1,1,1,0,1,1,1,0,1,0,1,1,1,1,0,0,0,1,0,1,0,1,0,1,0,1,1,1,1,1,0,1,0,1,0,1,1,1,42,1,1,1,1,1
"80_077. Emeli Sandé - Hurts_noise_-20dB_sample1.wav",140,1,0,0,1,1,1,1,1,2,0,1,1,1,1,1,1,1,1,1,0,1,1,1,1,1,1,1,1,1,1,1,1,1,1,1,1,1,1,1,1,1,1,1,182,1,1,1,1,0,1,0,1,1,0,0,0,0,0,1,1,0,1,1,1,1,0,1,1,1,1,1,1,1,0,1,1,0,1,1,1,0,1,1,1,1,1,1,1,1,1,1,1,1,1,1,0,0,1,1,1
"34_The Trap_noise_-20dB_sample1.wav",140,0,0,0,1,1,1,0,1,1,0,0,1,0,1,0,0,0,0,1,1,1,1,0,1,0,0,1,1,1,0,1,0,0,1,0,0,0,0,1,1,0,1,0,0,1,90,1,0,1,1,1,0,0,0,1,0,0,0,1,1,1,1,0,1,1,1,1,1,1,1,0,1,0,0,0,0,0,1,0,0,0,0,0,1,1,1,1,0,0,1,1,1,1,1,1,1,1,0,1,0
"101_070. Eminence - Knock Me Out (feat. Anna Cyzon) [Monstercat Official Music Video]_noise_-20dB_sample1.wav",133,1,0,0,1,0,1,1,1,1,1,0,1,1,1,1,1,0,1,1,1,1,0,1,1,1,0,1,1,1,1,1,147,0,0,1,1,1,0,1,1,0,1,1,1,1,1,1,1,1,0,1,1,1,0,1,0,1,0,0,1,1,1,1,1,0,1,1,1,0,1,0,1,1,1,0,1,1,1,0,1,0,1,1,1,0,1,1,0,1,1,0,1,0,1,1,0,1,1,1,1
"45_005. OneRepublic - Counting Stars_noise_-20dB_sample1.wav",131,1,1,0,1,1,1,1,1,1,1,1,1,1,1,1,0,1,1,1,0,1,0,1,1,1,1,1,1,0,1,1,1,1,1,1,1,1,1,1,1,0,1,0,1,1,1,1,1,0,1,1,0,0,1,1,1,0,1,1,1,1,1,1,1,1,1,0,61,1,1,0,1,1,1,1,1,0,1,1,1,1,1,1,1,1,1,1,1,1,1,0,1,1,1,1,1,0,1,1,1
"104_024. twenty one pilots Stressed Out [OFFICIAL VIDEO]_noise_-20dB_sample2.wav",137,0,1,1,1,1,1,1,1,1,1,1,1,1,1,0,1,1,6,1,1,1,0,0,1,1,1,0,1,1,1,1,1,1,1,1,1,1,0,1,0,1,1,1,1,1,0,1,1,1,1,0,0,0,1,1,1,1,0,1,1,1,1,1,1,1,243,1,1,0,1,1,1,1,0,1,1,1,0,0,0,0,1,1,1,1,0,1,1,0,1,1,1,0,1,1,0,1,1,1,1
"105_101. Yann Tiersen - Comptine d`un autre ete - l`apres-midi_noise_-20dB_sample2.wav",140,1,1,1,1,1,1,1,1,1,0,1,2,1,2,1,0,1,1,1,1,1,1,1,1,0,1,1,1,1,1,1,0,1,1,0,1,1,0,1,1,0,0,1,1,1,1,1,1,1,1,1,1,1,1,1,0,1,1,1,1,1,1,1,1,1,1,1,1,1,1,49,1,1,1,1,1,1,1,1,1,1,1,1,1,1,1,1,1,1,1,1,1,1,1,1,1,1,1,1,1
"16_038. P!nk - Just Give Me A Reason ft. Nate Ruess_noise_-20dB_sample2.wav",142,1,1,0,1,1,0,1,1,1,1,0,1,0,1,1,1,1,0,2,1,1,0,0,2,1,1,1,1,1,1,1,1,0,1,1,1,1,1,1,1,1,1,1,1,1,1,1,1,1,0,1,0,1,0,1,1,1,1,1,1,1,0,0,1,2,1,1,1,0,1,0,1,136,1,1,1,0,1,1,1,0,1,0,1,0,0,1,1,1,1,1,1,1,1,1,1,1,1,1,1
"25_035. Alan Walker - Sing Me To Sleep_noise_-20dB_sample1.wav",136,1,1,1,1,1,1,1,1,1,1,1,0,0,1,1,0,1,1,1,1,1,1,1,1,1,1,0,1,1,1,1,1,0,1,1,1,1,0,1,1,0,1,0,1,1,1,1,1,1,1,1,1,1,1,1,1,1,1,0,1,1,1,0,1,1,1,1,1,1,2,1,1,1,1,1,0,1,0,1,1,0,1,1,1,1,1,1,1,1,1,0,0,1,1,1,0,230,1,1,1
"59_014. Avicii - Hey Brother (Lyric)_noise_-20dB_sample1.wav",135,1,1,0,1,1,0,1,0,1,1,1,0,0,1,0,0,1,0,1,0,1,0,0,64,1,0,1,1,0,1,1,1,1,110,1,0,1,0,1,1,0,1,1,1,0,1,1,1,1,1,1,1,1,1,1,1,1,1,1,1,1,1,0,1,1,1,1,3,1,0,0,1,1,0,1,0,1,0,1,1,0,1,1,1,1,1,1,0,1,1,0,1,1,1,0,1,1,1,1,1
"16_038. P!nk - Just Give Me A Reason ft. Nate Ruess_noise_-20dB_sample1.wav",135,1,1,0,1,1,1,1,1,1,1,1,1,1,1,1,1,1,0,1,1,1,1,1,1,1,1,1,1,1,1,1,1,1,1,0,1,1,0,1,1,1,1,1,1,1,2,1,1,1,1,0,1,0,1,1,1,1,0,0,1,1,1,1,1,1,0,0,1,0,0,0,0,86,1,1,1,1,1,1,1,0,1,1,1,1,0,1,1,1,1,0,1,1,1,0,0,1,1,1,1
"60_057. Get Off The Phone Song_noise_-20dB_sample2.wav",133,1,0,0,0,1,0,1,0,1,0,1,1,1,0,1,1,1,0,1,1,0,1,1,0,1,0,1,1,0,1,1,0,1,1,1,1,1,0,1,1,0,0,56,1,1,0,1,1,0,1,1,1,1,0,0,2,1,1,0,1,1,1,1,1,1,1,1,1,0,1,0,1,1,1,1,0,0,1,0,1,1,1,0,0,1,1,1,1,1,1,1,1,1,1,1,1,1,1,1,0
"87_079. twenty one pilots Heathens (from Suicide Squad The Album) [OFFICIAL VIDEO]_noise_-20dB_sample2.wav",133,1,1,1,1,1,1,1,0,1,1,1,1,0,1,1,1,1,0,1,1,1,1,1,1,0,1,1,1,0,0,1,1,1,1,1,1,1,0,0,1,0,1,1,1,1,1,1,0,1,0,1,1,0,0,0,2,0,1,1,1,0,1,0,1,1,0,0,1,0,1,0,1,1,1,329,0,0,0,0,0,1,1,1,1,1,0,0,1,1,1,1,1,1,1,2,1,1,1,1,1
"5_002. Avicii - Wake Me Up (Official Video)_noise_-20dB_sample1.wav",139,1,1,1,1,1,1,1,1,1,1,1,1,1,0,0,1,1,1,1,1,1,0,1,1,1,1,1,1,1,1,1,1,1,1,1,1,1,0,1,1,0,1,1,1,1,1,1,1,1,1,0,1,0,1,0,1,1,1,1,1,0,1,0,0,1,1,0,0,0,1,1,1,1,0,1,1,1,1,1,1,0,1,0,1,1,1,1,1,1,1,1,0,1,0,1,0,1,1,0,1
"86_019. Naughty Boy - La la la ft. Sam Smith (Official Video)_noise_-20dB_sample2.wav",147,1,1,1,1,1,1,1,1,1,1,1,1,0,1,1,1,1,1,1,1,1,1,1,0,1,1,1,1,1,1,1,1,1,1,1,0,1,0,1,1,1,1,1,1,1,1,1,1,1,1,1,1,1,1,1,1,1,1,1,0,1,0,1,0,1,1,1,1,1,1,1,0,1,1,0,1,1,1,1,1,1,1,1,1,1,1,81,0,1,1,1,1,1,1,1,0,1,1,1,1
"10_012. Calvin Harris - I Need Your Love (Official Video) ft. Ellie Goulding_noise_-20dB_sample1.wav",137,1,1,1,1,1,1,2,1,1,2,1,1,1,1,1,1,1,1,1,1,1,0,1,1,1,0,1,0,1,1,1,1,1,3,1,1,1,0,1,1,0,1,1,0,137,1,1,1,1,1,1,1,1,1,1,1,1,1,1,1,1,1,0,1,1,1,1,0,0,1,0,1,1,1,1,1,1,1,1,1,1,1,1,1,1,1,1,0,1,1,0,1,1,1,1,0,1,1,1,1
"102_018. Shawn Mendes - Stitches (Official Music Video)_noise_-20dB_sample2.wav",135,1,1,1,1,1,1,1,1,1,1,96,1,1,1,1,1,0,0,1,0,1,1,0,1,1,0,1,1,0,0,1,0,1,1,1,0,1,1,1,1,0,2,1,0,1,1,0,1,2,1,1,1,1,1,1,2,1,0,1,0,1,1,1,1,0,1,1,1,1,0,0,1,1,1,0,1,1,0,1,1,1,1,1,1,1,0,1,1,1,1,1,1,1,0,1,1,1,1,1,1
"26_017. David Guetta - Titanium ft. Sia (Official Video)_noise_-20dB_sample2.wav",139,1,1,0,1,1,1,0,1,1,1,1,1,0,0,1,1,1,0,1,1,1,0,1,1,1,1,1,0,1,1,1,0,1,1,1,1,1,0,1,1,0,1,0,1,1,1,1,1,1,1,1,1,0,1,1,1,1,1,274,1,1,1,1,0,1,1,1,1,1,1,1,1,1,1,1,0,1,0,0,1,0,1,1,1,1,1,1,1,1,1,0,1,1,1,1,1,1,0,1,1
"76_073. Lindsey Stirling - Crystallize (Dubstep Violin Original Song)_noise_-20dB_sample1.wav",148,1,1,1,1,1,1,1,1,1,1,1,1,1,1,1,1,1,0,1,0,1,0,1,1,1,1,1,0,1,1,1,1,1,1,1,0,1,1,1,1,0,1,1,1,1,1,1,1,1,0,1,0,1,1,1,1,1,1,1,1,1,1,1,1,117,0,0,1,0,1,1,0,1,1,1,1,0,0,1,1,1,1,1,1,0,0,1,1,1,1,1,1,1,1,1,0,1,1,1,1
"55_009. Taylor Swift - Shake It Off_noise_-20dB_sample2.wav",142,1,0,1,1,1,1,1,0,1,1,1,1,1,0,1,1,0,0,1,0,1,0,1,0,0,1,1,0,1,0,1,0,0,1,0,0,1,0,150,1,0,0,1,1,1,0,1,1,1,0,0,1,0,1,0,1,1,1,1,0,0,1,1,1,1,1,0,1,1,0,0,1,1,0,0,1,0,0,1,1,0,1,1,1,1,1,1,0,1,1,0,0,1,1,1,0,1,0,1,1
"82_A Lady_noise_-20dB_sample2.wav",146,1,0,1,1,1,0,1,1,1,1,1,1,0,1,1,0,1,0,1,0,0,0,1,1,1,0,1,1,1,0,1,1,1,1,1,0,1,18,0,1,0,1,1,0,1,0,0,0,1,1,0,1,1,1,1,1,1,0,0,1,1,1,0,1,1,0,1,1,1,1,0,1,0,1,0,1,0,0,1,0,0,1,1,0,0,1,1,1,1,1,0,1,1,1,1,1,1,1,1,1
"67_090. Josh Groban - You Raise Me Up (Official Music Video) [HD Remaster]_noise_-20dB_sample1.wav",141,142,1,1,0,1,1,1,1,1,1,1,1,1,1,1,1,1,0,1,1,1,0,1,1,1,0,1,1,1,1,1,1,0,1,1,1,1,0,1,1,0,1,1,0,1,1,1,1,1,1,1,1,1,1,1,1,0,1,1,1,1,1,1,1,1,1,1,1,0,1,0,1,1,0,0,0,1,1,1,1,1,1,1,0,1,1,1,1,1,1,1,1,1,1,1,0,0,1,1,1
"2_023. Rachel Platten - Fight Song (Official Video)_noise_-20dB_sample2.wav",137,1,0,1,1,1,1,0,0,1,0,0,1,0,2,99,1,0,0,1,1,1,1,1,1,0,1,0,1,0,1,1,1,1,1,1,0,1,0,1,1,1,0,1,1,1,1,1,1,1,1,0,1,1,1,1,1,1,1,0,1,1,1,1,1,1,1,1,1,2,1,0,1,1,1,0,1,1,1,1,0,1,1,0,1,1,1,0,0,1,1,0,1,1,1,1,0,1,1,1,1
"78_026. Katy Perry - Firework (Official Music Video)_noise_-20dB_sample2.wav",139,1,0,1,1,1,0,1,1,1,1,1,0,1,1,1,0,1,0,1,0,1,0,1,0,1,1,1,0,1,0,1,1,0,0,1,1,0,0,1,1,0,1,1,1,1,1,152,1,1,1,1,1,1,1,1,1,1,1,1,1,1,1,1,1,1,1,1,1,1,1,0,1,1,0,1,1,0,1,1,1,0,1,1,1,1,1,1,1,1,1,0,0,1,1,1,1,0,1,1,0
"71_083. My Singing Monsters - Plant Island Theme_noise_-20dB_sample1.wav",138,0,0,1,1,1,1,1,1,1,0,1,1,1,1,1,1,1,1,1,1,1,98,1,1,1,1,1,1,0,1,1,1,1,1,1,1,1,0,1,1,1,1,0,1,0,1,2,1,1,1,1,1,0,1,1,0,1,0,1,1,1,1,1,1,0,1,1,1,1,1,0,0,1,0,1,1,0,1,1,0,1,1,1,1,1,1,1,1,1,2,0,0,0,1,1,0,1,1,1,1
"59_014. Avicii - Hey Brother (Lyric)_noise_-20dB_sample2.wav",168,0,0,0,1,0,1,1,1,1,1,1,0,1,1,1,1,1,1,1,0,1,1,1,30,1,0,1,1,0,1,1,1,0,64,0,0,1,0,0,0,1,1,1,1,1,0,0,1,1,0,1,1,1,0,1,1,1,1,0,1,1,0,1,0,1,1,0,2,1,1,0,1,0,1,1,0,1,1,1,1,0,1,0,0,1,0,0,0,1,1,1,0,1,1,0,0,1,1,1,0
"57_Numb_noise_-20dB_sample2.wav",189,1,1,1,1,1,1,1,1,1,0,1,1,1,3,1,1,1,0,1,1,0,0,1,0,1,1,0,1,1,1,1,1,1,1,0,0,1,0,1,1,0,1,1,1,1,1,0,1,1,1,0,1,0,0,0,1,1,1,0,0,1,1,1,1,1,1,1,1,0,1,0,1,1,1,0,1,1,1,0,0,0,1,1,1,1,318,1,0,0,1,1,1,1,1,1,1,1,1,1,1
"94_Banana Man_noise_-20dB_sample1.wav",179,1,0,0,1,1,1,1,1,1,1,1,1,1,1,1,0,1,0,1,0,1,0,1,1,31,1,1,0,1,0,1,1,0,1,1,1,1,0,1,1,1,1,0,1,1,0,1,1,1,1,1,0,1,0,1,1,1,1,0,1,0,1,1,1,1,1,0,1,1,0,0,1,1,0,0,1,0,1,1,1,0,1,1,1,1,1,1,1,1,1,0,0,1,1,1,1,1,1,1,1
"40_052. Lindsey Stirling - Moon Trance (Official Music Video)_noise_-20dB_sample2.wav",133,1,1,1,0,1,1,1,0,1,1,0,1,3,1,1,0,1,0,79,1,1,0,1,1,1,1,1,1,1,1,1,1,1,1,1,1,1,1,1,1,1,1,1,1,1,1,1,1,1,0,1,1,0,1,1,1,1,1,1,1,1,1,1,1,1,1,0,1,1,1,1,1,1,1,1,0,1,1,0,0,1,1,1,1,1,0,1,1,1,1,1,1,1,1,1,0,1,1,1,0
"48_027. MAGIC! - Rude (Official Video)_noise_-20dB_sample2.wav",130,1,1,1,1,1,1,1,1,1,1,1,1,1,0,1,0,0,1,1,1,1,0,1,1,1,1,1,0,1,1,1,0,0,1,0,1,172,0,1,1,1,1,1,1,1,1,1,1,1,1,1,1,1,1,1,1,1,1,0,1,1,1,0,1,1,1,1,1,1,1,0,0,1,1,0,1,1,1,1,1,0,1,0,1,1,1,1,1,1,1,1,0,1,1,1,1,1,0,1,1
"51_088. Steven Universe - We Are The Crystal Gems_noise_-20dB_sample1.wav",133,1,1,1,1,1,1,1,1,1,1,1,1,1,1,1,1,0,1,1,1,1,0,1,0,1,0,1,0,1,1,1,1,0,1,0,1,1,1,1,1,0,1,0,1,1,1,0,1,1,1,1,1,0,1,1,0,1,0,1,1,1,1,1,1,1,0,1,1,0,0,0,50,1,0,1,1,1,0,1,1,1,1,1,1,1,0,1,1,1,1,1,1,1,1,1,1,1,1,1,1
"38_082. Smoke and Mirrors_noise_-20dB_sample1.wav",130,1,1,1,1,1,1,1,1,1,0,1,1,1,1,0,1,0,1,1,1,1,0,1,1,1,1,1,1,1,0,1,1,0,1,1,1,1,1,1,1,0,1,0,1,1,1,1,0,57,1,0,1,1,1,0,1,1,0,1,1,1,1,1,1,2,1,1,1,1,0,0,0,1,1,1,1,1,1,1,0,0,1,0,1,0,1,1,1,1,1,1,1,1,1,1,0,0,1,1,1
"96_089. American Boy by Estelle and Kanye West_noise_-20dB_sample1.wav",131,1,1,0,1,2,1,1,1,1,0,1,1,0,0,0,1,1,1,1,0,1,1,1,1,1,1,2,1,1,1,1,1,1,1,0,1,0,1,1,1,0,0,1,1,2,1,1,1,1,1,0,0,1,1,1,1,1,0,1,1,1,1,1,1,0,1,1,1,1,0,0,1,0,1,1,1,0,1,1,1,0,1,0,1,0,1,1,0,1,2,1,1,1,1,1,1,0,369,1,0
"63_087. Anaconda - Nicki Minaj  The Fitness Marshall  Dance Workout_noise_-20dB_sample1.wav",131,1,0,1,1,1,1,0,0,1,1,2,1,1,1,1,1,0,0,1,1,1,0,0,1,0,1,1,1,0,0,1,1,0,0,1,1,1,1,1,1,1,1,1,0,1,1,1,1,1,1,0,1,1,0,0,1,1,1,1,1,1,1,0,1,1,1,1,0,1,0,0,2,0,0,1,1,0,129,1,1,0,0,0,1,1,1,0,0,1,1,1,1,1,1,1,0,0,0,1,1
"103_037. Calvin Harris, Rihanna - This Is What You Came For (Official Video) ft. Rihanna_noise_-20dB_sample2.wav",132,1,2,0,1,1,1,1,1,1,1,1,1,1,1,2,1,1,1,3,0,1,0,1,1,1,1,1,1,0,1,1,1,1,3,1,1,1,0,1,1,1,1,1,1,1,1,1,1,1,1,1,1,0,1,1,1,1,1,1,1,1,0,1,1,1,1,0,1,0,1,0,0,1,1,1,1,1,2,1,1,0,1,1,1,1,1,1,1,1,1,1,1,1,1,1,1,1,0,2,166
"88_033. Fifth Harmony - Worth It (Official Video) ft. Kid Ink_noise_-20dB_sample2.wav",131,1,1,0,0,2,0,1,0,1,302,1,1,0,1,1,0,1,0,1,0,0,1,0,1,1,1,1,1,1,1,1,1,1,1,1,1,1,0,1,1,1,1,0,1,1,0,1,1,1,1,1,1,1,1,1,1,1,1,1,1,1,1,0,1,1,1,1,1,1,1,0,1,0,1,1,1,0,1,1,1,0,0,1,1,1,1,0,0,1,1,0,1,0,1,1,0,1,1,1,1
"101_070. Eminence - Knock Me Out (feat. Anna Cyzon) [Monstercat Official Music Video]_noise_-20dB_sample2.wav",131,0,0,1,1,1,1,1,1,3,1,1,1,1,1,1,1,0,1,1,1,1,0,1,1,0,1,1,1,1,1,1,141,0,1,1,1,1,0,1,1,0,1,1,0,0,1,1,1,0,1,0,1,1,0,1,1,1,1,0,1,1,1,0,1,1,1,1,1,1,1,1,1,1,1,1,0,0,1,1,1,0,0,1,1,1,1,1,1,1,1,1,3,1,0,1,0,1,1,1,1
"27_022. Major Lazer & DJ Snake - Lean On (feat. MØ) [Official Music Video]_noise_-20dB_sample1.wav",132,1,1,1,1,1,1,1,1,326,0,1,1,1,1,1,1,1,0,1,1,1,0,1,1,1,1,1,0,1,1,1,1,1,0,1,1,1,0,1,1,0,1,1,1,0,1,1,1,1,1,1,1,1,0,1,1,1,1,1,1,0,1,1,1,1,1,1,1,1,1,1,1,1,0,1,0,1,1,1,1,0,1,1,1,1,1,0,0,1,1,1,1,0,1,1,0,1,1,1,0
"14_099. Sheppard Geronimo - [International Version] (Official music Video)_noise_-20dB_sample2.wav",136,0,1,1,0,1,1,1,0,1,0,0,0,0,1,1,1,1,1,1,1,1,0,1,1,1,65,0,1,1,1,0,1,1,1,1,1,1,1,1,1,0,0,0,1,1,1,1,2,0,0,0,1,1,1,1,0,1,0,1,0,0,1,1,1,0,1,0,1,1,1,1,1,1,0,1,0,0,1,1,1,0,1,1,1,1,1,1,0,1,1,1,0,0,1,1,1,1,1,1,1
"74_029. David Guetta - Hey Mama (Official Video) ft Nicki Minaj, Bebe Rexha & Afrojack_noise_-20dB_sample2.wav",134,0,1,0,1,0,1,1,0,2,1,1,0,1,0,1,1,0,3,1,1,1,1,1,1,1,1,0,1,0,1,1,0,1,1,1,1,1,1,1,2,0,0,1,0,1,1,1,1,1,1,0,1,1,1,1,1,1,0,1,1,1,0,0,1,1,0,0,1,1,1,0,0,1,0,0,1,0,1,1,1,0,1,1,0,1,1,1,0,0,1,1,104,0,1,1,1,0,1,1,1
"71_083. My Singing Monsters - Plant Island Theme_noise_-20dB_sample2.wav",135,1,1,1,1,1,0,1,1,1,0,1,1,0,1,1,1,0,1,1,1,1,152,1,1,1,1,0,1,1,1,1,1,1,1,1,1,1,1,1,1,0,1,1,1,1,1,1,0,1,1,1,1,0,1,1,1,1,1,1,1,1,1,1,1,0,0,1,0,1,1,1,0,1,1,1,0,0,1,1,1,1,1,1,1,1,1,1,1,1,1,1,1,1,1,1,0,0,1,0,1
"24_047. Girls Talk Boys (from the Ghostbusters Original Motion Picture Soundtrack)_noise_-20dB_sample1.wav",137,1,1,0,1,1,1,1,1,1,1,1,1,1,1,1,0,1,0,1,1,1,1,1,1,1,1,1,1,1,1,1,1,2,1,1,0,1,0,2,1,0,1,1,1,0,1,1,1,1,1,1,0,0,3,1,1,1,1,1,0,1,1,1,1,1,1,0,2,1,1,0,1,1,1,1,0,1,1,1,1,1,1,1,1,1,0,1,0,1,1,163,1,1,1,1,0,0,1,1,1
"92_025. Fall Out Boy - Immortals (From Big Hero 6)_noise_-20dB_sample1.wav",145,1,1,0,2,1,1,1,1,1,1,1,1,1,1,1,0,1,1,1,1,1,0,1,1,1,1,103,1,1,1,1,1,1,1,1,1,1,0,1,1,1,0,0,1,1,1,0,1,1,0,1,1,1,1,1,0,1,1,1,1,1,1,0,1,1,1,1,1,0,1,0,1,1,0,0,0,0,1,1,1,0,1,0,1,1,1,1,1,0,1,1,1,1,0,1,1,1,0,0,0
"21_085. Janji ft. Johnning - Heroes Tonight 1 HOUR_noise_-20dB_sample2.wav",133,1,1,1,0,1,1,1,1,1,1,1,1,1,1,1,0,1,0,1,1,1,0,1,1,0,0,1,1,1,1,0,0,0,1,1,1,1,0,1,1,0,1,0,1,1,1,1,1,1,1,1,1,1,1,1,0,0,0,1,1,1,1,0,1,1,1,1,1,0,0,0,0,1,1,1,1,1,0,1,1,1,1,1,1,1,1,1,1,1,1,0,1,1,1,1,0,0,1,1,1
"7_092. Harry Potter Medley on Marimba_noise_-20dB_sample1.wav",134,1,1,85,1,1,1,0,1,1,1,1,1,1,1,1,1,1,0,1,1,1,1,1,1,1,1,1,1,1,1,1,1,1,1,1,1,1,0,0,1,1,1,0,0,1,0,1,1,1,0,1,1,1,1,1,1,1,0,1,0,1,1,1,1,1,1,1,1,1,1,1,1,1,1,1,1,1,1,0,0,1,1,1,1,1,1,1,2,1,1,1,1,1,1,1,1,1,1,1,0
"6_043. Wintergatan - Marble Machine (music instrument using 2000 marbles)_noise_-20dB_sample2.wav",131,0,0,1,1,1,1,1,1,1,1,1,1,1,53,1,0,0,0,1,1,1,1,1,1,1,1,1,1,1,1,1,1,0,1,1,1,1,0,1,0,1,1,0,1,1,1,1,1,1,1,1,1,0,0,1,1,1,0,1,1,1,0,0,1,1,1,1,1,1,1,0,1,1,0,2,1,1,1,1,1,0,1,0,0,1,0,0,1,1,1,1,1,1,0,1,0,1,1,1,1
"51_088. Steven Universe - We Are The Crystal Gems_noise_-20dB_sample2.wav",146,1,1,0,1,1,1,0,1,1,1,1,1,0,1,1,1,1,1,1,1,1,0,1,0,0,1,1,1,1,1,1,1,1,0,1,1,0,0,1,1,0,1,1,1,1,1,0,1,1,0,1,0,1,0,1,0,1,0,1,1,1,1,1,0,1,1,1,1,1,1,0,166,1,0,1,0,1,0,0,0,0,0,1,1,1,1,1,1,1,1,1,1,1,1,1,0,1,1,1,1
"61_045. The Black Eyed Peas - I Gotta Feeling (Official Music Video)_noise_-20dB_sample1.wav",146,1,1,1,1,2,1,1,1,1,1,0,1,3,1,1,1,0,1,1,0,1,0,1,1,1,1,1,1,0,1,1,1,0,1,1,1,1,0,1,1,0,1,0,2,1,1,1,0,1,1,1,1,0,1,0,1,1,1,1,2,0,1,1,1,1,1,1,1,1,1,0,1,1,1,1,1,0,1,0,1,1,1,1,1,227,1,1,2,1,1,1,1,1,1,1,1,0,1,1,1
"42_046. Meghan Trainor - NO_noise_-20dB_sample1.wav",145,1,1,2,1,1,1,1,1,1,1,1,0,0,1,1,1,1,1,1,1,1,0,1,1,1,1,1,118,0,1,1,1,0,1,1,0,1,0,1,1,0,1,0,0,1,0,1,1,1,1,1,1,0,1,1,1,1,1,1,1,1,0,1,1,1,1,0,1,0,0,1,0,1,1,1,1,0,1,1,0,0,1,1,1,0,0,1,1,1,1,1,1,1,0,1,1,0,1,1,1
"47_020. Warriors (ft. Imagine Dragons)  Worlds 2014 - League of Legends_noise_-20dB_sample1.wav",144,1,1,1,1,1,1,1,0,3,1,1,1,1,0,1,1,0,0,1,1,0,1,1,1,0,1,1,1,1,1,1,1,1,1,1,0,1,0,1,1,1,0,0,1,1,1,1,0,1,1,1,0,1,1,1,1,1,1,1,1,1,1,1,0,1,0,1,1,109,1,0,0,1,1,0,1,1,1,1,1,1,0,1,1,1,1,1,1,1,1,1,1,1,1,1,0,1,1,1,1
"93_015. Lukas Graham - 7 Years [Official Music Video]_noise_-20dB_sample1.wav",141,1,0,1,1,1,1,0,1,2,1,0,1,0,1,1,1,1,0,1,0,0,0,1,1,1,1,1,0,0,1,1,1,1,1,1,1,1,0,1,1,1,1,1,1,1,1,1,1,1,294,1,1,1,1,1,2,1,0,1,1,1,1,0,1,1,0,1,1,1,0,0,0,1,1,1,1,1,1,0,1,1,1,0,0,1,0,0,0,1,1,1,1,1,1,1,1,1,1,2,1
"73_Turn the Lights Off_noise_-20dB_sample2.wav",134,1,1,0,1,1,1,1,1,1,1,0,1,1,1,0,1,1,0,1,0,1,0,0,2,1,0,0,0,54,1,1,0,1,0,1,1,1,0,0,1,0,1,1,1,1,1,1,1,1,1,1,1,0,1,1,1,1,1,0,1,1,1,1,0,1,0,0,1,0,0,0,1,1,0,0,1,0,1,1,1,0,1,1,1,0,0,1,1,1,1,0,1,1,0,0,1,1,1,1,0
"44_Sacred Beast_noise_-20dB_sample1.wav",133,1,1,1,1,1,1,1,0,1,1,0,1,1,1,1,1,1,0,1,0,1,0,1,1,0,1,1,1,1,0,0,1,1,1,1,0,1,1,1,1,1,1,1,0,1,1,1,1,1,0,1,1,1,1,1,1,0,0,1,0,1,1,1,1,1,1,1,1,1,1,0,1,1,0,1,0,116,1,1,1,1,1,0,1,1,1,1,1,1,1,1,1,1,0,1,1,1,1,1,0
"1_028. Capital Cities - Safe And Sound_noise_-20dB_sample1.wav",131,1,1,1,1,0,1,1,1,1,1,0,1,0,1,1,1,1,0,1,0,1,0,1,1,1,1,1,1,1,1,1,1,1,1,1,37,1,0,1,1,0,1,1,1,1,1,0,1,1,1,1,1,1,1,1,1,1,0,1,0,1,1,1,1,1,1,1,1,1,1,0,1,1,1,1,0,1,1,0,1,1,1,1,1,1,0,1,0,1,0,1,1,1,1,1,1,1,1,1,1
"70_You and Me_noise_-20dB_sample2.wav",132,1,1,1,1,1,1,1,1,1,1,1,1,1,1,1,1,1,1,1,0,1,0,0,0,1,1,1,1,1,0,1,1,1,1,1,1,1,1,1,1,0,2,1,1,0,1,1,1,1,1,0,1,0,1,0,1,1,1,1,1,1,1,1,1,1,0,1,1,1,0,0,0,1,94,1,0,0,1,2,0,1,1,1,1,1,0,1,1,1,1,1,0,1,1,0,0,1,1,1,1
"32_086. Olly Murs - Grow Up (Official Video)_noise_-20dB_sample1.wav",144,1,1,1,0,1,1,1,1,2,1,1,1,1,1,1,0,0,1,1,0,0,1,1,1,1,1,1,1,1,1,1,0,1,1,0,0,1,0,0,1,0,1,1,1,1,1,1,1,1,1,0,1,1,1,1,0,1,1,1,1,0,1,0,1,1,0,1,1,1,1,0,1,1,0,0,1,0,0,316,0,0,1,1,0,1,1,1,1,1,1,1,1,1,1,1,1,1,0,1,1
"22_094. Harry Potter Puppet Pals - The Mysterious Ticking Noise (Video With Lyrics)_noise_-20dB_sample2.wav",135,1,1,0,1,1,1,1,1,1,1,1,1,0,1,1,1,1,0,1,1,1,0,1,1,1,1,1,1,1,1,1,1,1,1,1,1,1,0,1,1,0,1,1,1,1,1,1,1,1,1,1,2,1,1,1,1,0,1,0,1,1,1,1,1,1,1,1,1,1,1,1,1,1,1,1,1,1,0,0,1,131,1,0,1,1,0,1,1,1,1,1,1,1,1,1,0,2,0,1,1
"80_077. Emeli Sandé - Hurts_noise_-20dB_sample2.wav",130,0,1,1,1,1,1,0,0,1,0,1,1,1,1,0,0,0,0,1,1,1,1,0,1,1,1,1,1,0,1,0,0,0,0,0,1,1,1,2,1,0,1,1,13,1,0,1,0,0,1,0,1,0,1,1,1,1,0,1,0,0,0,1,1,0,0,1,0,1,1,0,0,0,1,1,1,1,1,1,1,1,1,1,1,1,1,1,0,1,1,1,1,1,1,1,0,1,1,1,1
"52_007. Katy Perry - Dark Horse ft. Juicy J_noise_-20dB_sample1.wav",132,2,0,1,1,1,1,1,1,1,1,1,1,1,1,1,1,1,0,1,0,1,1,1,1,1,1,1,0,1,0,1,1,0,0,1,1,1,0,1,1,0,1,1,1,1,1,1,0,0,1,1,1,1,0,1,0,1,0,1,1,0,1,1,2,0,1,1,0,0,0,0,1,1,0,1,0,0,1,1,1,0,1,1,1,1,0,0,1,0,1,1,1,1,1,1,0,1,0,126,1
"15_060. My OCD (Song)_noise_-20dB_sample1.wav",142,1,1,0,1,1,1,1,1,1,1,1,1,1,1,0,1,1,0,1,1,0,1,1,1,1,1,1,0,1,1,1,1,1,1,1,1,1,0,1,1,0,1,1,1,1,1,1,1,1,1,1,1,1,1,1,1,1,1,1,1,1,1,1,1,0,1,1,1,0,1,0,1,0,1,1,1,1,1,1,1,0,1,1,1,1,0,1,0,1,1,1,1,1,1,1,1,1,1,1,1
"46_032. Katy Perry - Wide Awake (Official Video)_noise_-20dB_sample1.wav",142,0,1,1,1,69,1,1,1,1,0,0,1,1,1,1,0,0,1,1,1,1,0,1,1,1,1,1,1,1,0,1,1,1,1,1,1,1,1,1,1,0,1,1,1,1,0,0,1,1,1,1,1,1,1,2,1,1,1,1,1,1,1,1,1,1,1,1,1,1,1,0,1,0,1,1,0,0,1,1,1,0,1,1,1,1,1,1,1,1,1,1,0,1,1,1,1,1,1,1,1
"90_064. Eurythmics, Annie Lennox, Dave Stewart - Sweet Dreams (Are Made Of This) (Official Video)_noise_-20dB_sample2.wav",144,1,0,1,1,1,1,2,0,1,1,0,1,1,1,1,1,1,1,1,0,1,0,1,1,1,1,1,1,1,1,1,1,0,1,1,1,1,1,1,1,1,2,1,0,1,1,1,1,1,1,1,1,1,1,1,1,1,1,1,1,1,1,0,1,1,1,1,1,1,1,0,0,1,1,0,0,0,0,0,1,1,1,0,1,1,1,1,0,90,1,1,1,1,1,1,1,1,1,1,1
"2_023. Rachel Platten - Fight Song (Official Video)_noise_-20dB_sample1.wav",145,1,0,0,1,1,1,0,1,1,1,1,1,0,1,48,0,1,0,1,1,1,1,1,0,0,1,0,1,1,1,1,1,0,2,1,1,1,0,1,1,1,1,1,1,1,0,1,1,1,0,1,1,0,1,1,1,1,0,1,1,0,1,0,1,0,0,1,1,1,1,1,0,1,1,1,0,1,1,1,0,0,1,1,0,1,1,1,0,1,1,1,0,1,1,1,1,0,1,1,1
"54_016. Taylor Swift - Blank Space_noise_-20dB_sample2.wav",142,1,1,1,1,1,1,1,1,1,1,1,1,1,1,1,0,0,0,1,1,1,1,1,1,1,1,1,1,1,1,1,1,1,1,0,1,1,1,1,1,1,1,1,0,1,1,1,1,0,0,1,1,1,1,1,1,219,1,1,1,2,0,0,0,0,1,1,1,1,2,0,1,2,1,0,1,1,1,1,1,0,1,1,1,1,1,0,1,1,1,1,1,1,1,1,0,1,1,1,1
"68_055. Madness - Our House (Official 4K Video)_noise_-20dB_sample2.wav",131,1,1,1,1,1,1,1,1,1,1,1,1,1,1,2,1,0,1,1,0,1,1,1,1,1,1,1,1,1,1,3,1,1,1,1,1,1,0,1,1,0,1,1,1,1,1,1,1,1,1,0,1,1,1,1,1,1,1,1,1,0,0,1,2,1,1,1,1,1,1,1,1,1,1,0,1,1,1,1,1,0,357,0,1,1,1,1,1,2,1,1,1,1,1,1,0,1,1,1,1
"94_Banana Man_noise_-20dB_sample2.wav",129,0,1,1,1,1,1,1,1,0,1,1,2,1,1,1,1,1,1,1,0,1,1,1,0,7,1,1,1,1,1,0,1,1,1,0,1,1,0,0,1,0,0,1,1,1,1,1,0,1,1,1,1,1,1,0,1,1,1,1,1,1,1,1,1,1,1,0,1,0,1,0,0,1,0,0,0,1,1,0,1,0,1,1,1,1,1,1,1,1,1,0,1,1,1,1,1,1,1,1,1
"8_081. The Beach Boys - I Get Around_noise_-20dB_sample2.wav",131,1,0,1,1,1,1,1,1,1,1,0,1,0,1,0,1,1,1,1,0,1,0,1,1,1,0,1,1,1,1,1,0,1,1,1,1,1,0,1,0,76,1,1,1,1,1,1,1,1,1,1,1,1,1,1,1,0,1,1,1,1,0,0,1,1,1,1,1,0,1,0,1,1,0,0,0,0,1,0,1,0,1,1,1,1,1,1,0,1,1,0,0,1,1,1,1,1,1,1,1
"9_034. Pitbull - Timber (Official Video) ft. Ke$ha_noise_-20dB_sample2.wav",132,1,1,1,1,1,1,1,1,1,1,1,1,1,1,0,1,0,1,1,0,0,0,1,1,1,1,1,1,1,296,0,1,1,0,1,0,1,0,1,1,1,1,0,1,1,0,1,1,1,0,1,1,0,1,1,1,1,1,1,1,1,1,1,0,1,1,1,1,1,1,1,1,1,1,1,0,1,1,1,0,0,1,1,1,1,0,1,1,1,1,1,1,1,1,0,0,1,1,1,1
"68_055. Madness - Our House (Official 4K Video)_noise_-20dB_sample1.wav",131,1,1,1,1,1,1,1,1,1,1,1,0,1,1,1,1,1,1,1,0,1,1,1,1,1,1,1,1,0,1,1,1,1,1,1,0,1,0,1,1,0,1,1,1,1,1,1,2,1,1,1,1,1,1,1,1,1,1,1,1,1,1,1,1,1,0,1,1,1,1,0,1,1,0,1,1,1,1,1,0,0,331,1,1,1,1,0,0,1,1,1,1,1,0,1,0,0,1,1,1
"44_Sacred Beast_noise_-20dB_sample2.wav",128,1,1,2,1,1,1,1,1,1,1,1,1,1,1,1,1,1,1,1,1,0,1,0,1,1,1,1,0,1,1,1,1,1,1,1,1,1,0,1,1,1,0,0,1,1,1,1,1,1,1,1,1,1,1,1,3,1,1,1,1,1,1,1,1,2,0,1,1,1,1,1,1,1,0,1,1,258,1,1,1,1,1,1,1,1,0,1,0,1,1,1,0,1,1,1,0,1,0,1,1
"19_054. Owl City - When Can I See You Again (From Wreck it Ralph)_noise_-20dB_sample2.wav",137,1,1,1,1,0,1,1,1,1,1,1,1,1,1,1,0,0,1,1,1,1,0,1,1,0,0,1,1,1,1,2,1,1,1,1,1,1,0,1,1,1,1,1,1,1,1,1,0,1,1,1,1,1,1,1,0,1,0,1,1,0,1,1,1,1,1,1,1,1,187,1,0,1,1,1,1,0,1,2,0,0,1,1,0,1,1,1,1,1,1,1,1,1,1,1,0,1,1,1,1
"73_Turn the Lights Off_noise_-20dB_sample1.wav",149,0,1,1,1,1,1,1,0,1,0,1,1,1,1,0,1,1,1,1,0,0,0,0,1,0,1,1,0,412,1,1,0,1,1,0,1,1,0,1,1,0,1,1,1,1,1,1,1,0,0,0,2,1,1,1,1,1,1,1,1,1,1,1,1,1,1,1,1,1,1,0,1,1,1,1,1,1,1,1,0,1,1,0,1,1,0,1,1,1,1,0,1,1,1,1,0,1,1,0,1
"22_094. Harry Potter Puppet Pals - The Mysterious Ticking Noise (Video With Lyrics)_noise_-20dB_sample1.wav",131,1,1,1,1,1,1,1,1,1,1,0,1,1,1,0,1,0,1,1,1,1,1,0,1,1,1,1,1,0,1,0,1,0,1,1,1,2,0,1,0,0,0,1,1,1,0,1,0,1,1,0,0,0,1,1,1,1,1,1,0,0,1,0,1,1,1,0,1,1,0,0,0,0,0,0,0,0,1,1,1,74,1,1,0,1,0,1,0,1,1,1,0,1,1,1,0,0,1,2,1
"6_043. Wintergatan - Marble Machine (music instrument using 2000 marbles)_noise_-20dB_sample1.wav",134,0,1,1,1,1,1,1,0,1,0,1,1,1,454,1,1,1,1,1,1,3,1,1,1,2,1,1,1,1,1,1,1,1,1,1,1,1,1,1,1,1,1,1,1,1,1,1,1,1,0,1,1,1,1,1,1,1,1,1,1,1,1,0,1,1,1,1,1,1,1,0,0,1,0,0,1,1,1,0,1,1,1,1,1,1,1,1,1,1,1,1,1,0,1,1,1,1,1,1,1
"89_091. Faster Car - Anders Lystell feat. Kaliber [EPIDEMIC SOUND] (Lyrics)_noise_-20dB_sample2.wav",137,1,1,0,1,1,1,1,1,1,1,1,1,1,1,0,2,1,0,1,0,0,0,1,1,1,2,1,1,1,3,0,0,1,1,0,1,3,0,1,1,1,1,1,1,1,1,1,0,1,0,1,337,1,1,1,1,1,0,1,1,1,1,0,1,1,1,0,1,0,2,0,1,1,1,1,1,0,1,1,1,1,1,1,1,1,1,0,0,1,1,1,1,0,1,1,0,1,1,1,1
"50_006. Wiz Khalifa - See You Again ft. Charlie Puth [Official Video] Furious 7 Soundtrack_noise_-20dB_sample2.wav",148,1,1,0,1,1,2,1,0,2,1,1,1,1,1,1,0,1,0,1,0,0,1,1,1,1,1,1,1,1,1,1,1,1,1,1,1,1,0,1,1,0,1,0,0,1,1,0,1,1,1,1,0,1,66,1,1,1,1,1,1,1,0,1,1,1,1,0,1,1,1,0,0,1,1,1,0,1,2,1,0,1,1,1,1,0,1,1,0,1,1,1,1,0,1,1,1,1,1,1,0
"35_036. Fall Out Boy - Centuries (Official Video)_noise_-20dB_sample1.wav",145,1,1,1,1,1,0,1,1,1,0,1,1,1,1,1,0,1,1,1,1,0,1,1,1,1,1,1,1,1,1,1,1,1,1,267,1,1,0,1,1,0,1,1,1,0,0,1,1,1,0,1,1,1,1,1,1,1,0,1,1,1,1,1,1,1,1,1,1,1,1,1,1,1,0,0,1,1,0,1,0,0,1,1,0,0,1,0,1,1,1,1,1,1,1,0,0,1,1,1,1
"47_020. Warriors (ft. Imagine Dragons)  Worlds 2014 - League of Legends_noise_-20dB_sample2.wav",144,1,0,0,3,1,1,1,0,1,1,1,1,1,1,1,0,0,0,1,0,1,1,0,1,1,1,1,1,0,0,1,2,1,1,1,1,1,1,1,1,1,1,0,1,1,1,1,1,0,1,0,1,0,1,1,1,1,0,1,1,1,1,0,1,1,1,1,1,150,1,0,1,1,0,1,0,1,1,1,1,0,1,1,1,1,1,0,1,1,1,1,1,1,1,2,0,1,0,1,1
"48_027. MAGIC! - Rude (Official Video)_noise_-20dB_sample1.wav",147,1,0,1,1,1,1,1,1,1,1,1,1,1,1,1,1,1,1,1,0,1,0,1,0,1,1,0,1,1,1,1,1,0,1,0,0,119,0,1,1,0,1,1,1,0,0,0,0,0,1,0,1,1,1,0,1,1,0,1,1,1,1,1,1,1,1,1,1,2,1,1,0,1,0,1,1,1,0,1,0,0,1,0,1,1,1,0,0,1,1,1,1,1,1,1,0,0,1,1,1
"57_Numb_noise_-20dB_sample1.wav",135,1,0,0,1,0,1,1,1,1,1,0,1,1,1,1,1,1,1,0,0,1,0,1,0,1,1,1,0,1,0,1,1,1,0,1,1,1,0,1,0,1,0,1,1,1,1,1,1,1,1,1,1,1,1,1,1,1,1,1,1,1,0,0,1,0,1,1,1,1,1,0,1,1,1,1,1,1,1,0,1,1,1,0,1,0,90,1,1,1,1,1,1,1,1,1,0,1,1,1,1
"85_011. Martin Garrix - Animals (Official Video)_noise_-20dB_sample1.wav",132,1,0,1,1,1,1,1,1,1,1,0,1,29,1,1,0,1,0,1,1,1,1,1,0,0,1,0,1,0,1,1,0,0,1,1,1,1,1,1,1,1,1,1,1,1,1,1,0,1,0,0,1,1,0,0,0,1,1,1,1,1,2,1,0,1,1,1,1,0,1,0,1,0,1,1,1,1,1,1,1,0,1,1,1,1,0,1,1,1,1,1,1,1,1,1,0,0,1,1,1
"76_073. Lindsey Stirling - Crystallize (Dubstep Violin Original Song)_noise_-20dB_sample2.wav",132,1,1,1,1,1,2,1,1,1,1,1,1,0,1,1,0,1,1,1,1,1,0,1,1,1,1,1,1,0,0,1,0,0,1,1,1,1,0,1,1,0,1,1,1,1,1,1,1,2,1,1,1,1,1,1,1,1,1,1,1,0,1,1,1,339,1,1,1,1,1,0,1,1,1,1,1,1,1,1,1,1,1,1,2,1,1,1,1,1,1,1,1,1,1,1,0,1,1,1,1
"8_081. The Beach Boys - I Get Around_noise_-20dB_sample1.wav",132,1,1,1,1,0,1,1,0,1,1,1,1,1,1,1,1,1,0,1,1,1,0,0,1,1,1,1,1,0,0,1,1,0,1,1,1,1,0,1,1,107,1,0,0,1,1,1,1,1,1,1,1,0,1,1,1,1,1,1,1,0,0,0,2,1,1,1,1,1,1,0,0,1,1,1,1,0,0,1,0,1,1,0,1,1,1,1,0,1,1,1,1,1,1,1,0,1,1,1,1
"29_010. Katy Perry - Part Of Me (Official)_noise_-20dB_sample2.wav",138,1,1,1,162,1,1,1,1,1,1,0,1,1,1,1,0,1,0,1,1,1,1,3,1,1,1,1,1,1,1,1,1,1,0,1,1,1,0,1,1,1,1,0,1,1,0,1,1,1,0,1,1,1,1,0,1,1,1,0,0,0,1,1,1,1,1,1,3,1,1,0,1,1,1,1,1,0,1,1,1,1,1,1,1,0,1,1,1,0,1,1,1,1,1,1,1,1,1,1,1
"17_084. Thomas Rhett - Crash and Burn_noise_-20dB_sample2.wav",134,0,1,1,1,1,2,1,1,1,1,1,1,1,1,1,138,1,1,1,0,1,0,1,0,0,1,1,1,0,1,1,1,1,1,1,1,1,1,1,1,0,1,1,1,1,0,0,1,1,1,0,1,1,0,1,1,1,1,1,0,1,1,1,1,0,1,1,1,1,1,0,1,1,0,0,1,0,1,0,1,0,0,1,1,1,1,1,1,0,1,1,1,1,1,1,0,0,1,1,1
"33_076. Galantis - Firebird (Official Audio)_noise_-20dB_sample2.wav",134,2,1,0,1,2,1,1,1,3,1,0,1,3,1,1,1,1,1,1,0,1,1,1,1,1,1,1,1,0,1,1,1,1,2,1,1,1,0,1,1,1,1,0,1,2,1,1,1,1,1,1,1,1,1,1,1,1,1,1,543,1,1,0,1,1,1,1,1,1,1,0,1,1,1,0,1,0,1,1,1,0,1,1,1,1,1,0,1,0,1,0,1,1,1,1,1,1,1,1,1
"79_095. Alan Walker - Alone_noise_-20dB_sample1.wav",132,1,1,1,1,1,2,1,1,1,1,0,1,1,1,1,1,1,0,1,0,1,0,0,1,1,1,1,1,1,1,1,1,1,1,1,1,0,1,1,1,1,1,1,1,1,1,1,0,1,1,1,1,1,1,1,1,1,79,1,1,1,1,0,0,1,2,1,0,0,1,0,1,1,0,1,0,1,1,1,0,1,1,1,1,1,0,1,1,1,1,1,1,1,1,1,1,1,0,1,1
"29_010. Katy Perry - Part Of Me (Official)_noise_-20dB_sample1.wav",136,0,0,1,154,1,0,1,1,1,0,0,1,0,1,1,1,1,0,1,0,1,1,1,0,3,0,1,1,1,1,1,1,0,1,1,0,1,0,1,1,1,1,1,1,1,1,0,1,1,1,1,1,1,1,1,0,2,1,1,1,1,1,1,1,1,1,1,1,1,0,0,1,1,1,0,1,1,1,1,1,1,1,1,1,1,1,1,1,1,1,0,1,1,1,1,1,1,0,1,1
"13_030. Maroon 5 - Animals_noise_-20dB_sample2.wav",134,1,1,0,0,1,1,1,1,1,1,1,1,0,1,1,0,1,1,1,0,1,1,1,1,1,0,1,1,1,1,1,1,1,1,1,0,0,0,1,112,1,1,1,1,0,1,1,0,1,1,1,0,1,0,1,1,1,1,1,1,1,1,1,1,1,1,1,1,2,1,0,1,1,1,1,0,0,1,0,0,1,1,1,1,1,1,1,1,1,0,1,1,0,1,0,0,1,1,1,1
"5_002. Avicii - Wake Me Up (Official Video)_noise_-20dB_sample2.wav",133,1,9,1,0,1,1,1,0,1,0,1,1,1,1,1,0,0,0,1,1,1,1,1,1,0,1,1,1,0,1,1,0,1,0,1,0,0,0,1,1,0,0,0,1,1,1,1,0,1,1,1,1,1,1,0,1,1,0,0,1,0,1,0,1,1,1,1,1,1,0,0,1,1,1,1,0,0,1,1,1,0,1,1,1,1,1,1,1,1,1,1,1,1,1,1,0,1,1,0,0
"20_Never Meant to Know_noise_-20dB_sample1.wav",134,1,1,1,1,1,1,1,1,2,1,1,1,0,1,1,1,2,1,1,1,0,1,0,1,0,1,1,1,1,1,1,1,1,1,0,1,1,0,1,1,0,1,0,1,3,0,1,1,1,1,1,1,171,1,1,1,1,0,1,1,1,1,1,1,1,1,1,1,1,1,1,1,0,1,1,1,1,1,1,0,0,1,0,1,0,1,1,1,1,1,1,1,1,1,1,0,1,0,1,1
"18_044. tony igy-stop in my mind_noise_-20dB_sample1.wav",131,0,1,1,0,1,1,1,1,1,1,1,1,1,1,1,1,1,0,1,1,1,0,1,1,1,1,1,1,1,1,126,1,1,1,1,1,1,0,0,1,1,1,1,1,1,1,1,1,1,1,1,0,1,0,1,1,0,1,1,1,1,1,1,1,1,1,1,1,1,1,0,1,1,0,0,1,1,0,1,0,0,1,1,1,1,1,1,1,1,1,1,1,2,1,1,0,1,0,1,1
"64_097. Nightcore - Running With the Wolves [Lyrics]_noise_-20dB_sample2.wav",135,1,0,0,0,0,1,1,0,1,0,1,1,1,1,1,1,1,1,1,1,0,1,1,1,1,0,1,1,1,1,0,1,1,0,1,1,0,0,1,1,1,1,2,1,1,1,1,1,1,0,1,1,1,1,1,0,1,0,1,1,1,1,1,1,1,0,1,1,1,1,0,1,1,1,0,17,1,1,1,1,1,1,1,1,1,1,1,1,1,1,1,1,1,1,1,0,0,0,0,0
"86_019. Naughty Boy - La la la ft. Sam Smith (Official Video)_noise_-20dB_sample1.wav",135,1,1,0,1,1,1,1,1,1,1,1,1,0,1,1,1,1,0,1,0,1,0,1,1,1,1,1,1,0,1,0,0,1,1,1,1,1,0,1,1,0,1,1,1,1,1,1,0,0,1,1,1,1,1,1,1,1,0,1,0,1,1,1,1,1,1,1,1,1,1,0,1,1,0,1,0,1,1,1,1,0,1,1,1,1,1,76,1,1,1,0,0,1,1,1,0,1,0,2,1
"83_004. Katy Perry - Roar_noise_-20dB_sample2.wav",135,1,1,0,1,1,1,1,1,2,0,1,1,1,1,1,1,1,0,1,1,1,0,1,0,1,1,1,1,1,1,0,0,1,0,1,1,1,0,1,1,1,1,1,1,2,1,1,1,1,1,1,0,1,1,1,130,1,0,1,1,1,0,1,1,1,1,1,0,1,0,0,1,0,1,1,1,1,1,1,1,0,1,0,1,1,1,1,1,1,1,2,1,1,1,1,1,1,1,1,1
"1_028. Capital Cities - Safe And Sound_noise_-20dB_sample2.wav",144,1,1,0,1,1,1,1,1,1,1,1,1,1,1,1,1,1,1,1,1,1,1,1,1,1,1,1,1,1,1,1,1,1,1,0,59,1,0,1,1,1,1,1,1,1,1,1,1,1,1,1,1,1,0,1,1,1,0,1,1,1,1,1,0,1,1,1,1,1,1,1,0,1,0,0,1,0,1,1,1,0,0,1,1,1,0,1,1,1,1,0,1,1,1,1,1,1,1,1,1
"98_021. Alan Walker - Faded_noise_-20dB_sample1.wav",134,1,1,1,1,1,1,1,1,1,1,1,1,1,1,1,1,1,1,1,1,1,0,1,1,1,1,1,1,0,2,1,1,1,0,1,1,1,0,1,1,0,1,1,1,1,1,1,1,1,0,555,1,1,1,1,1,1,0,0,1,1,0,1,1,1,1,1,1,0,1,0,0,1,1,1,0,1,0,1,1,0,1,1,1,1,1,1,0,1,1,1,1,0,1,0,1,1,1,1,1
"69_066. Jessie J - Bang Bang ft. Ariana Grande, Nicki Minaj_noise_-20dB_sample2.wav",133,1,1,1,1,1,1,0,1,1,0,1,1,0,1,1,1,0,1,1,1,1,1,1,1,1,1,1,1,1,0,1,0,1,1,1,0,1,0,1,1,1,1,1,1,1,1,0,1,1,1,1,1,1,0,221,1,1,1,1,1,1,1,2,1,1,0,1,1,1,1,0,1,1,1,1,0,1,0,1,1,1,1,1,1,1,1,1,0,0,1,1,1,1,1,1,1,1,1,1,0
"69_066. Jessie J - Bang Bang ft. Ariana Grande, Nicki Minaj_noise_-20dB_sample1.wav",131,1,1,1,1,1,1,1,1,1,1,1,1,1,1,1,1,0,0,1,0,1,1,1,1,1,1,1,1,1,1,1,0,1,1,1,1,1,0,1,1,0,1,1,1,1,1,1,1,0,1,1,1,1,1,138,1,1,1,1,1,1,1,1,1,1,0,1,1,1,1,0,0,1,1,1,0,1,0,1,0,0,1,1,1,1,0,1,1,1,1,1,1,1,1,0,0,1,1,1,1
"10_012. Calvin Harris - I Need Your Love (Official Video) ft. Ellie Goulding_noise_-20dB_sample2.wav",146,1,1,1,1,1,1,1,1,1,1,1,1,1,1,1,1,0,0,1,1,0,0,1,1,1,1,0,1,1,1,1,1,0,1,1,1,1,0,1,1,1,1,0,0,114,1,1,1,1,0,1,1,1,1,1,1,0,1,1,1,1,1,1,1,1,0,1,1,1,1,0,1,1,1,1,1,1,1,0,1,0,1,1,1,1,0,1,2,1,1,1,1,1,1,1,1,1,0,1,3
"58_039. OMFG - Hello_noise_-20dB_sample2.wav",148,1,1,1,0,1,1,1,1,1,1,1,1,1,1,1,1,1,1,1,1,1,1,0,1,1,1,1,1,1,1,1,1,1,1,0,1,1,1,1,1,1,2,0,1,1,1,0,1,1,1,1,1,1,1,1,1,0,0,1,0,1,1,1,1,1,0,0,1,1,1,1,0,1,0,1,0,1,1,1,1,0,1,1,1,1,0,1,0,1,1,0,1,207,1,1,0,0,0,1,1
"11_062. Pipe Guy - HouseTranceTechno Live_noise_-20dB_sample2.wav",145,0,1,1,1,1,1,1,1,1,1,1,1,0,1,1,1,1,0,1,0,0,0,1,0,0,0,1,1,1,1,1,1,1,1,1,0,1,1,1,1,0,1,0,1,1,1,1,1,1,0,1,1,1,0,1,1,1,1,1,1,1,1,1,1,1,1,1,1,1,1,0,0,0,1,1,1,1,1,1,0,0,1,1,1,1,1,1,1,0,1,1,1,1,1,1,0,1,1,1,1
"42_046. Meghan Trainor - NO_noise_-20dB_sample2.wav",144,0,1,1,1,1,1,1,1,2,0,1,1,1,1,1,1,1,0,1,1,1,0,1,1,0,1,1,257,1,1,1,1,0,1,1,1,1,1,1,1,0,1,1,1,1,0,1,0,1,0,1,1,1,1,1,1,1,0,0,1,0,2,0,1,1,1,1,1,1,1,0,1,0,1,0,1,0,1,1,0,0,1,1,1,1,1,0,1,1,1,1,0,1,0,1,1,1,1,0,1
"27_022. Major Lazer & DJ Snake - Lean On (feat. MØ) [Official Music Video]_noise_-20dB_sample2.wav",141,1,1,0,1,1,1,1,0,56,0,1,0,0,1,0,1,1,1,0,0,0,0,1,1,0,1,1,1,1,0,1,0,1,1,1,0,1,0,1,1,1,1,0,1,1,1,1,1,0,1,0,1,0,0,1,1,1,0,0,0,1,1,1,1,1,1,0,1,0,0,0,1,1,0,0,1,1,1,1,1,1,1,1,1,1,1,0,1,0,1,1,0,0,1,1,1,1,1,1,1
"25_035. Alan Walker - Sing Me To Sleep_noise_-20dB_sample2.wav",132,1,1,1,1,1,0,1,1,1,0,1,1,1,0,1,1,1,0,1,1,1,0,1,0,1,1,1,1,1,1,0,0,1,1,1,1,0,0,1,1,0,1,0,1,1,1,1,1,0,0,1,1,0,1,1,1,1,1,0,1,0,0,1,0,1,0,1,1,1,1,0,0,1,0,1,0,0,1,1,0,1,1,1,1,1,1,0,0,0,1,1,1,0,1,1,0,94,1,1,0
"74_029. David Guetta - Hey Mama (Official Video) ft Nicki Minaj, Bebe Rexha & Afrojack_noise_-20dB_sample1.wav",133,1,1,0,1,1,1,1,1,0,1,0,1,0,1,0,1,1,1,0,0,1,1,1,0,1,1,0,1,1,0,0,1,1,0,1,1,1,0,1,1,1,1,0,0,1,0,1,1,1,1,1,1,1,1,1,1,1,1,1,1,1,1,0,1,1,1,1,1,1,1,0,1,0,1,1,0,1,1,1,1,0,1,0,0,1,1,1,1,1,1,1,85,1,1,1,1,1,1,1,1
"90_064. Eurythmics, Annie Lennox, Dave Stewart - Sweet Dreams (Are Made Of This) (Official Video)_noise_-20dB_sample1.wav",132,0,0,1,1,1,1,1,1,1,1,1,1,1,1,1,1,0,0,1,1,1,0,1,1,1,1,0,1,1,0,0,1,1,1,1,1,1,0,0,0,1,1,0,1,1,1,1,1,1,1,0,1,0,0,1,1,1,1,1,1,1,1,1,1,0,1,0,1,1,1,1,0,1,1,1,1,1,1,1,0,1,1,0,1,1,1,0,1,34,1,1,1,1,1,1,0,1,1,1,0
"43_098. Nightcore~ The Wolf_noise_-20dB_sample1.wav",132,0,1,1,1,1,1,1,1,1,1,1,1,1,0,1,1,1,1,1,0,1,0,1,1,3,0,0,1,0,0,1,1,1,1,1,1,1,0,1,1,0,1,1,1,1,1,1,0,1,0,1,1,1,1,1,1,1,1,1,1,1,1,0,1,1,0,1,1,1,1,0,1,1,1,1,1,1,1,1,0,1,1,1,1,1,1,1,0,1,1,1,0,1,1,119,1,0,1,2,1
"75_078. Kungs vs Cookin on 3 Burners - This Girl (Official Music Video)_noise_-20dB_sample1.wav",135,1,1,0,1,1,236,1,1,1,1,1,1,1,1,1,1,1,1,1,1,1,0,1,1,1,1,1,1,1,1,1,1,1,1,1,0,1,0,1,1,1,1,1,1,1,0,1,1,1,1,1,1,1,1,1,1,0,1,1,1,1,1,1,1,1,1,0,1,1,1,0,1,0,1,1,1,1,0,1,1,0,1,1,1,1,1,1,1,1,1,2,0,1,1,0,1,1,1,1,1
"100_059. Nilla Wafer Top Hat Time  Song - Rhett & Link_noise_-20dB_sample2.wav",135,1,1,1,1,0,1,1,0,1,1,0,1,0,1,0,2,1,1,1,0,1,0,1,1,1,1,1,1,0,1,1,0,1,1,1,1,1,0,1,1,0,1,0,1,1,1,1,0,1,1,0,1,1,1,0,0,1,1,1,0,2,1,1,1,0,0,1,1,1,1,0,0,1,1,1,0,0,1,1,1,0,1,1,1,1,1,0,66,1,1,1,0,1,1,1,1,1,1,0,1
"39_051. Galantis - No Money (Official Video)_noise_-20dB_sample2.wav",134,0,1,1,1,1,1,1,1,1,1,1,1,1,1,0,0,0,0,1,1,1,0,1,1,1,1,1,0,0,1,1,1,1,1,1,1,1,1,1,1,0,1,0,1,1,1,1,1,0,1,1,1,1,1,1,1,1,1,1,1,0,1,230,1,1,1,1,2,1,1,1,1,0,0,1,0,1,1,1,0,0,1,1,1,1,1,1,0,1,1,0,1,1,0,1,0,1,0,0,1
"34_The Trap_noise_-20dB_sample2.wav",135,1,1,0,1,1,1,1,1,1,1,1,1,0,1,1,1,1,1,1,0,1,0,0,0,0,1,1,1,1,0,0,1,0,1,1,1,1,0,1,1,1,1,1,1,0,98,0,0,0,0,1,1,0,0,1,1,1,1,1,1,1,0,1,1,1,0,1,1,1,1,1,1,1,1,1,0,1,0,1,1,0,1,1,1,1,0,1,1,1,2,1,0,1,1,1,0,0,1,1,1
"95_053. Avicii - Hey Brother_noise_-20dB_sample1.wav",137,1,1,1,1,1,1,1,0,1,0,1,0,1,1,1,1,1,0,1,1,1,1,1,68,1,1,1,1,1,1,1,1,0,38,1,1,1,0,1,1,0,1,0,1,1,1,1,1,1,1,1,1,1,1,1,1,1,1,1,1,1,1,1,1,1,1,1,1,1,1,0,0,0,1,1,1,1,1,1,0,0,1,1,1,1,0,0,0,1,0,1,1,1,1,1,0,0,1,1,0
"97_075. Lindsey Stirling - Prism (Official Video)_noise_-20dB_sample1.wav",135,1,1,1,1,1,1,202,0,1,1,1,1,1,1,0,1,1,1,1,0,1,1,1,1,1,1,1,1,1,1,1,1,1,1,0,0,1,1,0,1,0,1,0,0,1,1,0,1,0,1,1,1,1,0,1,0,1,1,1,1,1,1,1,1,1,1,1,1,1,1,0,0,0,0,1,2,0,1,1,1,0,1,1,1,1,1,1,1,1,1,1,1,1,1,1,1,0,1,1,1
"40_052. Lindsey Stirling - Moon Trance (Official Music Video)_noise_-20dB_sample1.wav",133,1,1,1,1,1,1,1,0,1,1,0,1,1,1,1,1,1,0,108,1,0,2,0,1,1,1,2,1,1,1,1,1,0,1,1,1,1,0,1,1,1,1,1,1,1,1,1,1,1,1,0,1,0,1,1,0,1,1,1,1,1,1,1,1,1,1,1,1,1,1,0,0,1,1,1,1,0,1,0,1,0,1,1,1,1,1,2,0,1,1,0,1,1,1,1,1,1,0,1,1
"102_018. Shawn Mendes - Stitches (Official Music Video)_noise_-20dB_sample1.wav",133,0,1,1,1,0,1,1,1,1,1,141,1,1,1,0,1,1,2,1,1,1,0,1,1,1,0,1,1,0,1,1,1,0,1,1,0,1,0,1,1,0,1,0,1,0,0,1,1,1,1,1,1,1,1,1,1,0,0,1,0,1,1,1,0,1,1,1,1,1,1,0,0,1,0,1,1,0,1,1,1,1,1,1,1,1,1,1,1,1,1,1,1,1,1,1,1,0,0,2,1
"19_054. Owl City - When Can I See You Again (From Wreck it Ralph)_noise_-20dB_sample1.wav",131,1,2,0,0,1,0,1,0,1,1,1,1,1,1,1,1,0,0,1,0,1,1,1,0,1,1,1,1,1,1,1,1,1,1,1,1,2,0,1,1,0,1,1,1,1,1,1,1,0,1,1,1,0,1,1,1,1,1,1,0,1,1,1,1,0,1,0,1,1,129,0,1,1,0,1,1,1,1,1,1,1,0,1,1,1,0,1,1,0,1,1,1,1,1,0,1,1,1,1,1
