"16_038. P!nk - Just Give Me A Reason ft. Nate Ruess_noise_-12.5dB_sample1.wav",197,8,8,5,8,7,8,6,5,6,7,7,7,6,8,7,8,7,5,8,6,8,5,9,7,6,6,8,6,6,6,7,5,8,6,6,6,9,3,8,9,5,6,5,7,7,5,7,8,6,5,7,7,6,7,6,6,8,5,7,7,5,9,5,7,8,5,8,7,5,6,4,4,381,5,6,5,6,5,6,5,4,7,7,7,7,7,9,5,7,7,6,6,6,6,7,6,8,6,6,8
"10_012. Calvin Harris - I Need Your Love (Official Video) ft. Ellie Goulding_noise_-12.5dB_sample1.wav",183,8,7,5,10,9,9,10,6,6,10,8,7,11,8,6,9,6,7,7,6,6,6,7,11,7,7,9,9,6,6,8,5,6,13,6,9,9,4,9,7,5,12,6,6,1049,10,8,5,7,8,7,8,5,8,7,9,8,7,11,11,10,7,6,7,11,6,6,6,6,7,3,5,6,5,8,6,7,8,12,7,6,8,7,8,9,5,7,5,10,9,7,6,8,8,9,5,7,8,7,9
"59_014. Avicii - Hey Brother (Lyric)_noise_-12.5dB_sample1.wav",184,6,7,4,9,9,9,7,7,6,7,8,8,6,13,8,7,6,5,7,5,6,6,5,559,6,8,6,7,6,7,6,5,7,1090,6,12,7,4,7,7,6,8,5,7,10,8,6,6,6,9,5,6,6,8,6,8,8,11,7,8,5,4,5,7,8,6,7,8,5,8,3,6,9,5,6,7,14,6,7,6,4,6,7,10,8,4,9,5,8,8,5,6,7,8,7,5,9,6,6,9
"50_006. Wiz Khalifa - See You Again ft. Charlie Puth [Official Video] Furious 7 Soundtrack_noise_-12.5dB_sample2.wav",205,6,8,5,8,8,7,11,7,7,8,7,7,9,9,7,8,6,7,7,6,8,6,7,6,7,7,6,8,5,5,7,7,8,8,7,6,9,3,8,8,5,6,5,9,7,6,6,6,10,8,5,7,6,374,7,7,9,7,6,9,7,6,8,6,6,8,9,8,7,7,3,7,7,7,6,5,6,6,8,5,6,8,9,8,7,5,8,5,8,8,6,6,8,7,9,7,6,7,8,8
"24_047. Girls Talk Boys (from the Ghostbusters Original Motion Picture Soundtrack)_noise_-12.5dB_sample1.wav",180,6,6,5,8,8,8,9,7,6,8,7,7,8,8,7,9,5,5,8,8,7,6,8,6,7,7,9,6,6,7,7,7,7,6,7,5,6,5,8,9,6,7,7,5,7,6,6,6,6,7,6,8,5,7,6,8,8,5,6,6,5,6,5,6,6,6,7,9,5,7,3,6,7,5,6,5,6,6,8,5,5,8,6,8,7,7,8,5,9,9,875,6,5,6,8,5,9,6,6,9
"74_029. David Guetta - Hey Mama (Official Video) ft Nicki Minaj, Bebe Rexha & Afrojack_noise_-12.5dB_sample2.wav",178,6,7,4,8,5,6,8,6,6,9,7,6,8,6,6,7,7,8,9,6,5,5,7,5,5,7,7,7,6,7,7,6,6,7,6,5,7,3,8,6,4,6,6,7,5,4,6,7,6,6,5,7,6,7,5,6,8,6,5,7,5,5,5,8,6,6,6,9,6,6,4,5,7,7,10,6,6,7,5,7,5,7,9,8,7,6,6,4,8,10,8,381,6,9,6,5,6,5,6,8
"80_077. Emeli Sandé - Hurts_noise_-12.5dB_sample2.wav",178,7,7,5,8,7,10,9,6,7,9,7,7,6,7,9,8,5,4,9,5,6,6,10,6,7,7,7,10,5,6,8,7,9,8,6,6,6,3,7,8,8,5,9,1169,7,5,8,5,7,6,7,11,6,7,7,7,7,5,6,7,6,6,6,8,5,7,5,10,7,6,3,6,7,7,7,5,6,5,7,6,4,6,7,8,8,7,7,6,14,9,7,8,6,7,9,7,6,6,7,9
"82_A Lady_noise_-12.5dB_sample1.wav",178,6,6,5,8,8,7,10,6,5,12,6,9,6,8,5,7,6,6,8,5,7,5,7,7,6,7,7,7,6,6,7,7,6,7,7,6,7,186,7,6,4,6,7,7,6,5,6,7,7,6,7,8,7,6,6,6,7,5,7,7,10,6,6,13,5,6,6,9,6,6,6,6,7,7,6,6,7,6,5,5,6,8,7,11,9,6,5,6,8,7,7,6,8,6,6,5,6,7,5,10
"57_Numb_noise_-12.5dB_sample2.wav",183,8,6,4,8,5,9,7,6,6,7,7,8,7,8,6,7,7,7,8,6,7,7,8,6,6,8,8,8,7,9,6,6,6,6,4,5,8,5,9,6,6,6,7,7,6,5,6,6,5,7,6,9,8,7,7,6,6,5,6,7,5,6,7,6,7,7,7,6,5,7,4,8,8,5,6,5,7,7,8,5,6,10,7,7,7,1233,6,5,10,6,7,6,6,6,9,6,5,7,6,7
"25_035. Alan Walker - Sing Me To Sleep_noise_-12.5dB_sample1.wav",190,6,12,5,8,9,7,11,8,7,5,7,7,6,7,8,8,8,5,9,7,5,4,9,8,6,8,6,8,6,10,11,7,9,9,7,11,8,5,11,8,4,6,5,7,7,8,5,7,6,7,7,8,7,6,7,7,6,5,6,6,7,6,7,6,7,7,8,7,8,9,6,7,8,8,8,5,8,8,7,6,10,8,9,10,12,6,7,6,7,7,9,7,8,7,6,7,1524,6,6,9
"100_059. Nilla Wafer Top Hat Time  Song - Rhett & Link_noise_-12.5dB_sample2.wav",181,7,7,5,7,7,9,7,8,6,7,6,8,9,7,5,8,5,8,8,6,8,5,9,5,6,7,6,7,6,6,7,5,6,7,7,7,6,4,8,7,4,7,5,6,7,5,7,6,6,7,6,8,6,6,6,7,6,6,5,7,6,6,6,6,7,6,6,6,6,6,3,7,10,7,6,6,6,8,6,7,5,6,7,7,7,6,6,479,6,6,6,5,5,8,8,5,5,5,5,7
"105_101. Yann Tiersen - Comptine d`un autre ete - l`apres-midi_noise_-12.5dB_sample1.wav",184,9,8,4,9,7,6,10,5,7,8,7,7,8,8,6,9,7,7,10,6,5,5,8,5,7,6,7,6,8,6,6,7,7,6,7,7,7,4,10,8,5,8,7,6,4,7,8,6,7,8,7,7,7,6,7,6,8,7,6,6,8,7,6,8,7,7,6,8,10,8,269,6,7,7,7,6,7,7,7,5,5,8,9,7,8,6,7,8,11,8,10,9,6,7,7,6,8,8,8,7
"58_039. OMFG - Hello_noise_-12.5dB_sample1.wav",184,6,7,4,7,8,6,10,7,6,8,6,8,6,7,7,8,5,8,6,5,8,6,6,6,7,10,8,6,6,8,7,5,7,7,7,7,7,3,8,7,5,8,6,8,7,6,6,6,5,7,5,10,6,8,7,9,8,6,6,6,6,9,5,8,7,9,8,7,6,8,3,6,8,6,7,5,7,8,5,6,5,8,7,7,8,6,7,5,11,8,9,5,562,5,7,5,5,6,5,7
"30_Cannibal_noise_-12.5dB_sample1.wav",180,6,7,3,10,8,7,7,6,6,8,6,7,6,9,6,7,6,6,9,6,8,5,7,5,7,9,6,5,7,8,7,5,7,6,7,6,10,4,7,7,4,6,5,6,6,7,7,5,7,6,4,7,7,6,6,6,7,6,5,6,6,6,5,6,6,6,7,8,6,6,3,5,6,5,6,5,5,6,5,6,4,8,1081,9,6,6,7,6,8,7,6,6,6,7,7,5,7,7,6,6
"88_033. Fifth Harmony - Worth It (Official Video) ft. Kid Ink_noise_-12.5dB_sample2.wav",203,6,7,5,7,7,8,9,6,8,1969,10,9,8,8,7,7,12,6,8,6,6,6,9,6,8,9,7,7,7,9,7,5,7,7,7,9,8,5,10,6,5,5,5,7,6,5,7,5,9,6,6,9,7,7,9,7,6,7,8,7,7,11,6,6,5,6,8,10,6,6,2,6,6,6,5,6,6,7,6,6,5,7,7,9,8,6,9,6,12,9,9,7,6,8,9,5,9,6,7,12
"22_094. Harry Potter Puppet Pals - The Mysterious Ticking Noise (Video With Lyrics)_noise_-12.5dB_sample1.wav",181,6,9,4,8,7,6,6,6,7,8,7,7,6,10,7,8,6,7,11,6,5,8,7,5,8,8,6,7,6,6,6,7,12,6,7,10,8,3,7,8,4,7,6,6,6,6,6,5,8,7,8,9,7,7,5,6,6,5,6,6,8,6,5,8,8,6,8,7,7,9,5,6,7,5,7,4,7,6,6,5,436,8,8,7,8,7,6,6,6,8,9,8,7,8,8,5,7,7,8,12
"5_002. Avicii - Wake Me Up (Official Video)_noise_-12.5dB_sample1.wav",197,6,79,4,8,8,7,8,6,5,9,7,6,7,9,6,7,7,6,7,6,9,4,8,8,7,10,7,9,5,9,7,5,7,7,6,6,8,4,6,8,5,7,9,6,6,5,6,6,7,9,8,8,5,8,6,5,9,6,6,5,6,6,5,6,6,7,7,8,5,6,3,5,7,5,6,4,6,6,6,6,4,8,8,10,7,5,7,6,9,8,6,6,6,7,7,6,6,7,9,7
"73_Turn the Lights Off_noise_-12.5dB_sample1.wav",210,7,6,6,7,8,7,7,8,6,7,8,7,6,9,10,7,7,7,8,7,6,5,6,5,6,7,7,7,1104,8,8,5,7,7,6,7,7,3,7,6,5,6,6,9,6,8,7,8,8,6,5,8,7,7,7,7,6,6,7,6,7,6,6,8,6,6,6,7,7,7,4,6,6,6,7,5,6,6,6,5,4,8,10,8,6,7,6,5,8,8,6,8,6,10,7,4,6,6,6,6
"1_028. Capital Cities - Safe And Sound_noise_-12.5dB_sample1.wav",190,9,6,6,8,9,8,7,5,6,11,6,9,8,9,5,10,7,6,8,4,8,7,7,7,7,9,8,6,6,6,7,6,9,11,8,103,11,3,10,7,6,8,6,7,9,6,8,7,6,6,5,8,5,7,7,8,7,6,7,9,7,7,6,6,6,9,6,6,7,6,3,6,7,7,6,5,8,7,8,5,5,8,7,8,7,7,7,5,9,8,7,5,7,8,6,9,8,7,5,8
"23_048. Pharrell Williams - Happy (Official Music Video)_noise_-12.5dB_sample2.wav",186,6,6,5,8,9,8,9,7,7,8,7,6,10,9,6,7,5,5,11,5,7,5,6,8,6,10,6,6,6,8,5,5,7,7,5,6,7,4,9,10,7,9,7,7,8,7,6,6,8,7,9,8,6,14,7,8,9,6,8,7,7,6,4,8,6,6,8,7,6,6,2,5,8,6,6,6,8,6,7,6,5,7,8,9,9,5,7,7,8,784,8,7,7,6,13,4,6,6,7,8
"70_You and Me_noise_-12.5dB_sample2.wav",184,6,8,4,9,6,8,9,7,6,8,6,7,6,7,7,10,7,5,7,5,7,6,8,7,8,7,6,8,5,7,7,6,9,6,7,7,8,3,10,9,5,7,7,8,7,6,6,6,7,7,5,12,6,7,7,7,9,6,5,7,7,6,8,7,8,5,6,8,7,13,5,5,10,1478,6,6,6,10,5,6,7,8,7,8,9,6,9,5,8,8,8,8,6,6,7,4,7,7,6,7
"77_065. Nightcore - Ghostbusters_noise_-12.5dB_sample2.wav",189,6,5,4,6,6,6,8,7,5,9,9,11,9,8,6,9,5,7,7,6,743,6,11,6,7,10,7,7,5,8,6,5,6,7,5,8,10,3,8,6,3,6,7,6,6,6,6,6,7,6,5,8,7,7,6,6,7,5,7,7,6,6,7,7,11,7,6,7,6,6,2,6,6,6,6,5,7,6,8,6,4,7,7,8,7,7,7,6,7,7,8,5,6,7,7,5,6,7,6,7
"90_064. Eurythmics, Annie Lennox, Dave Stewart - Sweet Dreams (Are Made Of This) (Official Video)_noise_-12.5dB_sample1.wav",185,6,8,5,7,8,9,7,5,6,7,7,7,9,8,10,8,5,6,7,9,8,5,6,6,6,7,9,8,6,6,6,5,6,7,6,7,8,3,9,7,5,7,5,7,10,7,8,7,6,7,5,8,6,6,7,7,11,5,6,9,7,6,4,7,7,7,8,7,5,6,3,6,7,6,6,5,9,6,10,5,4,8,7,7,7,7,8,5,953,12,9,6,7,6,8,6,5,5,6,7
"104_024. twenty one pilots Stressed Out [OFFICIAL VIDEO]_noise_-12.5dB_sample2.wav",185,5,6,3,6,6,6,7,7,5,7,7,9,10,8,6,6,6,9,6,6,7,4,11,6,8,10,6,5,8,9,8,6,7,5,7,6,6,4,8,6,6,6,6,5,6,6,6,7,5,7,4,9,8,7,7,7,7,5,6,7,6,8,5,7,5,1217,6,9,5,8,3,6,7,6,6,4,6,5,6,7,6,9,9,6,7,7,7,6,7,8,8,6,7,5,7,6,5,6,5,7
"6_043. Wintergatan - Marble Machine (music instrument using 2000 marbles)_noise_-12.5dB_sample1.wav",222,6,8,5,10,7,10,9,9,7,8,8,9,7,59,6,7,5,6,6,7,7,7,7,5,6,8,7,8,6,7,7,6,6,6,6,5,8,4,8,8,8,7,5,6,9,7,6,8,10,7,5,10,6,8,6,6,7,7,5,7,6,6,6,6,6,5,8,7,6,7,2,8,6,7,7,5,7,6,6,6,6,7,7,7,8,7,9,7,9,8,8,6,7,7,8,5,7,6,7,7
"102_018. Shawn Mendes - Stitches (Official Music Video)_noise_-12.5dB_sample2.wav",181,6,7,5,8,6,7,8,5,7,9,713,7,7,7,6,9,7,5,8,5,6,6,8,6,6,8,6,9,6,6,5,7,6,5,8,6,8,4,7,6,5,7,4,6,7,6,6,6,6,6,5,6,6,6,7,5,6,6,7,6,6,6,5,7,6,8,6,8,5,6,3,6,9,6,8,4,6,6,7,7,4,9,9,8,11,7,7,7,8,9,8,6,6,8,7,4,6,6,7,8
"20_Never Meant to Know_noise_-12.5dB_sample1.wav",184,6,8,5,11,7,8,10,7,7,7,8,6,12,8,7,8,9,6,7,6,5,7,7,7,7,7,7,7,8,7,7,9,8,6,8,9,9,5,9,7,6,6,7,7,5,6,5,6,6,7,6,10,991,8,8,6,8,8,5,6,8,6,7,7,7,7,8,7,5,9,3,6,8,6,7,6,5,7,6,5,5,10,8,7,8,6,9,8,8,8,11,6,7,7,7,9,6,6,7,6
"5_002. Avicii - Wake Me Up (Official Video)_noise_-12.5dB_sample2.wav",180,6,60,6,8,6,8,8,7,7,9,7,6,5,7,6,9,6,7,7,6,6,4,8,5,7,9,8,8,6,6,8,6,7,6,8,6,9,6,11,8,4,6,6,7,5,6,6,6,5,8,6,7,6,6,8,7,8,7,7,7,8,5,7,7,8,6,7,6,5,6,4,5,6,6,7,5,6,8,6,8,7,10,7,9,9,5,7,5,9,9,7,7,7,8,7,6,5,8,8,6
"11_062. Pipe Guy - HouseTranceTechno Live_noise_-12.5dB_sample2.wav",178,5,7,4,10,7,6,9,7,5,8,6,10,6,8,9,7,6,6,9,7,8,7,7,6,5,7,8,6,7,8,6,5,5,6,7,5,7,4,7,7,4,6,6,8,7,7,6,7,6,7,7,9,8,7,6,7,9,5,8,7,6,6,6,7,6,6,6,8,5,6,6,6,6,6,6,6,7,7,6,7,4,9,8,7,7,6,6,7,8,9,8,6,7,8,7,6,8,6,7,8
"98_021. Alan Walker - Faded_noise_-12.5dB_sample2.wav",182,10,5,5,9,6,7,6,5,6,6,6,6,6,7,5,7,6,8,5,6,8,3,9,5,7,8,6,7,5,6,7,6,6,7,5,7,7,5,7,6,3,8,7,6,10,7,6,6,6,7,1091,8,7,7,6,7,6,7,5,7,6,5,4,7,5,5,6,6,6,6,3,5,6,5,9,4,7,6,6,6,4,10,8,7,9,5,6,5,6,6,7,4,6,5,8,4,6,6,8,6
"51_088. Steven Universe - We Are The Crystal Gems_noise_-12.5dB_sample2.wav",231,7,5,4,7,7,7,7,6,9,7,7,6,8,8,7,7,6,5,8,6,5,6,7,6,8,8,6,7,7,8,7,6,5,7,6,8,7,2,7,5,6,8,6,6,7,7,10,7,6,6,5,9,7,7,6,6,7,7,5,6,6,8,6,6,8,9,6,7,5,7,3,376,5,6,7,6,7,7,9,6,4,8,7,8,7,6,6,6,8,10,7,7,7,6,6,7,5,6,5,6
"2_023. Rachel Platten - Fight Song (Official Video)_noise_-12.5dB_sample1.wav",176,6,6,5,6,7,8,7,7,6,7,8,6,6,7,641,7,9,7,6,5,5,4,6,6,8,10,7,7,7,7,5,7,5,6,5,7,8,4,8,7,4,6,5,8,7,5,7,5,7,7,6,6,6,6,8,6,7,6,4,8,6,6,6,8,5,6,6,6,6,6,3,4,7,6,7,5,6,6,5,9,4,9,7,9,8,5,8,7,10,7,7,5,6,6,6,4,6,6,8,6
"103_037. Calvin Harris, Rihanna - This Is What You Came For (Official Video) ft. Rihanna_noise_-12.5dB_sample1.wav",180,7,9,6,7,8,10,7,6,6,8,9,7,9,11,8,8,6,6,14,5,7,5,8,8,6,10,7,6,7,6,8,6,9,7,8,12,5,4,8,7,6,6,8,7,8,7,6,7,6,5,6,6,6,7,6,8,8,7,6,9,8,7,7,6,7,6,6,8,7,10,4,6,7,10,8,4,9,6,7,6,6,11,7,9,10,5,7,6,9,8,10,6,8,7,7,5,7,5,8,1510
"7_092. Harry Potter Medley on Marimba_noise_-12.5dB_sample2.wav",177,5,7,400,9,8,7,13,6,5,8,7,6,6,7,5,12,7,7,9,6,8,6,6,6,7,10,7,8,5,6,7,5,9,7,7,6,8,4,8,8,5,5,7,6,6,5,8,7,8,7,7,7,7,6,6,6,10,7,5,8,10,5,5,8,6,7,6,8,7,6,4,5,5,5,8,4,6,7,8,6,4,8,9,7,7,5,7,6,7,17,8,7,10,9,7,8,6,6,7,7
"11_062. Pipe Guy - HouseTranceTechno Live_noise_-12.5dB_sample1.wav",170,6,7,4,7,7,9,7,6,5,8,6,7,6,8,6,8,5,7,9,5,8,5,8,7,6,8,6,7,7,6,4,5,7,7,6,6,9,4,9,7,5,7,6,6,6,4,8,5,6,6,6,8,5,8,8,6,8,5,6,6,6,9,6,9,6,9,7,7,5,9,2,5,10,7,7,5,7,6,6,6,5,7,7,10,6,7,7,5,11,7,7,5,8,6,8,5,6,6,6,9
"95_053. Avicii - Hey Brother_noise_-12.5dB_sample2.wav",175,8,7,5,9,8,8,6,7,12,9,9,10,9,7,6,7,5,5,7,7,7,6,8,182,7,8,10,8,6,5,7,5,5,139,8,6,8,3,10,7,5,7,6,6,7,6,6,5,6,7,5,8,5,13,6,7,9,6,6,9,5,7,9,7,6,6,7,8,5,7,4,8,6,5,6,5,8,5,8,7,5,10,6,7,9,6,6,6,9,8,6,5,7,8,8,6,7,7,6,9
"60_057. Get Off The Phone Song_noise_-12.5dB_sample2.wav",171,7,6,4,7,6,6,6,7,6,8,7,7,7,12,5,6,5,6,7,6,6,6,7,8,8,6,7,7,6,8,8,5,7,6,7,7,7,4,11,7,6,8,168,6,6,7,7,7,6,6,5,8,6,7,7,8,7,6,6,7,6,8,6,6,5,7,8,10,6,7,2,5,6,5,6,7,5,6,5,6,5,10,7,8,6,4,7,6,7,7,8,7,8,8,7,5,6,6,6,9
"92_025. Fall Out Boy - Immortals (From Big Hero 6)_noise_-12.5dB_sample1.wav",172,7,6,5,9,8,8,8,6,6,8,6,8,7,9,7,6,6,6,9,5,6,5,7,7,8,7,835,7,6,6,6,7,5,6,6,6,8,5,7,6,5,6,5,7,7,4,5,6,7,6,6,6,5,6,6,6,7,7,6,6,7,8,7,7,7,6,6,7,8,6,3,7,7,5,6,7,7,9,6,5,5,7,8,7,7,9,7,4,8,7,7,5,6,9,7,6,5,7,6,6
"99_080. Melanie Martinez - Carousel (Official Music Video)_noise_-12.5dB_sample1.wav",174,5,7,5,7,9,10,7,5,6,7,7,8,9,6,6,7,6,8,10,7,9,6,9,7,6,7,6,6,9,8,6,7,10,6,6,6,8,3,9,7,6,10,7,8,7,6,6,6,7,7,6,7,7,9,7,7,7,8,5,10,6,8,5,6,7,5,984,11,6,7,3,4,7,6,8,10,7,7,7,6,4,9,12,7,12,6,7,7,8,8,8,5,6,7,8,5,6,7,8,7
"3_100. Owl City & Carly Rae Jepsen - Good Time (Official Video)_noise_-12.5dB_sample1.wav",174,7,7,4,9,10,10,7,5,6,10,7,8,7,9,6,10,7,7,9,6,8,5,7,8,6,7,7,6,7,5,5,5,6,8,7,6,7,3,8,7,6,839,6,7,10,12,7,8,7,7,6,9,6,8,6,8,10,7,8,8,10,8,8,7,7,6,7,8,5,6,2,5,7,5,8,6,6,7,7,5,4,7,8,7,7,6,7,6,10,7,10,5,7,8,7,5,8,7,8,8
"55_009. Taylor Swift - Shake It Off_noise_-12.5dB_sample2.wav",167,5,8,4,6,8,10,8,6,6,7,8,6,5,8,6,6,6,6,12,6,7,5,6,7,6,7,7,8,7,6,10,8,10,10,9,8,6,6,2012,7,5,7,5,7,6,6,8,7,6,8,5,8,7,8,7,8,7,6,7,6,7,6,8,11,7,5,7,6,9,10,4,7,7,6,8,5,8,5,6,4,5,8,7,9,8,6,6,7,9,7,7,7,5,7,7,5,8,7,6,8
"16_038. P!nk - Just Give Me A Reason ft. Nate Ruess_noise_-12.5dB_sample2.wav",176,10,6,5,7,8,8,10,6,5,7,6,7,6,7,6,6,5,6,7,5,7,7,9,7,7,8,6,8,5,7,6,6,8,7,6,6,6,3,9,7,4,6,7,6,6,6,6,7,9,5,6,8,6,6,7,7,6,5,6,7,7,6,6,8,7,7,6,7,7,8,3,6,636,6,6,7,7,7,6,6,6,7,11,9,9,4,7,6,8,6,9,6,7,7,8,6,7,6,6,6
"51_088. Steven Universe - We Are The Crystal Gems_noise_-12.5dB_sample1.wav",168,6,6,6,8,7,7,8,6,7,9,8,6,8,9,6,8,6,7,7,4,7,6,8,6,6,7,7,6,6,5,8,6,6,6,6,6,6,3,10,9,4,6,5,7,6,5,5,6,7,8,8,6,6,9,7,6,7,5,8,7,7,8,8,6,7,6,6,7,5,7,2,392,5,8,5,5,6,8,6,5,6,8,7,8,7,6,8,5,7,7,8,5,6,6,7,6,5,6,7,8
"13_030. Maroon 5 - Animals_noise_-12.5dB_sample2.wav",173,6,6,4,8,8,9,10,5,5,8,8,6,7,5,5,7,6,8,6,6,8,6,6,5,6,11,5,6,5,7,5,5,6,6,6,6,6,3,6,6,4,6,5,7,5,8,5,6,6,5,5,9,6,6,6,7,8,5,5,7,8,6,5,7,5,5,6,7,6,5,2,6,8,5,7,5,5,6,7,5,6,7,7,7,6,6,7,5,7,7,7,8,5,6,7,5,7,6,6,7
"63_087. Anaconda - Nicki Minaj  The Fitness Marshall  Dance Workout_noise_-12.5dB_sample2.wav",169,5,6,3,7,6,14,6,6,6,9,6,6,8,5,5,8,6,5,6,5,7,4,6,6,7,12,7,5,5,6,5,6,6,6,7,6,8,3,9,6,5,9,7,7,9,5,6,6,5,7,6,8,5,7,6,6,7,5,5,7,6,6,5,5,6,6,6,8,7,8,3,5,7,5,6,4,7,404,5,6,6,8,8,9,7,7,6,7,9,7,6,6,6,6,7,4,4,7,7,7
"87_079. twenty one pilots Heathens (from Suicide Squad The Album) [OFFICIAL VIDEO]_noise_-12.5dB_sample2.wav",179,6,7,5,6,7,8,10,6,6,7,7,9,8,8,6,7,7,5,9,7,9,5,6,7,6,8,8,7,7,7,6,6,7,6,6,8,6,5,10,9,5,8,6,7,8,5,7,7,9,6,7,7,6,6,8,12,7,7,9,5,7,9,7,8,6,6,5,11,9,8,4,6,8,6,1857,6,7,5,7,5,5,9,6,7,7,7,7,5,6,8,11,8,6,7,6,8,8,8,6,8
"45_005. OneRepublic - Counting Stars_noise_-12.5dB_sample1.wav",180,5,7,5,8,7,9,8,4,6,9,7,7,7,8,7,7,5,8,8,6,8,5,6,6,6,9,6,7,8,6,7,5,7,6,5,8,7,4,8,7,6,7,6,7,6,6,7,5,6,5,5,6,6,6,6,5,6,5,6,10,6,6,6,9,6,6,10,385,6,7,2,7,7,6,7,6,6,7,6,5,6,7,9,7,7,5,7,6,8,9,8,8,6,7,7,6,6,6,9,6
"39_051. Galantis - No Money (Official Video)_noise_-12.5dB_sample2.wav",171,5,7,3,7,7,7,8,6,5,7,7,6,7,8,6,8,6,6,7,5,6,5,8,7,6,6,9,10,7,7,10,6,6,5,7,6,7,4,8,6,6,5,7,6,7,5,6,6,7,6,7,7,6,6,6,7,7,5,7,6,6,6,540,8,6,7,6,8,6,8,3,5,6,6,5,4,6,7,6,5,3,9,8,7,7,10,7,5,9,8,7,5,8,5,6,6,7,7,6,7
"93_015. Lukas Graham - 7 Years [Official Music Video]_noise_-12.5dB_sample2.wav",172,7,6,4,15,8,9,8,5,7,9,7,7,5,8,6,7,9,5,9,6,6,4,9,10,6,7,5,7,7,7,5,5,8,9,6,7,7,4,9,7,5,9,5,8,7,7,7,5,7,967,7,12,5,8,7,7,8,6,8,7,5,6,5,7,10,9,6,9,5,7,4,6,7,5,7,6,6,6,6,5,5,10,7,12,8,5,6,7,8,7,8,4,7,7,7,5,6,6,7,8
"0_096. Nightcore - Mad World_noise_-12.5dB_sample2.wav",167,5,7,5,9,6,7,9,7,7,11,9,8,6,8,6,7,6,8,7,805,9,5,8,5,9,9,7,7,6,6,8,6,6,6,6,6,6,3,8,7,4,7,6,6,6,5,7,5,7,5,7,7,9,7,8,6,8,5,6,9,5,7,6,6,5,6,7,7,6,6,3,5,7,6,6,4,6,7,6,5,5,8,8,8,7,6,8,5,8,7,6,11,6,8,7,6,6,7,8,8
"40_052. Lindsey Stirling - Moon Trance (Official Music Video)_noise_-12.5dB_sample2.wav",174,7,8,8,11,8,9,8,6,6,7,7,8,7,8,7,7,6,8,1288,4,6,6,9,7,6,7,8,7,7,7,6,6,7,6,8,7,7,4,10,9,6,6,6,5,7,5,7,6,6,7,5,7,7,6,6,6,7,5,6,7,6,5,7,9,7,6,5,7,8,10,11,6,8,8,7,6,7,6,6,6,6,8,8,10,8,5,6,6,14,7,9,7,7,8,6,4,6,6,6,9
"3_100. Owl City & Carly Rae Jepsen - Good Time (Official Video)_noise_-12.5dB_sample2.wav",167,6,6,4,10,6,7,8,6,7,8,9,7,9,6,5,8,6,6,8,7,6,5,7,7,5,6,8,6,6,6,7,4,6,8,6,6,7,4,7,8,5,249,8,8,10,7,7,6,5,10,6,9,6,7,8,7,6,9,7,7,8,6,5,6,7,6,7,9,5,5,2,7,8,6,9,8,8,7,6,5,4,9,8,9,7,5,8,6,9,8,8,8,7,8,7,5,7,7,9,10
"81_013. Passenger  Let Her Go (Official Video)_noise_-12.5dB_sample2.wav",165,6,6,4,11,8,7,11,7,6,8,6,7,8,7,6,8,6,6,8,6,9,6,8,5,6,7,10,6,7,6,6,7,7,5,5,7,8,4,7,7,5,8,6,8,6,5,6,6,6,7,9,8,7,6,6,6,7,6,6,7,7,1167,5,6,6,6,7,9,6,6,5,5,7,5,6,5,7,7,6,6,4,8,6,8,6,7,8,7,8,7,7,8,5,6,7,6,6,6,6,6
"93_015. Lukas Graham - 7 Years [Official Music Video]_noise_-12.5dB_sample1.wav",264,6,7,4,8,8,7,8,6,6,11,7,7,7,7,6,8,7,6,6,6,7,7,8,8,8,8,7,7,6,6,6,5,8,7,5,5,7,3,10,6,5,6,7,8,8,7,8,6,7,749,6,7,5,6,6,7,8,6,6,7,5,10,7,8,6,8,6,9,6,7,2,6,6,6,6,5,6,7,7,5,5,7,8,7,7,6,6,5,8,7,6,6,7,7,7,4,7,7,10,9
"76_073. Lindsey Stirling - Crystallize (Dubstep Violin Original Song)_noise_-12.5dB_sample2.wav",188,6,7,5,7,10,7,8,7,6,8,6,7,7,8,7,8,5,5,8,4,7,5,6,7,6,9,7,6,6,5,4,6,7,9,5,7,8,3,10,9,4,7,6,6,7,6,7,5,6,7,5,9,6,6,7,6,6,8,6,6,6,6,6,7,1073,6,6,7,5,7,6,6,6,5,6,5,6,6,6,5,4,7,6,7,10,5,7,5,8,7,6,6,6,8,8,4,6,7,8,9
"9_034. Pitbull - Timber (Official Video) ft. Ke$ha_noise_-12.5dB_sample2.wav",236,5,6,7,7,6,7,8,5,5,8,7,8,7,7,6,9,7,6,6,5,9,6,7,4,7,7,7,6,7,898,5,6,10,6,6,6,8,6,7,7,4,4,6,7,5,6,6,6,5,9,8,8,6,5,6,7,8,5,6,6,8,5,7,6,6,7,6,8,5,6,3,5,6,7,6,5,6,6,6,9,5,9,6,7,7,6,7,8,7,10,7,6,6,5,7,5,6,6,6,9
"103_037. Calvin Harris, Rihanna - This Is What You Came For (Official Video) ft. Rihanna_noise_-12.5dB_sample2.wav",170,6,9,6,9,6,9,8,6,7,7,9,9,8,10,7,6,5,7,7,5,5,5,9,8,6,7,6,6,6,7,7,4,8,8,8,8,7,5,11,8,6,7,5,6,12,6,6,5,7,7,5,7,6,6,8,5,7,6,7,6,6,6,5,6,8,6,6,7,5,7,5,5,7,6,7,5,8,6,6,6,7,8,9,8,7,5,8,6,8,7,7,5,7,11,8,5,7,6,6,1206
"80_077. Emeli Sandé - Hurts_noise_-12.5dB_sample1.wav",177,6,5,4,10,7,8,8,6,5,7,7,7,9,7,6,8,6,6,9,5,8,5,7,6,6,8,6,6,8,7,5,6,6,5,6,7,7,5,8,5,4,7,10,72,6,5,6,6,6,6,6,11,9,7,6,7,8,6,7,8,9,7,6,7,8,6,6,9,5,7,2,6,6,5,7,6,5,6,6,6,4,8,6,6,9,7,9,5,10,8,7,5,6,7,7,5,6,7,6,6
"37_063. Bastille - Pompeii (Official Music Video)_noise_-12.5dB_sample2.wav",190,4,6,4,7,7,6,10,5,10,9,7,6,7,7,6,7,6,6,8,6,7,7,466,6,6,8,8,7,7,6,6,7,5,7,7,6,8,3,8,7,5,7,6,7,6,8,6,7,6,7,5,7,8,7,7,5,7,5,7,6,7,6,5,6,7,6,5,9,5,10,2,5,7,10,6,5,7,7,6,7,5,7,8,8,8,6,7,6,9,6,8,8,6,5,7,5,6,8,6,9
"41_The Bidding_noise_-12.5dB_sample2.wav",180,6,6,4,7,6,8,7,5,6,8,7,6,7,7,6,8,7,5,7,5,6,5,9,6,7,7,6,8,5,6,5,9,5,6,6,6,6,4,8,7,5,7,6,6,6,6,5,7,6,7,5,9,6,6,6,6,7,7,5,7,8,6,5,6,8,6,9,7,5,8,4,6,7,5,6,5,6,6,7,6,5,8,7,7,7,7,6,5,9,9,7,7,6,6,12,617,4,6,7,7
"8_081. The Beach Boys - I Get Around_noise_-12.5dB_sample2.wav",177,7,6,4,9,7,6,7,6,6,9,9,7,8,6,6,10,6,8,11,6,9,4,6,8,6,7,7,7,6,8,7,6,5,7,6,6,7,3,7,8,1017,7,6,6,6,5,7,5,5,7,6,9,7,5,7,6,7,6,7,6,8,6,5,9,8,7,6,7,8,6,2,6,6,6,5,6,7,6,7,5,7,7,6,9,8,5,8,7,9,8,6,5,6,7,7,7,5,6,8,8
"50_006. Wiz Khalifa - See You Again ft. Charlie Puth [Official Video] Furious 7 Soundtrack_noise_-12.5dB_sample1.wav",184,7,8,3,10,8,8,8,5,7,7,7,9,6,8,6,8,8,7,8,5,9,5,7,7,6,6,6,7,6,6,7,4,8,8,6,6,6,4,9,6,5,7,5,7,7,7,7,5,7,8,6,9,7,696,6,8,9,5,8,8,5,7,6,9,6,6,7,8,5,6,3,8,7,7,8,5,10,6,7,5,5,9,7,11,7,6,8,6,8,8,7,6,6,8,7,6,5,7,7,7
"24_047. Girls Talk Boys (from the Ghostbusters Original Motion Picture Soundtrack)_noise_-12.5dB_sample2.wav",189,5,6,4,8,7,10,8,5,7,12,7,6,7,7,6,8,5,6,7,5,6,4,6,5,8,7,7,7,6,9,6,6,6,6,6,6,9,2,9,5,5,5,6,8,8,5,7,7,6,7,4,10,6,7,6,9,7,6,7,6,6,7,6,6,7,6,6,7,6,8,2,6,7,5,6,6,5,6,7,5,5,8,9,7,13,8,6,6,10,9,14,5,6,7,7,4,7,5,7,8
"85_011. Martin Garrix - Animals (Official Video)_noise_-12.5dB_sample1.wav",180,6,6,5,8,10,9,10,8,6,7,6,7,191,6,5,7,7,6,7,6,6,5,8,5,6,7,8,7,6,7,7,6,5,6,6,7,7,2,8,6,5,8,10,7,7,6,7,5,6,8,7,9,7,6,6,6,8,6,6,7,7,6,5,8,6,6,10,7,6,9,3,6,8,8,6,6,6,8,5,5,5,8,6,8,7,5,9,5,7,10,5,7,7,7,9,5,6,6,6,8
"44_Sacred Beast_noise_-12.5dB_sample2.wav",177,6,6,5,7,7,8,9,5,6,9,9,8,8,9,9,8,6,5,9,9,7,4,6,6,5,8,5,6,7,9,8,4,8,6,6,8,7,3,7,8,6,6,7,6,6,5,8,5,6,8,5,9,6,8,8,8,7,8,8,6,7,6,7,6,6,7,7,6,5,6,4,4,8,6,6,6,1944,7,6,5,4,8,7,8,9,6,11,5,7,9,7,5,6,7,9,6,6,5,6,7
"66_Cruel_Summer_noise_-12.5dB_sample2.wav",263,5,6,5,8,7,10,9,8,7,7,7,6,8,9,7,7,5,7,7,6,7,6,6,7,7,9,6,7,6,7,7,5,6,6,6,5,7,4,8,6,5,6,5,11,6,5,7,1369,7,7,5,9,6,6,6,5,7,5,5,6,6,5,5,9,5,8,7,8,7,6,4,5,6,6,5,5,6,6,6,5,4,7,7,8,8,9,7,6,8,8,8,6,6,7,8,5,6,7,6,8
"68_055. Madness - Our House (Official 4K Video)_noise_-12.5dB_sample2.wav",196,6,10,4,9,6,12,8,6,5,8,10,7,6,7,5,9,8,5,8,5,7,6,8,8,6,8,7,6,6,7,6,6,9,8,7,9,6,3,8,7,6,7,7,5,7,5,7,7,7,9,9,9,6,8,7,8,7,5,8,6,7,6,8,7,6,7,8,8,5,9,2,7,6,6,6,5,5,8,6,5,6,1397,7,15,8,6,7,7,11,11,14,6,5,7,8,5,5,6,8,7
"91_Greener_noise_-12.5dB_sample2.wav",177,7,7,4,10,6,8,8,7,5,7,7,6,6,8,6,9,6,5,7,5,6,5,6,5,5,9,6,6,6,8,6,7,8,6,7,5,7,4,9,7,6,7,7,6,8,6,6,5,6,7,5,8,8,7,6,6,7,6,5,6,5,8,5,1064,5,6,7,7,6,7,3,6,6,6,6,5,7,6,6,6,7,7,10,6,7,6,7,5,7,8,7,6,6,7,7,5,7,10,7,6
"98_021. Alan Walker - Faded_noise_-12.5dB_sample1.wav",186,6,7,5,7,8,9,7,6,6,9,7,7,6,8,5,7,7,4,5,5,7,6,7,6,7,6,6,6,7,8,7,9,6,5,6,5,8,5,8,6,5,7,8,8,9,7,7,6,7,9,1187,9,5,6,7,6,7,6,6,7,5,6,6,7,6,7,6,6,6,6,2,6,7,5,8,6,7,8,6,5,4,7,6,7,8,6,8,5,7,8,7,6,7,8,8,5,6,6,6,6
"79_095. Alan Walker - Alone_noise_-12.5dB_sample2.wav",188,8,9,5,9,8,7,8,9,8,7,7,6,6,8,6,7,6,5,7,7,6,4,8,10,8,6,7,7,6,6,5,6,7,8,8,8,8,5,10,7,4,7,5,6,6,7,9,7,7,7,6,10,6,7,7,6,10,1013,6,8,6,9,5,7,5,8,7,9,5,6,2,6,6,7,7,5,7,6,7,5,5,8,8,8,10,6,6,6,7,6,8,5,6,7,7,4,6,6,10,7
"61_045. The Black Eyed Peas - I Gotta Feeling (Official Music Video)_noise_-12.5dB_sample2.wav",204,8,6,5,8,5,6,7,5,4,7,6,6,11,8,7,7,6,6,6,5,5,8,5,6,7,7,7,6,6,6,5,6,7,5,6,7,6,3,8,7,4,6,6,8,6,7,6,6,5,6,4,6,7,6,6,8,7,5,5,7,8,6,6,7,6,6,9,6,5,5,2,6,9,5,6,6,6,7,7,5,5,7,6,9,799,5,8,5,12,8,8,5,7,5,7,6,6,7,8,8
"96_089. American Boy by Estelle and Kanye West_noise_-12.5dB_sample1.wav",320,9,6,5,11,7,10,8,5,6,7,7,8,7,7,8,7,6,7,8,7,6,5,7,6,6,7,7,8,6,6,5,5,5,8,7,7,8,5,10,8,5,7,6,7,5,6,7,5,9,10,6,8,7,6,6,7,6,5,5,10,5,7,5,6,6,7,6,8,5,7,2,6,9,8,6,6,7,7,7,7,6,9,10,8,7,5,7,7,11,6,7,7,5,7,7,5,7,585,7,9
"13_030. Maroon 5 - Animals_noise_-12.5dB_sample1.wav",238,6,10,6,7,7,7,8,6,6,8,6,10,6,13,7,8,6,5,11,4,6,5,6,6,5,9,7,7,7,7,7,6,10,5,10,8,7,3,8,1289,4,6,5,6,9,6,7,6,7,7,5,7,5,5,8,6,8,7,6,7,7,6,6,6,6,10,7,6,7,8,9,5,8,8,7,5,6,7,5,6,6,8,7,7,10,7,10,5,8,11,8,10,7,6,8,7,10,6,7,8
"57_Numb_noise_-12.5dB_sample1.wav",175,7,6,5,6,7,7,9,5,7,6,9,7,9,8,7,8,5,6,9,6,9,4,8,5,6,9,7,6,6,7,7,6,6,6,6,7,8,4,8,7,7,7,6,7,6,7,5,5,7,6,6,7,7,6,6,6,8,6,7,6,6,5,6,7,7,6,8,8,6,6,6,5,6,5,7,6,7,6,7,6,7,11,12,8,7,1897,7,6,7,9,12,6,5,7,12,6,7,9,7,7
"19_054. Owl City - When Can I See You Again (From Wreck it Ralph)_noise_-12.5dB_sample2.wav",169,7,8,5,7,7,10,8,6,5,9,8,8,10,10,6,7,8,4,8,6,5,7,7,7,6,10,7,7,6,8,6,6,7,9,8,7,6,3,9,8,8,7,5,7,8,6,8,6,6,7,5,7,6,6,8,9,7,5,6,6,6,7,5,7,7,6,6,9,6,408,5,6,7,7,7,5,9,7,6,6,5,9,7,8,9,6,10,7,8,10,6,6,6,6,9,5,7,7,5,9
"15_060. My OCD (Song)_noise_-12.5dB_sample1.wav",196,8,7,5,9,12,8,8,7,5,8,7,1103,8,11,6,7,7,8,10,5,5,6,6,8,6,7,6,9,6,7,6,6,6,7,6,9,9,4,11,7,4,7,6,7,6,7,7,7,8,8,5,7,6,8,5,8,7,8,6,8,6,7,5,8,7,7,6,7,6,8,3,5,7,6,8,4,9,6,9,6,5,9,7,8,7,6,7,6,8,8,7,7,7,6,7,5,9,6,6,9
"86_019. Naughty Boy - La la la ft. Sam Smith (Official Video)_noise_-12.5dB_sample1.wav",188,6,7,5,7,6,5,7,9,7,8,7,7,10,11,6,8,5,6,8,8,7,7,6,7,6,8,7,6,7,6,8,7,8,6,7,6,8,5,9,7,4,6,6,7,7,5,5,7,6,8,7,11,7,6,7,6,7,5,6,8,6,7,7,7,7,8,7,8,6,11,4,7,7,5,6,5,6,6,6,5,5,7,7,9,8,6,580,4,9,7,8,6,6,7,7,6,7,11,6,7
"96_089. American Boy by Estelle and Kanye West_noise_-12.5dB_sample2.wav",191,8,6,6,9,6,11,10,8,6,7,7,6,7,8,7,7,5,6,8,5,9,5,7,5,8,7,7,7,6,7,6,6,6,7,7,7,7,3,9,6,5,7,6,6,7,7,6,5,7,7,6,8,5,7,10,7,8,6,6,6,7,8,5,7,6,6,8,10,5,6,2,7,6,7,6,6,6,7,6,5,6,8,7,9,8,6,7,6,9,7,7,5,7,8,8,5,6,1985,5,9
"26_017. David Guetta - Titanium ft. Sia (Official Video)_noise_-12.5dB_sample2.wav",177,6,9,4,8,7,7,7,5,7,6,7,7,7,7,6,7,5,6,8,5,6,4,6,11,5,7,7,8,8,8,7,5,8,8,5,8,7,4,7,6,4,8,5,6,9,8,8,7,9,6,5,8,5,7,5,9,7,8,1093,7,7,6,4,9,7,6,7,8,5,5,2,6,7,5,6,6,7,5,7,5,5,8,8,10,8,5,7,4,7,6,8,5,8,6,8,4,6,7,7,8
"43_098. Nightcore~ The Wolf_noise_-12.5dB_sample1.wav",186,7,6,4,8,8,9,7,7,5,7,8,7,7,8,5,6,6,7,6,6,7,5,7,5,6,8,8,6,6,6,6,6,6,7,6,6,7,4,8,8,5,8,5,8,7,5,6,6,6,6,7,7,9,7,7,8,8,7,7,8,7,7,4,9,7,6,7,8,7,8,2,7,8,7,6,7,7,5,7,5,8,7,7,7,8,5,7,5,9,10,7,6,6,6,557,7,5,6,5,9
"71_083. My Singing Monsters - Plant Island Theme_noise_-12.5dB_sample1.wav",195,8,6,7,7,7,12,11,5,6,8,7,9,8,9,6,8,5,8,7,5,6,719,6,7,7,9,8,8,11,6,8,7,8,6,6,8,7,4,7,6,6,5,11,8,6,6,7,6,6,6,5,8,6,7,7,7,8,7,6,6,9,7,8,9,6,6,8,8,6,6,2,5,7,6,7,5,7,7,6,7,5,8,7,6,9,6,9,7,7,6,6,7,7,7,9,6,6,7,5,7
"64_097. Nightcore - Running With the Wolves [Lyrics]_noise_-12.5dB_sample2.wav",177,8,6,3,8,6,7,7,7,5,8,8,8,8,7,6,9,8,8,8,4,7,5,7,6,7,8,7,6,6,6,6,5,6,6,6,6,8,4,9,8,5,7,5,6,6,6,6,5,6,8,5,7,6,7,6,7,9,7,7,6,6,7,5,6,5,7,7,7,5,7,4,6,6,6,6,262,7,7,6,5,6,9,8,10,7,7,8,5,7,8,7,8,6,7,9,7,6,7,7,9
"26_017. David Guetta - Titanium ft. Sia (Official Video)_noise_-12.5dB_sample1.wav",187,6,8,5,7,6,6,8,6,7,7,6,6,6,6,6,7,5,5,8,6,7,5,7,9,5,8,7,6,6,6,6,4,7,6,5,7,8,4,8,6,5,7,6,6,6,5,7,8,6,6,6,10,5,7,7,8,8,6,1532,8,6,7,5,6,6,5,6,7,5,6,3,6,6,7,6,5,6,6,8,5,5,7,8,7,11,6,6,5,8,10,8,4,9,6,6,4,6,7,7,10
"76_073. Lindsey Stirling - Crystallize (Dubstep Violin Original Song)_noise_-12.5dB_sample1.wav",192,6,8,6,8,7,7,9,6,7,8,7,7,7,7,7,9,6,6,9,8,8,6,7,7,9,10,7,7,6,7,5,6,7,7,7,8,8,4,9,8,5,8,8,6,5,7,7,6,6,7,5,8,7,8,8,6,9,6,6,7,6,9,6,6,1284,8,6,8,6,9,5,6,7,7,6,7,7,6,6,5,5,8,7,10,8,6,6,4,9,9,8,5,9,8,7,6,7,6,5,9
"34_The Trap_noise_-12.5dB_sample1.wav",173,6,7,5,7,7,7,8,6,6,5,8,6,7,8,7,8,7,6,6,6,6,6,7,8,7,7,6,7,4,6,6,5,8,6,6,7,10,3,6,6,5,6,6,6,8,1042,6,12,7,7,7,7,6,6,7,7,7,8,7,8,6,5,6,8,8,8,7,12,5,8,3,5,6,5,6,6,8,5,6,7,4,7,5,9,7,5,8,5,8,9,9,5,5,6,8,4,6,6,5,7
"20_Never Meant to Know_noise_-12.5dB_sample2.wav",183,6,6,5,8,6,6,9,5,6,7,7,7,8,8,7,8,5,7,7,5,5,5,7,6,6,7,6,7,7,8,6,7,8,5,7,6,7,4,9,8,7,6,7,7,7,5,5,6,7,6,8,10,776,9,6,10,8,6,5,7,7,7,6,7,8,6,5,7,6,8,6,6,7,6,7,6,5,7,7,5,4,7,7,8,7,7,8,5,8,7,8,6,5,6,8,5,6,6,5,6
"83_004. Katy Perry - Roar_noise_-12.5dB_sample2.wav",187,5,7,4,7,6,6,7,5,6,7,8,7,6,6,5,7,5,5,7,5,6,5,7,6,6,8,7,7,5,7,6,4,7,5,7,7,7,3,10,7,5,5,7,6,6,6,8,7,6,7,6,7,5,5,8,19,7,6,5,7,9,6,7,7,6,6,6,7,7,6,2,5,6,6,7,5,6,6,6,7,5,8,8,7,9,5,7,6,10,7,8,7,6,6,6,5,6,7,5,9
"47_020. Warriors (ft. Imagine Dragons)  Worlds 2014 - League of Legends_noise_-12.5dB_sample1.wav",176,6,9,4,8,8,8,7,6,5,8,7,8,7,9,5,6,6,7,7,6,8,6,7,5,5,7,6,7,8,8,6,6,6,7,6,7,7,3,8,8,5,5,5,7,5,5,6,5,7,10,5,12,7,6,8,5,6,7,6,7,5,5,7,8,6,5,7,7,380,7,4,5,5,7,7,6,6,6,5,7,6,7,8,10,7,6,7,7,8,8,7,5,6,7,6,5,6,6,6,10
"34_The Trap_noise_-12.5dB_sample2.wav",179,6,6,5,8,6,10,7,8,7,7,7,6,7,8,8,7,5,6,7,6,8,6,7,11,6,8,8,10,6,6,8,5,7,9,6,9,8,3,10,9,5,10,6,6,7,784,9,7,6,8,7,8,6,7,7,8,9,10,5,9,6,6,5,8,7,6,8,7,6,5,5,5,7,7,6,4,8,6,7,5,6,8,8,8,8,6,8,5,9,7,7,5,9,7,6,7,8,6,8,8
"21_085. Janji ft. Johnning - Heroes Tonight 1 HOUR_noise_-12.5dB_sample1.wav",188,6,7,5,9,7,9,11,7,7,9,8,7,12,7,6,8,5,6,7,6,6,5,8,5,7,7,7,6,6,6,6,5,6,8,5,6,7,3,9,5,4,7,6,6,10,6,10,5,5,6,6,9,6,7,8,7,7,8,8,7,6,9,6,8,6,7,6,9,6,8,3,7,6,6,5,5,9,8,8,6,6,8,7,8,8,6,7,6,9,10,7,6,6,8,5,5,6,8,6,6
"29_010. Katy Perry - Part Of Me (Official)_noise_-12.5dB_sample2.wav",185,6,7,5,356,8,9,8,6,5,8,9,7,12,7,7,11,5,9,7,7,9,5,7,7,7,7,8,6,6,7,7,6,7,7,5,6,8,4,8,7,5,7,6,8,8,7,6,5,8,7,6,7,6,6,8,8,7,8,6,7,6,8,6,7,8,6,6,6,5,6,3,6,7,6,7,6,10,6,6,9,5,8,7,8,9,5,10,6,10,8,6,6,7,6,6,5,6,7,5,7
"101_070. Eminence - Knock Me Out (feat. Anna Cyzon) [Monstercat Official Music Video]_noise_-12.5dB_sample2.wav",174,6,8,4,8,10,8,8,7,5,7,6,7,7,7,9,7,5,7,9,5,7,6,6,6,6,9,10,8,6,6,7,656,7,6,6,7,8,4,8,7,5,6,7,8,7,7,7,7,7,6,5,8,8,7,5,6,7,5,6,8,6,6,5,12,5,5,7,6,7,7,2,6,6,5,8,4,6,6,6,7,5,7,7,7,7,7,6,5,8,6,8,8,5,5,7,5,6,7,5,7
"83_004. Katy Perry - Roar_noise_-12.5dB_sample1.wav",164,7,6,4,10,8,10,8,5,6,8,8,6,8,6,6,7,5,6,8,5,7,6,6,6,6,8,7,8,7,6,9,4,8,10,6,6,8,4,7,6,5,7,5,7,8,7,7,6,8,7,6,7,6,6,7,456,8,5,6,8,5,7,5,7,8,8,8,8,5,5,2,6,8,5,5,5,7,6,6,5,4,7,6,8,11,5,7,4,9,9,7,5,7,7,7,5,4,5,8,9
"2_023. Rachel Platten - Fight Song (Official Video)_noise_-12.5dB_sample2.wav",165,7,6,6,8,9,6,7,6,5,7,8,7,6,8,562,7,7,6,7,5,6,5,9,6,7,8,8,6,6,7,6,5,8,9,6,10,7,4,9,8,5,6,8,8,6,8,6,6,8,6,6,9,5,6,8,5,6,5,5,5,5,6,5,6,9,7,7,8,5,6,4,6,7,5,7,5,8,6,7,5,7,7,8,9,7,5,6,6,8,7,8,6,6,6,7,5,9,7,6,8
"1_028. Capital Cities - Safe And Sound_noise_-12.5dB_sample2.wav",167,6,8,5,8,6,7,8,5,8,8,9,7,5,9,7,8,6,6,9,5,6,8,8,6,7,8,6,9,6,8,6,6,10,6,6,368,6,3,10,8,6,6,6,7,7,7,6,8,7,10,5,7,5,7,7,6,9,6,5,6,6,5,5,8,6,9,8,9,6,7,4,6,6,9,7,5,9,6,6,5,7,9,8,8,8,6,7,5,9,7,8,7,5,8,6,4,9,8,8,9
"77_065. Nightcore - Ghostbusters_noise_-12.5dB_sample1.wav",166,5,7,4,6,8,7,10,5,7,7,7,8,10,7,5,8,6,7,8,6,1010,4,6,5,7,9,7,8,7,6,5,5,7,6,6,7,8,3,9,7,5,8,5,6,5,7,7,6,6,7,6,8,7,6,8,7,8,11,5,6,5,7,7,11,10,8,7,8,6,6,3,6,7,5,6,5,5,7,9,6,6,9,7,7,8,5,7,4,8,9,7,9,6,8,7,6,6,6,6,7
"53_102. What_noise_-12.5dB_sample2.wav",169,6,9,5,9,7,11,10,7,5,8,7,9,8,7,6,12,8,7,11,5,7,5,7,7,9,7,8,7,6,6,7,5,6,6,6,6,9,5,11,8,5,7,8,7,6,6,7,5,7,6,6,7,8,8,7,6,7,6,5,9,252,7,9,7,9,8,6,6,5,7,2,7,8,8,8,6,7,6,7,7,6,7,7,7,9,5,8,6,9,8,8,7,7,6,6,6,8,9,8,10
"70_You and Me_noise_-12.5dB_sample1.wav",164,7,7,4,7,6,8,8,7,6,9,7,7,11,9,6,8,6,4,7,6,7,6,8,6,6,5,6,6,7,7,7,6,7,7,6,8,7,4,9,6,5,7,6,6,7,6,6,5,7,7,5,6,7,6,5,7,12,7,5,6,8,7,7,7,7,7,7,7,6,7,3,6,8,1134,7,5,9,6,7,6,5,8,6,8,9,6,7,6,7,11,8,6,9,7,8,5,7,8,5,6
"35_036. Fall Out Boy - Centuries (Official Video)_noise_-12.5dB_sample2.wav",158,6,7,5,8,7,7,6,6,7,8,6,6,7,7,6,8,7,6,6,6,6,5,7,4,5,9,8,7,6,6,5,8,6,6,742,6,7,4,8,6,4,7,7,6,5,5,6,5,6,4,7,7,6,5,6,9,6,7,6,6,6,7,5,7,6,6,8,7,6,7,4,4,5,6,7,5,6,7,6,6,3,8,8,8,7,6,7,5,9,8,7,6,6,6,10,4,6,8,6,6
"18_044. tony igy-stop in my mind_noise_-12.5dB_sample2.wav",164,6,8,3,8,6,9,9,5,5,8,7,7,8,8,6,6,8,6,7,7,7,5,7,6,6,7,6,7,6,6,779,8,5,7,6,6,7,3,9,9,6,6,7,7,7,5,6,6,9,7,6,10,6,6,8,6,7,6,5,6,5,6,6,14,6,9,6,9,5,10,5,6,8,6,6,5,8,5,6,4,5,7,7,8,9,8,8,6,7,8,8,6,7,7,7,7,7,6,7,10
"67_090. Josh Groban - You Raise Me Up (Official Music Video) [HD Remaster]_noise_-12.5dB_sample2.wav",164,202,6,4,7,8,7,9,7,6,7,6,11,6,6,6,9,9,5,7,5,6,5,6,9,7,8,7,11,6,7,6,5,7,7,7,6,8,3,8,6,4,6,6,6,7,7,6,5,7,6,5,6,7,7,7,7,7,7,7,8,7,7,5,7,7,6,6,7,5,9,1,6,5,6,5,7,9,7,6,5,6,8,8,8,9,4,8,6,7,8,8,6,7,9,7,4,7,7,5,8
"46_032. Katy Perry - Wide Awake (Official Video)_noise_-12.5dB_sample1.wav",165,7,7,6,7,313,7,6,6,6,8,7,8,6,7,5,6,5,6,7,5,6,6,9,7,6,6,6,6,7,7,7,5,7,8,5,6,6,3,8,5,5,6,6,5,6,6,8,5,8,6,5,9,6,9,6,7,6,6,6,6,10,6,6,7,10,8,6,6,5,7,3,5,9,5,6,5,6,5,8,5,5,7,6,9,7,6,6,4,8,9,9,6,5,6,6,7,7,6,5,9
"84_001. Anna Kendrick - Cups_noise_-12.5dB_sample2.wav",161,7,6,3,8,8,9,8,155,6,8,7,7,7,6,5,8,6,5,6,5,6,6,6,6,9,10,9,6,7,9,8,4,6,6,6,6,6,5,8,8,5,9,11,6,7,7,6,5,8,6,4,8,6,8,7,8,8,6,6,8,6,6,6,9,6,11,6,8,6,6,3,6,7,7,6,5,6,6,7,5,4,7,6,8,8,6,7,5,8,7,7,5,5,8,7,6,6,7,7,8
"46_032. Katy Perry - Wide Awake (Official Video)_noise_-12.5dB_sample2.wav",175,6,6,5,10,1147,8,10,8,6,8,6,8,8,8,6,8,5,8,7,7,6,5,7,8,7,7,8,6,6,5,6,5,7,7,6,9,9,3,10,8,5,9,7,6,8,6,7,7,7,11,5,7,8,10,7,9,10,8,8,8,5,6,5,6,7,7,7,8,7,7,2,5,5,6,6,5,9,9,10,6,6,8,9,10,8,4,8,5,12,9,7,7,8,8,9,4,9,5,6,10
"8_081. The Beach Boys - I Get Around_noise_-12.5dB_sample1.wav",165,8,6,4,9,6,8,8,6,8,8,6,8,6,7,5,6,7,5,7,6,5,5,6,5,5,5,7,8,8,7,7,6,8,5,6,7,10,5,9,7,951,6,6,6,6,6,5,6,6,6,5,8,6,6,6,7,9,6,5,7,6,6,5,8,6,7,6,9,5,6,3,6,8,6,8,4,7,8,6,6,5,6,6,7,8,5,7,5,7,10,6,6,5,6,9,5,7,7,7,10
"82_A Lady_noise_-12.5dB_sample2.wav",158,6,7,4,7,6,7,7,8,7,11,6,8,9,8,6,8,6,5,7,7,6,6,8,5,5,13,7,7,6,6,7,5,6,8,6,6,7,212,9,6,5,6,6,5,8,5,6,6,6,6,7,8,7,7,8,6,8,7,5,5,7,7,6,8,6,6,7,7,5,6,3,5,6,5,6,7,5,5,6,6,4,7,7,6,6,5,6,6,9,8,10,7,7,7,7,7,7,8,7,7
"39_051. Galantis - No Money (Official Video)_noise_-12.5dB_sample1.wav",167,6,9,4,9,5,10,9,6,6,6,7,7,5,10,6,9,9,7,9,5,7,7,7,6,6,6,6,8,7,6,11,6,7,6,7,10,6,3,9,10,5,6,6,8,6,5,6,7,6,8,6,10,8,7,4,6,6,4,6,5,8,5,1189,11,8,7,7,10,8,11,8,5,8,6,7,4,6,7,5,4,5,7,10,7,10,10,8,4,8,8,10,7,6,7,7,4,6,7,6,7
"60_057. Get Off The Phone Song_noise_-12.5dB_sample1.wav",165,5,5,5,10,7,6,8,6,5,7,6,7,7,5,6,6,7,6,9,7,7,4,6,5,5,6,6,7,6,7,6,5,6,7,6,5,6,3,8,6,9,4,207,7,5,6,7,6,6,6,6,7,7,5,9,6,9,6,5,6,6,10,6,5,7,7,6,6,5,7,3,7,5,6,5,5,6,6,5,5,5,7,9,6,6,5,7,5,7,6,7,4,5,6,11,5,6,5,6,8
"23_048. Pharrell Williams - Happy (Official Music Video)_noise_-12.5dB_sample1.wav",176,5,7,5,6,9,7,8,7,6,8,9,9,8,7,5,9,6,6,7,8,8,4,7,6,8,7,7,6,9,6,5,6,6,6,6,6,7,5,10,8,4,8,6,7,9,6,6,7,6,7,5,7,5,8,6,6,8,5,6,9,6,8,5,10,7,6,6,8,6,7,3,7,9,6,6,5,7,5,7,9,5,8,7,8,10,6,6,5,8,1000,8,5,6,7,9,5,8,6,8,12
"54_016. Taylor Swift - Blank Space_noise_-12.5dB_sample1.wav",172,6,8,4,7,8,7,7,8,6,9,8,6,7,9,6,8,5,7,7,6,6,4,9,8,8,9,6,7,11,9,7,7,8,8,5,7,6,3,11,10,4,7,8,7,6,5,9,5,8,7,5,9,8,6,6,7,807,7,7,8,7,5,5,6,8,7,9,8,5,7,2,6,8,7,9,7,7,7,7,6,5,7,5,7,7,4,7,7,8,8,9,7,7,7,7,6,5,5,7,8
"53_102. What_noise_-12.5dB_sample1.wav",159,4,6,5,9,8,6,8,5,6,8,7,11,6,7,5,7,5,6,7,6,6,4,11,6,6,7,6,6,5,8,7,4,7,6,6,5,8,4,12,6,4,5,7,6,6,6,7,6,6,6,5,6,7,6,7,7,6,6,6,5,70,6,8,7,7,7,8,11,6,7,3,6,6,5,6,8,6,7,6,4,4,8,7,7,11,6,9,5,7,8,11,5,6,6,7,6,8,7,6,7
"28_074. American Authors - Best Day Of My Life_noise_-12.5dB_sample2.wav",160,7,7,4,9,7,7,6,7,5,8,9,10,8,8,6,7,651,8,7,6,7,6,6,6,7,7,6,7,6,10,7,6,6,6,5,8,9,3,9,6,6,6,6,6,5,5,8,5,5,8,6,6,7,8,5,5,7,5,5,6,5,8,5,6,6,6,6,6,6,7,3,5,5,5,7,5,7,5,7,5,4,8,7,8,8,6,6,6,10,7,7,9,6,7,9,7,6,8,7,13
"32_086. Olly Murs - Grow Up (Official Video)_noise_-12.5dB_sample1.wav",165,7,6,6,7,9,8,6,8,6,11,7,9,8,8,6,10,7,6,7,5,7,4,7,6,7,7,9,6,6,8,7,7,7,7,6,8,8,5,7,7,7,10,7,8,11,6,7,6,8,10,6,9,7,7,7,6,8,6,7,8,7,8,9,6,6,6,6,7,6,8,2,6,8,6,6,6,9,6,2993,5,4,8,7,8,8,7,8,6,9,8,7,5,8,8,8,4,7,6,7,7
"89_091. Faster Car - Anders Lystell feat. Kaliber [EPIDEMIC SOUND] (Lyrics)_noise_-12.5dB_sample1.wav",162,6,6,4,9,7,7,8,7,8,9,6,6,7,6,8,8,6,8,7,6,5,6,8,6,6,8,7,7,6,10,6,5,6,6,5,5,7,3,7,7,4,7,6,6,6,6,7,5,8,6,7,218,9,8,6,7,8,6,8,6,6,6,5,7,11,5,7,6,6,9,3,5,6,9,6,5,6,7,6,6,4,9,7,8,7,6,7,4,7,10,7,6,6,7,8,6,5,5,6,7
"28_074. American Authors - Best Day Of My Life_noise_-12.5dB_sample1.wav",164,5,7,3,9,6,6,9,5,7,11,6,6,8,7,6,8,742,6,7,5,7,5,6,5,8,6,7,7,7,7,7,5,5,6,6,7,8,4,7,6,7,6,6,7,7,7,6,7,6,6,6,7,5,7,8,6,7,4,6,7,8,6,5,6,6,6,6,8,7,7,5,5,7,7,6,4,9,5,6,5,5,8,7,8,9,6,7,6,8,10,7,5,6,6,6,8,7,6,7,7
"74_029. David Guetta - Hey Mama (Official Video) ft Nicki Minaj, Bebe Rexha & Afrojack_noise_-12.5dB_sample1.wav",177,6,8,5,7,6,6,6,5,6,6,8,7,6,10,6,8,7,5,10,5,6,5,7,5,5,9,6,6,9,7,6,6,7,7,6,7,7,4,9,9,4,6,9,6,6,6,7,6,7,6,5,7,7,8,8,8,7,5,5,5,6,6,7,8,6,8,7,6,7,7,5,6,7,5,6,5,7,5,5,7,5,8,7,7,8,6,7,5,7,7,7,781,7,6,7,6,7,6,6,7
"14_099. Sheppard Geronimo - [International Version] (Official music Video)_noise_-12.5dB_sample2.wav",164,7,7,4,7,6,7,7,7,6,8,7,6,6,7,7,9,6,5,6,8,6,7,9,5,6,458,5,7,7,6,7,4,7,6,8,6,8,3,7,6,5,7,8,6,7,6,7,5,6,6,5,8,8,8,6,6,8,5,6,7,4,7,5,6,6,8,6,7,5,6,6,7,5,5,6,5,7,7,7,6,4,9,6,10,8,6,6,6,8,7,8,5,7,7,7,5,6,9,5,8
"71_083. My Singing Monsters - Plant Island Theme_noise_-12.5dB_sample2.wav",171,9,6,5,8,9,9,13,5,6,9,6,7,6,8,5,8,5,5,8,7,6,777,6,6,6,7,6,8,9,7,6,7,7,5,6,6,8,5,12,6,5,7,9,6,5,7,7,6,8,8,7,8,7,7,6,6,6,5,6,6,8,6,6,7,6,7,6,9,4,6,3,7,8,6,7,5,7,6,7,7,4,7,9,9,7,6,8,6,9,11,8,6,8,7,9,6,7,7,6,7
"38_082. Smoke and Mirrors_noise_-12.5dB_sample2.wav",166,6,6,4,8,7,9,8,6,5,7,6,8,6,7,7,9,5,5,6,6,6,4,6,6,6,7,6,6,6,6,6,7,7,8,5,8,7,4,9,9,6,8,6,6,6,5,8,6,220,8,8,7,5,6,7,6,8,5,5,5,6,7,6,8,7,6,6,9,5,8,3,6,7,7,7,5,7,7,7,5,5,7,9,7,7,6,9,6,7,7,7,6,6,6,7,4,5,7,7,8
"99_080. Melanie Martinez - Carousel (Official Music Video)_noise_-12.5dB_sample2.wav",175,7,6,5,6,7,7,7,6,5,11,7,12,10,6,5,7,5,6,8,5,6,5,9,6,6,6,6,7,6,6,6,7,6,5,5,5,7,3,8,5,4,7,5,6,7,5,6,6,5,7,8,8,8,6,9,6,8,6,6,6,5,9,6,6,5,6,1666,7,8,6,8,7,5,6,7,6,9,6,6,5,5,8,15,7,9,5,6,7,7,8,6,6,6,5,6,5,5,5,7,8
"25_035. Alan Walker - Sing Me To Sleep_noise_-12.5dB_sample2.wav",179,7,13,4,9,8,6,8,7,6,8,6,10,7,15,8,8,7,6,7,5,8,5,6,8,6,9,7,6,6,6,8,7,7,8,8,18,6,7,10,8,5,5,8,7,6,6,5,5,7,5,6,7,5,7,7,7,6,6,6,7,5,7,7,8,9,7,6,8,7,12,4,5,7,7,9,5,10,5,6,6,7,8,9,9,10,5,11,5,8,8,9,6,7,6,6,6,2118,7,6,8
"73_Turn the Lights Off_noise_-12.5dB_sample2.wav",163,6,6,5,9,9,7,11,6,7,6,6,8,7,7,6,6,8,6,7,5,9,4,6,6,6,8,9,7,1229,6,6,5,8,5,5,6,6,4,6,8,5,6,7,6,5,6,6,6,6,5,4,7,6,4,5,6,9,6,5,6,5,7,5,8,6,6,6,10,6,9,4,4,8,4,6,6,6,6,5,5,4,7,7,9,6,6,7,5,6,7,8,8,6,7,6,6,6,8,10,8
"94_Banana Man_noise_-12.5dB_sample1.wav",158,6,11,4,9,6,7,8,5,6,7,6,6,7,7,5,8,5,5,7,7,6,5,7,6,1229,6,7,5,6,7,7,5,8,6,8,6,7,3,7,6,5,7,7,7,6,6,5,6,6,7,6,7,7,8,7,5,8,7,6,7,5,7,5,6,6,6,8,7,6,7,4,5,6,5,7,5,8,7,6,6,4,7,6,7,9,5,11,5,9,8,8,7,6,6,7,4,6,7,6,7
"52_007. Katy Perry - Dark Horse ft. Juicy J_noise_-12.5dB_sample2.wav",159,7,6,5,9,8,8,8,5,7,8,8,7,7,8,6,9,7,7,7,7,7,7,7,9,7,7,6,7,7,6,7,5,5,5,6,7,7,3,7,9,5,6,6,7,5,5,7,6,6,6,6,11,6,6,6,8,8,6,5,7,7,8,5,7,7,6,5,8,5,5,2,6,6,6,9,5,6,5,6,5,5,8,10,8,8,7,6,5,9,9,6,6,7,7,8,5,6,6,345,9
"85_011. Martin Garrix - Animals (Official Video)_noise_-12.5dB_sample2.wav",160,7,5,6,8,7,7,6,6,5,7,7,6,231,7,6,8,6,5,10,6,7,5,10,6,6,6,6,8,6,6,7,5,6,6,5,8,8,3,8,7,4,6,6,5,5,6,6,5,6,6,6,7,6,7,6,6,10,6,6,7,7,7,6,8,7,6,8,7,8,6,2,4,6,6,6,5,6,7,5,7,5,9,8,8,15,5,8,8,9,9,10,6,6,9,7,5,6,6,5,7
"31_058. Rub Some Bacon on It_noise_-12.5dB_sample1.wav",169,5,6,5,9,8,8,8,8,6,7,8,5,8,9,6,7,7,7,7,6,8,4,9,8,6,7,7,7,7,6,7,5,106,6,6,8,7,3,8,8,4,8,6,7,6,5,6,6,8,6,5,8,7,5,8,6,6,6,5,6,8,7,6,7,6,6,6,6,6,8,3,8,6,7,5,4,7,6,5,7,5,9,8,9,9,7,11,4,12,6,7,6,6,8,7,5,6,7,6,9
"42_046. Meghan Trainor - NO_noise_-12.5dB_sample1.wav",172,7,7,5,10,6,9,9,7,6,6,7,7,7,8,7,7,7,8,8,5,6,5,8,7,7,7,7,1548,7,9,8,7,7,6,7,6,8,4,8,8,6,7,7,6,9,6,6,6,7,6,7,8,7,6,7,6,6,6,5,6,5,6,5,6,6,6,6,7,7,8,4,5,7,8,7,4,7,8,6,5,5,8,10,8,9,7,8,7,9,8,7,6,6,7,7,6,6,7,6,8
"41_The Bidding_noise_-12.5dB_sample1.wav",159,6,6,4,7,8,7,8,8,6,9,6,6,6,7,7,7,5,7,7,6,8,4,6,7,6,7,6,6,5,6,6,5,6,6,6,6,8,4,8,8,4,6,6,7,8,7,7,5,7,8,6,9,8,7,6,7,8,5,6,6,6,9,5,7,6,6,6,9,6,7,2,6,6,8,7,6,5,6,8,7,7,7,6,7,13,5,9,5,9,8,9,6,8,6,7,282,5,8,5,9
"102_018. Shawn Mendes - Stitches (Official Music Video)_noise_-12.5dB_sample1.wav",162,7,5,3,8,7,10,7,6,6,9,300,7,7,7,6,8,5,5,7,6,7,4,6,7,5,7,6,7,6,6,5,5,6,8,6,5,8,5,8,6,7,8,7,6,6,5,9,5,8,7,6,8,5,8,7,6,7,7,7,6,7,5,6,7,5,5,6,8,5,6,2,6,6,7,6,5,7,7,8,6,5,7,7,7,8,9,6,6,10,8,10,5,8,8,7,5,6,6,5,8
"66_Cruel_Summer_noise_-12.5dB_sample1.wav",176,6,6,6,8,6,10,8,7,6,9,7,8,6,8,5,6,9,6,7,6,6,7,7,5,9,7,8,8,5,7,7,5,6,6,7,9,7,3,8,6,5,7,6,8,6,5,7,1028,7,6,6,7,8,7,6,7,8,8,7,5,7,5,6,9,6,6,7,8,5,7,6,5,6,5,7,5,5,6,6,6,4,8,7,8,8,7,7,6,7,10,7,6,5,7,6,5,6,9,7,9
"30_Cannibal_noise_-12.5dB_sample2.wav",162,6,7,6,8,7,7,9,8,5,7,8,11,6,9,6,7,6,7,9,7,6,5,7,9,7,9,7,8,7,7,6,7,7,6,6,6,8,4,9,8,5,7,7,6,7,5,5,6,6,7,5,8,8,8,7,6,8,6,7,6,9,6,7,8,6,7,7,9,9,8,7,5,8,6,8,6,8,6,8,9,5,7,808,7,8,4,8,6,9,8,8,8,6,7,7,6,7,7,5,7
"29_010. Katy Perry - Part Of Me (Official)_noise_-12.5dB_sample1.wav",162,5,6,5,427,8,7,8,6,7,8,6,6,7,9,8,10,6,5,12,6,5,5,7,6,6,11,6,7,8,6,6,5,9,7,8,7,8,4,7,5,6,7,6,7,8,8,9,5,7,9,6,10,7,6,6,8,8,6,6,6,7,6,7,7,8,5,6,7,6,8,4,8,7,6,7,5,7,7,6,5,4,9,6,9,9,6,9,6,7,8,7,6,6,6,7,6,5,7,6,8
"42_046. Meghan Trainor - NO_noise_-12.5dB_sample2.wav",163,6,5,4,12,6,6,7,6,6,7,7,9,11,7,5,7,7,5,8,6,5,5,6,5,6,11,7,151,6,6,6,7,5,4,11,5,10,4,8,7,4,5,5,7,8,7,7,5,6,6,6,9,7,5,5,6,7,9,6,6,6,7,6,7,6,6,7,8,6,6,2,8,6,6,6,5,6,6,5,5,5,7,7,7,7,6,6,5,8,7,9,6,7,6,7,5,6,6,5,10
"17_084. Thomas Rhett - Crash and Burn_noise_-12.5dB_sample1.wav",163,7,5,5,8,7,9,10,6,5,9,8,8,6,7,6,338,6,5,9,6,9,6,9,7,6,7,7,6,6,7,6,6,9,6,5,6,8,2,7,8,6,5,5,6,6,5,7,7,6,6,6,10,8,6,6,6,5,5,5,8,5,6,4,5,5,5,6,6,7,5,3,6,7,8,7,4,6,5,6,7,5,8,8,8,7,5,7,6,8,7,6,4,6,6,7,6,6,6,8,8
"101_070. Eminence - Knock Me Out (feat. Anna Cyzon) [Monstercat Official Music Video]_noise_-12.5dB_sample1.wav",161,5,6,4,7,7,9,7,5,5,7,8,8,8,6,5,8,6,5,6,6,7,5,9,5,5,7,8,5,6,7,6,443,7,6,6,6,11,4,7,7,6,8,6,8,6,6,6,5,6,5,5,8,5,6,6,6,7,6,5,8,8,6,7,7,6,7,6,7,5,8,2,5,7,6,7,5,7,8,6,5,5,8,7,7,9,8,9,5,9,8,9,6,7,6,8,5,8,7,7,7
"18_044. tony igy-stop in my mind_noise_-12.5dB_sample1.wav",180,6,6,4,7,6,7,8,7,6,8,8,8,7,7,6,6,9,8,10,4,6,5,7,5,8,7,7,6,6,9,156,6,5,6,6,7,9,4,8,6,5,6,6,6,7,5,6,5,6,5,6,7,6,7,7,6,7,6,6,6,6,5,5,8,6,5,6,9,8,5,3,6,6,6,5,5,6,8,6,8,7,7,6,6,7,5,9,6,7,7,7,6,6,5,9,5,6,5,6,8
"62_061. LEFT SCREEN ONLY Spot the Differences_noise_-12.5dB_sample2.wav",166,6,5,5,8,7,8,7,6,5,7,7,6,8,7,5,8,5,6,6,6,6,6,7,7,6,8,6,6,6,5,6,5,6,6,5,7,9,3,8,8,6,8,5,7,5,5,6,4,7,7,5,10,5,7,6,7,8,5,5,6,7,6,5,7,6,7,6,7,6,6,2,5,7,5,6,6,5,7,5,1922,4,6,6,6,8,5,7,6,10,7,9,5,7,5,8,5,5,7,5,7
"36_072. Jessie J - Price Tag ft. B.o.B_noise_-12.5dB_sample1.wav",177,5,7,4,7,6,7,6,7,7,8,9,9,6,6,6,8,6,4,8,5,7,5,7,6,8,7,7,7,7,9,6,6,6,5,7,6,7,3,7,6,4,6,7,6,6,8,6,5,7,6,6,9,6,8,7,7,8,6,7,8,5,5,5,7,6,6,8,7,7,6,4,5,8,6,8,6,7,5,7,6,4,8,8,7,10,5,8,5,9,7,7,6,5,136,7,5,8,7,7,9
"64_097. Nightcore - Running With the Wolves [Lyrics]_noise_-12.5dB_sample1.wav",180,6,6,6,7,8,8,7,7,6,7,8,6,9,8,7,9,7,7,8,5,7,5,7,6,7,8,6,6,7,7,7,8,7,7,7,8,9,3,14,7,4,8,5,9,7,5,8,5,6,7,5,7,7,8,7,8,8,6,7,6,6,6,5,12,9,6,6,7,6,6,2,7,6,6,7,144,8,8,6,6,4,10,6,6,8,5,7,5,10,9,7,7,7,7,9,4,7,6,9,7
"27_022. Major Lazer & DJ Snake - Lean On (feat. MØ) [Official Music Video]_noise_-12.5dB_sample1.wav",164,5,7,4,9,9,9,8,7,955,7,7,6,8,8,6,7,5,6,7,6,7,6,6,6,6,9,7,6,7,8,7,4,6,6,8,7,7,3,7,6,4,8,5,5,7,7,8,6,6,6,6,9,5,8,7,7,7,6,5,6,6,6,5,7,7,7,7,8,5,7,2,5,7,6,5,6,9,6,7,5,4,7,8,8,8,6,6,7,8,7,9,6,6,6,7,5,6,6,6,8
"15_060. My OCD (Song)_noise_-12.5dB_sample2.wav",171,6,6,6,7,7,7,9,6,6,9,8,7,8,10,6,8,7,6,9,9,7,4,7,7,6,8,7,7,7,8,6,5,7,5,7,7,6,3,8,6,5,7,6,7,10,6,7,6,6,6,6,9,7,7,6,6,7,4,9,6,5,8,6,6,5,7,6,11,7,7,3,6,6,9,6,5,10,6,5,5,4,10,7,8,8,5,7,8,9,7,7,6,7,8,7,5,6,6,6,6
"104_024. twenty one pilots Stressed Out [OFFICIAL VIDEO]_noise_-12.5dB_sample1.wav",182,5,6,4,9,6,7,6,6,5,7,7,6,5,7,6,7,5,6,9,9,7,5,7,5,6,7,8,7,6,6,6,6,6,5,6,5,7,3,10,7,5,6,6,6,6,6,6,5,8,6,6,7,6,5,5,6,7,5,7,8,6,7,5,9,5,845,7,9,6,7,2,5,7,5,7,5,6,8,5,5,4,7,9,7,6,5,7,5,9,7,7,5,5,6,9,5,7,6,7,7
"37_063. Bastille - Pompeii (Official Music Video)_noise_-12.5dB_sample1.wav",168,7,7,6,9,5,8,10,6,4,8,9,8,6,8,6,6,6,5,8,8,7,6,463,7,6,7,8,6,7,7,6,5,4,8,7,6,6,4,10,8,5,6,7,7,5,6,6,6,6,6,5,7,6,6,6,6,5,7,6,6,7,6,6,8,6,6,8,10,5,8,5,6,7,5,7,5,6,6,5,4,4,8,6,8,7,6,8,6,7,8,10,5,7,6,6,5,5,6,6,6
"75_078. Kungs vs Cookin on 3 Burners - This Girl (Official Music Video)_noise_-12.5dB_sample1.wav",166,6,6,4,8,7,662,9,6,6,10,7,7,6,9,6,8,5,6,7,7,6,4,6,5,6,6,6,8,7,6,6,5,6,6,8,7,7,3,7,7,4,6,6,7,7,6,7,6,6,6,6,7,6,7,6,7,6,5,8,7,5,7,6,8,8,7,6,7,5,7,2,5,6,7,8,6,7,8,8,6,4,8,6,9,10,6,8,7,8,7,7,6,8,6,7,4,5,6,6,8
"63_087. Anaconda - Nicki Minaj  The Fitness Marshall  Dance Workout_noise_-12.5dB_sample1.wav",157,5,7,4,7,8,7,9,5,6,7,7,7,5,7,7,7,7,5,7,6,6,7,6,7,6,7,6,6,6,7,6,7,6,5,8,7,8,3,7,7,3,6,5,7,10,9,8,6,6,7,6,10,5,9,6,7,7,5,5,5,5,6,5,7,8,6,8,7,5,8,3,6,6,6,8,6,5,370,7,6,4,7,6,8,9,6,9,5,8,6,8,5,8,5,8,4,5,6,8,7
"27_022. Major Lazer & DJ Snake - Lean On (feat. MØ) [Official Music Video]_noise_-12.5dB_sample2.wav",159,11,7,5,8,5,9,8,8,1030,9,7,6,7,7,6,8,7,6,8,6,6,6,9,8,6,8,6,6,6,7,8,7,6,7,6,7,7,2,9,7,7,9,7,6,7,6,7,6,7,7,5,9,7,8,7,7,12,7,8,7,6,7,5,7,6,8,7,7,7,7,3,5,8,6,6,8,7,5,7,4,5,11,8,10,9,7,7,6,8,7,6,7,6,6,7,5,5,6,6,8
"67_090. Josh Groban - You Raise Me Up (Official Music Video) [HD Remaster]_noise_-12.5dB_sample1.wav",170,34,7,6,9,6,10,8,8,7,9,10,6,9,8,7,7,7,7,6,6,6,5,8,7,9,8,6,7,8,6,6,6,8,5,6,6,7,5,10,6,4,7,7,6,8,6,7,7,5,6,7,10,6,6,7,6,9,6,7,7,6,5,5,7,6,5,6,8,5,10,3,5,6,5,8,5,8,6,7,5,5,6,7,8,7,5,6,7,9,7,7,5,6,6,6,6,5,7,7,7
"44_Sacred Beast_noise_-12.5dB_sample1.wav",181,6,7,5,11,7,8,10,6,5,8,7,8,7,8,7,8,6,5,6,6,6,6,7,7,6,9,7,7,7,8,6,7,6,8,5,7,8,4,7,7,5,7,7,6,8,10,7,5,6,6,7,7,5,7,6,8,8,6,8,7,6,6,5,7,6,7,8,6,7,6,4,6,7,7,7,5,1211,8,5,5,6,7,7,6,8,6,8,8,8,9,5,5,6,7,7,7,7,8,5,7
"49_050. Carly Rae Jepsen - I Really Like You_noise_-12.5dB_sample1.wav",173,7,8,4,9,6,8,9,6,6,7,7,7,6,8,7,7,5,5,6,6,8,6,9,6,5,9,6,6,7,6,7,6,5,6,6,7,7,2,8,6,6,7,7,6,7,5,7,6,7,8,5,6,5,6,7,6,10,5,7,8,6,7,5,6,8,5,6,6,6,7,2,5,7,5,6,6,6,7,7,5,5,7,7,202,7,6,7,5,8,7,6,5,7,7,7,5,5,7,5,7
"45_005. OneRepublic - Counting Stars_noise_-12.5dB_sample2.wav",173,9,5,5,8,6,9,8,7,6,7,9,6,8,5,7,7,6,6,8,6,8,4,7,6,6,9,6,6,6,6,7,6,7,7,6,6,9,3,7,5,5,6,6,6,5,5,7,6,6,7,5,11,6,7,7,8,7,6,6,7,7,7,7,7,7,6,7,330,6,7,3,5,7,6,7,5,7,7,6,5,4,8,8,11,8,7,10,6,8,7,8,8,6,7,8,5,6,6,7,7
"40_052. Lindsey Stirling - Moon Trance (Official Music Video)_noise_-12.5dB_sample1.wav",165,8,7,7,8,8,6,8,6,6,7,9,7,10,7,7,8,6,6,1378,5,6,5,7,6,7,8,7,7,9,6,8,7,12,8,6,7,8,4,9,7,5,8,6,8,6,8,7,7,7,6,6,10,7,8,6,6,9,6,7,6,7,5,7,9,7,7,5,7,8,10,7,6,10,7,7,5,7,6,6,6,5,9,10,7,9,6,8,5,8,8,7,8,6,7,10,5,6,7,6,10
"4_003. Lorde - Royals (US Version)_noise_-12.5dB_sample2.wav",171,7,7,5,9,7,8,9,7,6,6,7,7,8,6,6,8,8,7,9,5,7,4,7,6,8,9,7,7,6,8,10,5,5,6,8,9,7,5,8,6,5,7,6,6,5,8,7,6,6,7,6,10,7,6,10,7,8,6,7,6,6,7,6,8,7,6,7,8,7,7,2,7,6,8,6,6,7,6,10,6,5,8,7,8,10,7,8,4,8,8,9,5,6,6,7,7,7,8,6,8
"79_095. Alan Walker - Alone_noise_-12.5dB_sample1.wav",169,6,6,6,8,7,8,8,6,7,7,7,6,7,6,5,8,6,4,7,6,10,5,5,7,6,7,7,7,7,6,5,7,6,10,5,5,6,3,6,6,5,10,5,6,7,7,6,5,9,7,5,8,7,6,6,8,7,374,6,7,6,7,6,9,7,7,10,7,6,7,7,6,5,6,6,5,8,6,6,7,5,6,6,6,9,9,6,5,7,10,7,6,6,5,7,6,7,6,6,9
"38_082. Smoke and Mirrors_noise_-12.5dB_sample1.wav",223,6,7,5,7,9,8,6,5,7,11,9,8,7,8,6,7,7,6,7,5,9,5,7,7,6,6,7,5,6,6,6,5,8,6,6,6,7,3,8,7,5,6,6,6,6,7,7,6,950,7,5,6,5,5,6,7,7,7,6,6,6,6,7,7,7,6,6,7,6,6,3,5,6,6,6,5,7,7,6,6,4,7,7,9,7,5,7,6,10,8,8,7,8,7,7,6,5,6,6,9
"90_064. Eurythmics, Annie Lennox, Dave Stewart - Sweet Dreams (Are Made Of This) (Official Video)_noise_-12.5dB_sample2.wav",167,6,6,5,9,5,9,7,6,8,6,7,7,6,8,5,8,7,7,7,6,10,6,9,6,7,8,7,7,7,7,7,7,6,6,6,6,7,3,8,7,5,6,6,8,7,5,8,5,6,7,5,6,5,6,7,7,6,9,6,10,6,6,5,8,5,9,9,7,6,7,2,8,6,5,6,5,6,7,6,6,7,9,5,7,10,5,6,6,411,7,7,6,6,10,7,5,5,6,6,6
"35_036. Fall Out Boy - Centuries (Official Video)_noise_-12.5dB_sample1.wav",212,6,6,4,7,6,6,6,6,5,6,7,10,5,6,5,10,8,5,6,4,8,5,6,6,6,6,7,6,8,6,6,6,5,5,699,7,7,3,7,6,5,7,6,7,5,7,5,5,6,5,6,6,5,5,6,9,6,5,5,6,6,5,6,6,7,5,7,7,6,7,3,5,7,5,7,8,9,6,7,5,4,6,9,7,6,5,5,4,7,6,5,6,6,7,7,5,6,6,7,6
"0_096. Nightcore - Mad World_noise_-12.5dB_sample1.wav",163,7,6,4,7,7,7,8,5,7,9,8,7,6,6,7,6,5,5,7,1006,7,5,7,8,6,7,6,8,8,6,6,5,7,8,6,5,6,4,8,7,5,7,6,6,7,7,6,6,8,6,5,9,7,6,6,7,7,5,5,8,6,7,7,8,6,6,7,7,8,8,1,5,6,5,8,6,6,5,7,5,5,7,6,7,9,5,7,5,8,6,7,5,9,7,10,5,9,6,6,7
"33_076. Galantis - Firebird (Official Audio)_noise_-12.5dB_sample2.wav",174,8,7,5,8,6,9,9,6,6,8,6,7,11,7,7,8,5,7,10,5,7,5,11,9,5,7,6,6,6,7,7,4,6,9,5,6,7,3,8,7,6,8,6,6,12,7,8,7,8,6,6,7,6,8,7,6,7,7,7,614,5,5,6,7,6,7,8,13,7,6,2,5,5,7,6,4,5,5,11,6,6,8,7,8,8,5,7,4,7,9,6,8,6,8,7,6,7,7,6,8
"89_091. Faster Car - Anders Lystell feat. Kaliber [EPIDEMIC SOUND] (Lyrics)_noise_-12.5dB_sample2.wav",178,6,7,5,10,9,10,8,7,7,7,7,7,8,6,6,15,6,5,11,8,6,5,9,5,6,7,7,9,8,6,7,6,5,7,8,5,9,3,7,8,5,7,8,5,6,5,7,7,7,6,5,1155,8,6,8,6,14,6,5,7,6,7,5,7,7,8,6,8,5,5,3,5,6,5,8,6,7,8,6,5,4,8,7,8,9,7,9,5,9,8,6,5,6,6,6,5,5,7,8,8
"94_Banana Man_noise_-12.5dB_sample2.wav",171,7,6,5,7,7,8,8,6,7,6,6,7,7,8,7,6,7,6,6,7,6,5,9,7,582,7,6,7,7,6,8,5,6,6,6,9,7,4,8,8,5,5,6,7,6,6,7,6,7,8,5,6,7,6,7,8,7,6,5,6,5,5,5,6,7,6,6,8,7,6,3,5,6,6,6,4,5,7,5,6,5,8,9,8,8,5,7,4,8,9,7,5,6,7,7,4,10,8,8,9
"61_045. The Black Eyed Peas - I Gotta Feeling (Official Music Video)_noise_-12.5dB_sample1.wav",179,5,6,6,8,5,9,7,6,5,9,8,7,9,11,7,7,5,7,7,5,6,5,7,5,6,6,8,6,5,5,6,6,6,7,8,7,7,3,9,9,7,6,6,6,7,7,8,6,6,8,6,7,6,7,7,11,8,6,6,8,5,7,5,8,6,6,7,5,6,8,3,5,7,8,7,5,6,5,6,5,5,8,11,8,724,5,7,5,7,10,9,6,8,8,9,6,8,6,8,9
"19_054. Owl City - When Can I See You Again (From Wreck it Ralph)_noise_-12.5dB_sample1.wav",183,5,7,4,9,7,7,7,8,8,7,6,7,6,16,6,8,7,5,8,5,8,5,8,7,6,8,6,5,6,7,8,5,10,6,7,6,6,3,9,6,5,6,7,5,7,7,7,6,6,5,6,9,6,6,9,5,8,6,6,7,6,5,4,7,7,7,9,6,6,164,4,7,7,9,7,5,7,7,7,6,6,6,9,8,6,6,8,5,8,8,6,6,6,7,7,5,6,5,7,10
"69_066. Jessie J - Bang Bang ft. Ariana Grande, Nicki Minaj_noise_-12.5dB_sample2.wav",161,9,6,4,8,6,7,8,6,6,8,7,7,9,8,5,7,6,5,6,6,7,4,8,7,7,7,7,7,6,8,9,5,7,5,6,7,9,3,8,7,5,7,6,7,7,6,5,5,8,6,4,8,6,6,176,6,7,5,7,7,7,8,5,7,5,6,5,8,5,7,2,9,6,7,7,5,7,8,6,6,3,7,8,8,11,7,7,6,11,7,8,5,6,7,7,4,7,6,7,7
"86_019. Naughty Boy - La la la ft. Sam Smith (Official Video)_noise_-12.5dB_sample2.wav",167,7,8,4,8,8,6,9,8,5,6,9,9,7,10,5,9,6,5,7,6,7,6,7,5,7,13,7,8,7,7,8,8,5,5,6,6,6,4,10,6,5,8,6,6,7,6,8,7,8,7,9,9,9,8,6,7,7,7,5,6,8,7,9,11,7,6,8,8,7,8,4,5,7,8,6,5,7,7,6,5,4,7,9,8,7,7,338,6,8,8,6,6,5,7,8,8,7,7,7,11
"21_085. Janji ft. Johnning - Heroes Tonight 1 HOUR_noise_-12.5dB_sample2.wav",171,8,6,4,7,11,10,7,5,6,6,8,6,6,9,6,7,6,9,7,6,6,7,10,7,7,6,7,7,6,6,5,5,4,7,6,7,8,3,8,5,5,8,11,7,11,7,8,5,6,7,7,8,7,8,6,8,6,7,7,7,7,7,6,6,6,6,7,9,6,6,2,6,6,5,6,5,6,6,6,6,5,8,7,7,7,4,6,5,7,11,7,6,7,7,8,5,5,7,8,8
"91_Greener_noise_-12.5dB_sample1.wav",164,5,6,8,8,7,10,9,5,8,7,6,9,7,9,6,8,7,6,10,5,6,6,6,5,7,9,12,6,6,6,7,6,7,6,8,10,6,3,7,8,6,6,7,7,6,5,7,6,7,7,8,8,7,7,7,6,9,6,5,6,8,7,7,518,6,7,7,8,9,6,7,7,9,8,7,4,6,5,8,5,6,7,12,9,8,7,10,6,8,12,6,6,5,7,7,7,8,7,7,9
"48_027. MAGIC! - Rude (Official Video)_noise_-12.5dB_sample1.wav",157,5,6,5,8,8,9,9,6,5,7,6,6,6,8,6,8,5,6,8,7,10,4,6,6,7,9,6,5,8,8,6,6,7,8,5,8,1423,3,9,6,5,5,5,6,9,5,6,5,7,6,7,9,5,6,8,6,7,7,6,8,5,6,5,8,7,5,7,8,6,5,3,5,6,8,7,7,8,6,7,6,7,7,8,7,7,6,10,6,8,7,8,5,7,8,8,6,6,7,7,7
"43_098. Nightcore~ The Wolf_noise_-12.5dB_sample2.wav",159,6,5,5,8,7,8,9,5,5,8,8,8,8,8,6,6,6,5,7,7,5,5,6,8,6,7,7,6,6,6,6,6,6,7,7,8,8,4,10,6,7,7,6,6,5,6,7,5,5,6,6,6,7,6,9,7,6,5,7,7,7,7,4,8,7,6,7,6,7,6,3,5,8,7,7,5,6,6,7,5,6,7,6,7,9,5,6,5,9,8,8,7,6,8,235,6,6,6,7,7
"59_014. Avicii - Hey Brother (Lyric)_noise_-12.5dB_sample2.wav",158,7,5,5,11,8,6,8,6,5,9,8,8,10,8,7,7,6,5,7,6,7,6,8,313,8,7,7,5,6,10,6,5,5,793,6,9,9,4,7,5,4,8,6,5,10,7,6,6,6,8,6,8,8,8,6,8,8,7,6,8,6,6,6,8,7,6,6,7,6,7,2,5,6,5,6,5,7,6,6,6,5,8,7,9,8,5,7,6,11,7,8,5,7,6,6,5,6,6,6,10
"95_053. Avicii - Hey Brother_noise_-12.5dB_sample1.wav",165,6,8,7,8,8,9,8,7,10,8,8,8,6,8,6,8,5,5,8,5,5,4,8,1089,5,7,6,7,8,5,6,7,8,341,5,10,10,3,8,7,4,14,6,8,13,11,9,5,7,12,6,8,5,10,6,7,7,9,9,10,5,8,6,7,7,6,6,7,6,7,4,5,8,6,6,5,9,9,7,5,4,9,10,10,9,5,5,6,7,6,7,5,10,8,6,4,6,7,5,8
"52_007. Katy Perry - Dark Horse ft. Juicy J_noise_-12.5dB_sample1.wav",159,6,8,4,7,8,9,7,7,6,7,7,6,7,7,7,7,6,6,7,6,10,4,7,6,6,9,6,6,6,6,6,6,5,5,7,6,7,4,9,7,5,8,7,5,6,5,6,6,6,7,5,8,6,6,7,6,7,6,6,8,6,6,5,6,5,7,8,7,7,8,3,6,6,5,6,6,6,7,9,5,5,9,10,8,8,6,8,6,9,7,6,5,7,7,7,6,4,8,303,6
"47_020. Warriors (ft. Imagine Dragons)  Worlds 2014 - League of Legends_noise_-12.5dB_sample2.wav",163,6,6,6,7,6,8,8,10,5,7,6,8,6,8,5,8,5,6,6,7,6,6,9,8,7,8,7,8,7,7,6,7,6,7,8,6,7,4,9,6,5,6,8,7,6,6,8,6,7,8,6,8,6,7,6,6,7,7,5,6,8,7,7,8,7,7,7,7,504,5,4,5,7,6,8,8,7,7,7,5,5,9,9,9,10,7,11,5,8,7,6,6,7,6,6,4,5,7,5,8
"10_012. Calvin Harris - I Need Your Love (Official Video) ft. Ellie Goulding_noise_-12.5dB_sample2.wav",170,7,5,5,9,7,7,9,6,6,7,6,7,6,6,7,7,5,9,8,5,6,5,8,8,8,8,6,7,5,9,6,7,6,7,6,8,7,4,8,8,5,9,7,6,165,6,7,4,6,8,6,8,6,8,8,7,7,6,8,7,9,8,7,6,8,6,7,7,8,6,2,7,6,5,6,5,8,5,8,6,4,7,8,7,6,5,7,6,10,10,9,5,7,6,6,4,5,7,7,8
"49_050. Carly Rae Jepsen - I Really Like You_noise_-12.5dB_sample2.wav",166,5,6,4,10,7,8,7,5,6,7,7,8,5,6,6,8,5,5,7,5,6,7,8,6,7,7,6,6,6,7,6,5,6,8,7,8,10,3,8,7,6,11,6,7,8,6,7,6,7,7,4,6,5,7,6,6,7,7,6,7,6,5,5,7,7,6,7,8,6,7,2,6,8,6,6,7,6,6,7,6,5,7,6,514,10,5,8,8,9,9,7,6,7,7,7,5,9,7,7,11
"88_033. Fifth Harmony - Worth It (Official Video) ft. Kid Ink_noise_-12.5dB_sample1.wav",178,7,7,4,7,9,7,8,6,7,1912,10,7,6,10,8,7,10,6,7,6,7,6,8,10,7,7,10,8,7,7,8,6,6,7,7,7,9,5,7,11,4,7,7,9,7,6,7,7,7,8,5,8,6,9,9,7,9,6,8,8,6,7,6,10,6,5,6,8,5,7,4,9,7,5,5,7,6,6,6,5,4,9,6,8,8,8,12,6,8,10,9,6,8,6,8,5,6,7,6,8
"31_058. Rub Some Bacon on It_noise_-12.5dB_sample2.wav",174,6,8,5,8,7,8,8,6,6,10,8,9,5,9,8,7,5,6,9,5,6,5,6,10,7,8,7,8,7,8,8,6,287,9,7,8,7,4,10,7,7,8,7,7,7,7,7,6,8,9,5,7,6,7,6,8,8,7,8,7,6,6,6,9,7,6,6,8,6,9,5,6,8,7,10,5,8,6,6,5,9,8,9,10,9,6,8,5,11,8,10,8,6,6,8,5,10,6,6,8
"81_013. Passenger  Let Her Go (Official Video)_noise_-12.5dB_sample1.wav",172,5,7,4,7,7,8,7,6,7,8,7,7,6,6,6,9,5,5,8,6,5,5,6,5,6,7,8,6,6,6,6,5,5,7,7,7,9,6,8,6,5,6,5,7,5,6,7,5,5,5,8,10,7,7,8,7,7,7,7,5,7,263,5,8,8,6,7,7,6,7,3,6,7,6,8,5,7,6,7,5,5,9,7,8,9,6,7,5,8,7,7,5,6,8,8,5,5,7,5,9
"22_094. Harry Potter Puppet Pals - The Mysterious Ticking Noise (Video With Lyrics)_noise_-12.5dB_sample2.wav",172,7,6,4,8,9,15,6,5,6,8,7,9,6,7,6,7,6,5,8,8,6,4,8,6,7,7,9,10,7,6,5,7,9,8,9,8,8,4,11,6,6,8,6,6,6,5,7,6,5,10,6,8,6,6,8,9,8,7,7,6,6,7,6,6,5,6,9,7,6,8,4,5,7,6,8,7,6,7,8,6,561,10,6,8,8,5,7,5,8,7,9,5,6,8,6,4,6,7,6,9
"78_026. Katy Perry - Firework (Official Music Video)_noise_-12.5dB_sample1.wav",170,6,6,4,11,6,8,8,7,6,10,7,8,7,8,7,9,8,6,8,6,6,6,6,6,6,6,8,7,7,7,7,6,7,6,7,5,9,5,8,7,6,8,11,6,7,6,632,5,8,6,6,8,6,7,7,7,8,7,10,6,5,7,6,9,7,7,6,9,5,6,2,5,6,6,6,6,5,7,7,6,4,7,7,8,7,6,7,5,7,7,7,6,5,6,8,6,6,6,9,9
"33_076. Galantis - Firebird (Official Audio)_noise_-12.5dB_sample1.wav",176,6,7,5,8,7,10,6,6,6,11,6,6,12,7,7,11,5,11,6,8,6,6,8,8,6,10,7,7,6,7,6,5,6,6,6,6,7,3,8,7,5,10,7,5,10,8,9,5,6,8,7,7,8,7,6,7,11,5,8,1077,7,6,5,10,8,7,7,7,7,8,3,9,7,5,5,5,6,7,9,9,4,9,7,7,9,6,7,6,8,8,7,5,7,7,7,5,6,6,6,7
"97_075. Lindsey Stirling - Prism (Official Video)_noise_-12.5dB_sample1.wav",167,8,6,6,7,6,9,593,6,5,7,8,8,7,7,7,7,6,6,7,5,5,4,9,5,6,9,8,7,5,8,9,4,5,6,5,6,8,4,9,7,4,7,6,7,6,5,6,6,8,7,6,9,6,6,5,5,5,6,6,7,5,5,8,7,5,6,8,7,5,7,3,5,7,6,6,5,6,8,6,5,7,9,9,10,6,10,8,5,8,8,8,7,5,6,7,5,6,8,6,6
"14_099. Sheppard Geronimo - [International Version] (Official music Video)_noise_-12.5dB_sample1.wav",200,5,5,4,7,8,9,8,6,6,8,6,7,6,9,7,9,6,6,8,6,7,5,7,5,6,479,7,7,6,6,8,5,8,6,7,9,6,7,10,7,6,6,6,9,7,6,6,7,6,7,8,7,5,5,7,8,9,5,6,6,7,7,5,7,6,5,8,6,6,7,5,5,9,7,7,5,6,8,6,5,5,9,8,8,7,6,6,5,7,9,7,5,6,9,7,5,8,7,6,6
"68_055. Madness - Our House (Official 4K Video)_noise_-12.5dB_sample1.wav",162,6,5,5,7,8,10,8,6,6,7,9,7,7,7,6,7,6,6,10,5,7,5,9,6,6,9,6,6,6,7,6,6,6,7,6,7,7,4,10,6,7,6,7,7,6,6,7,7,7,6,4,7,6,7,6,6,8,5,10,6,5,6,6,6,7,5,8,11,5,9,3,5,6,5,6,6,5,6,8,5,5,1064,7,17,9,5,7,6,8,7,7,6,7,7,8,5,5,8,8,9
"32_086. Olly Murs - Grow Up (Official Video)_noise_-12.5dB_sample2.wav",161,7,7,4,10,8,11,7,6,5,6,7,7,9,10,5,8,7,6,7,6,7,4,7,9,8,10,6,6,6,6,9,8,6,6,7,6,9,4,8,6,5,7,6,6,11,7,6,6,7,7,6,10,6,5,8,8,7,6,9,8,8,6,7,6,7,6,12,8,5,8,2,6,5,5,6,4,7,7,922,6,5,6,7,8,8,9,7,5,8,8,8,6,7,7,7,7,6,6,5,11
"92_025. Fall Out Boy - Immortals (From Big Hero 6)_noise_-12.5dB_sample2.wav",160,7,6,4,8,8,6,12,5,6,8,7,7,5,9,5,7,6,8,7,5,6,6,12,6,6,7,538,7,6,7,6,5,6,7,6,5,8,4,8,8,7,7,6,5,7,7,7,7,7,6,7,7,6,6,6,6,6,5,4,5,8,7,6,5,7,7,7,8,5,8,2,6,7,6,6,4,5,5,7,4,5,7,7,7,8,6,7,5,8,7,6,5,6,6,9,6,7,7,6,8
"100_059. Nilla Wafer Top Hat Time  Song - Rhett & Link_noise_-12.5dB_sample1.wav",162,5,8,5,7,7,6,7,5,6,8,5,7,7,10,6,7,6,7,7,7,7,6,7,6,5,8,6,6,6,7,8,6,7,7,6,8,7,4,9,7,4,5,6,6,5,6,6,7,5,7,6,9,6,6,6,7,7,5,6,7,8,5,7,8,6,6,6,6,6,7,2,4,5,6,6,5,5,5,5,5,4,8,7,7,8,6,8,441,8,6,9,6,6,5,6,6,8,6,6,7
"7_092. Harry Potter Medley on Marimba_noise_-12.5dB_sample1.wav",167,6,6,804,9,8,8,8,5,6,8,8,7,11,8,5,7,10,6,8,6,6,6,6,5,6,7,7,8,6,6,8,5,7,6,6,10,7,3,10,9,4,7,6,5,7,6,8,6,8,6,6,6,6,7,7,5,6,5,5,6,6,5,8,7,5,5,5,8,5,6,5,6,9,6,8,5,6,7,7,5,4,7,7,9,8,7,6,6,10,7,6,5,7,7,6,5,6,7,7,7
"6_043. Wintergatan - Marble Machine (music instrument using 2000 marbles)_noise_-12.5dB_sample2.wav",155,5,7,5,9,7,8,7,7,5,8,7,6,6,60,5,8,5,6,7,6,8,5,8,6,7,6,8,7,10,7,7,5,6,6,8,7,6,4,8,8,4,5,6,7,6,6,6,6,8,8,5,8,8,8,7,7,7,6,6,6,8,8,6,7,7,7,7,8,5,7,3,6,7,7,6,4,6,7,7,6,4,8,8,9,9,7,6,6,7,9,7,6,7,6,7,5,7,10,7,8
"4_003. Lorde - Royals (US Version)_noise_-12.5dB_sample1.wav",158,6,6,4,7,7,8,6,5,7,8,8,7,9,7,6,7,7,133,7,7,8,5,6,6,6,9,7,6,7,5,6,7,5,5,6,5,8,4,10,7,6,8,6,5,7,7,7,7,6,7,7,7,6,7,6,6,8,5,8,8,5,6,5,12,7,8,7,9,5,6,2,6,5,6,6,5,10,8,6,8,5,7,10,7,7,5,10,7,13,6,7,6,7,6,7,6,6,9,6,7
"9_034. Pitbull - Timber (Official Video) ft. Ke$ha_noise_-12.5dB_sample1.wav",169,10,6,4,9,6,8,7,6,7,7,6,6,10,7,6,8,6,6,8,7,6,6,6,5,6,7,6,7,5,1234,6,5,9,5,6,7,7,5,7,6,6,5,7,9,6,5,6,7,6,6,7,10,7,6,7,7,8,6,5,7,7,5,5,7,5,7,7,8,6,7,3,6,5,5,10,5,7,8,5,5,4,7,9,9,8,7,7,6,8,6,6,5,6,8,7,5,6,6,7,6
"105_101. Yann Tiersen - Comptine d`un autre ete - l`apres-midi_noise_-12.5dB_sample2.wav",198,6,10,5,8,8,8,8,5,5,6,8,7,6,9,6,9,7,7,7,7,8,5,7,7,7,7,8,6,5,6,6,6,8,8,7,8,8,3,8,8,5,6,6,6,7,7,6,5,6,6,6,10,7,6,8,7,7,6,6,6,6,6,7,8,7,9,7,8,6,10,197,6,8,8,8,6,11,11,7,7,6,9,10,6,8,6,7,6,8,9,8,5,7,8,8,5,8,6,6,8
"62_061. LEFT SCREEN ONLY Spot the Differences_noise_-12.5dB_sample1.wav",184,6,7,4,10,7,9,10,6,5,6,7,6,5,7,5,7,6,8,8,5,6,5,7,5,9,7,6,6,7,6,6,6,5,7,7,5,8,4,7,9,5,7,6,7,6,8,7,6,7,6,6,8,6,6,8,7,7,5,6,7,6,7,4,7,7,7,6,7,6,7,2,4,7,6,7,4,7,6,5,83,5,7,8,7,6,5,6,5,8,7,7,6,7,8,7,5,6,7,5,9
"36_072. Jessie J - Price Tag ft. B.o.B_noise_-12.5dB_sample2.wav",184,6,6,4,10,7,8,8,5,7,10,8,8,6,7,7,7,5,6,7,7,8,5,7,8,6,7,7,6,7,7,7,6,6,8,7,7,9,3,9,6,7,7,6,6,8,7,6,6,6,7,6,8,6,6,5,8,7,8,7,7,8,5,5,10,6,6,7,9,6,6,4,7,6,7,7,5,6,6,6,6,6,8,8,9,9,5,7,5,11,8,7,8,6,2112,6,5,7,7,8,8
"48_027. MAGIC! - Rude (Official Video)_noise_-12.5dB_sample2.wav",181,6,6,6,9,8,10,9,6,6,9,8,7,6,6,5,6,6,6,7,7,6,6,6,6,7,9,7,6,7,7,6,6,7,6,4,6,944,4,10,8,5,6,7,7,7,5,7,5,6,6,6,6,8,6,6,7,8,7,8,8,8,8,5,6,6,6,7,6,7,5,2,5,6,7,6,6,8,6,7,7,6,7,6,8,9,6,8,6,9,10,8,5,7,8,7,5,6,7,7,9
"75_078. Kungs vs Cookin on 3 Burners - This Girl (Official Music Video)_noise_-12.5dB_sample2.wav",187,6,7,4,9,7,1007,8,6,6,6,5,7,8,7,9,10,5,5,7,5,7,6,7,6,6,6,6,7,6,6,7,5,6,5,6,7,9,3,8,7,4,7,6,6,6,7,6,6,7,6,6,10,8,6,7,6,7,5,7,7,6,7,6,7,5,6,5,8,6,8,3,6,7,5,6,5,6,4,8,6,4,11,6,9,6,5,8,5,8,7,7,6,7,6,7,6,6,7,7,8
"78_026. Katy Perry - Firework (Official Music Video)_noise_-12.5dB_sample2.wav",176,8,6,5,8,7,8,6,4,5,8,7,7,7,7,5,8,6,6,6,5,7,5,7,7,6,7,6,7,7,6,6,5,9,6,6,6,7,3,7,8,7,7,6,5,7,6,907,6,7,5,4,8,6,5,7,7,6,4,5,7,6,6,4,7,6,7,6,8,6,5,3,5,6,5,5,6,6,6,7,5,5,8,8,8,6,5,8,5,7,7,8,5,5,6,7,6,5,8,6,7
"69_066. Jessie J - Bang Bang ft. Ariana Grande, Nicki Minaj_noise_-12.5dB_sample1.wav",181,5,6,5,10,8,9,6,6,6,9,6,7,5,8,5,8,6,5,6,6,9,5,6,7,6,7,9,7,6,6,6,6,5,8,6,5,7,2,10,7,5,7,6,8,6,6,7,6,7,7,6,9,7,6,920,7,6,7,5,7,5,6,5,6,6,7,6,8,6,6,3,6,6,7,7,5,6,7,7,5,4,7,9,9,9,4,7,4,7,8,6,6,8,8,7,5,7,7,6,6
"55_009. Taylor Swift - Shake It Off_noise_-12.5dB_sample1.wav",170,6,8,5,7,7,7,8,6,6,7,9,7,6,9,7,8,7,6,7,6,7,4,6,6,6,9,8,7,6,9,7,7,6,8,7,9,8,4,1148,8,5,5,6,6,6,6,6,6,6,8,6,8,7,7,7,8,7,6,5,7,8,8,5,7,6,6,7,6,6,8,4,7,7,7,7,5,6,7,7,5,4,10,7,9,7,5,7,5,8,10,9,6,8,9,8,6,8,5,6,9
"17_084. Thomas Rhett - Crash and Burn_noise_-12.5dB_sample2.wav",173,5,6,7,8,7,6,7,6,8,9,7,6,9,8,5,408,5,6,6,7,6,5,9,7,6,9,7,7,5,7,6,6,7,7,7,6,8,4,9,7,5,10,6,6,7,5,7,8,7,7,5,7,7,7,8,6,6,7,7,7,5,9,6,6,7,6,8,9,5,9,2,5,7,6,7,5,8,10,7,5,6,6,7,7,7,5,6,6,8,7,8,5,6,6,7,4,6,6,5,8
"84_001. Anna Kendrick - Cups_noise_-12.5dB_sample1.wav",166,6,6,5,7,7,7,8,10,5,9,7,8,7,7,9,9,5,7,7,5,7,5,7,6,7,7,9,9,6,8,5,5,5,8,6,7,7,3,10,9,6,7,6,9,8,5,12,5,6,7,8,6,8,6,6,6,8,5,6,7,6,9,7,9,7,6,9,8,5,7,3,4,8,5,7,5,10,7,9,6,6,8,6,8,9,4,6,5,10,8,7,6,5,7,8,5,7,6,7,7
"54_016. Taylor Swift - Blank Space_noise_-12.5dB_sample2.wav",168,6,6,5,11,8,8,7,5,8,9,7,6,7,8,6,9,8,8,6,7,5,7,7,10,8,7,8,8,6,6,6,5,7,7,6,8,6,4,10,11,6,7,8,7,8,6,6,6,7,8,5,7,7,6,7,7,1021,7,6,7,6,5,6,7,13,7,6,7,6,8,4,6,10,7,6,6,7,7,7,6,6,10,8,8,11,6,8,6,10,9,9,8,7,7,8,5,6,6,7,7
"97_075. Lindsey Stirling - Prism (Official Video)_noise_-12.5dB_sample2.wav",172,7,9,4,11,8,10,1443,6,6,8,8,6,6,8,5,7,10,6,8,6,6,6,8,5,6,8,8,8,6,6,9,6,7,6,6,6,9,4,11,7,7,7,6,8,7,6,7,8,6,6,8,8,7,6,7,9,9,6,6,7,8,6,7,7,6,6,6,7,7,7,4,6,6,7,9,5,6,9,7,6,5,7,9,9,8,7,6,5,7,9,7,5,6,7,8,5,6,7,5,7
"58_039. OMFG - Hello_noise_-12.5dB_sample2.wav",171,6,7,4,8,9,9,6,6,5,7,8,6,7,7,8,11,5,5,7,7,6,4,7,6,8,8,6,8,8,7,6,7,6,7,6,7,9,3,6,6,6,7,7,6,6,6,6,6,7,9,6,8,6,6,6,8,7,6,7,6,6,7,7,7,8,10,8,7,6,5,3,6,6,6,6,5,6,6,6,7,5,7,8,7,7,4,5,5,8,8,8,5,490,6,7,9,6,5,6,7
"87_079. twenty one pilots Heathens (from Suicide Squad The Album) [OFFICIAL VIDEO]_noise_-12.5dB_sample1.wav",186,7,6,5,9,7,10,7,8,5,8,9,8,6,9,6,8,8,6,8,5,7,5,6,6,8,7,5,8,7,7,7,6,7,7,6,6,8,3,10,7,5,8,8,5,5,6,6,6,6,7,7,7,7,7,9,14,7,4,4,8,8,6,5,7,6,6,7,8,6,7,4,6,7,5,927,5,7,6,6,5,5,8,7,7,9,7,6,7,10,8,9,6,8,8,8,9,8,6,7,10
