"104_024. twenty one pilots Stressed Out [OFFICIAL VIDEO]_noise_-20dB_sample1.wav",162,6,5,4,8,6,6,10,5,4,6,6,8,7,6,6,8,5,9,8,4,6,3,6,6,5,6,7,5,7,7,6,6,7,6,6,4,5,4,9,6,4,7,7,5,7,5,7,6,6,5,4,7,6,6,6,4,7,4,5,6,5,5,6,5,5,3520,6,7,7,6,3,7,7,5,6,5,5,6,9,5,6,8,6,9,8,8,7,5,8,6,11,6,5,6,6,5,8,5,6,8
"78_026. Katy Perry - Firework (Official Music Video)_noise_-20dB_sample1.wav",164,6,5,3,8,6,10,6,7,6,8,8,8,8,7,5,6,4,4,7,4,6,5,8,7,6,8,8,6,5,6,6,6,7,6,5,5,7,3,6,6,6,6,5,5,10,6,1654,6,5,8,5,7,6,5,6,7,7,5,5,8,4,6,5,5,6,7,8,7,5,6,2,5,6,5,6,6,6,6,7,4,4,6,6,7,8,7,9,4,8,7,6,5,6,6,6,6,6,6,5,9
"105_101. Yann Tiersen - Comptine d`un autre ete - l`apres-midi_noise_-20dB_sample1.wav",149,7,9,6,8,7,13,7,6,5,7,7,8,6,11,8,8,9,6,10,5,6,7,10,6,6,8,5,7,6,7,6,7,9,6,8,11,6,4,9,7,6,6,7,7,6,7,5,7,7,6,8,9,8,8,8,6,9,6,9,6,6,6,9,10,7,10,7,9,8,8,368,6,9,9,8,6,10,6,6,5,8,7,10,7,8,6,8,7,8,8,8,8,5,7,7,5,7,6,5,8
"53_102. What_noise_-20dB_sample2.wav",147,6,6,5,10,7,8,7,6,6,7,7,7,8,7,5,9,6,6,6,5,6,5,7,6,7,6,6,6,6,6,6,6,5,6,6,7,7,3,8,6,4,6,6,7,7,5,6,5,6,7,6,8,5,6,7,7,7,6,6,6,1008,6,5,7,6,5,6,7,6,7,3,5,7,7,7,6,7,6,6,5,4,12,8,8,8,6,11,5,7,7,8,5,6,9,7,5,7,6,6,8
"64_097. Nightcore - Running With the Wolves [Lyrics]_noise_-20dB_sample1.wav",143,6,5,4,6,7,10,8,6,7,7,10,5,5,6,6,9,5,9,7,6,7,3,7,8,6,6,6,8,6,7,6,5,7,7,5,6,8,4,8,7,4,7,6,6,6,5,5,6,8,10,6,8,6,8,6,7,7,5,4,6,8,6,4,6,8,7,5,7,6,7,2,4,6,5,6,669,6,5,9,5,4,10,8,7,6,7,7,4,10,10,9,6,7,6,7,5,5,7,8,7
"52_007. Katy Perry - Dark Horse ft. Juicy J_noise_-20dB_sample2.wav",142,5,6,4,9,6,6,9,7,7,7,6,7,6,9,8,7,5,7,8,5,6,8,8,6,5,8,6,6,8,7,7,5,7,6,6,5,7,5,7,9,5,7,6,7,8,5,9,5,7,6,7,9,6,7,6,6,8,6,5,7,7,7,6,9,5,7,7,8,5,6,2,5,9,4,6,6,7,5,6,7,7,6,10,6,7,5,6,5,9,7,8,6,7,7,7,6,6,7,931,5
"0_096. Nightcore - Mad World_noise_-20dB_sample1.wav",141,5,4,3,8,8,8,8,6,7,9,7,6,9,6,6,7,5,7,6,3122,7,5,8,5,7,6,6,5,7,6,5,5,5,5,8,5,6,4,7,6,5,7,5,6,6,5,6,5,6,6,5,7,5,7,5,5,6,5,5,6,5,6,5,7,5,5,6,10,4,6,2,6,6,6,7,4,5,5,6,5,5,7,8,8,9,5,5,9,8,6,7,5,7,7,8,4,6,5,5,8
"100_059. Nilla Wafer Top Hat Time  Song - Rhett & Link_noise_-20dB_sample1.wav",143,6,6,4,8,6,7,7,7,6,8,6,9,6,7,6,9,6,7,9,6,8,5,7,6,7,7,7,8,6,7,6,6,6,6,6,7,8,3,8,6,5,5,5,6,5,5,7,7,7,10,7,10,8,6,7,8,9,8,6,6,5,7,6,6,6,7,6,9,5,5,2,5,6,7,8,5,8,6,6,5,4,8,8,9,7,5,10,2041,8,8,7,6,5,9,8,6,7,8,7,6
"103_037. Calvin Harris, Rihanna - This Is What You Came For (Official Video) ft. Rihanna_noise_-20dB_sample1.wav",143,5,8,5,8,9,8,8,6,6,6,7,8,8,8,6,8,5,6,13,5,6,7,6,6,6,7,6,8,5,6,6,5,7,7,6,9,7,4,10,10,5,7,5,7,7,6,7,5,8,5,5,7,5,6,6,6,7,7,10,9,6,6,6,7,7,7,5,9,6,8,3,6,5,5,5,5,7,5,5,6,5,9,7,8,7,5,8,6,8,7,11,5,6,5,6,5,9,8,8,978
"77_065. Nightcore - Ghostbusters_noise_-20dB_sample2.wav",143,9,6,4,8,7,7,9,7,8,9,7,8,8,10,7,9,6,7,7,5,4567,6,7,6,8,14,7,8,9,8,7,6,6,5,7,5,8,4,11,8,6,8,6,7,7,7,8,9,7,6,6,8,7,6,8,6,7,5,6,8,6,6,7,8,9,7,9,8,6,8,3,6,8,10,7,6,6,8,8,8,5,8,6,11,8,5,8,6,8,10,9,7,8,8,8,5,6,8,6,10
"66_Cruel_Summer_noise_-20dB_sample1.wav",153,6,6,7,8,7,7,8,6,6,10,9,7,7,8,6,9,8,15,10,7,7,7,7,4,8,8,7,6,7,7,6,7,6,6,6,8,8,4,8,10,5,6,7,7,7,5,7,2882,8,6,6,9,5,7,8,10,5,5,5,6,7,6,5,7,5,7,5,7,5,7,3,5,6,5,5,6,6,8,7,6,6,8,9,8,10,8,8,5,8,6,7,8,6,7,8,5,7,6,4,8
"66_Cruel_Summer_noise_-20dB_sample2.wav",149,8,7,5,8,6,9,8,7,6,6,6,8,7,7,6,7,9,9,9,5,6,5,8,4,6,9,7,7,6,6,7,6,9,6,6,7,8,4,8,6,5,6,7,6,6,5,5,1473,7,6,5,8,6,5,5,6,8,6,6,7,7,7,7,8,5,9,8,8,6,8,5,6,5,6,6,6,6,6,6,6,4,7,10,8,10,7,8,7,9,8,7,6,7,8,8,5,7,6,6,7
"50_006. Wiz Khalifa - See You Again ft. Charlie Puth [Official Video] Furious 7 Soundtrack_noise_-20dB_sample1.wav",149,6,5,3,7,8,7,7,5,5,9,7,7,8,8,6,8,6,5,10,5,6,4,6,8,5,8,5,6,5,5,7,5,6,9,6,8,8,3,7,6,6,10,6,7,9,5,6,6,6,8,6,6,6,2070,5,7,7,5,6,6,6,5,5,7,6,5,7,6,5,6,2,6,6,6,6,7,5,6,7,4,6,8,7,8,9,7,5,6,7,6,6,4,8,6,6,4,4,4,5,7
"45_005. OneRepublic - Counting Stars_noise_-20dB_sample2.wav",146,7,6,6,7,7,8,7,6,7,7,6,7,9,8,7,6,5,6,8,7,7,5,9,5,6,7,6,12,6,6,9,5,5,6,10,6,6,4,8,6,5,6,5,6,6,8,7,6,7,7,5,8,7,9,5,6,9,5,5,6,5,6,5,7,6,6,7,784,5,5,4,5,6,7,7,6,7,6,6,6,4,6,8,7,8,5,8,6,8,9,7,6,6,7,7,4,6,6,9,7
"46_032. Katy Perry - Wide Awake (Official Video)_noise_-20dB_sample2.wav",156,8,8,6,9,2293,8,6,8,7,10,7,9,11,7,7,6,7,4,10,6,7,5,6,8,5,9,6,6,6,7,6,6,9,8,5,8,8,4,19,6,4,10,7,6,10,5,10,6,8,10,6,8,7,24,8,8,8,8,6,8,7,6,6,7,6,6,9,10,8,6,2,6,8,5,6,6,8,8,8,6,6,9,12,9,7,8,7,5,7,10,8,6,6,8,17,5,7,6,7,12
"83_004. Katy Perry - Roar_noise_-20dB_sample1.wav",147,6,7,5,8,11,8,6,7,6,6,8,7,10,9,7,8,5,7,8,5,6,6,7,10,8,7,6,7,5,8,6,5,7,11,6,7,8,4,7,6,5,9,5,6,11,8,6,8,7,9,5,8,7,8,7,1066,7,8,7,8,5,6,5,6,9,7,6,8,4,6,3,5,8,6,6,5,8,5,7,4,4,9,6,8,10,5,7,6,7,9,6,6,9,6,8,5,6,9,6,9
"14_099. Sheppard Geronimo - [International Version] (Official music Video)_noise_-20dB_sample1.wav",143,6,5,5,8,6,9,8,5,6,7,6,7,8,6,7,6,7,7,7,6,10,6,8,5,6,1415,7,11,5,6,5,5,4,5,6,6,8,4,10,7,4,6,6,6,7,6,7,5,8,7,5,7,4,6,6,4,6,4,7,6,6,8,5,6,5,8,4,8,4,8,2,5,6,6,7,6,6,6,6,5,4,6,5,7,7,6,8,6,8,7,6,6,8,6,8,4,4,5,6,8
"54_016. Taylor Swift - Blank Space_noise_-20dB_sample1.wav",145,6,7,5,7,8,8,10,6,6,7,7,7,9,7,6,7,5,7,7,7,5,5,8,7,7,9,6,10,7,7,6,7,6,6,6,6,8,4,11,10,6,7,16,6,8,6,6,6,6,6,6,9,6,7,5,6,1692,6,6,6,6,7,5,7,6,5,6,6,6,8,4,5,16,8,6,6,8,7,8,5,6,8,8,6,15,8,8,5,7,9,11,5,6,9,8,5,7,6,6,6
"53_102. What_noise_-20dB_sample1.wav",143,6,5,5,7,8,7,7,8,5,9,7,8,6,8,5,6,6,6,6,4,7,6,8,6,7,9,7,6,7,6,6,6,6,8,5,7,7,5,10,8,5,7,7,6,7,6,7,5,8,7,6,8,6,5,7,7,8,8,5,7,966,6,7,6,7,6,8,9,6,6,5,6,7,6,7,7,6,7,9,7,5,9,7,8,7,5,8,6,7,9,7,6,7,6,7,6,7,9,5,8
"36_072. Jessie J - Price Tag ft. B.o.B_noise_-20dB_sample2.wav",141,6,5,4,8,6,7,7,7,6,7,8,7,6,8,5,8,5,7,7,5,9,5,6,5,7,7,7,7,5,7,5,5,7,6,7,6,8,3,8,7,5,6,8,6,5,5,7,7,8,6,6,10,6,6,9,7,6,5,6,7,6,6,6,6,9,6,5,7,4,7,3,4,7,7,9,5,6,6,6,5,7,7,8,8,6,5,8,6,7,8,7,7,5,3738,7,5,6,6,7,6
"31_058. Rub Some Bacon on It_noise_-20dB_sample1.wav",140,6,6,3,7,5,6,7,6,8,9,7,8,7,8,5,7,7,7,7,5,8,5,8,6,6,8,6,5,5,7,5,5,1130,5,6,6,9,4,9,6,4,6,5,5,5,6,6,6,8,5,7,7,7,7,6,6,7,5,6,6,6,7,5,7,6,7,6,7,6,6,3,5,6,5,6,4,6,6,6,4,6,10,6,10,8,5,8,8,9,8,8,7,7,6,7,5,6,5,8,10
"62_061. LEFT SCREEN ONLY Spot the Differences_noise_-20dB_sample1.wav",139,7,7,5,8,6,7,11,7,5,9,6,6,6,8,10,6,5,5,6,6,7,5,6,7,6,6,10,7,5,6,5,6,6,5,6,5,8,3,8,7,4,11,7,5,7,6,6,8,5,8,4,6,7,6,6,6,7,6,5,7,6,5,6,5,8,5,7,8,6,7,2,5,7,6,6,4,7,7,6,684,7,8,8,8,9,5,7,6,9,7,7,6,8,7,8,6,6,6,6,7
"7_092. Harry Potter Medley on Marimba_noise_-20dB_sample2.wav",144,5,6,547,7,9,8,7,5,5,9,5,9,8,7,6,8,8,6,9,6,7,7,7,9,6,7,8,7,6,6,8,4,7,5,7,5,8,5,8,7,6,7,6,9,6,6,6,6,6,5,5,9,5,7,7,7,6,6,7,7,7,8,8,9,7,8,7,8,7,7,3,8,7,7,6,5,6,6,5,5,6,8,7,8,8,9,7,5,11,9,7,5,6,6,10,5,6,7,6,9
"36_072. Jessie J - Price Tag ft. B.o.B_noise_-20dB_sample1.wav",145,7,8,5,9,8,6,7,7,5,6,7,7,8,7,8,10,5,8,9,7,7,4,8,8,7,10,9,8,6,6,7,6,6,7,8,6,9,3,10,6,4,7,5,7,7,9,6,8,8,9,7,20,8,5,7,8,7,6,6,6,6,6,6,6,8,6,6,10,6,6,3,7,6,6,8,5,7,7,6,6,4,10,5,7,9,5,7,5,10,6,7,8,8,1733,7,8,9,6,11,7
"91_Greener_noise_-20dB_sample1.wav",147,5,7,6,10,10,8,13,8,6,6,7,9,9,8,6,11,7,8,8,6,10,7,7,6,6,6,8,7,7,8,8,7,5,6,5,7,8,5,10,6,5,6,6,6,7,6,7,7,7,6,6,8,8,6,6,6,8,5,5,6,7,6,6,3869,5,5,7,7,5,9,4,5,7,6,6,8,9,7,6,6,5,6,9,9,7,6,8,9,9,10,7,9,7,6,7,8,6,7,7,8
"49_050. Carly Rae Jepsen - I Really Like You_noise_-20dB_sample2.wav",151,6,7,5,11,8,15,6,5,9,7,8,6,10,6,7,6,7,6,7,5,6,5,7,6,8,7,6,7,9,7,5,5,7,6,8,7,7,4,8,7,4,6,6,8,6,6,8,6,6,9,6,7,6,7,7,8,8,8,6,8,5,6,7,7,7,8,7,8,5,8,3,6,10,6,7,5,8,7,7,6,5,10,7,1158,7,6,9,5,13,7,8,5,5,7,8,5,7,7,6,10
"95_053. Avicii - Hey Brother_noise_-20dB_sample2.wav",145,6,6,3,9,8,10,8,8,6,7,7,8,9,6,6,8,5,9,6,6,7,5,7,684,5,8,6,8,6,6,6,5,7,317,6,6,8,3,8,8,4,9,6,6,8,6,8,5,7,8,5,7,6,8,7,8,8,6,7,9,7,7,5,6,7,7,7,7,5,7,4,9,7,7,6,5,7,6,7,6,5,7,6,9,7,7,8,5,8,7,8,5,8,6,7,6,7,6,7,8
"98_021. Alan Walker - Faded_noise_-20dB_sample2.wav",139,6,6,4,6,9,7,7,6,6,6,5,6,7,9,5,6,6,5,7,5,6,7,6,7,5,7,6,6,5,7,6,6,4,5,5,5,7,4,7,5,6,6,6,5,8,5,7,5,6,7,1463,7,8,7,6,9,6,5,6,6,5,5,5,6,6,6,5,8,6,5,4,6,5,5,6,5,7,5,6,6,4,9,6,7,8,5,7,7,9,7,5,6,6,6,6,5,6,6,6,6
"39_051. Galantis - No Money (Official Video)_noise_-20dB_sample1.wav",139,5,9,4,7,6,8,7,7,4,7,6,8,10,7,4,6,4,5,9,6,6,4,8,6,7,6,8,7,6,5,7,6,7,6,5,5,7,5,7,9,4,5,6,7,5,5,6,7,5,6,5,7,6,6,6,8,6,5,5,6,8,5,3408,6,5,6,4,9,5,10,3,4,6,4,5,5,6,5,7,6,6,8,7,7,9,7,8,6,7,7,6,5,4,6,6,5,10,6,5,7
"81_013. Passenger  Let Her Go (Official Video)_noise_-20dB_sample1.wav",141,7,5,4,7,6,6,6,11,6,8,8,5,5,7,5,7,7,6,6,6,5,5,9,7,7,7,6,8,6,6,6,6,5,4,5,4,6,3,6,8,4,7,5,6,6,5,6,5,6,5,5,8,8,5,7,7,6,5,5,6,6,2843,6,5,5,6,9,7,5,7,2,6,9,5,6,5,5,6,6,6,5,8,6,6,6,5,9,7,10,7,8,6,5,5,6,4,6,5,5,7
"89_091. Faster Car - Anders Lystell feat. Kaliber [EPIDEMIC SOUND] (Lyrics)_noise_-20dB_sample1.wav",143,7,7,5,11,6,8,7,9,6,9,8,7,7,7,7,9,6,6,7,5,6,6,7,6,7,8,7,7,6,7,7,7,8,7,6,8,10,3,7,6,5,6,8,6,6,7,6,8,5,8,5,2129,6,10,6,8,6,6,5,7,7,6,6,8,7,7,7,7,6,6,3,6,8,5,7,6,5,8,6,5,5,7,6,8,8,6,7,7,9,10,9,6,5,9,8,6,7,8,13,7
"4_003. Lorde - Royals (US Version)_noise_-20dB_sample2.wav",143,7,6,5,8,8,10,7,6,8,10,7,7,8,8,5,7,7,404,9,5,7,6,7,6,6,8,9,8,6,7,7,5,7,7,5,7,8,4,10,6,5,6,6,6,9,5,7,7,6,8,5,10,5,7,6,7,7,5,6,7,8,6,6,7,8,7,7,8,5,5,3,6,6,6,6,5,6,7,8,6,5,9,7,9,7,6,7,5,10,8,7,6,7,8,8,6,8,7,8,7
"28_074. American Authors - Best Day Of My Life_noise_-20dB_sample1.wav",142,6,8,4,8,7,6,7,6,6,11,7,6,6,7,5,10,1271,5,8,4,6,4,8,6,7,7,6,8,6,5,6,5,6,5,5,5,7,4,8,7,5,8,6,7,5,7,7,6,6,7,6,7,6,5,7,5,7,5,6,7,5,7,7,8,5,7,8,7,6,8,2,5,8,7,5,6,5,6,5,6,6,6,8,9,9,7,7,5,9,7,7,7,6,6,7,5,6,6,6,9
"84_001. Anna Kendrick - Cups_noise_-20dB_sample2.wav",144,6,6,4,10,8,7,8,5,6,7,7,7,11,7,6,10,7,7,10,6,6,5,7,5,7,7,7,5,6,7,5,6,5,6,6,7,7,3,11,6,5,6,6,8,6,5,7,7,5,7,6,9,5,8,6,9,6,6,6,5,5,8,5,7,6,7,7,9,6,6,2,7,7,5,6,4,6,7,7,8,5,8,8,6,9,5,8,5,7,8,7,6,6,7,8,7,6,6,7,8
"23_048. Pharrell Williams - Happy (Official Music Video)_noise_-20dB_sample2.wav",151,7,6,7,7,12,7,10,6,6,8,7,11,8,7,6,7,7,5,8,6,7,5,8,6,7,9,6,8,9,8,7,7,7,7,6,7,7,3,20,10,6,8,7,8,6,6,7,7,7,8,6,9,7,25,7,7,9,7,6,6,5,7,5,10,6,6,8,7,6,8,5,6,6,6,6,7,8,8,6,8,6,8,8,11,14,6,8,5,9,2536,12,7,7,6,12,6,6,7,6,7
"9_034. Pitbull - Timber (Official Video) ft. Ke$ha_noise_-20dB_sample1.wav",144,6,9,6,11,7,7,7,5,5,7,8,9,7,8,5,7,6,7,7,5,6,5,8,7,9,7,8,6,7,5213,6,6,6,6,7,6,8,5,7,7,6,7,6,7,8,6,7,6,6,6,7,9,7,8,8,6,6,6,5,7,6,5,5,7,6,7,7,7,6,8,4,5,6,5,6,6,7,7,7,6,5,9,6,9,7,6,7,5,17,6,7,6,6,6,8,5,6,6,6,10
"91_Greener_noise_-20dB_sample2.wav",146,6,6,5,9,7,7,12,7,5,8,7,7,7,11,7,9,6,5,8,5,5,5,7,7,7,7,9,8,8,6,8,8,9,6,7,7,8,3,11,8,4,7,6,8,6,5,5,8,7,6,6,7,7,6,8,6,6,4,6,9,7,7,5,1545,6,7,7,8,7,8,5,6,6,6,8,5,5,9,7,7,4,8,6,7,8,5,6,7,9,12,8,8,8,6,9,6,6,7,5,8
"67_090. Josh Groban - You Raise Me Up (Official Music Video) [HD Remaster]_noise_-20dB_sample2.wav",145,954,6,6,10,7,10,6,7,7,7,8,9,7,6,5,7,5,7,8,7,5,4,8,5,5,6,6,6,9,6,7,5,11,5,5,6,7,4,8,7,5,9,9,6,5,5,9,6,7,8,7,8,9,11,7,6,6,4,8,6,6,7,4,6,6,6,7,12,5,6,3,5,7,6,6,5,7,5,7,8,5,10,6,11,7,6,7,6,7,7,10,6,6,8,7,7,6,6,7,9
"37_063. Bastille - Pompeii (Official Music Video)_noise_-20dB_sample2.wav",143,5,8,7,8,6,6,7,6,5,6,7,7,6,9,5,8,5,6,7,6,9,6,376,5,6,10,6,7,6,6,8,5,6,5,7,6,7,3,10,7,5,7,6,8,7,7,6,5,5,5,7,7,5,7,6,7,7,6,6,6,6,5,6,8,5,7,7,7,6,9,3,6,7,7,7,5,6,6,7,5,5,12,7,7,8,7,8,6,8,7,7,6,7,6,7,6,6,6,6,6
"20_Never Meant to Know_noise_-20dB_sample2.wav",145,5,6,7,9,8,9,10,7,6,8,6,6,7,7,6,8,6,5,8,6,7,6,7,7,7,9,7,7,6,7,8,8,7,7,7,5,7,5,10,7,5,6,7,7,6,6,8,5,9,8,7,16,2284,8,7,7,7,6,5,7,7,6,6,7,6,6,7,8,7,9,3,6,7,8,6,4,7,6,7,6,6,9,8,7,7,7,9,5,8,9,7,6,6,7,8,6,7,6,9,7
"24_047. Girls Talk Boys (from the Ghostbusters Original Motion Picture Soundtrack)_noise_-20dB_sample2.wav",144,6,6,4,7,10,7,6,6,10,10,8,8,8,7,6,7,6,6,7,5,5,7,8,5,5,7,6,7,6,8,7,7,10,6,9,7,8,4,10,8,5,7,5,7,6,5,7,8,7,9,5,7,8,9,6,8,9,5,6,6,6,7,6,7,7,9,6,8,6,8,3,6,10,6,8,5,5,6,7,6,6,9,7,11,7,6,6,6,12,11,2370,5,6,7,9,6,6,7,6,8
"30_Cannibal_noise_-20dB_sample2.wav",148,7,6,5,9,8,6,9,6,6,8,8,9,6,9,7,10,7,5,8,5,7,8,6,8,6,8,7,5,8,7,6,8,13,7,7,11,10,4,7,9,8,9,8,10,9,6,8,7,6,6,6,7,8,8,9,7,8,7,8,6,6,6,9,7,5,7,7,7,7,8,4,6,8,7,8,5,9,6,6,6,7,9,3597,8,10,5,7,7,10,8,11,8,5,7,8,6,8,8,7,7
"96_089. American Boy by Estelle and Kanye West_noise_-20dB_sample2.wav",142,7,10,4,6,7,6,6,6,7,8,9,9,6,8,6,6,5,5,6,6,5,5,6,6,5,7,5,6,5,7,6,6,6,5,6,7,8,4,7,7,6,6,6,9,7,6,7,7,5,6,4,7,6,9,7,5,7,5,5,7,5,6,5,6,5,6,7,7,5,6,3,4,8,5,8,5,5,5,5,5,5,8,6,7,6,6,5,6,7,8,7,6,6,7,9,5,5,1827,6,10
"99_080. Melanie Martinez - Carousel (Official Music Video)_noise_-20dB_sample1.wav",143,8,5,4,8,9,8,6,5,5,6,6,13,12,7,5,7,8,6,8,5,6,4,6,8,9,7,7,6,8,5,4,7,5,6,7,6,8,4,8,6,5,7,5,6,9,6,7,7,5,10,5,7,6,9,8,6,8,6,6,6,6,11,5,6,7,6,2224,8,7,6,3,7,5,5,10,7,9,8,7,7,5,8,12,8,9,5,6,5,11,6,6,6,7,8,8,5,6,5,8,11
"87_079. twenty one pilots Heathens (from Suicide Squad The Album) [OFFICIAL VIDEO]_noise_-20dB_sample1.wav",143,6,7,6,7,8,8,9,5,9,8,7,8,7,8,6,8,6,6,10,6,5,5,8,4,6,7,7,8,6,6,6,7,5,7,8,7,7,4,7,8,5,8,6,7,6,7,6,8,5,7,8,8,8,6,6,15,7,6,7,6,9,6,7,9,6,6,6,10,8,10,3,6,7,6,3096,4,6,5,5,6,5,8,8,8,9,6,9,6,10,7,10,6,8,7,9,6,9,7,5,8
"85_011. Martin Garrix - Animals (Official Video)_noise_-20dB_sample2.wav",140,6,5,4,8,8,6,9,6,5,7,6,7,1471,6,6,7,5,8,8,7,6,5,8,5,6,8,7,6,6,9,8,6,7,6,6,5,6,4,6,7,5,6,8,7,6,5,8,6,6,7,7,9,5,8,5,8,8,4,6,9,5,5,5,8,6,7,7,6,6,8,3,6,6,7,6,5,6,6,6,5,5,6,10,7,12,5,7,8,9,9,7,9,5,6,7,6,5,6,6,6
"17_084. Thomas Rhett - Crash and Burn_noise_-20dB_sample1.wav",144,8,5,6,11,8,7,8,7,7,8,7,6,7,7,6,1540,7,9,8,6,7,5,6,6,4,8,7,6,7,7,6,6,9,6,8,8,7,3,10,7,6,9,7,5,10,8,7,6,6,6,7,10,7,7,7,6,7,7,7,7,6,5,9,8,8,6,6,8,5,8,2,5,8,6,7,5,6,7,7,6,4,7,8,9,9,5,8,6,11,9,6,6,7,8,9,4,6,8,6,9
"3_100. Owl City & Carly Rae Jepsen - Good Time (Official Video)_noise_-20dB_sample2.wav",147,6,5,6,8,7,9,8,5,6,9,6,6,9,7,6,8,5,6,9,5,6,6,6,7,5,6,6,8,6,6,8,6,6,10,8,6,8,4,9,5,4,908,5,7,9,8,7,5,6,9,6,8,5,6,7,7,8,7,7,7,7,8,6,6,7,6,6,6,5,8,2,5,8,7,7,7,6,6,10,6,5,10,7,8,9,4,9,5,8,8,6,5,5,7,7,4,5,8,8,11
"41_The Bidding_noise_-20dB_sample1.wav",139,5,7,3,8,10,8,9,7,6,6,7,7,6,6,6,6,5,6,7,5,8,5,7,5,5,9,7,6,8,7,6,5,7,7,8,5,7,2,9,7,4,5,6,5,6,5,7,6,6,7,7,7,6,6,9,6,6,7,6,6,5,6,6,7,6,6,5,7,6,6,2,7,6,7,10,5,6,5,9,6,5,9,8,8,8,8,7,5,7,7,6,5,6,6,7,2429,6,5,6,6
"28_074. American Authors - Best Day Of My Life_noise_-20dB_sample2.wav",143,5,5,4,11,6,13,6,6,6,8,7,8,7,6,6,6,15,5,7,5,5,4,7,6,7,8,7,7,6,7,6,6,6,6,6,6,8,4,7,7,5,6,6,6,5,5,6,6,5,6,6,7,7,7,7,5,7,6,5,8,7,6,5,6,5,6,7,7,5,6,3,6,7,4,8,6,7,6,7,7,4,8,10,8,7,8,6,5,8,9,7,7,5,7,7,8,7,6,6,9
"62_061. LEFT SCREEN ONLY Spot the Differences_noise_-20dB_sample2.wav",141,6,6,5,7,6,6,6,5,5,8,7,6,7,7,5,5,6,5,7,7,7,4,7,6,9,6,6,5,6,6,7,6,5,5,6,6,6,4,9,7,5,6,5,6,7,6,6,6,7,5,6,7,5,7,6,6,6,5,6,6,5,5,6,8,6,6,6,8,5,6,3,5,6,5,5,5,6,5,7,2227,4,9,6,6,5,6,8,5,8,7,7,11,5,7,7,4,5,7,5,9
"33_076. Galantis - Firebird (Official Audio)_noise_-20dB_sample1.wav",143,6,5,6,12,8,8,8,6,7,8,7,6,12,9,6,8,7,7,10,7,6,4,14,7,6,8,7,7,7,7,7,7,5,7,7,7,9,6,8,8,4,10,9,6,8,7,10,5,5,7,5,7,8,8,9,6,8,5,7,741,6,6,5,9,6,6,9,6,6,6,4,6,9,6,6,7,6,6,10,5,6,9,7,9,8,7,7,5,8,8,6,5,7,8,8,4,5,6,6,9
"21_085. Janji ft. Johnning - Heroes Tonight 1 HOUR_noise_-20dB_sample1.wav",141,9,7,6,11,9,6,6,7,8,7,8,6,13,9,6,8,5,9,9,5,5,5,8,7,8,9,7,6,6,7,7,6,5,7,5,6,7,4,8,6,5,7,10,5,8,6,6,6,8,8,8,11,7,7,5,8,8,6,8,8,5,7,4,6,6,4,8,7,4,7,3,7,5,7,7,4,7,6,11,5,6,9,8,6,9,6,8,5,7,8,10,6,8,8,7,5,4,7,6,7
"58_039. OMFG - Hello_noise_-20dB_sample1.wav",143,7,8,4,8,9,6,7,6,5,7,7,7,7,9,6,7,5,7,8,6,9,6,8,6,6,7,8,6,7,6,5,7,7,9,6,6,7,3,8,7,4,7,7,6,7,6,7,5,6,8,6,6,6,6,6,6,8,6,7,7,8,7,4,6,9,7,5,7,6,7,3,6,7,4,14,7,7,7,5,5,5,9,7,7,10,4,8,7,7,9,7,6,2343,7,8,5,6,5,5,9
"35_036. Fall Out Boy - Centuries (Official Video)_noise_-20dB_sample2.wav",145,6,8,5,9,8,7,7,5,5,7,8,9,7,7,7,7,7,8,10,6,7,5,7,5,7,7,7,9,6,7,9,7,8,6,2742,6,6,4,8,8,5,6,5,5,6,5,6,5,6,7,5,8,9,7,6,6,7,6,5,7,5,6,5,10,7,7,6,6,9,7,6,5,8,5,6,7,7,6,7,5,6,8,7,8,10,6,8,6,10,8,8,7,7,6,7,5,9,5,5,7
"11_062. Pipe Guy - HouseTranceTechno Live_noise_-20dB_sample1.wav",142,6,7,5,7,7,7,7,5,7,6,9,9,8,10,5,10,5,8,7,5,7,4,7,6,6,5,7,6,7,6,6,8,5,8,6,5,6,4,9,6,5,7,6,7,6,6,6,8,6,6,6,9,7,7,6,7,7,8,6,6,6,8,5,7,6,7,7,6,6,6,3,7,10,6,10,5,6,6,7,6,6,9,7,8,9,6,8,5,11,8,8,7,6,6,7,5,6,7,7,8
"70_You and Me_noise_-20dB_sample1.wav",148,6,9,6,9,10,13,9,6,6,11,8,8,6,7,9,7,9,5,7,5,7,6,7,7,4,9,6,7,7,7,7,5,6,6,7,6,9,4,9,9,6,8,6,6,6,6,6,6,6,6,5,7,5,10,8,7,12,6,6,6,6,6,6,8,8,6,8,8,6,8,6,7,9,1607,9,5,8,7,6,7,9,8,7,8,8,7,8,5,8,8,9,8,7,6,6,5,9,6,5,10
"60_057. Get Off The Phone Song_noise_-20dB_sample1.wav",142,8,5,5,8,8,9,8,7,7,7,6,6,9,8,7,8,6,6,7,6,7,5,7,7,8,7,6,7,8,6,6,5,5,5,7,6,7,3,9,8,5,9,1768,6,6,6,5,5,6,7,5,7,5,6,6,7,19,7,8,7,5,7,5,6,8,5,7,7,7,8,3,5,14,5,7,6,7,7,6,5,9,8,9,10,9,8,7,6,7,6,6,5,7,6,6,5,6,7,8,8
"84_001. Anna Kendrick - Cups_noise_-20dB_sample1.wav",143,6,6,5,8,8,7,7,486,6,7,7,7,7,8,6,8,6,6,7,6,10,7,7,6,6,9,7,6,7,8,8,5,5,8,6,6,7,5,8,7,5,6,5,7,7,8,6,7,6,6,5,9,5,7,7,7,8,8,5,6,5,6,6,7,5,6,9,7,8,7,3,5,6,6,5,5,8,7,8,5,5,9,8,8,8,5,8,8,7,8,8,5,6,7,7,4,6,8,8,10
"30_Cannibal_noise_-20dB_sample1.wav",148,6,7,5,8,11,7,9,5,5,7,9,12,7,10,6,7,7,5,10,6,7,7,8,6,7,8,7,7,7,7,7,6,10,7,7,7,8,4,10,6,5,7,6,7,8,6,8,8,7,8,6,9,6,6,8,7,8,7,5,6,6,7,9,8,6,8,9,11,10,8,4,6,7,7,7,6,8,6,7,6,6,9,1183,10,11,7,8,5,11,8,8,6,6,9,8,5,7,6,6,8
"4_003. Lorde - Royals (US Version)_noise_-20dB_sample1.wav",148,5,5,5,7,6,6,7,6,6,7,6,8,10,9,5,8,5,182,8,7,7,4,7,7,8,6,7,7,7,6,6,6,6,6,6,7,7,5,9,6,5,5,5,6,6,6,8,11,7,7,4,7,5,6,7,5,7,5,5,6,6,5,6,7,6,10,6,7,5,6,2,6,6,6,8,6,5,8,7,5,6,9,8,7,8,6,6,7,8,6,5,5,5,8,7,5,6,7,5,7
"99_080. Melanie Martinez - Carousel (Official Music Video)_noise_-20dB_sample2.wav",147,5,8,4,12,9,8,8,7,7,8,6,12,13,6,6,7,5,6,7,6,6,5,7,6,6,6,7,6,10,7,5,6,5,5,7,6,7,4,9,6,5,8,6,7,8,7,7,5,8,6,6,6,6,7,6,6,9,6,7,5,5,9,5,9,5,7,4287,8,9,7,3,6,6,6,7,6,8,7,7,7,6,8,8,6,9,5,5,7,7,9,7,7,6,6,7,6,6,6,7,7
"41_The Bidding_noise_-20dB_sample2.wav",140,5,8,4,8,9,8,7,6,5,6,9,10,7,6,5,8,6,5,8,4,7,4,8,6,7,7,6,6,6,6,6,5,5,5,6,6,9,4,9,7,5,7,6,6,8,6,7,5,7,7,5,7,7,6,9,6,7,8,6,10,6,6,6,8,7,7,6,8,6,8,2,6,7,5,6,5,9,7,7,7,5,9,7,7,8,5,7,6,8,7,9,7,6,7,10,256,5,8,7,7
"49_050. Carly Rae Jepsen - I Really Like You_noise_-20dB_sample1.wav",142,8,7,4,7,9,10,7,6,6,8,6,8,7,7,7,7,5,5,7,7,6,5,6,6,5,8,7,5,6,6,7,5,6,8,7,8,7,3,8,7,3,7,5,7,6,6,6,7,6,7,5,7,5,7,6,6,8,7,8,7,6,6,6,6,7,8,6,7,7,6,3,7,6,7,10,7,8,8,6,6,5,11,8,1881,7,5,8,4,9,7,6,6,8,7,8,6,6,7,6,10
"15_060. My OCD (Song)_noise_-20dB_sample2.wav",142,6,6,4,7,8,8,7,6,6,8,6,1351,5,6,6,9,5,9,6,6,8,5,7,7,6,7,6,9,6,6,5,5,7,8,6,6,10,3,8,9,5,5,6,7,8,8,6,5,6,6,6,8,6,7,5,8,6,7,7,7,6,6,6,7,6,6,12,8,8,6,3,5,6,5,7,5,7,6,6,6,4,7,7,8,7,6,9,6,8,7,6,6,8,6,8,4,6,9,5,8
"37_063. Bastille - Pompeii (Official Music Video)_noise_-20dB_sample1.wav",139,4,6,5,8,5,7,7,6,6,9,7,7,6,7,9,7,6,8,7,5,7,5,412,5,7,8,5,7,6,7,7,5,6,6,7,6,9,3,8,6,5,5,7,6,7,6,7,8,7,6,6,8,5,8,5,6,8,6,8,6,5,6,5,7,7,6,5,9,6,7,5,6,9,7,6,5,6,6,6,6,6,12,7,10,8,6,7,5,8,7,7,6,5,6,6,5,6,6,6,8
"13_030. Maroon 5 - Animals_noise_-20dB_sample1.wav",139,6,5,4,6,6,8,13,7,6,7,6,8,9,5,5,8,5,7,8,5,5,4,7,8,6,11,6,5,5,5,6,4,5,5,6,6,7,3,7,291,5,5,5,6,5,7,6,7,5,7,5,7,5,7,6,7,7,6,4,6,6,6,4,7,5,8,5,5,5,6,5,4,6,7,8,5,5,6,7,6,4,8,7,5,7,5,6,5,9,7,6,6,6,6,7,4,5,5,8,7
"0_096. Nightcore - Mad World_noise_-20dB_sample2.wav",142,6,6,4,8,7,7,10,6,6,7,7,8,5,8,5,6,6,4,6,4745,7,6,7,6,6,9,9,7,8,6,6,6,6,6,6,5,7,3,8,7,5,6,5,6,6,7,6,8,5,7,5,7,6,9,8,6,6,5,6,6,5,7,7,6,5,5,7,7,5,6,2,5,7,5,5,5,5,5,9,5,6,7,7,6,7,5,7,5,7,9,8,6,6,6,6,4,7,7,5,8
"77_065. Nightcore - Ghostbusters_noise_-20dB_sample1.wav",145,7,7,6,8,7,8,9,5,5,8,8,7,9,7,7,8,8,8,7,10,2285,6,8,7,7,19,6,10,6,7,8,8,7,7,7,7,12,4,13,7,5,8,7,8,7,7,9,7,7,7,6,8,7,9,7,6,7,9,6,8,8,7,7,7,12,7,8,8,7,7,2,7,8,5,7,6,7,8,9,8,4,9,9,9,9,7,8,9,10,9,8,7,8,9,9,7,7,8,8,9
"18_044. tony igy-stop in my mind_noise_-20dB_sample2.wav",143,6,8,4,8,6,7,10,5,7,7,6,6,6,8,7,8,6,6,5,6,7,6,11,5,5,6,8,8,7,5,1862,8,5,7,5,6,9,6,7,6,3,6,9,6,6,6,7,9,6,5,10,7,7,6,8,6,8,7,5,8,6,6,8,6,5,7,7,8,5,6,3,6,7,5,8,5,6,6,6,5,7,6,5,6,9,7,13,6,17,6,6,5,5,6,7,5,6,7,6,8
"79_095. Alan Walker - Alone_noise_-20dB_sample2.wav",141,7,7,4,9,8,8,6,5,6,8,7,6,8,6,5,8,6,5,7,5,6,5,6,6,9,7,7,5,8,6,6,5,7,7,5,5,5,3,10,6,4,6,5,5,5,5,6,5,5,6,8,7,6,8,7,6,8,1397,5,7,4,5,4,7,7,6,6,8,5,6,2,6,6,4,5,4,6,5,6,4,4,6,6,11,7,4,5,5,8,7,6,5,5,9,7,6,5,6,5,7
"63_087. Anaconda - Nicki Minaj  The Fitness Marshall  Dance Workout_noise_-20dB_sample2.wav",140,5,6,7,9,6,10,11,6,7,7,7,7,8,8,7,8,4,6,5,7,7,4,8,6,6,6,7,8,6,9,7,5,6,5,5,5,8,3,6,8,5,6,7,9,8,5,6,5,6,5,5,10,6,6,6,6,7,6,7,7,6,8,5,6,7,6,6,7,6,7,2,8,6,5,6,4,6,1163,7,8,4,6,6,8,7,6,9,5,9,8,7,7,5,7,7,9,6,5,6,7
"55_009. Taylor Swift - Shake It Off_noise_-20dB_sample1.wav",144,12,7,6,7,14,7,7,8,6,9,7,9,8,8,6,8,6,7,10,5,7,5,7,9,9,9,10,7,7,7,6,7,10,7,9,9,11,3,3126,9,5,7,9,7,7,5,8,7,8,8,5,7,5,8,10,7,8,6,6,6,5,6,8,8,8,6,6,10,8,8,4,5,8,7,6,5,10,7,7,6,4,11,8,9,8,9,9,5,10,11,10,6,7,8,7,5,9,8,6,10
"82_A Lady_noise_-20dB_sample1.wav",140,5,6,5,8,8,7,8,5,6,6,6,7,6,8,8,8,6,7,7,5,8,5,6,5,7,7,6,6,5,6,6,4,6,6,7,5,7,663,8,6,5,6,5,6,9,6,7,5,9,8,5,8,6,7,7,5,6,7,7,6,7,6,6,9,6,7,6,10,7,7,3,6,7,7,7,4,7,7,5,6,4,7,9,6,7,8,7,6,7,7,6,5,6,6,7,4,6,6,8,8
"26_017. David Guetta - Titanium ft. Sia (Official Video)_noise_-20dB_sample1.wav",142,7,7,6,7,8,7,6,5,5,6,6,7,7,7,9,8,5,5,7,6,6,4,7,13,5,6,6,7,5,7,5,4,6,13,5,6,9,3,8,5,5,9,6,5,10,5,6,4,9,8,6,6,7,6,6,7,6,10,3459,7,7,6,5,8,6,7,5,7,6,4,2,6,6,5,7,4,9,6,6,4,4,8,6,8,7,5,6,6,9,6,6,5,5,5,6,5,5,5,5,8
"92_025. Fall Out Boy - Immortals (From Big Hero 6)_noise_-20dB_sample2.wav",143,10,6,4,8,8,7,30,5,7,7,8,6,7,9,5,7,6,8,6,5,6,7,10,5,6,7,1862,7,7,5,8,6,6,6,5,6,7,5,11,6,6,6,7,10,7,6,6,7,6,6,6,7,7,8,6,7,8,7,8,6,7,6,5,9,5,7,7,8,5,7,4,5,12,6,5,6,7,6,6,5,4,6,9,8,7,5,7,5,9,10,7,5,7,8,8,5,6,6,6,7
"75_078. Kungs vs Cookin on 3 Burners - This Girl (Official Music Video)_noise_-20dB_sample2.wav",145,6,8,5,8,9,2085,9,5,6,8,8,6,8,7,6,7,7,4,7,5,7,5,7,11,7,7,6,6,7,6,6,5,6,10,6,7,9,3,8,6,6,11,5,7,11,8,9,6,6,7,6,8,7,7,7,8,8,7,8,9,6,5,6,7,9,4,6,10,8,6,4,6,5,5,6,6,6,8,7,5,5,7,7,12,6,6,6,5,10,7,7,9,8,7,6,5,6,8,7,7
"3_100. Owl City & Carly Rae Jepsen - Good Time (Official Video)_noise_-20dB_sample1.wav",144,7,6,5,7,8,8,6,5,7,9,7,6,7,7,7,8,6,8,7,6,6,7,11,7,6,7,6,7,6,6,9,6,6,7,7,6,9,3,9,7,4,494,7,7,10,9,7,7,7,6,5,7,6,6,6,8,8,6,7,8,7,5,8,6,7,8,6,8,7,6,2,7,9,5,7,5,7,6,6,6,5,12,8,9,8,6,8,6,12,7,8,6,6,9,6,5,7,6,7,10
"81_013. Passenger  Let Her Go (Official Video)_noise_-20dB_sample2.wav",141,6,5,5,7,7,7,8,5,5,8,7,9,8,8,5,9,5,6,7,6,8,6,6,5,8,8,7,6,8,5,7,6,5,7,7,9,7,3,8,10,4,7,6,7,7,5,7,6,8,6,6,7,6,6,6,7,6,6,5,8,6,3479,5,7,8,7,9,7,6,5,3,8,7,6,8,5,6,8,6,7,5,10,7,8,7,6,6,6,9,8,7,6,7,6,6,6,6,7,5,7
"97_075. Lindsey Stirling - Prism (Official Video)_noise_-20dB_sample2.wav",139,5,6,4,7,5,6,911,6,6,8,8,7,7,7,6,6,7,6,6,6,6,5,8,5,6,6,6,6,6,5,7,6,5,5,5,6,6,3,7,10,5,6,6,5,6,6,6,5,6,6,6,7,4,6,6,7,6,6,5,6,6,6,5,9,6,6,8,7,6,5,2,6,6,6,6,5,6,5,5,5,5,7,6,8,7,4,9,4,10,8,9,6,6,6,7,5,5,8,7,7
"23_048. Pharrell Williams - Happy (Official Music Video)_noise_-20dB_sample1.wav",143,6,6,4,8,8,10,9,8,6,8,9,7,8,6,8,6,5,6,7,5,6,4,7,5,7,9,10,8,6,6,6,6,6,7,7,5,9,4,10,6,5,6,6,7,7,5,6,6,5,6,5,9,5,6,7,9,7,6,5,7,6,6,5,7,6,6,9,6,4,5,3,5,6,7,6,5,8,6,7,4,5,8,7,11,7,5,6,7,10,2326,7,4,5,7,8,5,5,6,6,7
"32_086. Olly Murs - Grow Up (Official Video)_noise_-20dB_sample2.wav",144,6,7,5,7,8,10,8,6,6,9,7,7,7,7,5,8,6,9,9,7,8,5,8,10,6,7,5,7,5,7,4,6,5,10,7,5,7,4,9,6,5,9,5,8,10,7,8,7,8,7,7,9,5,7,7,8,6,6,6,10,8,5,5,6,5,8,5,7,5,6,3,8,7,5,8,5,8,6,2839,6,6,9,7,8,6,5,8,5,10,7,6,6,7,7,6,5,8,6,6,9
"93_015. Lukas Graham - 7 Years [Official Music Video]_noise_-20dB_sample2.wav",143,8,7,5,9,9,8,5,6,8,11,8,6,9,9,7,8,7,7,8,7,6,5,9,9,6,10,7,6,7,7,7,5,11,10,6,7,9,3,9,7,6,9,6,8,7,8,8,6,8,4790,6,8,8,10,7,8,9,8,7,7,7,8,6,8,9,7,9,10,5,6,4,7,6,9,12,6,8,9,7,8,5,8,7,11,8,7,7,6,11,10,11,6,7,7,9,5,6,7,6,9
"61_045. The Black Eyed Peas - I Gotta Feeling (Official Music Video)_noise_-20dB_sample2.wav",145,5,7,4,9,8,6,6,6,5,8,6,7,8,8,6,9,6,6,7,5,7,5,11,5,8,10,7,6,6,6,6,4,5,5,6,6,7,4,8,6,4,10,6,5,7,9,5,6,6,6,6,7,7,5,6,7,6,4,5,7,6,6,6,7,6,6,9,8,7,9,3,5,6,5,7,6,6,7,7,5,4,7,8,8,1661,5,7,5,8,8,9,6,6,5,6,5,6,5,6,8
"88_033. Fifth Harmony - Worth It (Official Video) ft. Kid Ink_noise_-20dB_sample1.wav",155,8,7,6,6,12,6,8,9,8,7592,9,7,6,8,6,8,16,6,7,7,6,5,7,9,7,7,7,9,6,8,7,5,6,8,6,6,9,3,11,9,5,9,6,9,7,7,8,6,13,9,5,10,8,11,13,8,9,7,6,9,8,8,5,6,6,6,7,8,7,6,3,6,7,8,6,6,8,6,10,7,4,7,8,7,8,7,9,7,8,9,8,8,7,7,7,5,7,7,7,8
"31_058. Rub Some Bacon on It_noise_-20dB_sample2.wav",145,6,6,5,7,9,7,6,6,6,8,6,6,5,8,7,8,4,6,6,5,6,4,5,7,7,5,6,7,6,5,5,4,612,6,6,6,7,4,7,7,7,6,7,6,8,6,6,7,8,7,6,6,6,7,9,6,6,6,6,6,5,6,6,6,7,5,6,8,5,7,3,5,5,4,7,5,6,6,6,6,5,10,7,7,6,4,7,5,8,10,12,5,10,6,9,5,7,7,8,7
"38_082. Smoke and Mirrors_noise_-20dB_sample2.wav",146,6,6,4,7,8,7,7,5,6,10,8,7,7,9,5,9,5,6,8,5,6,5,8,6,7,8,6,6,6,8,7,6,5,7,6,6,9,4,12,8,6,7,7,6,7,6,6,5,389,6,5,7,7,7,8,8,7,7,7,7,7,6,5,7,6,6,7,8,6,8,5,6,7,5,7,5,7,6,8,6,6,8,8,7,9,7,6,6,10,8,7,7,6,7,8,5,6,7,6,9
"43_098. Nightcore~ The Wolf_noise_-20dB_sample2.wav",150,5,6,4,8,6,8,7,6,6,7,6,6,8,7,5,6,6,5,6,7,9,5,8,7,6,5,5,5,6,10,6,6,5,8,6,6,7,4,9,7,5,6,7,5,5,5,7,5,5,7,5,7,6,9,7,7,5,6,6,7,8,6,6,6,5,8,7,8,5,6,2,5,9,6,5,5,6,5,7,7,4,8,9,8,7,6,9,7,8,7,6,5,6,6,497,5,6,6,5,7
"80_077. Emeli Sandé - Hurts_noise_-20dB_sample1.wav",142,5,7,4,7,5,7,7,5,7,7,8,6,7,7,5,10,7,6,5,5,7,5,6,5,6,6,6,8,7,7,7,8,5,5,6,6,8,4,7,6,4,5,7,1044,5,5,7,6,5,6,5,8,6,7,6,5,7,6,5,5,5,6,7,7,5,9,6,9,5,7,4,6,6,5,7,6,6,6,7,6,5,7,8,8,7,7,7,5,8,6,7,7,7,6,6,5,6,5,8,6
"34_The Trap_noise_-20dB_sample1.wav",142,6,7,4,7,9,9,7,8,7,6,6,8,9,8,7,9,5,7,6,5,9,6,6,8,6,7,6,8,6,6,5,6,7,11,6,7,6,4,9,6,5,8,5,8,7,2403,6,7,7,9,6,9,7,9,9,7,8,6,6,8,7,7,4,8,9,9,6,6,6,7,3,6,5,8,6,5,8,5,7,5,5,9,8,9,6,6,8,6,8,7,6,6,10,8,8,5,6,6,8,8
"101_070. Eminence - Knock Me Out (feat. Anna Cyzon) [Monstercat Official Music Video]_noise_-20dB_sample1.wav",144,6,5,5,13,7,8,7,5,5,9,7,7,7,8,7,13,6,6,7,6,5,5,7,5,8,8,5,5,6,9,5,1652,7,6,7,6,6,3,9,6,5,6,6,6,6,5,8,6,7,5,5,11,6,9,7,6,7,5,5,7,6,6,5,7,4,7,7,6,6,7,5,7,7,5,6,5,6,5,6,4,4,9,8,8,8,6,8,6,8,7,8,5,7,5,6,5,6,8,6,6
"45_005. OneRepublic - Counting Stars_noise_-20dB_sample1.wav",149,6,7,4,8,8,10,9,6,7,8,7,8,6,7,7,7,8,6,7,7,7,6,6,5,7,7,10,7,6,6,12,5,7,5,5,6,8,4,9,7,5,6,7,6,6,6,6,5,6,6,7,10,5,8,6,8,8,5,5,8,6,7,6,5,5,6,6,1244,7,9,5,5,7,5,6,5,8,8,5,6,7,9,7,8,7,8,7,6,9,9,6,6,7,6,7,5,5,8,6,14
"104_024. twenty one pilots Stressed Out [OFFICIAL VIDEO]_noise_-20dB_sample2.wav",140,6,5,7,7,5,7,9,6,5,7,7,7,10,6,6,9,5,17,8,11,7,6,8,6,6,9,5,7,6,6,5,5,7,6,5,6,9,5,8,9,5,6,6,9,5,5,6,10,7,6,6,6,6,6,6,5,5,6,6,7,6,6,6,6,8,3376,7,7,7,7,3,5,5,6,5,5,5,8,8,7,4,8,7,6,9,7,10,4,9,7,7,7,5,7,7,6,6,6,6,7
"105_101. Yann Tiersen - Comptine d`un autre ete - l`apres-midi_noise_-20dB_sample2.wav",143,9,9,7,9,7,9,8,8,6,6,6,6,7,9,7,7,8,7,10,6,6,5,8,6,8,10,7,8,8,7,8,5,12,7,9,12,7,4,9,6,5,6,7,6,6,5,7,6,6,7,6,7,7,6,6,7,8,6,5,6,6,6,8,10,6,8,6,7,12,16,440,6,6,7,6,4,9,7,7,4,5,7,7,9,8,6,7,5,8,8,8,6,6,8,7,5,8,7,6,9
"16_038. P!nk - Just Give Me A Reason ft. Nate Ruess_noise_-20dB_sample2.wav",144,8,5,4,8,6,7,7,7,7,8,8,5,6,7,6,6,6,5,7,5,8,5,6,7,6,10,8,7,5,6,8,5,6,6,5,6,7,3,10,9,4,7,6,9,8,5,6,6,7,5,6,8,8,5,5,6,14,7,6,7,7,6,5,6,5,5,6,8,5,7,4,7,982,6,7,7,7,5,6,5,4,8,9,9,8,7,7,7,9,7,6,5,7,6,7,6,6,6,6,8
"25_035. Alan Walker - Sing Me To Sleep_noise_-20dB_sample1.wav",143,7,14,5,9,7,7,8,7,5,8,7,9,7,11,10,8,6,6,8,6,6,4,6,13,6,11,7,6,6,7,9,6,7,9,8,9,7,3,8,11,6,6,7,7,7,7,6,7,6,5,6,8,7,7,8,6,7,5,6,5,6,6,6,9,6,6,4,7,9,14,7,6,8,12,8,6,10,6,6,5,5,7,10,8,14,6,8,4,7,6,9,6,6,7,7,4,3423,8,6,12
"59_014. Avicii - Hey Brother (Lyric)_noise_-20dB_sample1.wav",143,6,7,5,9,9,7,8,5,7,9,9,7,10,7,7,7,6,5,5,5,8,4,10,382,6,8,8,6,5,5,4,5,7,2591,5,7,7,3,8,6,8,8,6,6,7,7,7,7,7,6,6,7,6,7,6,7,8,7,7,7,5,6,5,6,6,6,7,9,8,7,2,5,7,7,7,4,8,9,7,7,6,9,10,9,7,4,7,5,11,8,6,6,6,8,7,5,7,8,6,9
"16_038. P!nk - Just Give Me A Reason ft. Nate Ruess_noise_-20dB_sample1.wav",144,5,6,3,8,6,8,8,6,5,9,8,7,8,7,6,7,6,6,7,5,7,4,7,8,7,9,5,8,9,8,6,4,5,6,6,7,9,3,8,10,4,7,10,6,6,7,6,7,8,5,7,6,5,7,7,5,17,5,7,6,6,6,4,7,8,6,6,7,6,6,3,8,1190,7,5,6,5,7,7,4,4,8,9,7,9,6,6,5,7,9,6,6,5,6,7,5,5,5,7,8
"60_057. Get Off The Phone Song_noise_-20dB_sample2.wav",143,6,7,5,6,6,7,7,6,7,7,7,8,6,9,6,6,5,5,8,4,7,4,7,5,5,8,11,7,6,7,6,5,6,5,6,5,7,4,7,6,4,6,1604,6,7,4,5,6,5,5,7,7,6,5,5,7,11,7,5,5,8,7,5,7,6,6,7,8,5,4,2,5,6,6,6,4,5,6,7,6,5,9,7,7,8,6,7,6,8,7,8,6,5,4,7,5,6,7,7,7
"87_079. twenty one pilots Heathens (from Suicide Squad The Album) [OFFICIAL VIDEO]_noise_-20dB_sample2.wav",144,6,6,5,9,8,7,13,6,5,6,9,7,7,8,8,9,6,6,11,6,6,7,9,5,7,7,7,6,5,6,8,5,6,7,8,7,7,3,7,7,5,7,7,7,6,7,8,8,6,7,8,9,6,5,8,14,6,5,6,7,7,6,6,8,7,7,8,8,6,8,3,5,6,6,2079,6,8,8,7,6,6,12,8,7,8,5,7,7,8,6,9,7,7,7,6,5,9,6,6,7
"5_002. Avicii - Wake Me Up (Official Video)_noise_-20dB_sample1.wav",142,5,8,4,9,6,7,9,6,6,6,6,7,9,7,5,8,5,5,7,5,9,5,7,5,8,7,6,6,5,6,7,5,5,5,5,9,7,4,8,6,4,7,6,7,6,6,6,6,7,7,6,9,6,7,7,8,6,8,5,6,5,6,5,7,8,5,7,8,7,6,2,6,6,6,7,5,5,8,7,7,5,6,9,9,10,4,8,6,9,6,7,7,7,8,7,4,6,8,6,7
"86_019. Naughty Boy - La la la ft. Sam Smith (Official Video)_noise_-20dB_sample2.wav",143,9,12,5,8,7,11,10,7,5,9,6,9,7,9,5,7,6,8,8,5,7,6,7,15,7,7,7,8,8,8,7,6,6,7,7,7,7,4,7,9,5,8,7,6,6,7,8,7,8,7,7,7,6,5,6,6,6,6,6,8,7,6,6,7,7,7,6,8,5,7,4,4,7,6,7,7,5,8,7,6,5,9,6,8,12,6,833,7,16,7,9,6,6,6,10,8,7,7,7,10
"10_012. Calvin Harris - I Need Your Love (Official Video) ft. Ellie Goulding_noise_-20dB_sample1.wav",147,7,9,6,11,9,9,9,7,6,8,8,7,9,8,6,10,6,8,7,6,6,7,6,13,6,8,7,8,6,7,7,7,6,14,8,9,8,7,8,6,5,10,7,6,1654,10,8,6,7,7,7,7,6,7,7,7,7,8,10,9,9,6,7,8,7,6,9,9,5,7,3,5,7,5,6,7,10,6,13,5,6,10,8,9,9,6,10,6,13,10,9,6,8,8,7,4,7,6,7,10
"102_018. Shawn Mendes - Stitches (Official Music Video)_noise_-20dB_sample2.wav",142,7,7,4,9,8,8,9,6,5,9,2039,7,7,6,7,7,6,8,7,6,8,5,6,7,6,6,7,7,6,7,7,6,6,6,5,5,9,3,7,7,8,10,6,6,6,7,8,5,5,10,7,14,6,6,8,6,8,7,7,7,7,6,6,6,8,7,8,9,6,6,3,6,6,5,6,7,5,6,7,8,5,8,7,7,8,5,6,6,8,10,7,6,5,10,9,6,7,6,8,6
"26_017. David Guetta - Titanium ft. Sia (Official Video)_noise_-20dB_sample2.wav",143,6,6,4,8,7,7,8,7,6,7,7,7,7,7,6,7,4,6,6,6,8,4,5,7,4,6,6,5,6,5,5,4,8,7,7,9,6,3,10,5,4,6,5,5,5,5,6,6,8,5,5,8,6,7,6,6,7,6,3828,9,6,7,5,7,6,5,7,7,4,5,3,5,6,6,7,7,6,6,7,6,4,6,5,7,7,4,7,5,9,10,6,7,5,8,5,4,5,7,6,7
"76_073. Lindsey Stirling - Crystallize (Dubstep Violin Original Song)_noise_-20dB_sample1.wav",145,7,6,6,11,9,6,7,6,7,7,7,8,7,8,7,7,8,7,7,5,9,4,7,9,5,8,7,7,6,6,7,6,6,6,7,8,8,4,9,6,4,8,8,6,7,7,6,6,7,7,8,8,5,7,6,7,7,8,12,8,8,6,5,8,1856,7,9,8,6,6,5,5,7,6,7,5,12,7,8,5,5,7,9,8,7,6,7,5,8,7,6,5,6,8,7,8,7,6,6,8
"55_009. Taylor Swift - Shake It Off_noise_-20dB_sample2.wav",141,5,7,5,9,8,7,7,6,7,7,8,7,6,7,6,8,7,7,7,7,8,5,8,6,7,6,7,6,5,6,10,5,7,5,6,7,8,4,1425,8,5,9,6,6,7,5,5,5,7,7,5,10,7,6,7,7,8,6,8,5,8,8,6,6,7,6,6,6,7,7,3,5,5,6,8,4,7,6,6,5,4,8,8,6,7,7,7,6,8,8,7,8,5,6,8,5,6,5,7,7
"82_A Lady_noise_-20dB_sample2.wav",141,6,5,4,7,9,6,8,5,5,7,6,8,7,7,6,7,8,5,8,6,7,7,7,6,6,7,7,6,7,6,6,5,6,6,7,6,7,290,9,7,5,7,5,6,7,7,6,5,6,8,5,7,6,7,6,6,7,6,7,6,7,5,12,6,6,7,8,6,6,6,3,5,8,6,6,7,5,7,8,6,4,7,7,8,8,7,7,6,7,10,7,6,6,7,8,7,7,6,6,7
"67_090. Josh Groban - You Raise Me Up (Official Music Video) [HD Remaster]_noise_-20dB_sample1.wav",144,801,6,5,11,7,8,8,6,6,6,7,7,6,8,8,7,5,7,7,6,7,5,7,5,7,8,6,7,7,7,6,8,5,7,6,6,7,4,7,6,5,7,6,6,5,6,7,6,7,8,10,9,6,6,6,7,8,7,6,6,5,6,7,5,5,7,6,8,5,5,4,6,8,6,5,5,8,8,6,7,6,9,7,8,7,8,7,8,7,6,6,5,6,8,6,5,5,6,6,6
"2_023. Rachel Platten - Fight Song (Official Video)_noise_-20dB_sample2.wav",144,6,7,5,7,6,7,10,5,6,8,6,7,7,10,764,10,7,7,8,6,8,5,6,6,7,7,7,7,7,6,6,5,6,5,6,7,6,4,8,8,5,6,5,7,6,5,6,5,6,6,5,7,5,6,6,7,8,6,6,7,6,7,5,8,8,5,5,9,7,8,3,6,8,11,6,4,9,6,7,6,5,7,9,7,8,5,7,7,7,8,8,6,7,8,7,6,7,7,6,9
"78_026. Katy Perry - Firework (Official Music Video)_noise_-20dB_sample2.wav",140,8,6,4,14,7,7,6,8,6,7,6,7,8,7,8,5,5,4,9,6,6,4,7,7,5,6,6,7,8,6,5,6,5,7,6,9,7,4,7,5,5,9,8,5,6,5,1202,7,6,7,5,13,6,7,6,7,7,7,6,6,5,6,5,7,5,5,7,9,5,6,3,7,6,5,5,5,6,6,7,6,4,7,6,7,6,5,6,4,11,7,6,6,7,6,8,5,5,5,6,6
"71_083. My Singing Monsters - Plant Island Theme_noise_-20dB_sample1.wav",145,8,6,4,10,6,9,15,6,5,7,8,7,8,8,5,8,5,8,8,6,8,1460,8,7,6,9,8,6,10,9,5,6,6,6,8,6,7,3,9,7,4,7,7,7,8,7,7,6,6,6,8,8,8,9,7,7,11,5,7,7,6,8,6,10,7,6,8,7,5,7,3,5,10,7,7,5,9,6,8,5,7,9,7,9,10,5,7,6,10,7,6,8,5,7,8,4,7,7,6,7
"59_014. Avicii - Hey Brother (Lyric)_noise_-20dB_sample2.wav",146,8,7,4,9,7,7,6,7,9,8,6,8,7,8,8,9,7,7,8,5,6,5,9,407,8,7,6,6,5,5,7,4,6,1516,6,7,7,4,9,7,4,7,6,8,7,6,6,5,6,9,5,7,8,7,6,8,8,6,5,8,5,5,5,7,6,7,6,8,6,6,3,6,5,7,6,4,6,6,7,6,4,9,6,8,8,5,6,4,9,10,7,5,6,8,8,5,6,7,5,9
"57_Numb_noise_-20dB_sample2.wav",148,7,6,4,9,7,7,11,6,7,7,7,8,7,8,7,8,7,7,10,8,8,5,8,5,6,9,8,8,6,7,7,8,6,6,7,8,8,8,7,7,4,5,6,6,10,6,6,6,7,6,6,10,6,6,6,7,6,6,6,10,6,8,7,6,6,6,7,11,5,6,4,5,10,5,6,6,6,7,5,5,5,7,8,9,9,4575,10,5,10,7,8,6,6,7,9,4,6,8,6,7
"94_Banana Man_noise_-20dB_sample1.wav",148,4,7,4,8,7,7,7,5,4,7,7,7,9,5,6,8,6,5,7,7,8,5,7,6,719,7,7,5,5,6,6,8,5,6,5,5,8,4,7,7,4,7,5,6,7,8,6,4,6,6,5,6,6,6,6,7,8,6,5,5,6,6,5,8,7,6,6,7,5,6,2,7,8,5,5,6,7,7,6,6,6,7,7,8,9,6,6,5,12,7,6,6,6,7,7,5,7,6,10,7
"40_052. Lindsey Stirling - Moon Trance (Official Music Video)_noise_-20dB_sample2.wav",149,7,7,9,9,8,6,10,5,5,9,8,11,7,6,7,7,7,5,883,5,8,5,8,5,6,10,6,6,5,6,5,6,7,5,7,6,7,5,7,7,6,6,7,8,5,7,7,9,7,7,6,8,7,7,6,6,7,7,5,5,6,6,7,9,8,7,7,7,8,9,4,5,7,6,7,6,5,7,6,7,5,8,7,10,8,7,7,5,7,9,7,8,7,6,7,5,5,7,7,7
"48_027. MAGIC! - Rude (Official Video)_noise_-20dB_sample2.wav",148,7,7,6,9,8,9,7,7,5,9,5,6,7,6,5,6,5,6,7,5,6,5,7,7,7,8,6,6,5,8,6,6,7,5,6,5,1655,4,10,6,4,6,5,5,7,7,7,5,7,5,6,6,8,7,6,8,7,5,6,7,9,5,5,8,7,6,8,7,5,6,3,5,5,6,5,5,7,5,5,5,5,7,8,7,8,5,7,6,8,7,8,6,6,8,7,5,5,5,7,7
"51_088. Steven Universe - We Are The Crystal Gems_noise_-20dB_sample1.wav",161,5,8,4,8,7,6,9,6,6,7,7,7,7,7,6,7,6,8,7,5,6,5,6,7,5,7,5,7,5,8,6,7,7,7,6,7,7,5,7,7,5,6,5,5,7,8,5,6,7,7,5,9,5,7,6,5,5,7,7,8,8,6,6,6,7,6,7,6,6,6,3,737,7,4,7,5,6,7,5,8,4,7,11,7,8,7,9,5,9,9,8,6,6,9,6,4,7,6,5,9
"38_082. Smoke and Mirrors_noise_-20dB_sample1.wav",149,7,7,4,8,9,7,7,7,7,13,7,7,6,7,7,7,6,6,10,6,7,5,8,7,7,7,5,6,6,6,6,6,6,6,6,7,5,4,7,8,4,7,7,7,6,6,7,6,709,8,6,8,7,7,6,10,7,6,5,8,6,6,6,8,6,7,6,12,6,7,4,5,7,7,7,5,6,6,7,7,4,8,8,9,6,6,6,6,8,8,7,6,6,7,10,6,5,7,6,10
"96_089. American Boy by Estelle and Kanye West_noise_-20dB_sample1.wav",143,13,7,7,7,7,10,7,6,6,8,9,7,9,7,6,9,6,6,7,6,7,5,7,5,6,7,9,8,6,6,9,4,5,5,8,9,7,3,7,7,6,7,6,6,6,6,6,7,5,8,6,7,8,7,6,8,7,7,6,7,6,6,5,7,6,6,6,7,6,7,2,7,6,5,5,5,7,5,6,8,6,9,7,9,8,5,6,6,10,8,10,7,6,6,7,6,7,5224,6,7
"63_087. Anaconda - Nicki Minaj  The Fitness Marshall  Dance Workout_noise_-20dB_sample1.wav",141,5,7,4,11,7,8,8,5,4,8,6,6,6,7,8,6,6,5,8,4,5,4,6,5,6,8,6,7,7,7,7,8,6,8,4,4,7,5,8,6,5,6,7,6,7,5,6,6,6,6,5,7,6,9,6,7,8,8,7,6,6,5,5,7,6,7,9,8,7,6,2,5,6,6,6,4,6,1114,6,6,6,12,6,7,7,7,7,5,8,7,8,6,5,6,6,5,6,6,7,11
"103_037. Calvin Harris, Rihanna - This Is What You Came For (Official Video) ft. Rihanna_noise_-20dB_sample2.wav",148,7,16,6,9,9,15,10,8,7,8,8,8,10,10,8,8,6,6,9,7,7,5,10,9,9,8,9,7,8,6,8,6,9,13,6,14,8,4,10,10,7,8,8,8,8,6,11,6,8,7,6,9,5,7,10,8,7,8,8,8,8,8,7,9,6,7,7,14,8,8,4,6,7,6,7,5,8,8,8,7,5,15,10,13,12,6,18,11,17,10,8,6,8,8,7,5,8,7,7,2431
"88_033. Fifth Harmony - Worth It (Official Video) ft. Kid Ink_noise_-20dB_sample2.wav",144,5,5,7,8,8,8,7,5,4,5095,6,6,5,8,6,7,9,7,7,5,8,3,6,5,6,8,6,7,8,6,6,5,5,6,8,6,6,5,11,6,5,7,8,5,8,5,6,5,8,6,7,8,6,9,10,5,6,7,6,8,6,7,5,6,8,8,8,7,6,6,2,4,8,6,7,5,5,7,6,6,4,7,6,6,7,5,7,5,7,8,7,6,5,7,7,6,5,6,8,7
"101_070. Eminence - Knock Me Out (feat. Anna Cyzon) [Monstercat Official Music Video]_noise_-20dB_sample2.wav",143,5,5,5,13,9,7,7,5,7,8,6,7,11,8,7,10,6,6,8,5,7,4,8,6,6,7,6,6,6,8,9,2090,6,7,6,7,6,4,7,6,4,6,8,6,7,6,7,6,6,7,5,9,8,7,9,6,6,8,5,7,9,6,5,8,5,5,8,8,6,9,4,6,5,6,7,7,6,7,6,7,6,8,7,8,9,7,8,6,8,8,8,9,8,8,6,5,6,6,9,9
"27_022. Major Lazer & DJ Snake - Lean On (feat. MØ) [Official Music Video]_noise_-20dB_sample1.wav",145,6,7,4,7,6,7,7,9,3952,6,6,8,6,9,6,10,6,6,7,4,8,5,6,8,6,7,7,7,7,8,6,4,7,5,6,6,9,3,9,5,6,6,7,6,8,6,5,5,7,7,5,8,6,6,7,6,11,7,10,9,6,6,5,6,5,7,5,8,5,7,2,5,8,5,6,7,6,6,8,6,4,10,8,9,8,7,8,6,9,6,6,5,6,5,8,5,6,6,5,8
"14_099. Sheppard Geronimo - [International Version] (Official music Video)_noise_-20dB_sample2.wav",139,8,6,4,7,6,8,7,6,6,6,7,6,6,12,5,7,8,5,6,4,6,5,6,7,5,1091,7,8,7,8,6,6,6,5,6,6,8,6,8,8,4,10,5,5,6,6,7,6,6,6,6,8,6,6,8,9,7,6,6,6,6,8,6,7,6,7,6,7,6,6,3,5,8,6,7,5,6,5,6,5,5,7,8,7,7,5,6,8,8,8,6,6,7,9,7,5,5,5,6,8
"74_029. David Guetta - Hey Mama (Official Video) ft Nicki Minaj, Bebe Rexha & Afrojack_noise_-20dB_sample2.wav",141,6,7,4,9,6,7,7,7,5,6,7,6,6,8,7,6,6,9,7,5,8,6,7,7,7,9,5,6,6,7,6,5,8,8,7,9,7,3,8,9,4,6,5,7,7,5,6,6,6,7,6,11,8,6,7,7,7,4,5,6,6,5,5,7,6,6,7,11,6,9,4,7,7,7,8,4,5,6,6,5,6,8,11,7,6,6,7,6,7,6,9,1004,7,7,8,6,6,7,5,7
"71_083. My Singing Monsters - Plant Island Theme_noise_-20dB_sample2.wav",148,7,7,5,8,10,9,11,6,6,7,6,7,6,7,8,8,6,24,8,6,7,2163,7,6,6,8,9,8,6,6,7,7,7,6,5,6,7,4,9,6,5,6,6,9,6,6,8,11,7,7,7,6,7,9,6,7,7,5,7,7,11,6,7,6,8,11,6,7,5,7,4,6,9,5,7,5,6,6,6,6,5,7,7,7,8,7,8,7,7,8,10,7,5,9,8,4,8,7,6,6
"24_047. Girls Talk Boys (from the Ghostbusters Original Motion Picture Soundtrack)_noise_-20dB_sample1.wav",146,9,6,4,7,9,9,12,5,6,7,9,7,7,8,7,7,7,6,9,6,6,4,7,6,6,8,8,6,6,6,6,6,10,6,8,6,8,3,11,7,5,6,6,6,6,7,6,7,7,9,8,8,8,8,7,9,8,6,6,6,8,9,6,7,5,6,7,10,7,6,4,6,8,5,10,5,6,7,8,8,13,13,10,11,7,5,6,6,9,10,3023,5,6,7,9,6,5,8,6,10
"92_025. Fall Out Boy - Immortals (From Big Hero 6)_noise_-20dB_sample1.wav",140,8,7,4,8,6,6,9,6,6,6,7,7,6,7,6,7,4,5,7,5,8,4,8,7,8,6,1689,6,6,7,7,7,7,4,5,5,7,3,10,5,4,6,7,7,5,6,7,5,7,6,5,7,5,7,7,7,7,5,6,7,7,7,5,8,6,5,6,7,6,6,3,6,6,5,7,5,6,6,6,5,4,7,7,6,8,6,6,5,8,7,7,6,5,6,8,4,5,6,7,6
"21_085. Janji ft. Johnning - Heroes Tonight 1 HOUR_noise_-20dB_sample2.wav",142,6,7,5,9,7,9,9,8,8,7,6,6,9,8,4,7,5,7,7,5,7,5,6,6,6,7,6,6,7,6,5,8,6,7,6,6,9,3,9,8,4,9,5,7,18,5,7,6,7,8,6,7,6,10,8,7,8,6,7,7,5,6,7,7,7,5,7,8,5,7,3,6,6,6,6,5,6,7,7,5,5,9,8,9,7,6,9,6,8,8,5,6,6,9,8,4,6,6,7,10
"7_092. Harry Potter Medley on Marimba_noise_-20dB_sample1.wav",142,6,9,669,8,8,7,7,4,5,7,10,6,6,9,7,8,5,6,9,5,8,5,6,8,5,8,7,7,6,7,6,6,6,6,6,6,10,4,8,6,5,7,6,6,7,7,6,6,6,6,6,8,5,12,7,6,6,6,7,8,5,7,4,9,6,7,6,7,5,6,3,7,6,8,5,4,8,5,8,7,4,7,8,10,8,4,5,6,7,9,8,5,6,5,7,6,5,5,6,8
"6_043. Wintergatan - Marble Machine (music instrument using 2000 marbles)_noise_-20dB_sample2.wav",145,6,9,3,6,6,9,7,6,7,8,6,6,8,223,6,9,5,5,7,6,6,4,8,5,6,7,6,7,6,6,6,6,6,6,6,7,7,5,8,6,5,6,6,7,6,5,5,6,6,6,5,7,5,8,9,7,7,6,6,7,8,6,5,6,7,5,7,6,7,7,3,5,7,8,7,5,7,5,6,6,4,8,8,7,10,6,8,6,7,7,8,6,6,6,9,5,7,6,7,8
"51_088. Steven Universe - We Are The Crystal Gems_noise_-20dB_sample2.wav",141,7,6,5,10,8,7,9,6,5,7,7,6,7,6,6,6,8,6,8,6,7,6,7,8,6,7,7,6,5,7,5,4,5,5,6,6,6,3,9,6,4,5,5,6,6,5,7,5,8,8,7,11,6,6,5,6,6,5,7,5,6,6,5,6,7,7,6,6,6,7,2,1432,7,7,6,5,6,5,6,5,4,8,6,7,7,5,7,5,7,7,7,6,6,8,7,6,8,5,6,6
"61_045. The Black Eyed Peas - I Gotta Feeling (Official Music Video)_noise_-20dB_sample1.wav",142,5,6,4,8,6,8,7,5,7,10,6,6,9,7,6,8,5,8,9,6,6,6,8,5,5,7,6,5,5,8,7,10,8,6,6,5,7,5,7,7,6,5,5,6,5,7,9,8,5,7,7,11,6,6,8,6,11,7,6,6,7,7,6,6,6,5,7,8,5,6,3,6,7,5,6,5,6,5,7,4,5,7,6,7,3438,6,7,6,7,8,5,8,6,6,8,5,7,10,5,7
"42_046. Meghan Trainor - NO_noise_-20dB_sample1.wav",141,7,6,4,8,8,8,7,5,7,8,6,5,7,6,6,7,6,7,7,5,6,4,8,5,7,7,6,1257,9,7,6,6,5,6,7,5,7,4,11,7,4,6,8,7,6,4,7,7,6,6,5,7,6,6,7,7,6,6,7,7,6,7,7,7,7,7,7,7,5,6,2,6,6,5,6,5,8,8,7,5,6,8,6,7,8,6,8,7,8,7,6,6,7,7,8,9,6,5,6,7
"47_020. Warriors (ft. Imagine Dragons)  Worlds 2014 - League of Legends_noise_-20dB_sample1.wav",145,8,7,5,7,7,6,9,6,5,9,6,12,7,9,9,9,8,5,8,5,6,5,8,6,6,6,7,7,5,6,6,7,7,5,9,6,7,4,7,7,6,7,6,5,7,6,5,7,6,5,6,7,7,7,5,6,6,6,6,6,5,6,5,7,6,6,8,6,1574,7,7,6,7,7,9,6,8,5,6,7,8,7,8,9,7,5,8,6,8,9,7,6,6,7,8,5,7,5,7,7
"93_015. Lukas Graham - 7 Years [Official Music Video]_noise_-20dB_sample1.wav",141,10,7,5,10,9,11,6,6,7,7,7,6,7,8,5,8,6,9,5,7,6,6,6,10,8,9,7,7,7,9,5,6,8,9,6,9,8,2,8,9,5,7,6,5,6,6,6,5,7,1511,5,8,7,7,8,9,7,7,7,8,5,5,6,6,8,6,6,7,6,7,4,6,5,7,7,4,6,6,6,6,6,10,11,8,7,6,7,6,8,7,9,6,6,9,7,4,5,6,6,8
"73_Turn the Lights Off_noise_-20dB_sample2.wav",141,6,7,5,8,6,7,10,7,5,7,7,9,8,9,7,9,7,8,8,5,9,7,8,7,6,7,8,7,1389,8,7,5,7,5,6,8,7,4,10,10,5,6,6,7,5,5,7,6,7,6,6,8,6,7,8,7,6,6,5,5,6,8,5,8,8,8,8,7,6,6,3,6,8,6,6,5,5,6,6,6,5,10,8,8,8,6,7,6,9,8,7,5,7,8,7,7,6,8,7,7
"44_Sacred Beast_noise_-20dB_sample1.wav",146,6,6,4,9,8,8,7,6,6,7,9,10,7,6,7,7,7,6,7,7,6,7,7,12,5,7,6,5,6,6,6,8,7,8,6,7,7,4,8,7,4,8,6,6,10,7,7,5,6,7,7,8,4,6,8,10,7,7,7,6,5,5,5,7,11,7,7,8,5,8,3,5,6,5,6,4,2661,7,9,5,5,8,7,7,8,6,7,8,8,9,6,6,6,7,8,4,6,7,7,8
"1_028. Capital Cities - Safe And Sound_noise_-20dB_sample1.wav",143,6,7,8,10,6,7,10,7,4,7,6,7,6,10,9,7,6,8,8,6,6,5,7,6,6,9,7,6,8,8,7,5,6,6,6,1020,6,5,8,10,4,8,6,5,9,7,8,6,6,7,6,7,6,8,9,8,8,6,6,6,5,6,7,7,7,9,8,7,5,8,4,6,5,9,9,6,8,7,7,5,4,7,9,8,7,6,6,5,7,9,8,7,5,10,8,4,10,10,10,9
"70_You and Me_noise_-20dB_sample2.wav",144,7,9,5,7,8,8,10,6,5,7,8,8,6,8,6,6,6,6,9,5,7,6,7,7,6,7,7,6,5,5,7,6,8,6,7,9,8,3,7,10,5,6,5,6,5,6,5,5,6,7,4,7,6,7,8,7,14,7,6,6,6,8,5,10,6,6,6,7,7,7,6,5,7,3013,7,5,9,6,6,5,6,7,10,7,8,6,8,4,9,7,7,8,8,6,8,5,9,6,6,8
"32_086. Olly Murs - Grow Up (Official Video)_noise_-20dB_sample1.wav",145,8,7,5,6,8,10,6,5,5,8,8,6,7,6,5,8,5,5,6,7,7,7,6,8,6,8,6,11,6,6,7,5,7,7,6,6,8,4,7,6,5,11,6,5,13,6,8,7,6,5,9,8,6,5,6,8,6,6,8,9,6,6,5,6,6,6,7,8,5,7,2,6,6,5,6,5,6,4,1907,6,4,7,7,7,6,6,6,4,10,10,7,6,6,6,7,5,6,6,6,7
"22_094. Harry Potter Puppet Pals - The Mysterious Ticking Noise (Video With Lyrics)_noise_-20dB_sample2.wav",142,6,6,4,8,9,10,8,6,5,10,5,8,6,7,5,8,8,5,7,6,6,8,7,6,7,7,6,5,6,7,7,6,8,7,7,10,9,4,9,7,4,6,6,7,8,6,7,7,8,6,6,10,8,7,8,9,8,5,6,5,6,6,6,7,5,7,6,7,7,8,3,7,6,6,6,5,6,6,5,5,1683,9,6,9,7,6,8,5,6,8,10,6,6,8,8,6,11,8,7,9
"80_077. Emeli Sandé - Hurts_noise_-20dB_sample2.wav",142,7,7,4,9,8,6,9,6,7,12,7,9,8,8,5,9,5,8,10,5,6,6,10,5,5,6,7,7,5,8,11,6,6,8,6,5,7,3,7,6,4,6,6,241,6,7,7,5,9,7,5,12,8,6,7,6,6,6,6,6,5,6,5,7,6,7,6,8,6,5,3,6,6,5,6,6,6,6,7,5,5,7,9,8,7,6,6,5,10,7,7,5,5,6,8,5,6,6,7,6
"52_007. Katy Perry - Dark Horse ft. Juicy J_noise_-20dB_sample1.wav",144,6,6,5,12,6,9,8,6,5,8,9,7,5,7,5,8,5,4,7,6,7,5,8,7,5,8,8,5,6,7,6,5,5,8,5,5,9,4,8,6,6,8,6,7,5,5,7,5,5,4,5,10,6,6,7,7,9,4,6,5,6,7,4,6,6,6,6,7,4,5,2,6,7,7,6,6,6,6,6,5,5,6,7,8,9,5,6,6,8,7,9,4,7,8,7,5,5,6,645,10
"15_060. My OCD (Song)_noise_-20dB_sample1.wav",145,8,5,4,9,9,7,6,6,6,11,8,8,7,6,6,7,7,9,7,6,7,7,7,8,8,7,7,6,6,6,7,7,5,6,7,5,7,4,9,7,5,7,7,6,7,5,7,9,6,6,6,10,8,6,7,8,7,6,6,6,6,6,5,7,7,6,7,8,6,7,3,6,8,6,7,5,7,6,8,7,5,8,6,8,9,5,7,5,7,8,7,6,8,7,7,6,6,7,9,7
"46_032. Katy Perry - Wide Awake (Official Video)_noise_-20dB_sample1.wav",145,6,5,4,7,815,8,8,7,7,11,6,11,12,7,6,10,7,6,7,6,7,4,9,8,7,6,9,7,7,6,6,5,9,6,7,7,8,4,9,8,6,6,8,6,9,5,6,6,7,7,7,6,7,7,8,7,9,6,6,9,5,7,5,6,6,7,7,7,5,5,3,5,7,7,7,5,8,6,7,5,3,7,9,9,8,4,8,5,11,9,8,6,7,7,9,5,7,7,7,7
"90_064. Eurythmics, Annie Lennox, Dave Stewart - Sweet Dreams (Are Made Of This) (Official Video)_noise_-20dB_sample2.wav",147,6,9,5,10,7,9,10,6,7,8,8,8,8,7,6,8,8,6,7,5,7,5,11,7,7,6,6,8,6,7,8,5,8,10,5,5,7,3,10,5,5,8,6,8,9,6,8,5,7,7,5,9,6,6,9,7,7,6,6,6,6,5,5,8,6,6,7,7,6,6,2,5,8,7,5,6,6,7,6,6,5,9,10,9,9,6,12,8,1209,8,8,7,7,6,7,6,6,8,6,17
"2_023. Rachel Platten - Fight Song (Official Video)_noise_-20dB_sample1.wav",148,5,7,4,8,8,6,8,7,5,6,7,7,7,6,894,7,6,4,6,5,6,6,6,6,6,7,5,6,5,6,5,4,6,6,6,7,8,4,8,7,5,6,6,6,6,5,7,7,7,7,5,6,6,6,6,6,7,5,6,8,6,6,5,10,7,8,5,8,7,7,5,8,6,7,6,4,7,6,5,6,4,7,6,6,8,4,6,5,8,8,6,6,6,6,7,4,9,7,6,8
"54_016. Taylor Swift - Blank Space_noise_-20dB_sample2.wav",156,6,7,5,9,8,7,8,8,9,10,6,7,11,9,5,7,7,5,8,6,5,6,11,6,8,7,6,8,6,7,6,5,13,6,6,5,7,4,9,10,5,6,14,6,7,6,6,6,8,7,5,9,5,8,7,9,2289,8,5,7,7,7,7,5,5,5,9,7,6,6,6,5,15,12,6,9,7,7,6,6,6,8,8,7,8,6,6,5,8,9,7,6,6,9,8,6,6,7,6,8
"68_055. Madness - Our House (Official 4K Video)_noise_-20dB_sample2.wav",154,6,7,4,9,9,16,7,9,7,9,9,7,7,7,10,10,8,7,9,6,7,5,9,8,6,9,7,8,7,6,6,8,6,7,6,6,9,4,9,8,6,8,8,10,7,5,9,6,9,10,5,8,5,7,9,6,8,7,7,9,7,6,6,7,8,6,7,13,5,7,2,8,7,9,6,7,6,7,7,6,7,5251,8,15,8,7,8,11,18,8,7,6,7,9,8,7,6,6,6,23
"94_Banana Man_noise_-20dB_sample2.wav",147,6,6,5,7,7,7,8,5,6,9,8,7,6,8,6,6,7,6,9,6,6,4,6,8,154,7,6,7,7,7,7,6,5,6,5,7,7,2,8,7,5,6,8,5,7,6,11,6,6,6,5,7,5,5,7,5,6,5,5,5,6,6,7,9,5,7,5,6,6,6,3,4,7,5,8,6,6,8,6,5,5,6,7,7,8,8,6,5,10,7,8,6,6,6,7,5,6,9,5,7
"8_081. The Beach Boys - I Get Around_noise_-20dB_sample2.wav",140,5,6,4,9,6,6,8,5,8,6,6,7,11,7,6,7,5,6,7,4,9,5,7,6,6,8,6,6,8,7,6,5,6,6,7,6,8,4,9,5,1699,6,6,6,6,5,6,5,7,5,5,8,6,6,5,7,8,4,7,5,5,8,6,7,5,4,6,7,5,5,4,5,6,7,7,6,6,6,7,5,5,9,12,6,10,6,7,6,8,9,6,6,5,7,6,5,6,6,5,7
"9_034. Pitbull - Timber (Official Video) ft. Ke$ha_noise_-20dB_sample2.wav",141,6,6,4,10,10,9,7,7,6,7,6,7,7,7,6,8,5,5,12,6,6,5,6,6,6,5,6,8,7,2727,9,7,5,7,6,6,7,4,8,8,4,8,9,7,6,7,7,5,6,8,9,10,11,7,6,6,9,6,6,6,6,6,6,9,6,7,8,8,5,7,3,7,7,6,9,5,5,7,6,7,6,8,8,7,13,8,7,7,9,8,7,5,6,8,7,6,5,6,6,8
"68_055. Madness - Our House (Official 4K Video)_noise_-20dB_sample1.wav",144,6,9,3,8,8,16,8,6,6,7,7,7,8,10,6,8,6,7,9,7,7,5,8,6,7,9,9,8,6,6,7,6,8,10,7,7,7,4,11,7,6,10,7,6,8,8,6,7,6,9,6,9,6,9,6,6,8,6,6,6,6,6,5,7,6,10,6,9,6,9,2,8,8,6,8,6,6,7,6,6,8,2470,7,16,8,7,10,8,14,10,14,6,6,6,9,6,7,11,6,11
"44_Sacred Beast_noise_-20dB_sample2.wav",146,10,11,5,9,8,11,7,6,6,7,5,11,9,9,6,7,6,6,11,6,7,5,6,9,6,11,8,6,6,8,7,6,10,6,6,12,8,6,10,11,4,6,7,7,7,6,8,7,10,7,7,8,6,8,6,8,5,6,8,6,8,6,6,9,8,7,10,8,7,10,6,6,6,7,7,5,5820,6,5,6,8,11,10,10,12,6,6,6,9,12,9,5,7,7,7,6,9,7,6,11
"19_054. Owl City - When Can I See You Again (From Wreck it Ralph)_noise_-20dB_sample2.wav",143,6,13,5,7,8,7,8,5,7,8,6,7,7,10,7,6,6,6,10,5,7,7,8,5,6,7,6,6,7,6,7,7,6,8,8,9,7,4,8,8,6,6,6,8,7,6,7,7,10,7,6,9,6,7,6,7,7,7,5,6,6,6,7,11,7,5,6,8,8,1914,4,5,9,7,8,5,6,7,7,6,7,6,10,6,10,5,8,5,9,6,8,7,7,6,8,6,8,5,6,8
"73_Turn the Lights Off_noise_-20dB_sample1.wav",143,6,7,4,8,10,6,10,6,7,6,7,7,8,8,10,7,5,6,8,7,7,6,6,9,6,9,8,7,1959,8,6,6,7,8,8,8,9,5,9,7,5,7,6,8,7,5,7,7,7,7,5,8,6,5,6,10,10,8,7,6,6,6,4,9,10,7,7,7,6,7,6,6,7,8,9,6,8,6,7,6,4,7,7,7,9,6,6,6,10,7,8,9,9,6,10,7,9,6,5,9
"22_094. Harry Potter Puppet Pals - The Mysterious Ticking Noise (Video With Lyrics)_noise_-20dB_sample1.wav",140,5,6,5,7,6,6,7,7,8,7,7,8,7,9,6,7,6,5,6,8,7,5,5,7,6,8,7,6,6,5,6,4,7,6,5,7,6,3,7,6,4,6,5,6,5,5,6,5,7,6,7,7,8,6,6,7,8,6,5,6,5,7,6,7,6,6,6,6,6,7,3,7,7,7,6,5,5,6,7,5,1615,8,7,7,9,5,7,6,8,9,8,5,5,6,7,7,6,6,6,6
"6_043. Wintergatan - Marble Machine (music instrument using 2000 marbles)_noise_-20dB_sample1.wav",150,7,9,5,9,12,8,8,7,11,9,10,10,9,1939,8,8,7,8,9,6,6,5,9,7,10,7,7,9,6,6,9,6,8,9,10,11,10,4,11,8,6,8,5,8,8,8,7,7,8,8,8,11,7,8,8,6,10,6,6,8,6,6,5,7,8,6,8,8,8,10,5,6,7,7,9,7,10,6,8,6,5,10,9,9,9,7,9,7,12,9,8,6,9,9,9,6,10,7,6,9
"89_091. Faster Car - Anders Lystell feat. Kaliber [EPIDEMIC SOUND] (Lyrics)_noise_-20dB_sample2.wav",145,6,6,4,13,7,7,7,9,6,7,7,8,9,9,7,10,6,7,9,6,7,5,7,9,7,8,6,7,7,9,8,5,7,7,8,8,12,4,10,6,6,6,7,7,9,6,7,7,7,9,8,2022,8,6,8,10,8,8,6,8,6,7,5,8,8,8,6,9,8,7,2,6,6,7,7,5,5,7,6,6,6,9,6,8,8,7,11,7,7,8,6,6,7,7,7,6,7,10,7,7
"50_006. Wiz Khalifa - See You Again ft. Charlie Puth [Official Video] Furious 7 Soundtrack_noise_-20dB_sample2.wav",151,7,8,4,11,8,7,10,5,8,7,6,6,9,10,7,9,6,6,7,5,7,5,6,10,6,8,5,7,7,6,6,6,6,12,6,8,10,3,9,5,4,8,7,6,6,7,5,5,11,12,5,8,7,795,7,7,8,7,6,8,6,6,7,7,8,7,7,7,5,8,2,5,6,6,5,5,9,5,7,5,5,10,9,11,10,8,9,5,9,7,7,8,8,8,9,7,9,6,8,8
"35_036. Fall Out Boy - Centuries (Official Video)_noise_-20dB_sample1.wav",143,5,7,5,9,6,7,7,5,7,8,6,7,5,8,8,8,6,6,8,8,7,5,8,5,6,8,6,6,7,6,7,8,5,6,1858,9,8,4,7,7,4,7,7,8,5,5,5,7,7,6,6,7,7,7,5,6,7,4,6,7,6,7,6,8,7,6,6,7,6,8,4,5,7,6,8,4,6,5,6,5,5,8,9,7,9,6,9,5,8,5,7,7,6,6,6,5,6,7,6,7
"47_020. Warriors (ft. Imagine Dragons)  Worlds 2014 - League of Legends_noise_-20dB_sample2.wav",141,6,7,8,8,12,6,8,6,7,7,6,7,6,9,6,7,8,6,7,6,6,6,8,6,6,9,9,7,9,7,7,7,9,7,7,7,8,4,8,7,5,6,6,8,6,7,6,6,6,5,6,7,6,7,6,6,6,5,5,5,7,5,5,9,4,6,7,7,1898,7,6,6,7,6,7,4,7,7,6,4,6,11,9,7,9,7,8,6,9,10,7,10,7,6,8,6,8,6,6,9
"48_027. MAGIC! - Rude (Official Video)_noise_-20dB_sample1.wav",141,6,5,5,8,7,7,10,6,6,7,8,5,9,8,6,7,6,6,7,7,6,5,8,7,6,8,6,6,6,6,7,5,5,6,5,7,1961,3,8,6,5,7,6,7,9,5,7,5,6,8,5,8,6,8,7,7,7,8,7,7,7,5,6,7,5,7,6,8,6,6,2,6,6,7,6,6,6,6,6,8,6,7,6,9,8,6,6,6,8,6,8,6,5,7,6,4,6,6,6,7
"57_Numb_noise_-20dB_sample1.wav",141,8,6,6,8,8,6,17,7,6,8,7,6,7,8,7,7,7,6,8,5,6,5,9,5,10,8,8,6,10,7,7,5,5,5,6,5,7,4,10,8,4,6,7,6,5,6,7,9,5,7,7,10,5,7,8,7,7,6,5,6,7,7,6,8,5,7,6,7,7,7,4,5,9,7,10,5,7,8,7,7,5,9,8,9,7,2352,8,6,6,8,9,6,8,6,9,5,6,7,6,6
"85_011. Martin Garrix - Animals (Official Video)_noise_-20dB_sample1.wav",139,6,6,5,9,8,7,6,6,5,6,7,7,179,7,7,6,6,6,7,6,5,4,7,6,6,7,6,6,6,8,5,7,6,7,7,7,7,5,9,6,4,7,11,5,5,6,7,6,8,5,6,8,7,5,7,6,7,6,5,6,5,5,5,6,5,7,6,6,5,7,4,5,6,5,6,5,8,6,7,7,6,8,9,7,10,6,7,5,7,10,8,6,6,6,6,4,6,7,7,7
"76_073. Lindsey Stirling - Crystallize (Dubstep Violin Original Song)_noise_-20dB_sample2.wav",141,6,9,5,8,7,7,9,7,6,8,9,6,8,8,7,7,6,5,6,6,9,5,5,10,5,11,5,6,6,6,6,5,8,8,7,8,7,4,6,6,6,7,6,5,5,7,9,7,8,7,6,5,5,6,7,7,6,9,6,6,5,6,7,7,1957,5,6,10,5,5,4,7,7,8,5,5,7,6,7,7,5,9,6,7,8,5,9,5,6,7,6,6,8,6,6,6,6,6,6,9
"8_081. The Beach Boys - I Get Around_noise_-20dB_sample1.wav",142,6,7,5,8,7,8,7,4,5,7,7,6,7,8,5,7,5,6,7,5,6,6,6,5,6,7,7,9,5,7,8,5,6,6,5,7,7,3,7,7,1741,7,6,6,7,7,5,6,6,6,6,8,5,6,7,5,6,6,6,8,5,7,6,7,7,7,6,7,4,6,4,5,6,5,10,4,6,5,6,6,5,7,7,7,8,5,7,7,8,7,6,6,7,7,6,7,6,6,6,9
"29_010. Katy Perry - Part Of Me (Official)_noise_-20dB_sample2.wav",144,7,6,5,1358,7,7,6,7,8,6,6,7,15,8,6,9,7,5,8,6,6,5,7,9,8,9,7,7,6,6,6,6,7,8,6,6,7,3,7,8,5,9,14,8,6,6,8,6,8,7,5,12,8,7,9,6,8,10,6,7,5,5,6,7,9,7,7,6,7,6,3,6,7,7,6,6,6,8,6,5,5,7,7,8,13,6,6,6,14,7,9,6,7,6,10,4,7,5,6,11
"17_084. Thomas Rhett - Crash and Burn_noise_-20dB_sample2.wav",143,8,5,5,11,6,7,8,9,5,8,7,8,10,6,7,1255,6,7,7,7,8,5,8,8,6,8,6,6,7,7,7,9,6,6,5,8,10,5,8,7,5,11,9,7,7,6,9,5,7,6,7,13,7,10,6,6,8,8,7,7,6,5,7,9,5,6,9,7,6,8,3,8,9,5,6,5,9,9,6,8,5,8,6,7,11,7,6,7,7,9,8,6,8,7,8,5,5,6,7,6
"33_076. Galantis - Firebird (Official Audio)_noise_-20dB_sample2.wav",147,7,5,5,9,9,9,7,7,7,8,10,8,9,9,6,8,5,7,8,5,6,4,7,8,8,6,6,7,6,5,5,5,6,9,6,6,8,4,10,7,5,10,7,6,12,9,7,5,8,6,7,7,7,9,7,8,7,5,8,1506,7,6,6,7,7,7,6,6,8,5,3,5,5,5,5,4,6,6,7,6,4,7,5,7,7,4,6,5,7,8,6,5,7,8,7,6,5,7,6,7
"79_095. Alan Walker - Alone_noise_-20dB_sample1.wav",143,6,6,4,10,7,8,7,7,5,7,7,6,10,7,5,8,7,5,7,6,6,4,6,7,7,6,5,7,6,5,6,5,4,7,6,7,7,3,7,6,5,7,6,6,6,6,7,5,6,8,4,7,7,6,9,8,8,1587,5,8,5,6,6,8,8,8,6,6,7,7,2,5,6,6,10,4,6,6,6,6,3,8,7,7,7,5,6,5,9,9,7,6,6,7,6,4,5,6,4,7
"29_010. Katy Perry - Part Of Me (Official)_noise_-20dB_sample1.wav",146,9,8,6,1794,10,10,8,7,6,7,8,8,8,9,8,17,7,6,9,6,6,6,10,9,9,9,7,7,7,9,9,7,6,12,7,8,8,4,9,9,4,8,6,6,6,6,6,6,7,7,6,11,7,8,7,7,7,7,8,9,7,6,7,6,8,7,10,7,6,8,3,6,7,6,7,6,7,8,7,7,5,9,6,10,11,5,8,6,13,8,7,8,7,8,9,6,7,8,6,10
"13_030. Maroon 5 - Animals_noise_-20dB_sample2.wav",142,6,7,5,8,6,10,7,7,5,8,9,6,7,8,7,6,6,6,7,8,6,7,9,6,6,10,7,8,10,7,7,7,9,6,7,7,10,3,8,2277,6,7,7,7,6,8,6,6,6,7,8,9,7,6,7,7,9,7,8,6,9,6,7,10,5,8,7,9,7,10,3,5,10,7,8,6,7,6,8,6,5,7,6,10,9,6,7,5,9,7,7,6,8,6,6,5,8,6,7,9
"5_002. Avicii - Wake Me Up (Official Video)_noise_-20dB_sample2.wav",143,6,458,6,10,5,6,5,4,7,8,7,8,9,7,6,7,7,6,6,7,9,5,7,6,5,8,6,6,6,5,6,6,5,8,6,5,8,3,8,7,6,6,5,7,7,7,7,6,6,6,5,7,8,6,6,7,8,5,6,5,6,5,5,7,6,6,6,9,5,6,3,6,8,5,6,5,5,6,5,6,4,7,10,7,7,10,6,5,10,8,8,5,6,6,9,5,6,8,6,7
"20_Never Meant to Know_noise_-20dB_sample1.wav",146,6,6,6,9,6,11,9,6,7,8,5,7,6,7,8,8,7,7,9,6,7,6,8,6,7,9,8,7,6,6,8,10,6,7,5,6,8,7,9,7,5,7,8,7,6,7,8,8,6,7,7,12,2977,7,7,6,7,6,5,6,7,6,6,8,6,6,6,9,8,8,4,6,6,7,8,5,6,8,6,6,5,6,7,8,8,7,10,7,9,7,7,6,6,7,7,6,9,7,8,9
"18_044. tony igy-stop in my mind_noise_-20dB_sample1.wav",151,7,6,4,7,7,6,9,6,6,7,8,9,8,7,4,8,5,7,8,5,8,6,8,5,7,10,7,6,6,7,1146,10,6,5,6,8,6,4,9,7,5,8,6,7,7,6,6,5,6,7,8,8,5,6,7,6,8,5,7,6,6,5,6,8,7,5,6,7,7,8,3,5,12,7,6,6,9,7,6,6,5,7,10,7,8,9,10,4,8,6,8,8,6,8,7,6,7,6,7,9
"64_097. Nightcore - Running With the Wolves [Lyrics]_noise_-20dB_sample2.wav",160,5,5,5,8,8,8,6,6,6,8,6,7,5,8,7,7,6,5,7,6,6,4,6,5,6,7,6,7,6,6,6,5,6,6,7,6,10,2,8,6,5,6,6,6,6,6,7,6,6,6,8,8,6,6,9,7,7,6,5,8,6,6,6,7,8,6,7,8,4,6,3,6,7,5,6,172,6,7,6,5,4,7,9,8,8,5,9,5,9,9,8,6,6,6,7,4,5,6,6,8
"86_019. Naughty Boy - La la la ft. Sam Smith (Official Video)_noise_-20dB_sample1.wav",164,6,7,4,9,6,6,8,6,6,8,6,9,6,6,6,7,7,8,7,8,12,5,6,8,5,6,7,6,5,7,6,7,6,7,6,5,6,6,8,6,4,6,6,7,5,6,8,5,7,6,4,9,8,7,6,8,6,5,5,9,5,7,6,8,6,8,6,8,6,6,4,7,8,6,7,6,6,5,7,7,4,8,7,8,9,6,903,6,9,10,9,6,5,5,9,5,6,7,5,7
"83_004. Katy Perry - Roar_noise_-20dB_sample2.wav",149,6,6,5,10,7,7,10,6,8,8,7,9,7,6,6,7,7,4,6,5,6,4,6,8,6,7,6,6,5,5,6,6,6,8,7,7,7,3,6,7,5,7,5,5,7,6,6,5,6,7,9,8,9,6,7,1180,7,6,7,6,6,7,5,8,8,6,6,7,5,6,2,4,5,6,8,6,9,7,7,5,4,8,10,8,9,5,6,6,7,9,8,6,7,8,7,5,6,5,6,7
"1_028. Capital Cities - Safe And Sound_noise_-20dB_sample2.wav",145,5,7,5,8,8,8,6,6,7,7,7,8,7,10,6,10,9,7,8,6,8,5,6,7,7,8,6,6,5,6,5,5,7,7,6,758,6,4,7,7,7,8,5,7,6,6,6,6,8,6,6,8,11,7,8,6,8,6,6,7,7,7,6,7,9,7,7,7,6,9,5,7,7,8,8,5,9,6,7,5,6,10,11,8,9,6,9,7,7,7,7,5,6,7,9,6,7,6,5,10
"98_021. Alan Walker - Faded_noise_-20dB_sample1.wav",143,6,7,4,7,6,7,7,7,6,7,8,6,7,9,6,7,5,5,8,6,6,5,6,6,6,6,7,8,7,7,8,7,6,6,6,7,7,3,8,7,5,8,6,5,7,7,6,9,6,6,1671,8,6,6,6,13,9,6,5,6,6,6,6,7,6,6,8,8,6,6,4,6,7,5,16,6,9,7,7,6,5,8,6,7,8,5,9,7,9,7,6,5,5,7,7,5,6,6,6,8
"69_066. Jessie J - Bang Bang ft. Ariana Grande, Nicki Minaj_noise_-20dB_sample2.wav",143,5,7,4,8,7,8,6,6,6,7,9,6,6,7,6,9,7,6,7,5,6,6,7,6,8,8,8,6,8,7,9,8,8,5,7,10,7,5,9,6,4,7,6,6,7,5,5,5,6,8,5,8,5,6,2588,7,8,6,6,7,7,7,5,7,5,6,9,7,7,7,3,6,7,6,7,7,6,6,10,6,7,10,7,8,7,5,7,6,7,7,8,7,7,6,6,6,6,7,6,8
"69_066. Jessie J - Bang Bang ft. Ariana Grande, Nicki Minaj_noise_-20dB_sample1.wav",143,7,6,5,8,6,7,7,7,6,8,9,8,7,8,6,6,8,5,7,5,9,6,6,8,6,7,6,7,8,7,6,5,6,7,6,6,7,3,9,7,4,6,6,7,6,7,5,6,5,6,6,7,5,7,1624,6,8,5,7,7,8,8,6,6,6,8,9,7,5,6,3,8,6,8,7,4,6,7,6,6,4,8,7,7,7,9,6,8,7,9,8,5,6,6,8,4,6,6,6,8
"10_012. Calvin Harris - I Need Your Love (Official Video) ft. Ellie Goulding_noise_-20dB_sample2.wav",143,7,8,8,9,11,9,6,5,9,10,8,7,7,8,7,10,6,8,6,5,7,5,6,10,7,7,6,7,5,6,7,7,6,9,5,8,7,3,10,9,5,11,6,6,1276,8,9,6,8,7,7,7,5,7,7,8,9,7,8,14,6,6,5,6,6,6,7,8,5,6,3,6,7,5,6,5,8,5,10,5,5,8,7,7,8,4,8,5,9,8,8,6,7,7,7,4,5,7,8,13
"58_039. OMFG - Hello_noise_-20dB_sample2.wav",144,5,6,4,8,8,9,8,6,6,8,8,6,8,9,6,10,6,7,9,5,8,6,7,7,6,6,6,6,7,8,8,5,6,6,5,8,8,5,9,6,4,8,5,5,7,6,5,6,5,7,5,8,6,5,6,6,7,5,6,9,6,6,5,7,7,7,7,6,6,7,2,5,6,6,7,4,6,6,7,6,4,7,6,6,7,5,6,4,8,8,7,5,2751,6,7,4,5,7,5,8
"11_062. Pipe Guy - HouseTranceTechno Live_noise_-20dB_sample2.wav",141,6,7,5,7,7,7,11,7,7,13,7,6,6,7,7,8,6,5,7,6,6,5,6,6,6,8,6,6,5,9,5,6,7,5,7,6,9,2,8,6,5,5,6,6,6,5,6,5,6,6,8,10,6,6,6,6,9,8,6,7,6,6,5,7,6,7,6,7,8,8,3,5,7,5,5,5,7,6,7,5,4,7,8,8,8,5,8,6,10,8,7,6,6,7,7,6,7,6,6,7
"42_046. Meghan Trainor - NO_noise_-20dB_sample2.wav",143,6,6,5,6,5,9,8,7,6,7,8,10,8,9,6,6,9,4,7,4,7,5,8,7,6,8,6,1723,7,5,7,8,7,5,6,5,7,4,9,9,6,7,6,7,8,5,8,6,7,6,6,7,9,6,6,7,8,5,4,5,6,7,6,7,6,6,7,10,5,6,2,5,10,5,8,5,7,9,7,6,4,7,10,8,7,5,8,5,9,7,6,5,6,8,6,4,6,6,6,8
"27_022. Major Lazer & DJ Snake - Lean On (feat. MØ) [Official Music Video]_noise_-20dB_sample2.wav",143,5,8,4,9,9,8,8,6,1473,6,7,7,8,7,5,7,6,6,7,4,6,7,6,8,8,9,7,6,6,6,6,5,6,8,7,5,8,3,9,5,5,6,5,6,7,6,6,6,7,6,6,7,6,6,6,8,9,7,5,5,5,7,8,7,7,8,7,5,7,7,3,6,6,5,6,5,9,7,6,6,4,8,12,7,7,5,7,6,8,8,6,6,7,7,6,6,7,6,5,9
"25_035. Alan Walker - Sing Me To Sleep_noise_-20dB_sample2.wav",141,5,8,4,8,6,7,7,7,5,6,7,6,6,7,6,7,6,5,6,5,5,6,8,6,7,6,7,7,5,10,6,7,7,6,5,7,8,3,7,5,4,6,5,5,6,7,5,5,7,5,5,9,5,8,5,7,6,5,5,5,6,7,6,8,6,7,7,8,6,7,5,5,8,8,7,5,6,5,6,6,5,8,7,8,7,5,7,4,9,7,7,7,7,8,7,4,981,6,6,9
"74_029. David Guetta - Hey Mama (Official Video) ft Nicki Minaj, Bebe Rexha & Afrojack_noise_-20dB_sample1.wav",141,7,6,4,10,8,7,6,5,4,7,7,7,6,6,6,10,7,6,10,4,6,4,6,7,8,6,8,10,6,6,8,5,6,8,8,7,9,4,6,7,4,6,6,7,8,9,5,5,8,5,6,8,8,8,5,6,8,7,6,6,7,6,7,7,6,6,6,7,7,7,3,5,7,5,9,5,6,7,5,5,4,9,8,8,9,5,6,5,8,6,6,535,7,6,6,5,6,5,7,7
"90_064. Eurythmics, Annie Lennox, Dave Stewart - Sweet Dreams (Are Made Of This) (Official Video)_noise_-20dB_sample1.wav",144,6,6,5,7,6,9,7,5,7,8,6,6,7,9,7,7,6,6,8,5,7,5,7,6,7,8,7,7,5,5,6,5,5,7,7,6,7,3,10,7,5,7,5,5,7,7,8,6,7,7,5,8,7,5,6,6,8,8,10,7,7,7,6,6,6,7,7,8,6,6,2,5,7,8,6,5,6,5,7,5,4,8,6,8,10,6,6,6,464,8,7,6,6,6,9,6,6,7,6,8
"43_098. Nightcore~ The Wolf_noise_-20dB_sample1.wav",141,7,6,4,7,7,8,10,6,5,9,8,7,8,7,7,7,5,6,7,7,7,5,7,5,6,8,7,6,5,6,6,6,7,6,6,5,7,4,10,6,5,6,7,9,5,6,6,7,7,6,6,7,5,6,7,6,6,6,5,8,8,7,6,10,7,6,6,8,5,7,2,6,6,6,6,5,5,5,8,6,4,9,7,9,7,7,9,8,10,13,7,5,9,6,1191,6,5,6,5,10
"75_078. Kungs vs Cookin on 3 Burners - This Girl (Official Music Video)_noise_-20dB_sample1.wav",146,7,7,4,7,7,1425,7,6,6,9,8,8,10,8,6,8,6,6,10,6,6,5,7,7,6,9,7,6,7,8,9,6,8,7,5,6,7,3,9,7,5,9,5,6,8,6,9,6,7,9,7,7,5,7,8,8,7,6,7,7,6,7,5,7,6,7,8,10,6,6,3,5,7,7,6,7,8,7,9,6,5,13,8,12,8,5,9,8,10,8,7,6,8,6,7,6,5,7,6,10
"100_059. Nilla Wafer Top Hat Time  Song - Rhett & Link_noise_-20dB_sample2.wav",151,6,5,4,7,9,6,7,7,5,8,6,7,8,7,6,7,6,5,7,5,6,6,5,6,7,6,6,11,6,6,5,5,6,7,5,7,7,5,8,6,5,8,6,5,7,6,6,7,6,6,6,8,8,7,7,8,8,5,5,6,7,5,5,5,5,5,6,6,5,6,3,6,6,7,5,7,6,6,6,5,6,6,7,8,8,4,9,899,7,7,6,5,6,7,6,7,5,5,6,8
"39_051. Galantis - No Money (Official Video)_noise_-20dB_sample2.wav",145,6,8,5,9,7,6,8,7,5,8,7,6,11,7,6,6,7,6,9,5,5,5,11,7,6,10,9,8,8,7,15,9,6,14,6,6,8,4,8,7,4,11,9,7,5,5,6,6,7,6,7,7,7,6,6,6,6,6,6,6,9,5,2152,9,5,7,6,8,7,10,4,5,7,7,8,4,9,5,5,6,6,7,9,7,13,12,10,6,12,8,9,7,8,7,7,4,7,5,6,9
"34_The Trap_noise_-20dB_sample2.wav",144,8,8,4,8,7,8,8,7,6,9,9,7,7,8,7,7,5,6,8,4,9,5,6,8,5,7,7,8,5,6,5,5,6,7,8,7,8,4,7,7,6,8,7,5,7,1803,7,4,6,8,6,7,7,8,7,6,6,7,6,8,7,5,5,7,8,7,5,9,5,6,2,6,6,5,5,5,6,8,7,5,6,8,7,7,7,5,6,4,9,7,9,7,7,6,8,5,5,6,6,7
"95_053. Avicii - Hey Brother_noise_-20dB_sample1.wav",150,7,7,5,10,7,7,6,6,5,8,6,7,9,6,6,10,6,5,7,5,7,4,6,1375,5,11,7,7,7,6,6,7,7,515,6,7,7,5,7,7,5,7,5,5,10,7,10,5,8,7,5,7,5,8,6,9,7,7,10,7,5,7,6,7,7,9,6,8,4,7,2,7,7,4,6,6,11,5,8,5,5,8,7,7,8,5,11,5,8,7,8,7,9,6,8,5,6,8,6,8
"97_075. Lindsey Stirling - Prism (Official Video)_noise_-20dB_sample1.wav",152,6,6,4,8,7,7,2149,8,5,8,5,8,7,7,6,7,6,6,8,6,6,7,9,7,8,8,8,6,5,6,7,5,6,7,8,5,8,4,8,7,5,7,6,8,6,4,5,6,6,6,7,9,7,8,7,5,6,6,5,6,6,8,8,7,6,5,8,8,8,6,2,6,8,6,8,6,9,5,5,6,6,7,9,7,8,6,9,5,8,8,7,6,6,7,7,4,5,6,6,7
"40_052. Lindsey Stirling - Moon Trance (Official Music Video)_noise_-20dB_sample1.wav",147,9,7,5,9,7,7,7,6,5,10,7,6,6,9,7,7,6,5,854,6,7,5,7,7,7,9,6,6,7,6,6,7,7,9,7,8,7,3,8,7,4,6,5,5,7,5,5,7,6,6,6,7,7,6,7,7,6,7,6,8,6,5,6,8,6,5,6,7,6,6,4,5,7,7,8,5,7,9,6,8,6,11,7,9,7,6,8,6,9,6,8,6,6,7,7,5,6,6,6,8
"102_018. Shawn Mendes - Stitches (Official Music Video)_noise_-20dB_sample1.wav",148,6,5,5,6,6,7,6,5,8,8,1665,7,6,7,5,7,7,6,6,5,5,4,6,7,6,9,6,7,6,5,5,5,5,7,6,6,8,2,9,6,6,8,6,7,6,5,6,6,7,6,6,8,7,8,7,7,7,5,6,6,6,7,5,7,7,6,6,6,6,7,3,5,5,6,6,5,5,6,7,7,5,7,7,8,7,5,7,5,8,9,7,5,6,5,8,7,9,6,5,7
"19_054. Owl City - When Can I See You Again (From Wreck it Ralph)_noise_-20dB_sample1.wav",155,6,10,5,10,6,7,10,7,5,7,6,7,7,10,7,8,6,7,10,6,8,5,9,8,6,6,7,8,6,8,9,10,8,6,7,10,6,5,9,10,6,7,7,7,6,5,6,8,9,7,8,9,9,8,8,7,7,5,7,8,6,7,9,10,6,7,6,6,7,1444,9,6,7,8,10,6,8,7,7,5,8,9,9,7,10,4,9,6,9,6,8,7,7,6,7,6,21,7,6,9
