"42_046. Meghan Trainor - NO_clean_sample1.wav",164,8,6,5,7,9,9,8,5,5,7,9,7,5,7,6,6,6,9,7,6,4,4,6,6,5,6,6,19826,7,7,5,7,5,6,7,7,7,3,10,10,4,6,5,6,7,5,7,5,6,7,5,7,6,8,8,6,8,5,8,6,6,5,9,6,7,5,6,8,5,7,3,5,7,6,5,5,6,7,7,6,5,7,8,7,8,5,5,4,8,8,8,6,5,6,7,4,5,7,6,8
"37_063. Bastille - Pompeii (Official Music Video)_clean_sample2.wav",130,4,3,3,4,3,3,5,4,2,3,3,3,3,2,3,4,2,3,3,3,2,3,845,3,2,3,2,3,3,4,3,3,3,3,3,4,4,1,3,3,2,2,2,3,3,3,4,4,2,3,3,3,2,3,3,4,3,3,3,2,3,3,3,4,3,3,4,4,3,4,1,3,3,2,2,2,4,2,2,4,4,3,4,4,4,4,3,3,3,4,4,2,2,4,5,2,2,3,2,3
"53_102. What_clean_sample1.wav",137,4,5,6,5,6,4,8,4,4,6,5,5,6,8,4,5,4,5,4,3,7,4,5,4,5,6,5,6,5,5,4,4,4,5,5,5,6,3,7,4,5,4,5,4,5,5,4,5,4,5,4,5,4,5,5,5,4,4,6,4,5346,5,4,5,5,5,5,7,5,6,3,5,5,5,4,4,5,5,5,5,4,6,5,4,4,7,5,4,9,6,5,4,4,4,5,5,4,5,6,4
"47_020. Warriors (ft. Imagine Dragons)  Worlds 2014 - League of Legends_clean_sample2.wav",146,5,8,5,8,8,7,5,8,6,6,6,10,6,7,5,6,5,7,12,4,5,6,6,6,7,6,6,6,5,6,7,5,7,7,10,8,8,3,8,8,5,9,8,5,5,5,7,6,6,6,4,8,7,5,6,8,7,5,6,6,9,6,7,5,5,8,7,8,4740,6,5,5,5,6,7,4,9,6,5,4,6,6,8,7,7,5,6,6,6,8,6,6,6,8,5,4,7,5,6,9
"61_045. The Black Eyed Peas - I Gotta Feeling (Official Music Video)_clean_sample1.wav",146,5,5,5,10,7,7,7,7,7,6,8,7,23,6,7,16,5,8,12,4,10,5,20,9,6,7,7,8,5,8,12,13,9,7,6,6,6,4,11,7,6,6,6,7,7,6,7,8,7,6,5,8,5,6,6,5,14,5,6,9,7,6,6,6,6,7,7,7,6,7,4,5,8,7,6,7,11,7,6,6,4,7,6,8,5846,5,9,6,12,7,8,8,5,7,7,5,8,9,7,11
"92_025. Fall Out Boy - Immortals (From Big Hero 6)_clean_sample1.wav",138,5,5,5,7,9,7,12,5,4,6,6,5,6,6,5,7,4,7,7,5,6,4,7,6,8,7,12349,6,7,7,8,5,6,5,6,5,8,3,7,8,4,6,7,6,6,4,6,7,5,5,8,7,5,5,8,5,7,5,9,6,6,6,7,6,6,4,7,7,7,6,3,5,6,4,9,4,5,7,8,5,4,7,7,10,6,6,6,4,7,7,6,7,6,5,6,7,6,9,6,7
"87_079. twenty one pilots Heathens (from Suicide Squad The Album) [OFFICIAL VIDEO]_clean_sample1.wav",142,10,7,4,6,7,6,9,5,5,7,6,6,6,6,8,5,5,4,6,6,6,5,5,4,5,6,7,5,8,6,7,5,7,6,7,8,7,4,8,9,4,7,5,6,7,7,6,8,6,6,15,5,6,7,7,23,5,4,6,7,6,5,6,9,7,8,6,8,5,8,4,6,7,5,8273,4,8,5,6,5,8,10,10,8,7,5,9,5,7,5,14,8,7,8,5,6,7,7,7,8
"70_You and Me_clean_sample2.wav",134,5,7,4,7,6,6,6,6,5,6,6,6,7,8,5,6,4,5,5,3,6,5,6,6,6,6,6,7,6,7,5,4,5,6,5,7,6,3,6,6,5,5,5,5,6,4,6,6,5,4,4,7,4,5,4,4,13,4,5,5,7,5,8,6,5,5,6,5,6,7,5,4,6,9868,8,7,7,7,5,3,3,6,6,6,7,5,5,5,8,6,6,5,4,6,5,3,5,6,5,7
"60_057. Get Off The Phone Song_clean_sample1.wav",136,5,4,5,7,6,4,6,6,4,7,5,7,7,7,6,5,4,4,8,4,5,4,6,5,5,6,6,7,5,7,6,5,7,5,6,5,10,3,7,7,3,4,4083,5,4,4,6,5,5,5,6,9,4,6,4,5,10,4,6,5,6,4,4,6,5,5,5,7,5,7,2,5,6,4,4,4,6,6,5,5,5,6,7,6,7,4,7,4,7,6,6,5,5,6,8,4,5,6,6,6
"30_Cannibal_clean_sample2.wav",132,6,5,5,6,5,5,5,4,4,6,5,7,5,7,5,5,5,8,6,3,4,3,6,4,5,7,4,6,5,4,5,6,4,4,5,7,6,3,6,6,3,4,4,5,7,5,4,5,6,5,5,5,5,5,5,6,5,5,3,3,5,4,6,7,6,4,6,5,5,6,7,5,6,5,5,3,7,5,4,3,5,6,8095,6,5,6,7,5,5,6,9,6,4,8,6,3,7,6,4,7
"100_059. Nilla Wafer Top Hat Time  Song - Rhett & Link_clean_sample2.wav",131,4,4,3,9,5,6,8,4,5,5,5,4,8,5,5,5,4,5,7,4,4,4,5,4,4,6,6,6,4,4,6,3,4,5,5,5,5,2,7,6,4,7,7,4,8,4,4,5,4,5,4,8,5,5,4,4,4,4,4,5,8,4,4,5,6,4,5,6,5,4,4,5,8,5,4,4,4,5,6,3,4,7,5,6,6,5,6,3862,9,5,6,4,6,6,5,6,6,4,5,6
"39_051. Galantis - No Money (Official Video)_clean_sample1.wav",136,5,5,3,7,6,6,10,4,5,5,9,5,7,7,4,5,4,6,5,6,5,4,6,5,6,5,4,5,5,5,7,6,5,6,4,5,5,3,6,5,4,5,7,5,4,5,4,5,7,6,5,6,6,5,5,4,5,4,5,5,5,4,3535,5,4,6,5,7,4,7,3,5,5,3,6,5,4,5,5,4,3,5,5,7,5,4,8,4,6,6,7,4,6,6,6,4,7,4,5,5
"31_058. Rub Some Bacon on It_clean_sample2.wav",138,4,4,5,5,7,10,5,7,5,5,5,6,5,4,5,5,5,5,6,5,5,3,5,5,4,8,5,7,5,4,4,5,11223,4,5,5,5,2,7,5,3,5,6,5,5,6,7,5,5,6,5,6,4,6,5,5,7,4,5,5,5,4,5,5,6,5,6,6,4,4,2,4,4,3,7,4,5,4,4,4,4,5,6,6,6,7,5,6,6,7,11,4,5,5,5,4,5,5,5,8
"3_100. Owl City & Carly Rae Jepsen - Good Time (Official Video)_clean_sample2.wav",139,6,7,4,9,8,11,7,11,7,7,6,7,7,6,5,8,6,5,6,5,5,3,8,9,6,7,5,6,6,6,9,5,5,10,5,6,6,3,6,6,6,5264,4,6,8,5,6,6,6,5,5,8,4,6,8,6,6,6,9,9,5,7,6,5,5,6,6,6,5,6,2,7,7,5,5,4,7,5,8,7,3,6,4,7,8,4,9,6,10,8,6,6,5,7,6,4,4,6,5,10
"17_084. Thomas Rhett - Crash and Burn_clean_sample2.wav",146,7,6,6,18,10,11,9,8,7,8,7,9,14,9,7,18760,6,5,9,5,6,5,8,8,6,8,6,7,8,8,6,11,6,9,7,5,11,3,11,6,5,10,11,5,9,6,9,5,7,6,7,16,8,6,7,7,6,7,7,9,5,6,6,11,6,6,6,8,6,8,3,6,6,6,7,7,6,10,7,5,4,7,7,9,10,5,7,5,8,7,8,7,6,7,7,5,6,7,9,9
"43_098. Nightcore~ The Wolf_clean_sample1.wav",150,7,7,4,6,8,5,6,4,6,6,8,7,6,5,5,6,4,4,5,5,8,4,8,5,5,6,6,6,5,6,5,4,6,6,4,5,5,2,9,6,4,4,5,5,6,4,8,4,6,4,6,6,5,10,8,8,6,4,6,6,6,5,4,7,6,5,6,7,6,5,2,5,5,5,6,4,5,5,6,5,4,5,5,6,6,4,9,5,9,6,8,5,5,4,7099,4,5,7,7,5
"13_030. Maroon 5 - Animals_clean_sample1.wav",161,4,8,5,8,7,6,7,7,5,7,6,7,8,9,8,5,6,4,7,9,5,5,7,5,5,10,8,10,8,7,8,5,8,7,7,7,8,4,11,7031,5,6,8,5,7,5,5,7,5,9,5,7,6,6,8,7,17,8,7,7,6,7,5,9,6,6,6,9,7,9,6,7,15,7,8,5,7,4,6,5,5,8,7,7,7,5,7,5,7,8,7,8,8,6,6,5,9,5,6,8
"7_092. Harry Potter Medley on Marimba_clean_sample2.wav",134,3,3,2850,4,8,4,4,4,3,5,4,5,3,3,5,4,4,3,4,4,3,4,4,4,3,4,4,3,3,3,3,3,5,4,4,3,4,2,8,4,3,3,3,3,3,4,4,3,5,4,3,3,4,6,4,3,5,3,3,4,5,3,4,5,7,4,5,6,4,4,3,4,4,3,3,2,4,3,4,4,3,5,4,4,6,4,5,3,4,12,4,3,3,3,6,2,4,4,4,3
"71_083. My Singing Monsters - Plant Island Theme_clean_sample2.wav",134,6,6,5,8,6,13,14,4,6,5,7,8,8,6,5,5,6,6,5,6,5,4550,7,5,5,7,6,6,6,6,6,5,5,7,6,6,5,3,10,7,4,5,7,4,5,4,5,8,5,5,4,5,7,7,8,5,5,5,5,5,6,5,5,6,5,6,5,6,5,5,2,6,4,6,7,4,7,7,4,6,4,5,5,6,7,4,6,5,6,9,4,5,4,7,8,5,5,6,5,5
"99_080. Melanie Martinez - Carousel (Official Music Video)_clean_sample2.wav",136,6,7,7,7,6,7,6,6,5,8,7,18,10,6,6,7,6,6,7,7,5,4,6,6,9,7,6,7,8,6,5,5,5,6,5,5,7,3,6,6,6,7,5,5,7,6,9,6,6,5,6,6,4,6,8,5,8,4,5,7,5,10,5,7,9,6,5537,6,9,6,6,9,6,7,5,4,6,5,6,6,3,8,15,8,8,5,6,5,7,9,6,5,6,5,7,5,6,5,6,7
"94_Banana Man_clean_sample2.wav",133,4,6,3,11,5,9,6,5,5,5,6,5,6,5,7,6,6,4,8,4,5,5,7,6,4273,7,7,5,9,6,6,4,6,5,6,5,5,3,8,5,4,7,5,7,6,5,6,5,5,6,5,6,6,6,6,6,6,5,4,5,8,5,6,6,4,5,9,6,5,7,2,4,5,4,5,4,5,5,6,5,4,7,7,7,6,5,8,5,8,7,7,6,4,7,6,6,4,5,6,6
"78_026. Katy Perry - Firework (Official Music Video)_clean_sample2.wav",140,6,7,4,6,6,12,6,5,6,7,7,8,9,7,6,9,5,5,6,6,6,4,7,5,6,8,6,6,6,7,6,5,6,8,8,6,7,3,7,7,4,8,5,5,8,5,8419,6,5,8,6,7,6,6,6,7,6,5,8,9,6,7,6,6,7,6,6,9,5,7,2,6,6,6,8,4,7,6,9,6,6,13,9,9,7,6,8,6,9,8,10,6,8,6,6,5,6,7,10,11
"6_043. Wintergatan - Marble Machine (music instrument using 2000 marbles)_clean_sample2.wav",131,4,6,2,6,4,5,6,3,4,5,5,8,8,3005,4,7,4,5,5,4,4,4,7,4,4,6,5,5,4,5,6,3,5,5,5,5,6,3,7,5,4,4,5,5,6,4,5,4,5,5,4,5,5,5,5,6,5,4,4,6,6,6,4,6,4,5,5,6,5,5,3,4,5,6,4,4,5,6,5,4,6,5,6,4,6,4,5,5,6,7,5,7,5,5,7,4,5,5,4,6
"66_Cruel_Summer_clean_sample2.wav",138,7,7,4,6,5,5,6,5,4,6,6,7,6,7,5,5,4,15,7,6,5,5,9,5,7,6,6,6,7,5,7,5,6,6,5,6,6,3,7,5,3,8,7,7,5,5,5,10821,7,8,5,7,7,7,7,7,8,6,6,8,5,6,9,7,7,7,5,6,5,6,3,4,5,5,6,6,7,6,5,8,5,9,6,5,9,6,6,6,9,7,5,6,5,5,6,6,5,5,5,6
"98_021. Alan Walker - Faded_clean_sample1.wav",138,6,6,3,7,5,7,9,4,5,6,5,5,8,7,4,6,3,4,6,5,4,4,6,4,6,6,6,5,5,6,8,7,5,5,9,7,7,4,5,4,4,5,6,5,10,4,5,5,5,4,4574,6,7,6,7,5,5,4,5,6,6,5,5,5,5,6,6,8,4,4,2,5,5,3,8,6,5,6,7,5,6,6,6,6,6,5,6,4,6,9,6,3,5,6,4,5,5,6,7,7
"4_003. Lorde - Royals (US Version)_clean_sample1.wav",151,5,5,6,7,5,7,6,4,6,6,5,5,9,8,7,6,5,5256,8,6,6,8,9,6,5,13,6,6,7,7,9,6,8,8,5,6,5,2,7,5,6,6,5,7,7,9,6,34,6,7,5,6,4,5,6,5,5,5,6,11,4,5,4,5,5,22,6,5,6,5,2,8,3,6,4,5,6,7,8,8,3,6,8,6,11,5,6,7,9,9,7,10,5,6,5,6,6,5,6,5
"62_061. LEFT SCREEN ONLY Spot the Differences_clean_sample1.wav",145,6,4,4,8,7,5,5,5,4,9,7,5,7,6,5,6,4,6,6,5,7,4,7,5,4,5,5,6,5,6,5,4,5,5,4,4,5,2,6,4,4,6,4,5,5,6,7,10,6,6,4,5,5,8,6,5,5,5,4,5,4,5,4,5,4,6,5,7,6,5,2,5,4,5,5,4,5,5,5,16158,4,5,7,6,6,5,6,4,7,6,5,6,6,5,6,4,7,6,5,5
"21_085. Janji ft. Johnning - Heroes Tonight 1 HOUR_clean_sample1.wav",139,4,4,2,6,6,6,8,4,5,8,5,5,10,8,5,7,3,6,4,6,5,4,6,6,4,6,4,6,5,9,4,4,5,5,4,5,6,3,5,4,4,7,4,4,13,5,5,4,7,6,7,7,6,5,7,6,7,5,7,7,4,4,3,4,4,4,6,6,3,3,2,5,7,5,4,4,6,6,6,5,3,6,4,6,10,4,4,3,5,5,7,4,5,5,6,5,5,5,5,6
"51_088. Steven Universe - We Are The Crystal Gems_clean_sample2.wav",139,4,5,6,8,6,5,7,4,6,8,7,7,7,6,5,7,5,6,6,7,6,4,6,4,4,5,7,9,5,5,4,4,5,4,5,5,7,4,6,6,5,5,6,6,7,5,7,5,4,5,5,6,6,6,7,5,8,5,5,5,5,5,5,5,6,6,6,5,5,8,3,7631,7,7,6,4,6,5,5,4,3,8,6,6,5,5,7,6,7,6,5,4,5,6,6,4,5,6,5,8
"69_066. Jessie J - Bang Bang ft. Ariana Grande, Nicki Minaj_clean_sample2.wav",143,9,5,3,6,6,7,8,6,6,11,9,8,6,7,5,6,7,5,7,7,5,5,5,7,7,6,8,6,5,5,4,4,6,6,4,6,6,2,7,8,5,6,8,5,6,6,6,5,6,8,7,8,6,5,7412,7,5,5,5,6,5,10,5,5,7,7,4,8,4,6,3,5,7,5,7,6,6,5,6,4,6,9,6,9,7,4,6,5,6,7,8,6,6,5,8,4,5,7,5,9
"80_077. Emeli Sandé - Hurts_clean_sample1.wav",141,7,5,4,9,9,9,9,6,7,9,8,6,8,6,6,8,9,10,7,5,7,5,8,5,6,8,9,8,6,6,8,7,4,6,6,6,7,3,9,7,4,5,7,7081,6,8,9,9,7,6,5,8,8,10,7,7,7,6,7,7,6,6,6,8,5,8,6,8,5,6,3,6,6,6,6,6,12,7,7,5,6,10,8,7,10,6,9,5,10,7,7,6,6,7,7,5,6,7,7,9
"73_Turn the Lights Off_clean_sample2.wav",139,4,6,3,6,6,6,9,6,6,7,7,8,6,6,6,7,5,5,6,6,5,3,5,5,7,7,5,5,9495,6,5,5,4,5,5,5,8,4,10,7,6,6,6,5,6,4,4,5,6,7,5,8,6,6,6,8,10,4,5,9,5,7,6,8,4,5,7,6,3,6,2,4,11,6,5,6,5,5,6,5,7,6,6,5,8,7,6,7,7,8,5,4,4,6,5,4,4,7,6,5
"39_051. Galantis - No Money (Official Video)_clean_sample2.wav",137,5,7,5,6,5,6,10,5,5,6,8,5,7,6,6,7,6,5,6,4,5,6,6,7,6,9,8,13,6,7,11,7,6,6,7,6,8,5,6,6,3,6,5,6,5,5,6,7,5,6,6,6,8,6,6,7,6,4,5,6,4,6,6787,5,6,5,6,8,6,8,6,4,7,5,7,3,5,4,9,6,4,10,7,7,5,6,10,6,8,6,8,6,5,4,6,5,6,5,6,9
"85_011. Martin Garrix - Animals (Official Video)_clean_sample2.wav",143,4,6,4,21,9,9,6,12,6,6,6,6,7075,7,8,23,4,10,13,7,4,5,18,7,5,7,6,6,7,11,10,18,6,7,8,4,7,3,10,6,4,9,15,5,6,6,9,8,6,6,5,13,11,6,6,6,13,6,6,25,6,5,6,5,7,6,9,8,5,11,5,5,6,7,4,6,5,13,7,8,5,7,8,8,38,5,10,13,17,9,6,9,5,5,7,4,6,6,7,9
"99_080. Melanie Martinez - Carousel (Official Music Video)_clean_sample1.wav",141,6,7,5,6,8,7,9,5,4,8,6,14,9,5,7,6,6,5,6,6,7,5,6,5,6,8,7,7,6,6,5,5,5,5,6,6,8,3,7,6,4,5,5,6,6,7,6,4,6,8,5,8,7,6,7,5,8,5,6,7,4,9,5,6,6,7,20200,6,7,5,2,5,7,9,8,5,7,5,6,7,7,6,16,8,6,5,5,4,9,9,6,5,6,5,7,5,5,5,5,8
"22_094. Harry Potter Puppet Pals - The Mysterious Ticking Noise (Video With Lyrics)_clean_sample2.wav",145,4,5,2,6,5,10,4,3,4,6,6,7,3,6,7,7,5,5,5,3,4,5,5,3,4,5,10,4,4,8,7,8,7,6,4,9,5,4,5,5,4,5,5,6,5,3,5,4,4,4,4,4,5,7,5,5,8,3,4,4,5,7,4,4,4,4,5,6,4,7,3,6,4,5,10,4,5,4,3,3,7492,6,6,6,5,7,5,4,4,4,8,4,4,5,7,3,8,5,4,7
"54_016. Taylor Swift - Blank Space_clean_sample2.wav",154,6,8,4,8,7,7,7,6,7,9,7,8,10,7,8,8,7,6,6,7,5,5,9,6,7,9,6,9,8,6,7,6,7,7,7,7,12,3,9,10,6,9,12,6,8,6,6,6,7,8,7,11,6,6,7,7,15803,9,6,11,5,6,8,6,7,7,7,10,4,7,4,7,22,12,9,8,7,7,6,6,5,9,7,9,10,5,8,6,13,9,7,6,8,8,10,5,8,6,6,9
"45_005. OneRepublic - Counting Stars_clean_sample2.wav",144,8,5,5,8,9,11,8,9,5,8,7,8,8,7,5,7,8,7,8,5,6,7,10,5,8,9,8,9,7,9,8,6,6,8,8,7,13,4,9,8,5,8,6,7,6,4,8,6,8,7,7,8,6,8,7,7,11,7,5,6,6,7,5,7,6,6,7,6684,6,9,2,6,9,7,5,5,7,6,7,8,6,10,8,10,8,4,11,7,10,8,8,7,6,7,7,7,6,8,8,10
"100_059. Nilla Wafer Top Hat Time  Song - Rhett & Link_clean_sample1.wav",143,5,6,4,13,6,5,6,6,7,7,5,4,8,8,7,10,5,7,9,5,5,5,9,4,5,6,5,5,5,7,5,7,5,5,4,5,7,2,5,5,4,6,8,6,5,5,6,4,6,5,5,9,5,5,6,5,7,5,8,7,5,6,7,6,6,6,6,6,5,7,2,5,5,7,6,4,5,6,5,4,5,7,5,8,11,4,5,4619,9,6,5,7,5,7,5,4,7,5,5,8
"70_You and Me_clean_sample1.wav",139,4,6,4,6,5,5,6,5,5,7,4,5,9,8,4,5,6,3,6,4,3,3,5,5,5,5,5,6,4,6,5,3,5,5,4,9,6,4,6,7,4,5,6,3,5,4,6,4,4,4,4,5,5,5,4,4,10,4,6,5,4,4,4,6,6,3,6,6,4,6,5,4,6,6807,5,6,5,5,4,4,3,5,6,7,10,4,7,6,5,7,6,4,5,5,6,4,5,4,4,5
"89_091. Faster Car - Anders Lystell feat. Kaliber [EPIDEMIC SOUND] (Lyrics)_clean_sample1.wav",147,7,6,4,13,6,6,9,7,7,8,8,7,7,6,7,12,5,7,10,5,6,4,7,6,6,9,6,10,7,8,8,18,6,7,6,6,7,3,7,8,5,6,9,6,6,5,6,6,6,8,8,14876,9,5,11,6,8,5,5,8,9,5,7,5,5,5,7,7,5,6,3,6,7,5,8,5,6,8,5,4,6,8,7,8,10,5,6,5,9,6,7,5,6,7,6,5,6,6,11,10
"23_048. Pharrell Williams - Happy (Official Music Video)_clean_sample2.wav",164,7,7,9,8,20,11,12,5,5,7,8,11,10,8,8,8,7,5,9,6,8,5,8,7,6,7,6,6,6,8,5,6,13,7,5,6,12,5,31,10,5,6,6,7,6,7,7,5,8,8,7,7,6,22,8,6,9,7,7,7,7,6,6,13,5,5,6,12,6,7,4,5,6,7,6,5,12,8,8,6,5,9,9,7,11,5,6,5,9,13690,12,5,12,7,15,6,8,7,10,7
"96_089. American Boy by Estelle and Kanye West_clean_sample2.wav",132,4,5,4,5,5,5,7,4,4,5,4,6,4,5,5,6,4,3,4,4,5,4,5,3,6,5,5,6,6,4,5,5,5,6,4,4,6,2,7,6,4,5,5,5,4,4,4,5,4,4,4,5,6,4,6,6,5,5,4,5,5,4,4,5,3,5,6,6,4,4,1,6,7,4,5,4,6,5,5,4,3,6,5,6,5,4,5,3,6,7,4,5,5,4,5,4,4,3334,5,5
"103_037. Calvin Harris, Rihanna - This Is What You Came For (Official Video) ft. Rihanna_clean_sample1.wav",138,4,9,5,8,6,8,7,7,6,7,6,7,5,9,6,8,6,6,8,6,6,5,6,7,5,6,5,6,6,6,7,5,10,7,5,8,6,3,8,9,4,8,5,7,7,5,9,5,6,7,5,6,8,6,5,8,8,6,8,6,6,6,4,6,10,6,5,7,5,9,3,6,4,6,7,3,6,6,6,5,5,7,7,8,6,6,8,5,8,9,7,6,6,7,6,5,8,5,7,4623
"94_Banana Man_clean_sample1.wav",133,5,6,5,6,6,6,5,6,5,7,6,6,7,7,4,6,5,6,5,4,6,3,5,6,3369,10,5,4,5,5,4,5,4,4,4,4,8,3,6,9,5,5,6,6,5,5,7,6,5,6,5,6,5,6,7,5,8,5,5,5,5,7,5,6,6,5,7,6,4,5,3,6,5,5,6,4,5,4,5,4,5,9,6,7,5,4,5,4,6,9,6,5,5,4,6,4,4,5,4,6
"77_065. Nightcore - Ghostbusters_clean_sample1.wav",130,5,5,3,6,7,6,5,4,4,9,6,5,4,7,5,6,4,7,5,5,5965,5,5,5,5,10,6,6,6,7,4,4,4,7,4,5,6,2,7,6,7,5,6,6,7,5,5,5,6,7,7,6,5,5,6,6,5,5,7,6,5,5,4,5,10,7,7,5,4,5,3,5,6,5,5,5,6,6,5,5,7,6,5,7,6,5,6,4,6,6,8,5,5,6,6,5,3,6,5,6
"15_060. My OCD (Song)_clean_sample1.wav",144,7,7,8,10,11,6,8,13,7,8,10,27755,6,8,6,10,5,8,10,6,7,9,6,6,8,7,7,6,8,11,7,8,6,6,8,9,8,5,10,8,7,6,7,8,8,7,7,8,8,9,5,11,8,7,7,6,7,7,7,8,7,9,6,8,5,7,17,8,13,9,4,6,6,5,7,6,19,6,6,9,7,11,13,7,8,5,9,5,9,9,7,7,7,8,12,5,7,9,7,9
"91_Greener_clean_sample2.wav",133,4,5,3,6,7,7,9,7,6,6,6,7,5,8,7,6,4,4,7,3,5,4,6,5,5,6,7,6,5,5,5,5,4,5,5,6,5,4,6,7,4,6,5,7,6,5,6,5,6,5,5,6,6,5,7,5,8,5,5,5,6,4,5,5061,4,7,7,6,5,6,2,5,6,4,6,5,4,5,7,6,5,6,6,8,8,5,7,4,7,9,7,5,5,5,8,4,7,7,6,6
"57_Numb_clean_sample1.wav",132,5,5,4,5,6,8,8,4,3,7,6,6,6,5,7,6,5,5,5,3,8,3,5,5,6,6,6,5,5,6,5,4,5,5,5,4,4,3,6,4,4,5,4,5,4,5,6,5,5,5,5,7,5,5,7,4,5,4,4,7,5,5,7,5,5,7,4,7,5,10,6,4,7,4,5,4,7,6,5,5,5,6,5,6,6,8229,7,4,8,5,6,4,3,4,6,5,5,5,5,6
"82_A Lady_clean_sample1.wav",128,4,4,3,6,4,4,5,4,5,4,3,5,5,4,3,4,3,4,5,3,4,3,5,4,3,4,5,6,3,5,6,4,4,4,5,4,4,7203,5,5,3,4,5,4,4,4,3,5,4,4,5,5,4,3,6,4,5,5,4,3,3,3,3,4,4,4,4,6,4,5,2,3,6,4,4,3,3,4,3,3,2,6,4,5,5,4,4,4,5,4,4,5,4,3,4,3,3,3,4,5
"2_023. Rachel Platten - Fight Song (Official Video)_clean_sample1.wav",140,6,8,5,10,8,5,6,5,5,7,6,6,5,8,15930,7,5,7,7,5,6,4,6,6,8,6,5,6,6,6,5,5,6,8,6,7,7,2,10,8,5,7,5,5,4,9,6,9,9,5,5,7,7,6,6,8,7,4,7,7,6,5,5,5,5,7,5,5,5,13,4,3,7,5,7,4,5,5,5,5,3,6,6,6,6,5,5,5,7,10,6,5,7,12,6,6,7,8,5,8
"5_002. Avicii - Wake Me Up (Official Video)_clean_sample2.wav",135,3,11076,3,6,5,7,8,4,4,5,7,6,8,6,6,5,4,6,6,3,5,2,6,5,6,6,6,6,4,6,4,3,6,5,4,5,6,2,7,8,4,6,4,5,5,3,7,5,4,5,3,7,4,6,4,4,7,4,4,4,6,5,5,5,5,5,6,6,4,7,2,4,7,4,5,3,4,4,4,4,3,7,6,6,8,4,8,4,9,6,5,5,4,6,5,5,4,5,4,8
"34_The Trap_clean_sample2.wav",137,5,5,5,8,8,7,5,7,6,7,5,6,6,7,9,10,4,7,5,5,6,7,6,6,6,7,8,6,6,7,5,6,7,8,5,5,6,3,6,5,6,8,5,5,8,4508,7,6,6,5,6,7,6,6,7,8,6,8,7,8,7,5,4,6,5,8,7,7,5,4,2,5,5,6,7,4,5,6,7,5,5,6,8,6,7,4,6,5,7,6,7,6,4,9,7,6,6,6,7,6
"86_019. Naughty Boy - La la la ft. Sam Smith (Official Video)_clean_sample1.wav",151,5,14,5,8,8,15,8,7,6,11,8,8,20,11,6,10,6,7,12,5,7,5,13,27,6,8,7,13,6,9,11,7,9,12,6,9,9,6,11,6,5,15,8,7,11,7,10,7,7,6,5,8,7,6,6,5,8,6,9,9,6,7,8,7,6,6,5,12,7,7,5,7,6,6,7,5,7,12,13,5,8,15,8,14,14,7,11181,9,30,7,9,6,6,6,8,5,7,6,6,18
"78_026. Katy Perry - Firework (Official Music Video)_clean_sample1.wav",135,5,6,3,7,5,7,7,7,4,7,6,5,6,6,5,8,5,6,8,4,6,4,7,7,6,6,6,6,6,7,5,4,5,6,4,5,6,3,7,6,4,7,6,5,6,5,3302,4,5,5,5,5,5,6,5,5,6,5,4,7,4,6,4,6,5,5,7,7,5,5,1,4,6,5,6,4,5,4,5,6,5,8,6,8,7,5,6,5,6,9,8,4,7,4,6,5,5,5,5,5
"46_032. Katy Perry - Wide Awake (Official Video)_clean_sample1.wav",148,7,6,5,12,7981,9,11,6,6,8,7,10,7,7,4,9,5,7,8,6,7,5,7,8,5,6,8,6,7,6,6,6,6,9,5,8,7,4,24,6,4,8,5,5,9,6,7,6,6,11,7,7,6,19,6,6,9,6,7,8,6,5,5,6,12,7,6,8,6,6,2,7,6,7,7,5,6,6,7,6,6,9,9,8,7,6,9,5,8,20,7,5,7,6,8,6,6,5,7,7
"104_024. twenty one pilots Stressed Out [OFFICIAL VIDEO]_clean_sample1.wav",138,6,5,4,6,5,6,6,5,6,8,6,7,6,6,6,6,5,10,7,4,5,5,5,5,5,7,6,6,5,6,7,4,5,6,8,5,6,4,8,5,4,7,4,6,5,4,5,7,5,6,5,7,6,6,6,5,5,4,4,5,5,5,4,6,6,8430,6,6,7,6,3,5,6,4,5,4,5,6,6,5,7,5,7,6,7,5,6,8,7,6,7,5,6,7,6,6,5,5,4,6
"26_017. David Guetta - Titanium ft. Sia (Official Video)_clean_sample1.wav",136,6,6,6,8,9,6,10,6,5,6,6,6,6,7,6,9,4,6,7,6,5,5,5,8,5,6,7,7,6,5,8,6,6,5,5,5,6,4,8,7,6,7,5,5,6,6,7,4,5,6,5,6,5,5,6,7,7,9,8107,8,5,5,5,6,4,5,4,6,9,8,3,4,6,5,8,5,7,6,7,8,5,10,6,6,6,4,6,5,9,8,7,5,6,7,6,5,6,8,5,8
"11_062. Pipe Guy - HouseTranceTechno Live_clean_sample2.wav",127,4,6,4,4,5,7,4,4,4,5,5,6,4,5,5,4,4,4,5,4,4,3,4,5,4,5,5,9,4,5,4,4,3,4,5,4,4,2,4,6,5,3,4,5,4,4,4,5,7,8,6,6,4,4,4,12,5,3,6,6,4,4,4,4,5,4,4,6,3,4,2,3,6,6,10,4,5,5,6,4,3,8,5,5,6,4,5,5,5,5,8,3,6,5,5,5,4,7,4,6
"30_Cannibal_clean_sample1.wav",136,8,6,4,6,5,7,7,5,5,8,6,7,4,7,7,6,5,6,7,5,5,4,5,5,7,6,6,5,6,8,6,5,5,5,5,7,5,4,7,5,5,5,6,6,4,5,5,8,6,5,5,7,6,6,6,4,6,6,4,5,5,6,5,7,6,5,10,8,7,7,4,4,6,6,4,4,8,6,7,6,6,6,4776,6,6,5,7,5,7,6,8,6,5,7,6,6,10,7,5,6
"69_066. Jessie J - Bang Bang ft. Ariana Grande, Nicki Minaj_clean_sample1.wav",136,6,5,4,8,6,6,8,5,6,10,13,6,4,8,5,7,5,5,6,7,6,5,5,5,5,8,6,8,6,5,5,5,7,5,5,5,8,2,6,5,6,5,5,7,6,5,5,6,7,7,5,8,5,6,6092,6,5,5,4,5,7,8,4,5,5,6,6,5,7,4,3,5,6,4,6,5,7,6,6,5,5,6,5,6,5,4,6,5,6,8,8,4,5,4,5,4,6,5,6,7
"54_016. Taylor Swift - Blank Space_clean_sample1.wav",153,5,7,5,7,11,5,9,5,11,7,8,6,18,7,7,7,6,8,8,6,6,4,11,6,9,10,8,17,9,6,6,6,11,6,7,7,14,3,11,16,5,5,22,8,7,7,8,10,7,8,5,10,7,7,7,6,6791,16,6,9,6,5,6,7,7,6,10,7,5,10,8,7,35,19,5,9,6,6,8,6,5,7,6,7,11,5,8,6,7,11,10,7,7,6,10,6,7,5,6,8
"61_045. The Black Eyed Peas - I Gotta Feeling (Official Music Video)_clean_sample2.wav",137,4,7,5,12,6,5,9,6,5,6,5,8,20,10,6,10,5,10,12,5,4,6,18,7,5,7,6,5,4,6,7,6,8,7,5,11,7,3,7,5,6,7,7,4,10,6,4,7,5,4,3,7,5,5,6,6,5,4,7,12,5,5,5,5,8,7,6,6,5,10,5,10,5,6,6,5,10,6,4,5,6,7,8,6,9263,4,8,8,7,8,8,5,5,5,7,5,7,5,5,7
"103_037. Calvin Harris, Rihanna - This Is What You Came For (Official Video) ft. Rihanna_clean_sample2.wav",142,6,13,5,8,7,9,10,6,5,9,6,9,7,6,6,5,7,7,7,4,7,6,7,9,6,8,6,8,6,6,7,5,8,6,8,8,7,4,7,8,4,6,5,6,7,5,11,5,6,6,5,7,5,7,5,5,5,4,8,6,5,5,5,5,7,6,6,6,5,7,4,5,6,5,7,3,8,5,8,5,5,8,8,7,7,5,9,4,8,7,8,6,6,8,6,5,8,7,6,10600
"9_034. Pitbull - Timber (Official Video) ft. Ke$ha_clean_sample2.wav",138,7,7,3,16,6,7,8,6,6,7,6,9,9,8,5,10,5,7,6,5,6,4,9,5,7,7,6,6,6,14962,9,7,5,6,6,5,6,3,6,7,4,7,6,6,5,5,6,6,8,6,6,10,7,8,9,7,6,7,6,6,5,6,5,7,7,6,8,8,5,6,2,6,6,7,6,4,5,7,9,5,5,9,7,8,8,6,7,9,9,7,7,4,7,6,9,4,6,6,6,8
"27_022. Major Lazer & DJ Snake - Lean On (feat. MØ) [Official Music Video]_clean_sample2.wav",137,5,5,3,8,7,8,10,6,8450,7,7,7,7,7,7,7,7,5,6,5,5,4,5,4,5,8,5,5,6,6,5,5,6,5,4,6,5,2,6,5,3,6,5,6,4,5,8,5,5,7,5,6,5,5,7,6,11,5,5,5,7,5,4,7,5,6,5,7,6,6,3,4,5,6,7,5,7,5,4,6,5,7,7,7,7,4,7,5,8,6,6,4,6,7,6,5,5,6,6,5
"58_039. OMFG - Hello_clean_sample1.wav",150,5,8,5,8,7,8,6,6,6,7,6,7,5,10,5,6,5,5,7,5,8,4,5,8,5,7,7,6,7,8,5,6,7,9,6,10,8,3,8,6,5,10,6,6,11,7,6,5,6,10,6,8,5,7,6,7,8,6,6,7,5,5,6,7,9,7,7,7,4,6,4,5,5,6,6,5,7,5,6,5,4,6,7,8,6,5,6,4,7,11,8,6,6483,7,8,4,5,5,5,10
"32_086. Olly Murs - Grow Up (Official Video)_clean_sample1.wav",135,7,9,7,8,8,11,6,5,8,8,6,6,5,5,5,9,5,8,6,4,5,4,7,9,5,8,5,6,7,6,7,5,5,7,6,6,9,4,7,7,4,8,6,6,9,5,8,5,5,6,6,9,5,8,6,7,6,7,7,11,6,7,8,6,5,6,7,6,5,6,2,5,5,6,5,4,6,6,5044,5,6,11,6,9,5,6,13,5,9,7,7,6,7,7,6,4,4,6,6,11
"33_076. Galantis - Firebird (Official Audio)_clean_sample2.wav",131,4,3,4,7,4,5,5,3,4,5,4,4,12,3,4,8,4,7,9,4,4,3,7,7,4,4,5,4,6,4,4,4,3,8,3,5,5,2,6,3,3,8,5,6,8,8,6,5,3,6,4,6,3,10,5,6,5,6,6,8430,3,4,3,4,4,5,4,5,3,5,1,4,3,4,4,3,4,3,7,4,3,5,6,9,7,3,4,3,8,5,5,3,4,3,4,4,4,3,4,4
"66_Cruel_Summer_clean_sample1.wav",135,4,6,5,6,7,6,6,6,3,8,7,7,7,7,5,6,5,11,5,6,6,4,7,6,7,7,6,7,4,6,8,5,5,6,7,6,6,3,7,6,3,6,5,7,5,5,7,4644,6,7,5,7,5,5,6,6,7,5,5,7,5,5,5,6,6,12,5,6,5,9,3,5,8,6,5,6,5,5,7,10,4,5,5,6,13,6,7,5,8,6,6,6,5,7,7,5,5,7,4,11
"19_054. Owl City - When Can I See You Again (From Wreck it Ralph)_clean_sample2.wav",144,4,11,4,8,5,6,9,6,6,7,7,6,14,11,7,10,7,6,12,6,5,5,8,5,5,7,5,5,6,6,6,6,7,8,6,7,6,4,9,8,4,6,7,6,7,6,5,6,8,7,6,10,8,9,7,5,16,4,7,8,5,6,5,8,7,7,6,7,5,12838,4,4,11,7,6,5,8,6,6,5,4,7,7,8,10,8,7,4,9,6,6,6,8,6,7,5,9,5,7,8
"18_044. tony igy-stop in my mind_clean_sample1.wav",134,5,6,5,7,7,5,6,5,5,7,5,6,8,6,5,7,6,7,6,5,6,3,10,10,4,5,6,6,5,6,5792,6,4,7,4,4,7,3,7,6,5,8,5,4,5,4,7,6,5,6,8,7,5,7,5,5,5,6,5,7,6,5,8,5,5,6,6,6,5,5,3,5,5,5,5,5,5,7,6,5,4,7,5,7,5,5,10,8,15,6,8,4,5,5,8,5,6,6,8,6
"81_013. Passenger  Let Her Go (Official Video)_clean_sample1.wav",129,5,5,5,5,4,4,4,4,4,5,4,4,4,8,4,4,4,4,5,5,4,4,4,5,4,4,5,7,5,4,4,3,5,5,5,4,5,4,6,6,3,7,5,4,5,4,4,3,4,4,4,5,4,6,5,7,6,5,4,4,5,3128,4,5,6,5,4,7,3,4,3,4,5,4,4,5,5,6,5,3,5,5,5,5,4,4,5,5,5,7,6,5,6,4,7,4,6,6,6,6
"14_099. Sheppard Geronimo - [International Version] (Official music Video)_clean_sample2.wav",137,3,6,4,8,7,7,9,5,5,9,8,7,7,7,6,8,6,10,7,5,7,5,6,6,6,4892,11,6,5,7,6,6,5,6,6,6,7,3,7,5,4,6,8,8,6,7,6,5,6,6,5,7,7,6,7,5,5,5,6,6,5,8,4,5,7,5,6,6,4,6,2,8,7,5,6,5,6,7,5,6,4,7,5,7,8,5,7,5,8,7,10,7,7,6,5,4,5,4,5,10
"93_015. Lukas Graham - 7 Years [Official Music Video]_clean_sample2.wav",136,8,5,4,8,9,7,6,5,6,6,7,7,5,5,4,8,5,8,7,10,4,6,5,6,6,7,8,5,5,9,4,7,6,7,6,7,7,4,9,5,4,9,6,6,6,6,6,5,6,15635,5,8,7,5,6,7,8,4,6,6,5,7,6,8,6,5,6,7,5,6,2,4,5,6,6,5,5,6,5,4,4,7,6,11,7,5,6,6,7,8,7,6,7,5,6,5,5,7,6,10
"76_073. Lindsey Stirling - Crystallize (Dubstep Violin Original Song)_clean_sample1.wav",140,5,6,5,6,6,7,8,4,6,7,5,6,5,7,7,4,5,6,6,4,10,6,4,5,7,12,5,5,6,5,5,4,7,7,9,7,9,3,6,6,3,7,4,6,5,6,6,4,5,5,4,4,7,5,5,6,5,5,4,5,5,5,4,5,8463,5,4,6,5,6,4,9,5,6,6,8,5,7,5,4,4,6,6,7,7,5,6,5,6,6,6,7,11,7,8,7,9,7,5,6
"76_073. Lindsey Stirling - Crystallize (Dubstep Violin Original Song)_clean_sample2.wav",142,6,7,4,12,7,8,7,6,5,6,5,6,6,9,6,7,9,4,8,6,9,5,8,6,7,9,7,7,6,4,7,4,5,8,6,6,8,5,8,6,6,6,5,6,5,7,7,7,6,11,4,5,4,6,7,5,9,10,7,7,5,6,6,5,6425,6,5,7,5,7,6,5,7,6,5,8,8,8,6,8,4,10,6,8,6,6,5,6,6,6,5,5,6,7,7,5,5,6,5,7
"67_090. Josh Groban - You Raise Me Up (Official Music Video) [HD Remaster]_clean_sample2.wav",142,4734,6,6,10,9,6,6,4,5,6,6,12,9,7,5,7,5,5,5,5,7,4,6,8,6,5,4,9,6,4,7,5,7,7,6,8,6,3,6,6,5,10,4,5,10,7,6,4,6,6,4,5,4,6,7,7,6,7,7,8,6,6,5,5,8,4,7,5,5,6,5,4,6,4,5,4,6,4,6,4,7,8,6,8,6,5,4,4,7,5,6,6,8,7,5,4,6,6,4,8
"46_032. Katy Perry - Wide Awake (Official Video)_clean_sample2.wav",155,8,7,8,8,15788,7,12,6,4,11,7,12,10,9,5,8,8,6,9,5,8,5,9,8,6,9,7,6,6,7,7,5,8,7,6,7,10,4,28,6,4,7,6,7,8,7,7,6,6,9,7,6,7,37,7,7,8,5,8,7,6,10,4,11,7,6,5,6,6,6,3,8,7,7,6,7,9,8,8,6,14,11,8,8,9,7,6,4,10,30,11,6,8,6,21,5,6,6,9,8
"79_095. Alan Walker - Alone_clean_sample1.wav",141,5,5,4,8,7,6,7,5,6,7,8,6,9,5,5,8,3,5,6,4,7,4,7,6,6,5,5,6,5,5,5,5,6,8,4,5,7,2,6,7,3,7,6,5,8,5,5,4,5,6,5,5,4,5,6,6,10,6799,5,9,5,5,4,6,6,5,5,6,4,4,3,6,4,5,5,4,6,6,7,4,3,6,5,5,6,4,9,4,7,6,5,5,5,7,6,5,4,5,5,7
"62_061. LEFT SCREEN ONLY Spot the Differences_clean_sample2.wav",145,9,5,4,7,5,7,7,4,5,6,6,6,7,5,5,8,4,7,6,4,6,4,8,6,5,7,5,5,5,5,4,4,8,5,6,6,5,4,7,7,3,5,5,5,6,6,6,6,4,6,4,7,5,6,8,6,6,4,4,6,6,4,4,5,5,9,5,7,4,6,2,6,5,4,5,4,4,5,8,5277,4,7,6,8,6,4,9,5,7,7,7,5,6,5,8,6,6,6,7,7
"88_033. Fifth Harmony - Worth It (Official Video) ft. Kid Ink_clean_sample1.wav",160,7,7,5,7,9,6,6,8,14,15244,15,7,6,7,7,7,23,5,6,12,7,4,8,7,8,7,7,10,6,7,9,6,7,8,6,6,7,3,9,10,4,7,8,6,8,7,7,6,19,7,7,8,6,7,18,5,9,10,7,8,6,9,7,6,5,6,6,7,6,5,4,6,7,7,6,6,8,8,7,5,4,6,8,8,7,7,15,7,11,7,8,7,5,7,7,7,8,10,14,9
"59_014. Avicii - Hey Brother (Lyric)_clean_sample2.wav",141,5,7,4,8,5,9,6,4,5,7,5,6,7,6,5,6,6,6,7,4,4,4,5,384,6,7,5,6,7,5,6,5,4,3844,5,6,6,3,8,5,3,8,6,5,6,6,5,4,5,5,4,5,5,5,5,9,6,6,10,7,4,5,4,5,6,5,5,7,4,6,4,4,5,4,4,3,5,7,6,4,4,6,5,7,8,5,7,6,11,5,5,5,6,5,7,3,5,6,5,9
"33_076. Galantis - Firebird (Official Audio)_clean_sample1.wav",141,7,6,6,6,5,6,7,4,4,6,6,6,16,4,4,8,4,8,4,3,5,4,8,7,7,6,5,5,5,5,4,4,4,7,4,5,6,4,6,6,4,6,4,3,12,6,7,4,5,4,6,9,6,7,4,8,9,4,6,10683,5,5,3,5,7,5,4,5,4,5,2,4,7,4,4,4,6,5,7,5,4,5,6,6,5,4,5,4,8,7,5,5,5,5,5,4,6,5,5,11
"97_075. Lindsey Stirling - Prism (Official Video)_clean_sample2.wav",150,8,6,4,8,7,7,7436,5,6,6,6,8,8,6,5,8,5,6,10,5,6,7,6,6,8,8,12,5,6,7,7,6,6,5,5,5,7,5,9,6,5,6,6,7,5,6,6,6,6,6,5,6,6,6,9,6,7,5,6,6,6,6,7,12,5,7,6,8,6,8,3,5,6,6,11,6,5,6,6,6,4,7,6,5,7,6,8,6,8,10,8,6,8,7,8,6,7,5,10,10
"92_025. Fall Out Boy - Immortals (From Big Hero 6)_clean_sample2.wav",143,5,6,4,5,5,8,30,7,5,6,5,6,5,6,4,9,7,4,9,5,5,5,9,6,5,7,11760,7,5,7,6,5,5,6,6,5,7,5,8,5,5,6,6,5,6,4,8,7,6,6,6,8,7,8,7,5,5,5,6,7,8,4,6,9,6,5,6,7,4,6,3,8,5,4,6,6,6,6,8,4,4,6,7,7,6,7,7,6,8,8,7,5,6,5,8,5,5,7,6,5
"83_004. Katy Perry - Roar_clean_sample1.wav",145,6,6,5,7,6,6,9,5,5,6,6,6,7,7,7,8,5,5,6,5,6,5,5,8,6,10,6,5,6,5,7,6,8,6,5,6,6,3,5,5,5,5,6,5,7,6,6,4,6,7,9,5,5,6,6,12721,5,7,6,7,6,4,4,5,6,6,6,7,6,7,2,6,6,6,17,5,6,6,6,5,5,7,6,7,6,5,5,5,7,7,9,5,9,7,6,6,6,7,6,6
"63_087. Anaconda - Nicki Minaj  The Fitness Marshall  Dance Workout_clean_sample1.wav",152,5,5,5,13,7,8,6,6,7,7,5,6,9,7,5,10,7,6,6,5,7,5,6,5,6,11,7,7,7,7,6,9,8,6,5,7,9,5,7,7,4,6,8,6,5,6,6,9,7,6,6,12,5,7,7,5,9,7,7,7,6,6,5,7,5,7,5,7,4,8,3,4,9,6,7,5,4,5004,5,6,5,5,6,7,7,6,10,5,8,7,8,8,7,7,6,5,5,5,8,11
"16_038. P!nk - Just Give Me A Reason ft. Nate Ruess_clean_sample1.wav",154,5,7,3,8,6,9,7,7,6,6,7,7,8,6,6,7,5,5,6,6,10,4,7,5,5,15,7,13,6,7,6,5,6,7,6,8,11,3,10,18,6,5,9,7,7,5,5,5,6,6,4,6,5,5,9,6,21,5,6,7,6,7,6,6,8,6,6,6,4,7,3,4,5483,11,6,6,5,7,7,5,4,8,5,8,9,6,8,4,7,7,7,5,6,6,7,5,7,6,7,8
"95_053. Avicii - Hey Brother_clean_sample1.wav",148,5,5,4,8,8,6,5,6,5,7,7,6,5,9,5,6,4,6,6,5,5,4,7,3549,4,9,5,6,5,5,5,7,6,530,8,5,7,2,8,8,4,7,5,4,8,7,5,4,4,6,4,6,5,7,5,4,8,6,5,6,4,4,5,5,9,6,6,8,5,5,2,6,5,4,5,3,5,6,5,4,4,6,6,8,5,4,13,4,9,6,5,4,6,5,4,4,4,5,5,7
"11_062. Pipe Guy - HouseTranceTechno Live_clean_sample1.wav",147,5,5,3,6,7,7,5,5,5,6,5,5,6,5,3,6,3,5,8,6,9,4,7,4,5,8,6,5,4,6,4,5,7,4,5,4,12,3,8,6,5,5,4,6,5,4,5,4,8,4,4,7,5,5,5,4,4,5,5,6,6,5,6,6,8,5,5,6,4,6,3,4,4,4,5,4,4,6,4,4,3,5,6,6,5,5,4,5,6,4,5,6,6,5,6,5,5,4,6,7
"22_094. Harry Potter Puppet Pals - The Mysterious Ticking Noise (Video With Lyrics)_clean_sample1.wav",135,7,4,2,5,6,6,6,5,5,8,4,5,5,6,3,4,3,4,4,3,4,3,5,3,6,5,4,4,5,8,5,4,6,5,4,8,4,2,7,3,3,4,6,5,5,3,4,4,6,5,4,5,4,6,6,6,6,4,6,4,4,5,5,5,5,4,6,5,4,4,3,5,4,3,5,3,5,4,4,4,4712,5,6,8,7,4,4,5,6,5,11,4,3,4,7,3,5,5,4,6
"45_005. OneRepublic - Counting Stars_clean_sample1.wav",147,6,6,8,7,5,17,10,6,6,6,5,6,5,7,4,5,6,6,8,6,5,4,7,7,6,7,6,8,6,6,7,5,6,6,5,6,8,5,7,6,4,6,6,8,7,5,7,5,6,7,5,6,5,7,6,6,8,6,7,5,6,6,5,8,6,7,8,9759,5,5,4,6,4,5,11,4,6,4,7,5,6,10,5,13,8,5,7,6,8,7,9,7,7,6,6,5,6,7,6,8
"13_030. Maroon 5 - Animals_clean_sample2.wav",151,6,6,5,7,6,7,6,5,8,7,6,7,7,6,7,5,5,5,10,5,6,5,7,7,5,6,6,13,6,7,5,6,6,5,8,8,9,6,7,14126,4,7,5,5,6,6,8,7,8,6,4,6,10,4,7,6,11,6,5,5,6,7,7,10,5,6,6,8,7,7,3,5,12,7,7,6,7,5,8,5,4,8,7,7,7,9,7,5,7,6,8,6,4,6,7,5,6,6,6,8
"5_002. Avicii - Wake Me Up (Official Video)_clean_sample1.wav",155,5,12803,4,8,6,10,6,6,4,8,7,6,5,7,5,6,6,7,7,6,6,3,7,7,7,7,6,5,7,8,8,6,6,7,6,5,6,4,8,6,5,7,5,5,6,5,8,5,12,5,5,5,6,6,6,5,7,5,6,6,4,6,7,6,6,7,8,8,5,6,5,4,5,7,7,5,8,7,6,6,5,12,7,10,6,7,17,5,11,7,6,5,5,6,6,7,5,6,6,12
"63_087. Anaconda - Nicki Minaj  The Fitness Marshall  Dance Workout_clean_sample2.wav",151,4,5,5,8,6,7,7,8,5,6,6,5,7,10,5,7,5,5,7,6,7,5,8,6,6,8,7,9,6,6,6,6,4,5,5,6,6,3,5,6,3,7,6,6,6,7,8,4,5,5,4,8,6,5,6,8,6,5,6,6,7,6,5,7,8,5,5,6,6,6,2,5,7,7,6,5,6,10837,5,5,5,7,6,9,6,6,8,5,7,8,7,6,6,7,6,6,5,6,8,9
"85_011. Martin Garrix - Animals (Official Video)_clean_sample1.wav",156,4,4,3,9,4,5,6,5,4,6,6,5,3132,6,4,11,5,6,6,6,5,3,6,5,6,8,5,4,4,6,5,7,5,7,4,5,6,2,7,4,4,5,7,5,6,5,7,4,6,4,6,7,5,7,6,4,8,4,4,6,4,5,4,5,5,5,5,6,4,6,3,6,6,4,6,5,5,7,5,6,5,5,6,6,11,5,5,4,7,6,6,4,6,5,6,5,4,5,6,6
"89_091. Faster Car - Anders Lystell feat. Kaliber [EPIDEMIC SOUND] (Lyrics)_clean_sample2.wav",145,5,6,6,19,6,5,7,10,11,6,7,7,13,7,6,21,5,6,8,4,5,4,7,4,6,7,7,6,7,9,6,7,6,6,6,5,7,3,7,5,6,7,11,7,6,5,7,5,6,7,5,6994,16,6,7,7,7,5,7,7,6,6,6,7,7,5,8,7,5,8,2,5,5,6,5,4,10,9,6,8,5,6,8,6,13,5,7,6,7,9,6,6,6,9,6,6,6,7,15,6
"58_039. OMFG - Hello_clean_sample2.wav",143,5,8,5,11,9,6,6,6,7,6,5,6,7,8,6,6,8,6,8,5,5,3,6,8,6,5,5,5,4,5,6,5,7,8,7,7,6,3,7,6,5,8,5,7,8,6,7,4,7,7,6,7,5,6,6,8,6,7,6,7,7,7,9,7,10,5,7,6,6,7,3,5,6,5,7,4,6,6,5,9,4,7,6,7,6,5,6,4,7,8,6,4,5317,8,8,5,7,6,5,7
"96_089. American Boy by Estelle and Kanye West_clean_sample1.wav",137,15,5,4,7,6,10,7,6,6,7,6,8,6,7,7,9,6,8,5,6,7,4,6,4,9,5,6,6,6,5,6,5,8,6,6,9,6,3,9,10,3,7,6,7,5,7,6,8,6,11,7,8,6,8,6,6,9,5,5,7,5,6,4,6,7,6,5,8,5,7,3,6,7,5,8,5,6,7,5,5,5,11,5,11,6,4,9,7,8,6,12,5,4,5,8,5,5,7972,6,6
"67_090. Josh Groban - You Raise Me Up (Official Music Video) [HD Remaster]_clean_sample1.wav",134,6266,5,3,6,7,8,7,3,5,12,6,5,4,3,6,4,3,5,5,5,3,3,4,6,5,6,5,4,5,4,4,4,4,5,5,4,5,4,7,5,3,5,4,4,5,4,5,4,6,5,6,7,4,5,5,5,4,4,7,6,4,4,4,4,7,5,4,6,5,3,3,4,5,3,3,3,4,5,7,5,3,6,5,5,4,5,4,5,5,5,5,4,6,4,4,4,4,4,4,5
"0_096. Nightcore - Mad World_clean_sample1.wav",145,5,5,4,9,6,6,5,7,5,8,6,8,9,6,5,6,6,9,8,8665,6,5,6,6,6,7,8,6,6,8,7,8,6,5,6,6,9,2,9,6,5,5,5,5,7,6,5,6,6,7,5,6,4,7,6,6,7,4,5,6,5,7,4,5,4,6,7,7,4,6,2,6,6,5,6,4,5,6,5,7,4,8,7,6,8,5,8,5,8,6,8,4,5,5,9,4,4,5,5,6
"105_101. Yann Tiersen - Comptine d`un autre ete - l`apres-midi_clean_sample2.wav",132,2,7,5,3,2,3,11,3,3,4,2,2,6,13,6,3,9,2,6,2,4,4,4,3,4,7,3,4,5,3,4,4,8,6,6,6,4,3,4,4,3,3,3,4,4,3,3,5,5,3,3,2,4,3,2,2,4,4,3,3,2,3,5,8,4,3,4,4,6,9,1102,2,4,6,4,3,6,2,2,3,3,3,7,3,6,5,5,3,4,5,4,4,4,3,3,2,7,3,2,6
"31_058. Rub Some Bacon on It_clean_sample1.wav",148,5,5,4,5,7,8,5,4,5,8,6,5,6,8,9,5,6,5,8,4,5,5,5,6,7,7,5,5,5,5,5,6,5442,6,5,8,8,3,7,7,3,6,6,7,5,6,5,4,5,8,6,5,4,8,7,8,9,6,5,5,8,5,7,9,6,5,5,8,7,7,5,5,7,5,9,5,8,6,5,5,8,10,6,8,6,4,6,5,7,8,12,5,7,5,7,4,9,4,4,7
"90_064. Eurythmics, Annie Lennox, Dave Stewart - Sweet Dreams (Are Made Of This) (Official Video)_clean_sample1.wav",156,6,9,7,12,8,10,8,10,9,9,8,8,14,10,7,10,7,7,13,6,7,6,16,12,7,10,9,13,7,5,12,5,7,9,9,6,8,4,8,11,7,11,8,8,6,6,9,9,7,9,7,12,7,7,7,7,7,5,9,9,7,7,8,7,7,6,9,11,6,7,6,6,12,6,6,5,8,7,10,6,6,16,8,12,11,5,25,8,7383,8,9,7,10,12,11,5,9,8,7,15
"84_001. Anna Kendrick - Cups_clean_sample1.wav",146,5,4,4,17,4,7,7,7865,4,5,6,6,15,5,8,16,5,7,8,5,5,4,12,5,5,7,4,6,7,11,6,7,4,5,5,5,5,3,9,6,4,6,11,5,5,6,8,5,5,6,6,11,6,5,4,5,6,5,5,7,4,5,5,7,7,5,7,8,4,7,3,5,5,5,5,4,6,11,7,5,4,6,6,7,8,6,5,6,8,5,5,6,6,6,6,5,5,5,5,8
"83_004. Katy Perry - Roar_clean_sample2.wav",137,3,3,3,5,4,6,6,4,3,6,4,5,5,4,4,4,4,4,5,5,6,4,5,3,4,4,5,4,4,5,4,4,4,4,4,4,4,2,5,5,4,6,3,4,4,5,4,3,5,3,4,4,3,4,5,1311,5,3,4,4,3,5,4,4,3,4,6,6,5,4,2,4,4,3,4,3,4,4,4,5,3,6,4,6,4,4,5,5,5,5,5,5,4,5,5,3,4,4,4,5
"74_029. David Guetta - Hey Mama (Official Video) ft Nicki Minaj, Bebe Rexha & Afrojack_clean_sample1.wav",143,5,5,4,8,5,5,6,5,4,7,7,4,9,6,5,9,5,7,9,8,6,4,4,5,7,5,4,6,4,6,5,5,6,5,6,7,8,4,7,6,4,5,4,5,6,6,6,5,6,5,4,6,6,5,6,6,5,6,5,6,5,5,5,6,7,5,6,6,5,8,3,5,5,5,6,4,6,7,5,5,5,6,6,6,6,5,6,4,7,4,7,8170,5,5,6,8,6,7,7,5
"87_079. twenty one pilots Heathens (from Suicide Squad The Album) [OFFICIAL VIDEO]_clean_sample2.wav",139,4,5,4,4,8,5,7,6,4,4,4,5,4,7,4,4,5,6,6,3,4,5,4,4,4,6,5,5,5,5,5,3,4,6,6,6,5,3,6,7,3,4,4,5,4,6,4,3,6,4,4,5,5,5,4,5,7,3,4,7,5,5,4,6,4,5,5,7,4,5,5,4,5,6,6469,4,4,5,4,5,6,5,6,8,6,5,5,5,5,4,5,5,4,6,4,4,4,4,6,5
"81_013. Passenger  Let Her Go (Official Video)_clean_sample2.wav",136,3,4,4,7,5,6,5,4,4,6,4,5,6,6,4,6,4,6,7,4,4,4,5,6,4,5,5,8,4,5,4,4,7,6,4,5,5,3,7,6,4,5,4,6,4,4,4,3,5,6,3,4,4,5,5,4,6,4,4,6,5,5370,5,6,3,5,6,5,4,4,2,3,5,5,5,6,10,8,5,7,4,5,5,5,5,4,6,5,6,5,6,4,5,4,5,4,5,5,4,4
"102_018. Shawn Mendes - Stitches (Official Music Video)_clean_sample1.wav",132,3,4,3,3,3,4,3,4,3,5,4394,4,6,4,4,4,4,2,4,3,5,3,5,4,3,5,4,6,3,4,3,2,3,3,4,5,5,2,4,4,3,4,3,3,4,4,3,4,4,5,4,5,4,4,4,3,4,5,3,3,3,4,2,5,5,3,5,6,3,3,2,3,4,4,4,5,3,3,4,3,1,4,5,3,4,5,4,2,5,4,4,5,3,4,5,3,4,3,3,3
"102_018. Shawn Mendes - Stitches (Official Music Video)_clean_sample2.wav",143,4,6,3,4,5,5,3,5,4,6,2818,7,5,4,4,5,3,3,5,6,4,3,4,3,3,4,4,5,4,4,4,4,4,4,5,6,5,2,4,4,2,5,6,4,4,3,4,5,6,4,6,6,5,5,5,4,4,4,4,5,3,6,3,5,5,8,5,6,3,5,1,4,4,3,6,3,5,5,4,3,3,5,5,5,6,4,7,6,5,5,4,4,6,4,4,4,3,3,4,6
"40_052. Lindsey Stirling - Moon Trance (Official Music Video)_clean_sample2.wav",158,7,9,6,7,6,6,7,7,5,7,7,7,7,7,6,7,10,6,12064,4,5,5,4,6,6,6,6,8,8,9,8,7,6,8,7,10,7,7,7,9,5,7,5,5,6,7,6,5,6,6,5,5,6,5,8,7,6,5,5,6,6,5,8,9,6,5,6,6,7,6,6,5,6,6,5,4,6,5,5,5,5,6,6,7,8,5,6,5,6,5,8,6,5,6,5,4,6,6,6,9
"6_043. Wintergatan - Marble Machine (music instrument using 2000 marbles)_clean_sample1.wav",146,6,6,4,7,6,9,6,7,5,7,6,5,7,6794,5,6,6,5,6,5,6,4,7,5,7,6,4,6,7,5,5,5,6,6,6,6,7,4,6,7,7,9,6,7,7,5,6,7,6,5,4,6,6,6,8,6,9,4,5,5,6,5,6,7,6,8,7,8,6,5,4,5,7,7,6,4,5,5,4,7,4,8,6,7,7,5,6,5,8,7,7,4,6,7,7,5,4,8,5,7
"48_027. MAGIC! - Rude (Official Video)_clean_sample1.wav",154,7,9,6,9,7,7,11,6,8,10,11,6,7,8,5,9,5,7,8,6,6,5,8,6,10,16,8,9,6,8,7,4,5,6,6,6,7140,3,8,7,5,7,7,6,6,6,8,6,5,7,5,8,7,7,8,4,9,6,6,7,5,6,5,7,7,7,6,6,5,6,3,5,9,6,6,6,6,5,6,7,5,9,8,10,10,5,8,5,9,12,9,6,7,7,6,5,6,8,7,8
"14_099. Sheppard Geronimo - [International Version] (Official music Video)_clean_sample1.wav",145,4,5,3,6,5,6,8,5,3,6,4,7,4,5,5,6,5,5,5,5,4,4,5,7,6,5235,5,7,4,5,4,4,5,6,5,5,7,3,5,6,4,4,5,5,4,5,6,4,6,5,4,6,4,5,5,7,5,4,5,4,6,6,4,7,5,4,4,6,4,5,3,4,4,4,5,4,5,4,5,4,5,8,5,6,6,4,6,4,6,5,4,4,5,7,4,4,5,7,4,5
"41_The Bidding_clean_sample2.wav",141,4,5,5,7,6,6,6,4,4,6,6,6,6,6,12,6,6,7,5,6,6,4,6,5,5,6,6,4,5,6,5,6,5,5,6,4,5,3,6,5,4,5,6,7,8,10,5,7,5,5,5,8,7,9,5,8,7,7,5,5,9,6,5,5,4,6,5,7,5,5,3,5,6,6,6,3,7,6,6,7,6,6,8,7,6,4,5,4,9,8,6,5,5,11,5,9652,8,7,8,6
"0_096. Nightcore - Mad World_clean_sample2.wav",142,5,4,3,6,5,6,5,4,5,5,6,6,5,5,5,9,5,6,5,6701,7,5,6,3,4,5,4,8,4,5,4,4,5,5,5,4,4,2,5,4,3,6,5,6,6,4,5,5,5,6,4,6,3,5,4,9,5,4,6,6,5,6,4,4,5,4,6,6,4,5,2,5,4,4,5,3,5,4,6,4,4,6,5,5,5,3,4,4,6,6,5,5,4,5,5,5,3,5,6,5
"101_070. Eminence - Knock Me Out (feat. Anna Cyzon) [Monstercat Official Music Video]_clean_sample2.wav",146,4,4,3,16,5,6,4,5,5,4,5,5,8,5,5,15,4,7,6,4,4,3,6,5,4,5,4,6,5,6,5,3564,4,5,5,6,7,2,5,5,3,4,8,5,8,5,5,4,4,6,4,6,5,7,5,5,5,4,5,8,5,6,6,5,5,5,5,5,4,7,2,3,7,4,6,5,4,7,6,4,3,6,5,6,11,4,7,4,6,6,5,6,4,7,5,5,3,6,10,4
"9_034. Pitbull - Timber (Official Video) ft. Ke$ha_clean_sample1.wav",151,6,7,3,15,6,7,7,7,7,7,6,6,11,8,6,12,5,8,7,6,6,4,8,8,6,6,7,8,5,8405,7,9,6,5,5,7,9,4,7,8,5,7,10,6,5,7,8,7,7,7,7,11,9,5,7,5,6,5,5,10,5,6,7,8,6,8,6,8,7,9,4,4,6,7,7,5,6,7,6,6,5,7,5,8,10,5,6,5,9,7,7,7,7,7,6,5,7,7,8,7
"7_092. Harry Potter Medley on Marimba_clean_sample1.wav",133,3,3,1416,4,4,3,5,3,3,4,3,4,3,3,3,4,2,2,7,3,2,3,3,3,2,3,3,5,3,3,3,4,3,2,4,4,3,2,5,4,2,4,3,4,3,4,4,4,5,4,2,3,4,3,3,3,3,5,2,3,5,2,4,5,4,3,3,3,5,4,2,2,3,3,5,2,3,3,3,2,3,3,3,4,6,6,3,3,4,5,3,3,3,3,4,2,3,3,3,5
"43_098. Nightcore~ The Wolf_clean_sample2.wav",149,6,7,6,8,25,9,9,6,9,7,9,9,9,10,6,7,8,7,7,7,6,5,7,6,6,9,7,12,8,7,6,7,9,6,5,8,7,4,18,9,5,7,7,8,6,6,7,6,6,8,5,9,7,13,8,9,11,6,8,7,8,9,8,9,8,6,7,7,8,7,2,6,10,12,7,5,7,6,7,7,7,11,7,6,10,7,7,6,7,14,10,6,6,7,15361,6,8,7,8,8
"104_024. twenty one pilots Stressed Out [OFFICIAL VIDEO]_clean_sample2.wav",144,6,6,3,8,7,7,7,5,5,8,9,7,9,7,7,7,6,19,9,6,6,5,13,7,6,6,6,4,6,6,5,6,8,6,8,7,7,4,6,6,4,7,7,6,7,7,6,10,6,5,5,8,7,6,6,5,7,5,5,6,7,6,5,6,5,16808,5,8,6,6,2,6,6,5,7,4,6,5,6,6,4,8,8,7,13,4,5,5,7,8,8,9,7,5,5,6,5,7,6,9
"97_075. Lindsey Stirling - Prism (Official Video)_clean_sample1.wav",155,10,7,9,7,7,7,14075,5,4,6,6,8,6,6,6,8,8,5,6,6,5,5,8,6,9,9,13,7,6,6,7,7,6,5,7,7,7,8,9,7,4,9,5,8,4,5,6,4,6,6,7,6,5,6,6,5,9,5,9,6,7,5,6,11,5,7,6,7,5,7,2,8,4,7,10,5,8,5,9,6,4,7,9,7,7,6,7,5,9,12,7,5,7,7,5,5,9,6,7,6
"105_101. Yann Tiersen - Comptine d`un autre ete - l`apres-midi_clean_sample1.wav",128,3,10,6,5,4,3,5,4,4,4,3,5,4,9,4,3,5,2,6,1,4,2,5,5,4,7,4,4,4,5,4,4,9,5,5,6,4,4,6,8,3,2,5,3,3,4,2,3,5,4,3,3,4,2,2,4,5,4,3,4,4,4,3,3,5,3,4,5,8,9,1355,2,6,7,4,2,6,4,3,3,4,5,4,4,5,4,4,3,5,5,5,5,3,3,4,3,6,2,2,5
"77_065. Nightcore - Ghostbusters_clean_sample2.wav",144,5,4,4,5,7,7,9,5,5,8,7,7,4,8,4,8,6,13,5,4,5165,4,6,4,4,14,4,10,6,6,5,5,8,4,6,5,8,4,7,6,3,6,7,6,6,5,5,6,6,7,4,6,8,6,5,5,5,5,4,6,6,5,5,6,10,7,6,5,7,5,3,5,10,6,5,5,4,5,5,4,4,7,7,7,7,6,10,7,7,6,5,5,6,6,7,5,5,5,6,6
"44_Sacred Beast_clean_sample1.wav",144,6,10,3,9,8,8,6,6,7,6,7,14,6,11,7,8,6,7,7,6,5,5,9,7,6,8,6,6,8,7,6,7,8,8,6,7,7,5,9,8,8,6,6,5,7,7,7,7,7,6,6,7,6,7,10,5,7,6,6,6,5,6,4,6,6,6,8,7,9,7,7,5,6,8,6,6,11775,8,7,5,4,8,11,8,7,6,8,5,11,9,8,5,7,7,7,5,7,5,6,8
"68_055. Madness - Our House (Official 4K Video)_clean_sample1.wav",160,6,9,4,10,7,21,7,7,7,7,7,7,10,9,7,9,8,6,8,6,7,6,9,7,9,7,6,7,7,8,7,5,9,8,8,6,10,4,11,10,5,9,7,8,8,7,9,5,6,11,6,8,7,9,6,6,7,6,8,6,8,7,7,8,7,8,8,15,6,7,3,8,7,7,7,5,7,7,8,7,10,25202,9,17,8,7,13,9,14,8,9,6,7,8,8,6,7,7,6,13
"29_010. Katy Perry - Part Of Me (Official)_clean_sample2.wav",162,7,10,6,11290,8,12,20,13,9,7,9,11,21,9,8,45,7,9,17,6,6,6,22,8,9,9,7,7,12,16,10,15,7,8,8,7,10,9,9,8,8,10,31,10,9,8,9,7,9,10,6,34,12,10,8,9,7,10,8,9,7,9,7,13,8,7,7,10,7,12,3,8,7,9,7,8,8,15,9,10,8,8,7,12,26,11,14,10,15,10,8,11,11,15,9,8,10,7,9,12
"88_033. Fifth Harmony - Worth It (Official Video) ft. Kid Ink_clean_sample2.wav",154,8,11,5,7,13,7,6,6,14,7454,16,6,7,8,5,7,15,6,6,7,6,5,7,8,8,7,6,7,5,10,7,5,7,6,6,6,10,3,12,7,9,9,7,6,10,8,10,7,16,7,5,7,6,8,10,6,13,7,7,8,7,9,7,6,5,9,6,7,7,5,3,5,11,7,5,8,7,8,8,6,7,7,8,9,7,6,14,6,12,8,9,6,7,6,9,5,5,5,9,10
"35_036. Fall Out Boy - Centuries (Official Video)_clean_sample2.wav",127,5,4,3,5,8,5,4,3,4,4,5,4,4,5,4,6,5,5,4,3,4,4,4,4,5,5,4,4,3,4,4,3,5,4,5127,4,4,3,5,4,3,4,4,4,5,4,4,4,4,5,4,4,4,4,6,5,5,3,3,4,4,5,3,5,4,5,5,4,3,3,2,5,3,4,4,4,4,4,4,4,5,5,6,5,4,4,4,5,5,6,5,3,3,6,6,3,4,4,7,5
"53_102. What_clean_sample2.wav",132,5,4,5,5,4,4,11,3,5,4,5,5,8,6,4,5,5,4,6,4,5,6,4,5,5,7,6,5,5,4,4,4,7,5,5,5,5,4,5,5,5,5,5,10,5,6,6,4,5,7,5,6,5,4,5,7,4,4,5,5,4103,6,5,5,5,5,4,6,5,5,3,7,5,4,6,5,4,4,6,5,4,5,10,5,5,5,5,4,6,7,5,5,5,6,7,6,5,5,6,4
"90_064. Eurythmics, Annie Lennox, Dave Stewart - Sweet Dreams (Are Made Of This) (Official Video)_clean_sample2.wav",144,8,11,5,10,13,14,9,8,6,9,7,9,11,6,6,9,8,8,7,6,10,5,10,13,7,9,8,10,6,7,9,5,6,10,6,7,8,4,10,7,6,11,6,8,11,6,7,7,8,9,6,7,7,8,7,7,7,6,9,10,6,8,6,6,6,7,9,8,7,10,2,6,9,6,7,5,7,7,10,6,7,16,9,13,9,7,25,7,18199,8,10,5,7,6,9,7,6,7,8,16
"93_015. Lukas Graham - 7 Years [Official Music Video]_clean_sample1.wav",135,6,8,4,13,8,9,6,6,19,8,13,6,6,7,8,7,8,6,7,5,4,4,5,12,5,7,7,5,6,6,6,6,9,11,5,10,7,3,7,5,5,9,5,6,10,7,6,5,7,1910,6,6,4,12,7,6,7,9,8,8,6,6,4,5,9,7,5,6,6,5,3,7,7,6,7,4,8,5,6,5,5,7,8,9,9,6,6,6,8,5,9,5,6,8,9,6,5,6,6,7
"38_082. Smoke and Mirrors_clean_sample2.wav",137,7,6,4,6,7,8,7,5,5,14,7,6,5,8,6,6,8,5,5,6,7,5,5,6,5,6,6,7,6,6,6,5,7,6,5,6,10,3,9,6,4,8,4,6,4,6,5,5,7141,9,5,7,5,6,6,7,6,6,5,7,6,6,4,6,10,6,7,8,4,7,3,6,8,5,5,6,6,5,5,4,5,8,6,11,6,6,6,4,8,10,9,5,6,5,7,5,6,5,6,9
"23_048. Pharrell Williams - Happy (Official Music Video)_clean_sample1.wav",156,6,9,13,8,27,11,24,6,7,9,9,11,13,10,6,9,8,7,9,6,7,7,9,5,8,8,7,8,9,7,7,7,15,7,6,10,10,4,43,6,6,7,7,10,8,8,8,7,8,9,8,9,8,33,13,9,12,6,8,7,8,8,6,14,5,7,8,8,8,9,6,6,6,8,6,6,10,7,8,6,5,9,9,10,10,6,9,6,9,16448,14,6,8,10,29,6,10,7,8,8
"28_074. American Authors - Best Day Of My Life_clean_sample2.wav",134,5,7,5,7,6,5,5,4,5,12,5,7,5,6,5,4,7762,5,6,4,5,4,6,5,5,7,8,5,4,6,5,5,5,6,6,5,5,2,9,6,4,7,5,5,6,6,6,6,5,5,4,8,7,6,6,4,6,5,5,7,5,5,5,5,5,5,5,6,4,6,7,4,5,8,8,7,5,4,6,5,4,6,5,5,6,6,6,3,6,8,6,6,6,5,5,5,7,5,5,5
"28_074. American Authors - Best Day Of My Life_clean_sample1.wav",137,6,7,7,9,7,8,10,5,7,13,6,6,5,7,6,6,4741,5,6,4,4,5,6,5,6,7,4,6,6,8,6,5,5,6,8,8,7,3,9,5,4,7,6,6,4,5,7,5,9,6,7,6,5,7,6,6,7,6,6,7,5,8,6,5,6,5,8,6,6,7,8,6,8,6,6,4,8,5,5,4,3,6,7,6,7,6,8,7,6,7,6,8,6,5,6,5,7,7,7,8
"18_044. tony igy-stop in my mind_clean_sample2.wav",126,4,4,4,6,4,6,4,5,5,10,3,4,6,4,6,5,5,6,5,5,4,4,8,5,4,6,4,5,5,3,3126,5,4,5,5,4,6,3,9,4,3,7,4,4,6,5,4,4,4,4,3,6,4,4,5,4,6,4,5,6,5,4,5,4,4,5,6,6,4,4,2,5,5,4,5,3,4,3,4,4,3,7,5,5,8,3,10,6,13,3,9,4,4,3,4,4,4,5,6,6
"44_Sacred Beast_clean_sample2.wav",139,8,7,5,9,6,6,10,8,6,8,8,14,7,9,6,9,6,7,6,5,6,5,8,8,9,7,8,5,6,7,7,9,9,8,5,8,6,5,8,6,5,8,6,6,9,5,6,5,7,5,6,7,5,6,7,6,9,6,6,7,5,6,5,7,7,5,7,7,8,8,7,5,6,6,7,5,5768,5,9,7,4,9,10,8,8,6,7,5,10,10,8,7,8,7,8,4,7,6,6,9
"50_006. Wiz Khalifa - See You Again ft. Charlie Puth [Official Video] Furious 7 Soundtrack_clean_sample2.wav",143,8,5,5,10,17,8,7,6,6,11,6,8,9,6,8,8,6,5,8,4,5,5,7,10,5,8,7,5,8,6,7,4,6,7,5,7,9,6,16,6,4,12,6,6,7,7,8,5,6,9,5,7,6,6788,6,8,8,8,10,7,7,7,4,9,5,6,9,8,4,5,2,6,6,5,6,4,7,6,7,6,6,9,6,8,10,8,7,4,7,38,9,6,8,6,15,5,4,5,6,7
"49_050. Carly Rae Jepsen - I Really Like You_clean_sample1.wav",140,7,11,4,12,6,31,4,6,5,6,6,6,8,8,5,7,5,6,7,6,6,6,7,7,6,7,8,5,6,5,8,5,7,8,7,9,6,2,11,5,5,7,5,5,6,9,8,5,5,8,4,11,6,6,5,5,7,6,6,6,4,7,4,6,5,8,4,15,4,7,4,5,6,6,6,4,6,6,5,5,6,17,6,8710,10,4,15,7,18,7,11,4,5,6,6,5,5,8,5,13
"37_063. Bastille - Pompeii (Official Music Video)_clean_sample1.wav",146,6,9,5,15,8,11,8,11,7,7,9,10,27,8,5,12,7,10,10,5,7,7,11140,9,7,8,7,9,7,8,12,6,6,8,6,6,12,8,9,7,5,13,7,8,8,5,8,8,7,7,6,11,7,7,8,6,11,8,6,12,5,9,9,9,6,6,7,9,6,8,4,5,8,10,8,6,7,7,8,7,5,11,8,8,15,8,13,8,13,9,10,6,7,7,8,7,8,8,8,14
"74_029. David Guetta - Hey Mama (Official Video) ft Nicki Minaj, Bebe Rexha & Afrojack_clean_sample2.wav",138,6,6,4,10,6,6,6,6,5,6,7,6,6,7,7,7,6,7,7,5,9,5,8,6,5,6,6,6,5,7,5,6,5,5,7,8,7,3,6,8,4,6,6,6,6,5,5,5,7,5,6,8,8,6,6,5,6,5,4,7,5,4,5,8,5,5,7,7,5,6,5,4,8,7,6,4,5,8,6,5,8,6,8,8,9,7,6,5,8,8,6,5980,4,7,5,5,7,6,5,6
"4_003. Lorde - Royals (US Version)_clean_sample2.wav",141,3,6,5,6,9,5,5,5,4,4,5,7,12,4,6,11,6,4099,6,6,7,5,8,5,6,8,5,6,5,6,7,5,6,6,4,6,7,2,8,6,4,4,5,5,5,5,4,14,7,4,3,6,3,5,5,6,6,5,5,7,5,5,4,6,8,12,6,5,5,5,2,5,4,4,6,6,5,5,5,7,4,7,6,7,8,4,7,7,7,6,5,9,5,5,5,6,7,4,4,5
"29_010. Katy Perry - Part Of Me (Official)_clean_sample1.wav",145,6,7,9,7780,9,9,8,10,8,7,8,9,16,7,7,27,8,11,14,7,6,5,14,9,8,8,8,7,7,15,10,11,9,12,7,8,8,5,9,8,6,8,20,8,9,7,8,9,9,11,8,28,15,7,10,7,11,9,8,11,6,9,10,9,8,7,7,10,7,8,3,7,8,7,6,7,9,22,8,6,5,13,8,12,31,6,11,10,20,8,7,8,9,9,8,9,7,7,11,25
"42_046. Meghan Trainor - NO_clean_sample2.wav",138,6,5,6,6,7,5,7,5,5,6,6,8,6,6,5,7,4,6,5,5,12,5,7,5,6,8,6,5536,6,6,8,7,7,4,7,6,7,4,9,11,5,6,5,8,7,6,6,7,7,5,6,8,6,6,5,5,13,6,7,7,5,5,6,6,5,5,5,7,6,7,3,6,20,6,7,6,7,6,6,5,4,7,7,6,5,7,12,6,11,6,8,8,6,6,5,4,6,6,8,7
"2_023. Rachel Platten - Fight Song (Official Video)_clean_sample2.wav",137,5,7,3,7,5,5,6,6,6,7,5,7,8,10,7280,7,6,4,7,4,5,4,6,7,6,8,5,7,6,6,6,5,7,5,5,6,8,3,7,7,6,6,5,5,7,8,5,5,7,8,5,7,5,6,5,8,7,6,6,6,5,5,5,7,6,6,5,6,7,9,3,5,6,5,7,5,8,5,7,7,5,6,6,6,8,4,6,6,6,7,7,6,5,5,6,5,7,6,8,9
"49_050. Carly Rae Jepsen - I Really Like You_clean_sample2.wav",143,9,7,4,7,7,14,7,7,5,7,7,7,10,8,6,11,6,6,6,6,6,5,8,8,7,9,7,7,7,8,11,7,7,11,7,7,9,4,8,7,5,8,5,7,7,8,7,5,8,10,5,7,7,7,7,7,9,7,10,9,6,7,6,6,8,8,11,14,6,6,3,5,8,7,6,8,10,7,7,6,8,15,6,6706,9,6,12,6,14,7,8,7,8,8,9,6,7,7,6,12
"36_072. Jessie J - Price Tag ft. B.o.B_clean_sample1.wav",140,7,6,4,9,9,7,6,7,7,8,9,5,8,8,7,6,6,7,7,5,7,4,9,7,5,12,6,5,6,6,6,4,9,6,8,6,8,4,6,5,7,7,7,6,6,7,6,7,8,7,5,12,8,5,7,7,6,6,7,7,6,7,5,6,7,6,6,7,7,8,3,6,5,5,6,8,7,8,6,5,9,10,7,7,6,5,6,8,8,7,6,6,5,13906,7,8,7,6,7,9
"52_007. Katy Perry - Dark Horse ft. Juicy J_clean_sample1.wav",134,5,5,6,11,4,5,7,6,5,12,5,5,7,6,5,8,5,6,7,5,8,4,5,5,5,5,6,5,4,7,6,5,3,7,5,4,5,3,7,5,4,5,6,5,7,4,5,5,6,6,4,11,8,5,5,5,5,6,5,7,8,7,4,6,4,4,5,9,4,4,3,5,4,4,4,3,5,5,5,3,4,8,5,6,7,3,4,5,7,5,9,9,5,4,5,6,5,5,5117,6
"24_047. Girls Talk Boys (from the Ghostbusters Original Motion Picture Soundtrack)_clean_sample2.wav",146,8,9,4,6,8,7,6,5,6,7,8,7,6,8,5,6,7,5,5,5,6,6,7,5,5,8,6,6,6,7,6,5,6,6,5,9,7,3,9,6,5,5,5,6,6,6,6,6,4,7,6,8,5,14,7,5,8,7,6,7,5,6,4,5,6,6,9,8,8,7,4,5,6,7,5,7,6,7,6,5,4,11,11,7,9,5,5,6,7,10,22025,7,5,5,7,4,8,8,8,9
"16_038. P!nk - Just Give Me A Reason ft. Nate Ruess_clean_sample2.wav",147,6,8,4,6,6,7,6,7,5,7,7,6,7,7,6,6,5,4,7,6,7,5,7,6,9,11,6,12,7,7,7,6,8,6,6,11,8,4,10,19,5,9,7,4,6,5,6,5,5,6,5,6,5,6,8,9,18,6,8,6,8,6,5,6,5,8,7,7,5,6,3,7,22734,9,4,8,10,6,5,4,3,8,6,7,7,5,7,5,7,7,6,5,6,5,7,4,6,9,7,8
"50_006. Wiz Khalifa - See You Again ft. Charlie Puth [Official Video] Furious 7 Soundtrack_clean_sample1.wav",142,7,4,5,8,7,5,5,5,4,5,5,7,6,5,5,6,4,6,5,4,5,4,6,4,4,7,6,5,4,6,5,3,5,5,5,4,6,3,6,5,3,6,4,4,5,5,5,5,5,5,4,7,6,6596,5,7,6,5,5,6,4,4,5,4,6,7,6,6,5,4,2,5,4,4,4,5,5,5,7,5,4,5,6,7,5,4,5,4,8,9,5,5,5,7,5,4,6,4,4,8
"79_095. Alan Walker - Alone_clean_sample2.wav",147,8,5,6,9,9,7,5,6,8,6,7,5,5,6,4,9,6,7,7,4,5,4,7,9,6,6,5,8,7,5,5,7,6,7,5,7,7,3,8,6,5,7,5,5,8,8,6,5,6,6,7,6,6,10,8,7,10,5359,6,7,5,6,4,7,6,6,5,5,5,5,3,5,8,4,5,7,6,5,7,4,7,6,7,7,5,5,5,4,6,6,7,5,7,6,6,4,6,5,4,7
"8_081. The Beach Boys - I Get Around_clean_sample2.wav",130,4,4,4,5,5,7,5,4,3,6,5,5,3,4,5,6,4,5,4,3,5,3,5,4,4,7,4,5,5,4,6,4,6,4,4,4,5,3,6,5,7115,5,4,3,4,4,8,3,5,5,4,4,4,7,5,6,6,4,6,4,4,5,3,4,5,4,4,5,3,4,2,4,6,4,5,3,4,5,4,4,3,5,4,5,6,4,6,4,5,6,6,4,4,5,4,3,5,4,5,6
"64_097. Nightcore - Running With the Wolves [Lyrics]_clean_sample2.wav",118,3,2,2,3,2,3,5,2,3,3,3,3,3,4,3,3,3,5,3,2,3,1,4,3,3,4,3,3,4,3,3,3,2,3,2,3,6,1,2,3,2,4,3,2,4,3,3,2,3,3,2,4,3,3,4,2,4,2,2,2,3,3,3,3,3,3,4,5,2,2,1,3,3,4,3,505,3,3,2,3,4,3,4,4,3,2,3,4,3,4,3,2,3,3,4,4,2,3,4,3
"27_022. Major Lazer & DJ Snake - Lean On (feat. MØ) [Official Music Video]_clean_sample1.wav",136,6,5,3,6,5,6,4,4,3292,7,6,5,4,8,4,6,4,7,6,5,6,4,7,5,6,5,6,5,5,4,5,4,5,4,6,4,5,3,6,5,5,4,5,4,8,4,5,4,5,5,4,7,7,6,5,5,5,6,6,5,6,4,6,7,5,4,6,6,5,6,2,4,7,5,5,8,7,5,5,6,4,6,5,6,5,4,7,5,7,8,5,4,4,5,4,4,6,7,5,4
"82_A Lady_clean_sample2.wav",122,4,3,3,6,3,3,4,3,4,4,4,5,7,3,3,4,3,6,4,3,4,6,4,3,3,5,4,4,3,6,4,5,3,4,3,4,4,2576,3,4,2,3,3,5,4,3,4,4,4,5,2,4,5,4,3,4,3,3,4,3,3,3,4,3,4,4,3,4,5,4,3,3,3,5,6,3,3,3,4,3,3,5,4,5,3,3,6,3,3,3,4,3,3,4,4,4,3,4,4,5
"3_100. Owl City & Carly Rae Jepsen - Good Time (Official Video)_clean_sample1.wav",143,6,6,4,7,9,10,5,5,5,8,7,6,5,7,4,6,4,4,5,6,5,4,5,8,5,4,5,5,7,5,6,4,5,7,4,5,7,2,6,5,3,4444,4,6,11,7,5,4,6,5,4,7,4,5,5,6,9,10,6,9,4,6,3,5,5,5,5,5,4,4,2,4,7,5,5,3,6,7,8,5,3,5,5,5,7,3,7,4,6,7,6,4,6,4,5,3,5,6,5,6
"32_086. Olly Murs - Grow Up (Official Video)_clean_sample2.wav",140,6,7,5,8,7,8,6,5,5,8,8,6,8,7,6,8,6,7,7,5,7,5,6,6,7,6,6,7,7,8,6,5,5,6,10,6,6,3,7,6,5,8,6,6,10,6,7,6,6,8,5,9,6,11,7,6,8,7,7,8,6,8,7,6,9,5,6,7,5,7,2,4,6,7,7,5,7,7,6327,7,5,7,8,7,6,5,11,6,10,8,7,5,5,6,7,5,6,5,6,11
"91_Greener_clean_sample1.wav",135,5,6,3,6,5,5,6,6,5,5,6,6,8,4,4,7,6,6,6,4,5,4,6,5,4,5,4,6,4,6,6,9,4,6,5,10,6,3,5,5,4,5,5,6,5,5,7,6,5,6,4,6,4,5,8,5,6,5,5,6,5,7,4,9247,6,5,6,7,10,6,3,4,4,4,4,4,4,7,6,6,5,6,6,6,6,5,4,5,8,9,6,4,4,5,7,4,4,4,5,6
"48_027. MAGIC! - Rude (Official Video)_clean_sample2.wav",140,6,7,5,7,8,7,8,5,6,9,9,6,7,8,6,8,6,8,5,5,8,7,7,7,7,12,7,7,7,7,6,6,6,5,5,7,16315,3,7,7,4,5,7,8,7,6,6,5,8,6,6,7,5,7,8,7,14,5,6,8,5,6,5,6,6,6,7,7,6,6,5,6,11,8,7,5,6,9,9,7,5,6,7,8,7,8,9,5,9,10,7,4,6,7,5,5,6,6,8,6
"47_020. Warriors (ft. Imagine Dragons)  Worlds 2014 - League of Legends_clean_sample1.wav",135,5,5,4,6,6,4,5,4,6,6,5,11,7,6,5,6,5,4,7,4,5,4,6,6,6,7,6,5,6,5,5,5,5,5,5,11,8,3,8,6,5,8,6,6,5,5,5,4,5,5,3,6,7,5,5,5,6,6,4,5,6,6,5,7,5,6,11,5,5100,9,5,4,6,6,7,6,9,5,5,3,3,5,9,6,5,4,7,4,6,7,9,6,6,5,7,5,8,5,4,6
"60_057. Get Off The Phone Song_clean_sample2.wav",123,3,3,3,5,5,3,3,4,4,4,4,6,3,4,5,4,4,3,3,3,5,2,3,4,3,4,3,3,3,4,3,5,4,2,3,4,4,1,4,4,2,3,1058,4,3,3,3,3,3,4,4,6,3,3,4,5,3,3,3,3,4,3,4,4,3,4,3,4,2,2,1,2,6,3,5,3,3,3,5,3,2,3,3,4,3,4,3,3,5,5,4,2,3,3,4,3,4,3,3,5
"41_The Bidding_clean_sample1.wav",130,4,5,6,7,5,7,7,8,5,6,6,5,6,6,8,6,6,9,5,5,7,4,6,6,5,7,7,5,7,6,4,4,5,5,7,6,5,3,6,8,5,6,6,5,6,8,5,5,7,5,4,8,6,4,6,7,5,4,6,5,5,5,4,8,5,4,5,6,4,4,2,4,4,6,8,5,5,5,6,6,4,6,5,10,6,5,5,4,8,7,5,5,5,7,6,6925,6,5,6,8
"35_036. Fall Out Boy - Centuries (Official Video)_clean_sample1.wav",125,5,4,2,6,5,4,4,3,6,5,3,5,3,3,3,5,4,4,5,4,6,4,5,4,4,6,5,5,6,4,4,3,4,3,3395,4,6,3,7,5,4,3,4,4,4,3,5,4,4,3,5,6,5,4,3,4,5,5,4,4,4,5,3,5,4,4,4,3,4,5,1,4,5,3,3,2,4,4,4,4,3,5,7,6,5,4,5,4,4,5,4,4,4,4,5,3,3,4,5,3
"95_053. Avicii - Hey Brother_clean_sample2.wav",138,6,7,4,8,10,9,7,4,5,8,6,7,8,8,6,10,7,4,6,4,6,4,7,6755,6,8,8,8,5,6,5,5,6,910,5,7,5,4,7,5,4,8,5,7,8,9,9,5,5,6,4,6,6,7,5,7,6,8,8,7,7,6,6,7,6,6,5,6,4,5,3,5,6,7,5,4,9,6,8,4,4,8,6,7,7,5,13,5,14,8,6,6,7,6,7,4,5,5,6,11
"84_001. Anna Kendrick - Cups_clean_sample2.wav",131,4,4,4,8,6,5,5,5440,5,5,6,6,5,5,4,9,4,4,5,4,5,3,6,5,5,5,6,4,4,7,5,5,5,4,4,5,6,2,7,5,4,6,5,5,5,5,5,4,6,4,4,8,4,8,4,6,4,4,3,5,5,5,5,5,4,4,6,5,4,5,2,4,4,5,5,4,4,7,5,5,4,7,5,7,5,6,4,6,6,6,5,4,5,4,6,5,4,5,6,5
"73_Turn the Lights Off_clean_sample1.wav",139,6,6,4,8,6,6,11,5,6,7,8,6,5,9,5,6,6,6,8,5,5,6,7,5,5,10,7,7,10090,5,9,5,6,5,8,6,6,5,7,7,4,6,4,8,5,5,6,6,7,7,6,8,8,6,6,7,8,6,5,6,6,7,8,5,5,6,5,7,6,8,2,4,8,6,7,4,6,6,7,5,4,9,9,7,8,6,7,5,6,8,7,5,5,8,7,5,5,6,4,6
"57_Numb_clean_sample2.wav",135,6,7,4,7,6,8,13,6,6,6,7,6,5,7,6,7,6,6,6,5,5,4,7,5,7,6,8,5,6,6,9,12,7,6,6,5,6,5,6,5,5,5,5,7,5,5,6,5,6,5,6,10,7,6,7,6,7,4,5,5,7,5,8,6,5,6,7,7,4,9,4,7,7,7,6,5,6,7,6,4,4,7,6,9,6,10309,7,5,8,6,7,5,5,6,7,6,4,5,6,6
"71_083. My Singing Monsters - Plant Island Theme_clean_sample1.wav",132,5,5,4,9,6,8,14,5,7,7,6,5,7,7,6,5,6,6,6,3,4,9152,5,7,5,6,5,6,5,4,6,6,5,6,6,5,6,4,6,7,4,7,5,4,6,6,5,6,5,6,4,6,6,6,8,6,5,5,5,6,8,5,7,8,7,5,6,5,6,6,3,4,6,4,6,5,7,5,6,6,4,7,8,8,6,7,8,4,8,5,5,5,5,6,8,3,6,7,5,5
"1_028. Capital Cities - Safe And Sound_clean_sample1.wav",139,6,7,4,8,7,6,7,6,5,6,6,8,6,6,8,6,5,5,6,3,6,5,9,7,6,8,5,6,6,5,6,5,8,5,6,14420,7,3,6,8,5,7,5,4,8,6,4,7,5,7,6,7,4,5,6,6,8,5,7,7,6,5,4,6,9,6,9,7,8,7,5,5,5,6,5,5,9,6,6,5,8,7,7,6,8,5,7,6,6,7,8,5,5,7,5,3,7,16,5,8
"80_077. Emeli Sandé - Hurts_clean_sample2.wav",136,7,5,4,6,6,6,10,7,6,8,6,5,4,6,8,7,6,5,6,5,8,5,6,5,5,5,6,7,7,6,8,7,4,5,8,6,6,6,11,5,3,5,6,4790,5,6,8,6,5,8,5,7,6,7,6,5,8,5,5,6,7,6,11,6,5,5,6,6,4,7,4,5,6,4,6,4,5,4,6,5,4,5,7,8,5,7,6,5,7,7,6,5,5,5,8,4,4,7,6,8
"86_019. Naughty Boy - La la la ft. Sam Smith (Official Video)_clean_sample2.wav",134,4,7,4,9,6,4,6,7,4,6,4,8,4,6,4,6,7,5,4,5,7,4,10,7,5,5,4,5,5,6,7,4,5,8,5,5,6,3,5,6,3,5,4,6,10,5,7,4,5,4,5,5,5,5,5,5,6,6,4,5,5,6,5,4,5,5,5,5,5,4,2,4,6,6,5,5,5,4,4,4,4,9,6,4,5,6,8986,5,8,6,5,7,4,4,6,3,5,5,4,11
"36_072. Jessie J - Price Tag ft. B.o.B_clean_sample2.wav",139,6,6,4,8,7,8,7,7,7,5,7,6,10,8,11,11,8,6,9,5,6,5,7,7,12,7,6,7,9,7,7,7,6,6,14,7,10,4,8,6,5,8,7,8,8,8,6,7,6,8,5,11,7,6,7,9,8,7,8,7,5,5,5,6,7,6,8,9,5,7,3,5,7,5,9,5,6,7,7,5,5,10,7,12,9,5,7,6,9,6,6,6,5,8285,5,10,9,7,6,8
"26_017. David Guetta - Titanium ft. Sia (Official Video)_clean_sample2.wav",139,6,6,4,10,11,7,6,5,7,6,7,5,7,7,5,7,7,6,5,5,6,5,6,9,6,6,5,6,6,6,6,5,7,9,5,6,8,3,7,6,6,10,5,8,14,7,7,7,9,7,6,7,5,9,6,6,9,9,9965,10,5,4,4,7,6,5,5,8,4,6,5,5,5,5,7,6,7,5,7,5,7,9,6,8,9,5,7,4,8,6,5,6,10,7,7,5,6,5,5,7
"1_028. Capital Cities - Safe And Sound_clean_sample2.wav",141,6,13,6,7,8,7,7,7,5,6,4,12,7,8,9,7,6,5,8,5,6,7,5,7,6,8,7,7,7,5,5,10,9,10,7,8595,12,5,8,7,6,5,5,6,8,7,4,7,8,6,9,7,6,6,9,7,7,7,5,5,8,5,6,8,10,5,6,8,7,8,3,5,9,5,7,4,11,7,8,6,16,7,15,6,6,5,7,5,9,7,6,7,6,6,5,3,11,7,6,12
"19_054. Owl City - When Can I See You Again (From Wreck it Ralph)_clean_sample1.wav",143,6,9,5,10,7,10,8,6,5,6,7,7,22,8,6,9,5,5,10,5,7,5,8,9,9,8,6,7,7,8,8,9,7,6,5,8,8,5,8,8,4,7,8,7,6,5,8,7,7,5,6,10,6,6,6,8,9,6,6,12,6,6,8,8,6,7,7,7,7,6320,6,6,6,8,6,4,8,7,6,5,7,8,6,10,13,6,10,5,11,8,10,6,5,6,6,9,10,7,6,14
"24_047. Girls Talk Boys (from the Ghostbusters Original Motion Picture Soundtrack)_clean_sample1.wav",139,8,9,3,6,7,6,8,5,7,7,6,6,5,8,6,6,4,6,6,4,6,6,6,5,5,7,7,6,7,5,5,5,8,7,7,7,6,3,9,7,6,7,7,6,8,5,6,5,5,7,10,8,5,10,5,7,9,5,5,7,5,5,5,5,6,7,6,7,7,8,3,5,7,5,8,5,7,6,5,5,6,10,7,8,9,5,7,6,10,7,18230,5,7,6,7,6,6,6,5,9
"38_082. Smoke and Mirrors_clean_sample1.wav",137,5,7,5,8,8,7,7,5,7,21,7,8,6,8,6,6,9,7,7,5,7,6,7,8,4,7,6,5,7,6,8,7,8,8,6,6,6,4,6,9,4,9,5,5,7,6,6,6,7271,6,5,6,5,6,10,6,11,6,6,7,9,6,5,7,8,7,6,7,6,9,3,5,8,6,6,6,7,6,6,10,4,9,6,8,7,6,9,5,10,7,7,5,9,7,6,5,6,7,5,8
"98_021. Alan Walker - Faded_clean_sample2.wav",136,5,4,4,6,4,5,7,5,5,6,6,5,6,5,6,7,4,4,7,4,5,3,5,5,5,7,5,8,6,7,6,4,5,4,5,4,7,4,8,6,3,6,6,5,6,6,5,5,5,6,9012,7,6,5,4,10,6,5,4,6,4,3,5,5,5,6,8,6,5,6,3,6,9,4,11,6,5,4,6,5,2,8,5,6,8,5,6,7,7,5,6,5,5,6,8,4,5,4,5,5
"52_007. Katy Perry - Dark Horse ft. Juicy J_clean_sample2.wav",137,6,5,5,12,6,10,5,6,7,8,7,6,8,6,5,8,7,6,8,6,7,5,10,6,7,7,6,6,6,5,5,7,6,5,5,6,9,3,8,6,5,5,8,6,5,12,8,5,5,6,5,21,7,6,6,7,6,5,7,7,6,8,5,5,5,6,8,7,5,6,2,5,6,5,6,5,8,7,5,5,4,6,5,8,13,5,8,5,7,7,8,5,7,8,6,4,6,5,9139,9
"75_078. Kungs vs Cookin on 3 Burners - This Girl (Official Music Video)_clean_sample2.wav",147,11,16,5,7,10,22026,8,6,8,7,7,8,7,6,7,8,6,4,10,5,5,6,8,9,8,7,7,8,7,6,7,7,9,8,6,7,8,3,11,9,5,7,6,8,8,7,13,7,8,10,6,10,7,8,8,8,5,8,8,9,5,10,8,7,10,7,9,26,4,7,4,7,6,5,6,6,7,6,6,7,10,23,9,29,12,8,14,7,14,8,13,6,7,7,9,6,8,10,7,18
"34_The Trap_clean_sample1.wav",131,6,4,5,6,6,6,4,5,4,4,5,4,5,5,4,4,6,4,5,3,5,4,5,5,5,5,7,4,5,5,4,5,3,6,7,6,6,4,5,4,3,7,4,5,9,10548,6,6,6,5,6,6,4,4,5,6,6,5,4,5,4,4,5,5,5,6,5,6,5,7,3,5,6,4,5,3,6,5,4,3,4,6,5,6,5,4,4,4,8,5,5,4,4,5,7,4,5,7,5,6
"10_012. Calvin Harris - I Need Your Love (Official Video) ft. Ellie Goulding_clean_sample2.wav",145,7,6,7,7,9,9,10,6,6,8,5,8,7,8,6,10,5,6,8,4,5,6,7,10,5,7,4,6,6,5,7,8,5,10,6,7,6,3,7,6,4,12,6,7,18047,8,10,5,6,6,7,7,5,6,6,6,7,8,7,10,5,5,6,5,5,7,6,8,8,6,2,9,5,5,9,5,8,5,10,6,5,8,6,7,10,6,15,4,12,7,6,5,7,5,5,5,7,5,6,10
"59_014. Avicii - Hey Brother (Lyric)_clean_sample1.wav",141,4,6,4,7,7,8,5,6,7,7,7,5,6,7,7,7,5,7,6,4,5,4,7,423,6,6,5,7,5,7,6,4,5,8168,5,6,7,7,6,6,5,7,5,6,12,5,8,4,6,8,8,6,5,9,5,7,6,6,6,7,7,7,6,5,8,5,5,6,5,7,4,4,7,6,5,4,9,5,9,6,6,7,6,8,8,4,10,5,9,7,6,5,8,6,7,4,5,5,6,8
"40_052. Lindsey Stirling - Moon Trance (Official Music Video)_clean_sample1.wav",137,4,6,7,8,7,6,6,5,6,7,4,6,9,9,5,11,5,5,6556,6,4,5,6,6,4,6,5,6,6,6,7,5,11,5,6,7,6,4,7,8,5,5,4,7,5,6,7,5,7,5,4,7,8,5,5,6,10,5,7,7,7,6,6,5,6,6,11,7,6,9,8,5,5,9,7,5,5,6,5,5,6,7,7,5,7,7,6,7,6,7,5,6,5,6,6,5,11,4,6,6
"10_012. Calvin Harris - I Need Your Love (Official Video) ft. Ellie Goulding_clean_sample1.wav",150,9,6,7,7,9,8,11,6,5,8,6,6,8,8,6,9,5,6,8,5,6,6,7,13,5,8,5,6,6,6,7,7,6,14,6,10,6,4,7,5,4,17,6,5,19874,9,9,5,5,8,9,7,7,8,7,8,7,7,8,10,4,5,6,7,6,7,7,9,6,5,2,8,5,6,8,5,8,6,9,6,5,7,7,6,9,5,16,5,11,6,6,5,7,5,6,4,7,6,6,9
"17_084. Thomas Rhett - Crash and Burn_clean_sample1.wav",128,4,4,3,4,4,6,6,4,4,4,6,6,4,5,4,3490,4,3,5,4,4,4,3,4,4,5,3,3,5,4,5,4,3,5,3,4,5,2,6,3,2,4,4,5,4,5,5,3,4,4,5,6,7,4,4,4,5,4,6,6,4,4,3,5,3,4,6,5,4,4,1,4,5,3,3,4,4,5,4,4,3,4,4,4,5,4,6,3,5,5,4,3,4,5,4,4,3,3,5,4
"51_088. Steven Universe - We Are The Crystal Gems_clean_sample1.wav",134,4,6,4,6,10,6,8,5,5,5,6,6,5,6,5,7,5,4,6,4,5,6,6,6,5,7,5,6,5,5,7,4,5,6,5,6,8,5,7,5,4,9,6,7,5,6,6,5,5,5,4,7,4,6,5,6,10,6,5,7,5,6,5,5,5,5,6,8,5,7,3,4914,7,5,6,6,5,5,5,5,4,6,5,8,7,3,6,4,7,7,8,5,6,5,8,5,4,5,9,7
"15_060. My OCD (Song)_clean_sample2.wav",138,10,5,4,9,6,7,6,8,5,7,8,650,6,10,6,8,4,7,8,6,6,3,6,6,7,9,6,6,5,5,5,4,5,6,6,7,10,4,9,6,5,6,5,6,6,6,5,6,5,7,6,10,8,5,7,6,7,4,5,5,6,6,5,6,6,7,7,6,5,5,3,5,8,6,6,6,6,6,5,4,5,7,7,7,7,6,7,5,9,11,6,5,5,7,6,4,5,6,6,9
"25_035. Alan Walker - Sing Me To Sleep_clean_sample2.wav",148,6,12,4,7,6,8,8,5,5,7,6,7,6,10,8,7,5,6,8,6,6,6,8,6,7,9,7,8,5,6,6,8,9,7,8,11,7,3,8,7,7,6,7,5,7,9,5,6,6,6,4,7,8,6,5,6,7,7,5,6,7,5,6,6,7,5,6,6,6,11,5,5,7,8,8,5,6,6,6,5,4,11,9,7,7,5,7,4,8,6,7,6,7,6,6,6,18338,8,6,7
"25_035. Alan Walker - Sing Me To Sleep_clean_sample1.wav",141,5,5,4,8,6,6,10,7,6,7,6,7,5,7,7,6,5,6,8,4,7,4,6,5,6,7,7,6,5,8,6,8,7,8,6,6,8,4,6,8,4,5,5,5,6,6,5,8,7,5,15,7,5,5,6,6,6,5,7,6,7,5,5,6,6,5,9,7,5,6,5,8,6,7,7,4,10,6,5,7,5,6,8,7,6,5,5,5,11,5,6,6,6,11,6,5,6464,6,6,7
"8_081. The Beach Boys - I Get Around_clean_sample1.wav",134,5,4,6,5,5,5,7,5,4,7,5,5,4,6,4,6,4,4,5,5,4,3,5,5,5,5,4,5,4,5,7,4,6,5,5,4,6,2,5,5,8030,5,6,4,5,3,4,4,4,4,4,4,4,3,5,6,5,5,4,4,4,4,4,5,4,4,6,5,5,6,2,4,4,4,5,4,5,5,4,4,4,5,4,5,5,4,4,5,5,5,6,4,4,4,4,4,5,5,3,7
"20_Never Meant to Know_clean_sample1.wav",137,5,5,6,8,6,6,6,5,7,6,7,6,7,6,4,8,6,5,6,4,8,4,8,9,6,6,6,6,6,6,8,6,6,5,6,6,6,3,6,6,4,5,6,5,4,5,7,8,5,4,5,8,4773,3,5,6,6,5,4,7,9,6,7,8,7,5,4,7,6,9,7,3,8,7,7,5,5,8,5,4,5,6,7,7,7,5,7,4,6,5,6,5,5,6,7,3,5,7,5,8
"75_078. Kungs vs Cookin on 3 Burners - This Girl (Official Music Video)_clean_sample1.wav",149,9,10,4,8,6,7916,7,5,6,8,7,7,7,7,8,8,6,4,7,5,5,5,8,8,7,6,6,8,6,7,5,5,10,8,9,7,7,4,7,7,4,11,7,8,10,6,11,5,7,9,5,7,6,10,8,7,6,6,6,10,6,7,6,6,8,6,6,14,5,6,3,6,7,4,6,5,10,7,8,5,5,19,9,17,8,7,11,6,11,6,11,4,8,6,8,5,6,12,7,15
"21_085. Janji ft. Johnning - Heroes Tonight 1 HOUR_clean_sample2.wav",139,4,7,4,6,4,5,5,6,7,7,5,5,5,6,4,8,5,9,7,4,5,5,6,5,5,5,5,6,5,6,6,5,6,6,4,3,6,3,5,7,4,4,8,4,5,4,5,4,6,6,4,6,5,5,4,4,6,5,7,5,4,6,3,5,5,7,8,5,3,6,3,4,4,4,7,4,5,5,5,4,4,6,5,4,6,4,6,4,6,6,5,4,5,5,5,4,4,7,5,7
"101_070. Eminence - Knock Me Out (feat. Anna Cyzon) [Monstercat Official Music Video]_clean_sample1.wav",135,5,4,4,5,6,5,6,6,5,6,7,6,6,6,4,7,5,7,5,4,5,4,5,4,4,5,4,6,5,5,7,9650,4,4,5,5,6,3,6,5,3,4,6,6,5,5,6,6,4,5,4,7,7,5,5,4,5,4,5,5,6,4,7,6,4,4,10,5,4,8,2,4,5,3,5,5,5,5,5,4,3,5,6,5,6,4,6,6,5,6,5,5,4,4,9,4,5,5,5,5
"55_009. Taylor Swift - Shake It Off_clean_sample2.wav",159,7,8,7,9,27,7,11,7,10,11,8,12,14,8,6,7,8,6,10,7,8,8,9,6,6,8,8,7,8,7,7,6,8,7,10,8,8,4,26132,10,5,8,7,8,9,7,8,6,7,9,5,8,8,18,8,8,10,7,6,7,9,9,6,8,7,7,6,8,6,7,3,6,6,6,6,7,7,5,8,7,8,8,12,7,9,6,9,7,8,25,15,8,8,7,28,5,8,6,7,8
"64_097. Nightcore - Running With the Wolves [Lyrics]_clean_sample1.wav",141,4,4,4,6,6,6,4,4,4,5,5,5,5,5,5,4,6,4,4,6,5,6,5,6,4,7,5,6,6,4,4,4,3,5,5,5,5,5,5,6,4,4,5,4,5,5,3,5,5,4,6,6,4,4,5,5,6,5,3,4,3,5,4,4,5,6,6,6,4,4,2,4,5,4,6,11683,4,5,5,4,4,5,4,5,7,5,6,4,4,6,6,4,5,4,5,4,5,7,6,5
"55_009. Taylor Swift - Shake It Off_clean_sample1.wav",136,4,10,4,8,12,7,6,5,5,6,10,9,6,6,7,5,5,8,8,5,6,5,5,5,7,8,7,5,6,5,6,4,6,8,6,6,7,3,4704,5,5,6,4,6,5,5,6,5,7,9,5,8,5,11,7,4,8,5,4,6,6,8,5,7,5,5,5,10,6,9,5,6,6,9,6,4,6,6,6,4,6,7,9,6,7,6,7,7,7,12,6,5,4,6,12,6,6,4,4,7
"20_Never Meant to Know_clean_sample2.wav",135,6,4,4,7,8,7,9,6,4,7,5,6,5,5,6,7,5,5,7,5,5,7,5,6,5,6,6,7,7,5,7,7,5,5,5,4,6,3,6,4,4,6,7,6,5,5,5,6,5,5,7,14,7358,5,5,5,5,4,6,7,5,5,5,6,5,7,4,7,6,7,3,5,5,5,5,6,6,6,8,6,4,7,7,6,8,5,7,6,6,5,7,4,5,7,6,6,8,5,12,5
"68_055. Madness - Our House (Official 4K Video)_clean_sample2.wav",147,7,8,4,9,9,11,8,5,6,7,7,8,8,9,6,6,6,9,9,5,5,5,6,6,7,8,6,7,6,6,6,6,7,8,9,6,8,3,8,7,5,8,9,8,8,7,8,6,7,10,6,7,6,7,7,6,6,5,7,6,7,5,5,7,8,6,9,12,5,6,2,7,8,5,6,6,6,7,5,5,6,18544,9,9,8,7,9,11,13,7,12,7,6,6,8,4,7,7,7,13
