"16_038. P!nk - Just Give Me A Reason ft. Nate Ruess_noise_-12.5dB_sample1.wav",235,0,0,0,0,0,0,0,0,0,0,0,0,0,32,0,0,1,0,0,0,0,0,0,0,1,0,0,0,0,0,0,0,0,0,0,0,0,0,1,0,0,0,0,0,0,0,0,0,7,0,0,0,0,0,0,0,0,0,0,0,0,0,0,0,0,0,1,0,0,0,0,0,66,0,0,0,0,0,0,0,0,3,0,0,0,3,0,1,0,0,0,0,0,0,0,4,0,0,0,0
"10_012. Calvin Harris - I Need Your Love (Official Video) ft. Ellie Goulding_noise_-12.5dB_sample1.wav",159,0,0,0,0,0,0,0,0,0,0,0,0,0,33,0,0,2,0,0,0,0,0,0,0,0,0,0,0,0,0,0,0,0,0,0,0,0,0,1,0,0,0,0,0,38,0,13,0,0,3,0,0,2,0,0,0,0,1,0,0,0,0,0,0,0,0,0,1,0,0,0,0,3,0,0,0,0,0,0,0,0,0,0,3,16,0,0,0,0,0,0,0,0,1,0,0,0,0,0,0
"59_014. Avicii - Hey Brother (Lyric)_noise_-12.5dB_sample1.wav",149,0,0,0,0,0,0,0,0,1,0,0,0,0,33,1,0,2,0,0,0,0,0,0,35,1,0,0,0,0,0,0,0,1,56,0,0,0,0,0,0,0,0,0,0,5,0,0,0,0,0,0,0,0,0,0,2,0,0,1,1,0,0,0,0,0,0,0,1,0,0,0,0,0,0,0,0,0,0,0,0,0,0,0,0,4,0,0,0,0,0,3,0,1,1,0,2,0,0,0,0
"50_006. Wiz Khalifa - See You Again ft. Charlie Puth [Official Video] Furious 7 Soundtrack_noise_-12.5dB_sample2.wav",164,0,0,0,0,0,0,0,0,0,0,0,0,1,33,0,0,2,0,0,0,0,0,0,0,1,0,0,0,0,0,0,0,0,0,0,0,0,0,0,0,0,0,0,0,0,0,0,0,0,0,0,0,0,11,0,0,0,1,0,0,0,0,0,0,1,0,2,0,0,0,0,0,0,0,0,0,0,0,0,0,0,0,0,0,0,0,0,0,0,0,0,0,0,2,0,2,0,0,2,0
"24_047. Girls Talk Boys (from the Ghostbusters Original Motion Picture Soundtrack)_noise_-12.5dB_sample1.wav",156,0,3,33,0,9,0,2,0,0,0,0,0,3,25,0,0,2,0,0,0,0,0,0,0,5,0,5,0,0,0,1,0,33,0,6,1,0,0,0,0,0,0,0,3,1,2,0,0,0,0,0,0,0,0,0,0,1,0,0,0,0,0,0,0,17,0,0,0,0,0,5,0,0,9,4,0,0,0,0,0,0,0,0,0,0,17,0,0,0,0,21,0,0,0,0,2,0,0,0,0
"74_029. David Guetta - Hey Mama (Official Video) ft Nicki Minaj, Bebe Rexha & Afrojack_noise_-12.5dB_sample2.wav",146,0,0,25,0,0,0,9,0,0,0,0,0,0,30,2,0,2,0,0,0,0,0,0,0,1,13,0,0,0,17,0,13,0,0,9,2,0,2,0,0,0,0,0,2,0,0,0,0,9,0,0,0,0,0,0,0,0,0,0,0,0,1,0,3,0,2,0,3,0,0,32,0,2,0,7,0,5,0,0,0,0,0,6,0,0,0,1,0,0,0,5,15,0,2,0,1,8,0,1,12
"80_077. Emeli Sandé - Hurts_noise_-12.5dB_sample2.wav",150,3,0,327,0,84,0,3,0,0,0,0,0,0,33,0,0,0,0,0,0,0,0,0,0,7,0,79,1,1,0,0,2,341,0,0,1,0,0,0,0,0,0,0,109,0,2,0,0,0,0,5,0,29,0,0,0,4,0,0,0,0,0,0,0,122,0,0,0,0,0,7,0,5,35,0,0,3,0,0,0,0,0,0,0,0,121,0,0,0,0,2,0,0,0,0,2,0,1,0,0
"82_A Lady_noise_-12.5dB_sample1.wav",153,0,0,61,0,4,0,3,0,0,2,0,39,59,32,0,0,2,0,0,0,0,0,0,0,3,0,10,21,0,0,6,0,55,0,1,0,0,321,259,0,0,2,0,7,3,0,19,0,0,4,0,0,0,0,0,3,1,0,0,0,0,0,0,0,20,0,2,0,0,18,0,0,1,3,0,0,0,0,0,0,0,9,0,0,0,87,0,0,0,0,0,4,0,2,1,0,5,0,0,3
"57_Numb_noise_-12.5dB_sample2.wav",154,0,0,0,0,0,0,0,0,0,0,0,0,0,33,0,0,4,0,0,0,0,0,0,0,1,0,0,0,3,0,7,0,0,0,1,0,0,0,0,0,0,0,0,0,0,0,0,0,0,0,0,0,0,0,0,0,0,0,0,0,0,0,0,0,0,0,0,0,0,0,0,0,1,0,0,0,0,0,0,0,0,0,0,0,0,18,1,0,0,0,0,0,0,2,0,4,0,0,1,0
"25_035. Alan Walker - Sing Me To Sleep_noise_-12.5dB_sample1.wav",154,1,1,9,0,0,1,0,0,0,0,0,0,0,33,1,0,2,0,0,0,0,0,0,0,0,1,0,0,0,2,0,8,0,0,0,0,0,0,3,0,0,0,0,0,0,0,0,0,0,0,0,0,0,0,0,0,0,0,0,0,0,0,0,0,1,0,0,33,0,0,28,0,0,0,0,0,1,0,0,0,0,0,2,0,3,0,0,0,0,0,0,1,0,0,0,6,120,0,1,0
"100_059. Nilla Wafer Top Hat Time  Song - Rhett & Link_noise_-12.5dB_sample2.wav",155,0,0,5,1,0,0,6,0,0,0,0,0,1,31,0,0,4,1,0,0,0,0,0,0,1,0,1,0,0,0,1,0,2,0,0,0,0,0,0,0,0,0,0,0,0,0,0,0,2,0,0,0,0,0,0,0,0,0,0,0,0,0,0,0,0,0,0,0,0,0,0,0,1,0,0,0,0,0,0,0,0,0,0,0,0,0,0,15,0,0,0,0,0,1,0,4,0,0,1,0
"105_101. Yann Tiersen - Comptine d`un autre ete - l`apres-midi_noise_-12.5dB_sample1.wav",157,4,0,90,0,0,0,13,0,0,0,0,0,0,33,3,0,1,2,1,0,0,0,0,0,0,0,0,0,0,7,0,41,0,0,2,5,0,0,7,0,0,0,0,11,0,0,0,0,60,0,12,0,0,1,0,0,0,0,0,0,1,0,0,7,0,4,0,0,0,0,2865,0,0,0,11,0,0,0,0,0,2,0,0,0,0,0,1,5,0,0,2,31,0,0,0,2,23,0,0,176
"58_039. OMFG - Hello_noise_-12.5dB_sample1.wav",153,0,0,0,0,0,0,0,0,0,0,0,0,0,30,0,0,1,0,0,0,0,0,0,0,0,0,0,0,0,0,0,0,0,0,0,0,0,0,0,0,0,0,0,0,0,0,0,0,0,0,0,0,0,0,0,0,0,0,0,0,0,0,0,0,0,0,0,0,0,0,0,0,0,0,0,0,0,0,0,0,0,0,0,0,0,0,0,0,0,0,0,0,2,0,0,0,0,0,3,0
"30_Cannibal_noise_-12.5dB_sample1.wav",158,0,0,0,0,0,0,0,0,0,0,0,0,0,33,0,0,0,0,0,0,0,0,0,0,1,0,0,0,0,0,0,0,0,0,0,2,0,0,0,0,0,0,0,0,3,0,0,0,0,0,0,0,0,0,0,0,0,0,0,0,0,0,0,0,0,0,0,0,0,0,0,0,9,1,0,0,0,0,0,0,0,0,17,5,0,0,0,0,0,0,0,0,0,0,0,2,0,0,2,0
"88_033. Fifth Harmony - Worth It (Official Video) ft. Kid Ink_noise_-12.5dB_sample2.wav",151,0,0,0,0,0,0,0,0,0,119,0,2,0,33,0,0,2,0,0,0,0,0,0,0,0,0,0,0,0,0,1,0,0,0,0,3,0,0,0,0,0,0,0,0,0,0,0,0,0,0,0,0,0,0,0,0,0,0,0,0,0,0,0,0,0,0,0,0,0,0,0,0,0,9,0,0,0,0,0,0,0,35,0,3,0,0,0,0,0,0,0,0,0,0,0,2,3,0,0,0
"22_094. Harry Potter Puppet Pals - The Mysterious Ticking Noise (Video With Lyrics)_noise_-12.5dB_sample1.wav",173,0,0,0,0,0,0,0,0,0,0,0,0,0,33,6,0,4,1,0,0,0,0,0,0,1,0,0,0,0,0,0,9,0,0,29,2,0,0,1,1,1,0,0,0,0,0,0,0,0,0,0,2,0,0,0,0,0,0,0,0,0,0,0,0,0,4,0,0,2,0,6,0,1,0,2,0,0,0,0,0,41,0,0,0,0,1,0,0,0,0,0,0,0,2,0,4,0,0,0,0
"5_002. Avicii - Wake Me Up (Official Video)_noise_-12.5dB_sample1.wav",146,0,59,0,0,0,0,2,0,0,0,0,0,0,33,2,0,2,0,0,0,0,0,0,0,1,0,0,0,0,6,4,0,0,0,0,0,0,0,0,3,0,0,0,0,0,0,0,0,0,0,0,0,0,0,0,0,0,0,0,0,0,0,0,0,0,0,0,0,0,0,0,0,0,0,0,0,0,0,0,0,0,0,0,0,3,1,0,0,0,0,0,2,0,0,0,2,0,0,0,0
"73_Turn the Lights Off_noise_-12.5dB_sample1.wav",150,51,40,19,0,38,0,0,0,0,0,2,0,1,47,51,0,4,5,0,0,1,0,4,2,4,0,0,0,409,27,224,64,2,1,0,4,0,0,0,217,0,0,2,1,0,0,0,0,103,0,0,0,0,0,0,21,1,0,0,0,3,0,6,0,0,0,0,32,0,8,59,0,0,0,2,0,0,0,0,3,1,0,0,0,0,28,11,0,0,0,1,2,0,10,2,0,0,0,1,0
"1_028. Capital Cities - Safe And Sound_noise_-12.5dB_sample1.wav",147,0,0,1,0,0,0,0,0,0,0,0,0,0,32,0,0,0,0,0,0,0,0,0,0,0,0,0,0,0,0,0,0,0,0,0,7,0,0,1,0,0,0,0,0,0,0,0,0,0,0,0,0,0,0,0,0,0,0,1,0,0,0,0,0,0,0,0,1,0,0,0,0,0,0,3,0,0,0,1,0,0,0,0,2,0,0,0,0,0,0,0,0,0,1,0,4,0,0,2,0
"23_048. Pharrell Williams - Happy (Official Music Video)_noise_-12.5dB_sample2.wav",152,0,0,0,0,0,0,0,0,0,0,0,0,1,30,0,0,0,0,0,1,0,0,0,0,0,0,0,0,0,0,0,0,0,0,0,0,0,0,0,0,0,0,0,0,0,0,0,0,0,0,0,0,0,0,0,0,0,0,0,0,0,0,0,0,0,0,0,0,0,0,0,0,0,0,0,0,0,0,0,0,0,0,0,0,0,0,0,0,0,39,0,0,0,0,0,0,0,0,0,0
"70_You and Me_noise_-12.5dB_sample2.wav",158,0,0,0,0,0,0,0,0,0,0,0,0,1,31,0,0,2,0,1,1,0,0,0,0,1,0,0,0,0,0,0,0,0,0,0,0,0,0,0,0,0,0,0,0,0,0,0,0,0,0,0,0,0,1,0,0,0,0,0,0,0,0,0,0,0,0,0,0,0,0,0,0,1,51,0,0,2,0,0,0,0,0,0,0,0,0,0,0,0,0,0,0,0,3,0,2,0,0,0,0
"77_065. Nightcore - Ghostbusters_noise_-12.5dB_sample2.wav",260,0,0,0,0,0,0,0,0,0,0,0,0,0,31,0,0,2,0,0,3,21,0,0,0,1,0,0,0,0,0,0,0,0,0,0,0,0,0,2,0,0,0,0,0,0,0,0,0,0,0,0,0,0,0,0,0,0,0,0,0,0,0,0,0,0,0,0,0,0,0,0,0,0,0,0,0,0,0,0,0,0,0,0,0,0,0,0,0,0,0,0,0,0,0,0,2,0,0,1,0
"90_064. Eurythmics, Annie Lennox, Dave Stewart - Sweet Dreams (Are Made Of This) (Official Video)_noise_-12.5dB_sample1.wav",267,0,0,1,0,0,0,0,0,0,0,0,0,0,33,0,0,2,0,0,0,0,0,0,0,1,0,0,0,0,0,0,0,0,0,0,0,0,0,0,0,0,0,0,0,0,0,0,0,0,0,0,0,0,0,0,0,0,0,0,0,0,0,0,0,0,0,0,0,0,0,0,0,0,0,0,0,0,0,0,0,0,0,0,0,0,0,0,0,11,0,0,0,0,0,0,0,0,0,0,0
"104_024. twenty one pilots Stressed Out [OFFICIAL VIDEO]_noise_-12.5dB_sample2.wav",258,0,0,0,0,0,0,0,0,0,0,0,0,0,33,0,0,2,0,1,0,0,0,0,0,1,0,0,0,0,0,0,0,0,0,1,0,0,0,0,0,0,0,0,0,0,0,0,0,0,0,0,0,0,0,0,0,0,0,0,0,0,0,0,0,0,0,0,0,0,0,1,0,1,0,0,0,0,0,0,0,0,0,0,0,0,2,0,0,0,0,0,0,0,2,0,2,0,0,1,11
"6_043. Wintergatan - Marble Machine (music instrument using 2000 marbles)_noise_-12.5dB_sample1.wav",255,0,0,2,0,0,0,0,0,0,0,0,0,0,108,0,0,1,0,0,0,0,0,9,0,0,0,0,0,9,0,0,72,0,0,0,16,0,0,0,0,0,0,0,0,0,0,0,2,0,0,0,0,0,0,0,0,0,0,0,0,0,0,0,0,0,0,0,0,0,0,11,0,3,0,2,0,0,0,0,0,0,0,0,0,0,0,0,0,0,0,0,0,0,0,0,0,0,0,2,0
"102_018. Shawn Mendes - Stitches (Official Music Video)_noise_-12.5dB_sample2.wav",266,0,0,0,0,0,0,0,0,0,0,42,0,0,33,0,0,2,1,0,0,0,0,0,0,1,0,0,0,0,0,0,0,0,0,0,0,0,1,0,0,0,0,0,0,0,0,1,0,0,0,0,0,0,0,0,0,0,0,0,0,0,0,0,0,0,0,0,0,0,0,0,0,0,0,0,0,0,0,0,0,0,0,0,0,0,0,0,0,0,0,0,0,0,1,0,4,0,0,0,0
"20_Never Meant to Know_noise_-12.5dB_sample1.wav",251,0,0,0,0,0,0,0,0,0,0,0,0,0,27,0,0,3,0,0,0,0,0,0,0,3,0,0,0,0,0,0,0,0,0,0,0,0,0,1,0,0,0,0,0,0,0,0,0,0,0,0,0,11,0,0,0,0,0,0,0,0,0,0,0,0,0,0,0,0,0,0,0,0,0,0,0,0,0,0,0,0,0,0,0,0,0,0,0,0,0,0,0,0,0,0,3,0,0,0,0
"5_002. Avicii - Wake Me Up (Official Video)_noise_-12.5dB_sample2.wav",250,0,0,0,0,0,0,0,0,0,0,0,0,0,26,0,0,2,0,0,0,0,0,0,0,1,0,0,0,0,0,0,0,0,0,0,1,0,0,0,0,0,0,0,0,0,0,0,0,0,0,0,0,0,0,0,0,0,0,0,0,0,0,0,0,0,0,0,0,0,0,0,0,0,0,0,0,0,0,0,0,0,0,0,0,0,0,0,0,0,0,0,0,0,0,0,2,0,0,0,0
"11_062. Pipe Guy - HouseTranceTechno Live_noise_-12.5dB_sample2.wav",257,2,0,3,0,0,0,0,0,0,0,0,0,0,33,2,0,4,0,0,0,0,0,0,0,1,0,0,0,0,0,0,3,0,0,0,0,0,0,1,0,0,0,0,0,0,0,0,0,0,0,0,0,0,0,0,0,0,0,0,0,0,0,0,0,0,0,0,0,0,0,3,0,3,0,0,0,0,1,0,0,2,0,0,0,0,0,0,1,0,0,0,3,0,0,0,2,0,0,0,0
"98_021. Alan Walker - Faded_noise_-12.5dB_sample2.wav",253,2,0,10,0,0,2,5,0,0,0,0,0,0,33,0,0,0,0,0,0,0,0,0,0,21,0,0,34,4,27,0,1,0,0,0,0,0,0,0,0,0,0,0,12,0,32,5,0,0,6,367,2,2,0,0,0,0,1,0,5,0,0,0,0,0,0,0,0,0,0,1,0,1,0,0,0,0,0,0,0,5,0,0,2,5,0,14,0,0,0,0,0,10,2,0,2,0,0,2,0
"51_088. Steven Universe - We Are The Crystal Gems_noise_-12.5dB_sample2.wav",256,0,0,0,0,0,0,0,0,0,0,0,0,0,31,0,0,5,0,0,0,0,0,0,0,2,0,0,0,0,0,0,0,0,0,0,0,0,0,0,0,0,0,0,0,0,0,1,0,0,0,0,0,0,0,0,0,0,0,0,0,0,0,0,0,0,0,0,0,0,0,0,26,0,0,0,0,0,0,0,0,0,0,0,0,0,0,0,0,0,0,0,0,0,0,0,6,0,0,2,0
"2_023. Rachel Platten - Fight Song (Official Video)_noise_-12.5dB_sample1.wav",250,0,0,0,0,0,0,8,0,0,0,0,0,0,33,30,0,0,0,0,0,0,0,3,0,1,0,0,0,10,0,0,5,0,0,0,3,0,0,0,0,0,0,0,0,0,0,0,0,0,0,0,3,0,1,0,0,2,0,0,0,0,0,0,0,1,0,0,0,0,31,0,0,4,0,0,0,1,0,0,0,0,0,0,0,0,7,3,0,0,0,0,0,0,0,0,1,0,0,0,0
"103_037. Calvin Harris, Rihanna - This Is What You Came For (Official Video) ft. Rihanna_noise_-12.5dB_sample1.wav",253,0,0,0,0,0,0,0,0,0,0,0,4,0,33,0,0,2,0,0,0,0,0,0,4,1,0,0,0,0,0,0,0,0,1,0,1,0,0,10,0,0,0,0,0,0,0,0,0,0,6,0,0,0,0,0,0,0,0,0,1,0,0,0,0,1,0,0,0,0,0,7,0,1,0,0,0,0,0,0,0,0,0,0,0,1,0,0,0,0,0,0,0,0,1,0,2,3,0,0,61
"7_092. Harry Potter Medley on Marimba_noise_-12.5dB_sample2.wav",256,0,0,40,0,0,0,0,0,0,0,0,0,0,29,0,0,0,0,0,0,0,0,0,0,0,0,0,0,0,0,0,0,0,0,0,0,0,0,0,0,0,0,0,10,0,0,5,0,0,0,0,0,0,8,0,0,0,0,0,0,0,7,0,0,7,0,0,0,0,0,12,0,0,0,0,0,0,0,0,0,0,0,0,0,0,0,0,0,0,0,0,0,0,0,0,0,0,0,0,0
"11_062. Pipe Guy - HouseTranceTechno Live_noise_-12.5dB_sample1.wav",255,4,0,0,0,0,0,0,0,0,0,0,0,0,31,0,0,1,0,0,0,0,0,0,0,1,0,0,0,0,0,0,0,0,0,1,0,0,0,0,0,0,0,0,0,0,0,0,0,0,0,0,2,0,0,0,0,0,0,0,0,0,0,0,0,0,0,0,0,0,0,0,0,2,0,0,0,0,0,0,0,1,0,0,0,0,0,1,0,0,0,0,0,0,0,0,4,0,0,0,0
"95_053. Avicii - Hey Brother_noise_-12.5dB_sample2.wav",257,7,0,0,1,0,0,0,0,0,0,4,0,1,33,0,0,1,0,0,0,0,0,0,73,2,0,0,0,0,0,0,0,0,15,0,0,0,0,0,0,0,0,0,0,0,0,0,0,0,0,0,0,0,2,0,0,0,0,0,0,0,0,0,0,29,0,0,0,0,0,0,0,1,0,0,0,0,0,0,0,0,0,0,0,0,0,0,0,0,0,0,0,0,2,0,0,5,0,0,0
"60_057. Get Off The Phone Song_noise_-12.5dB_sample2.wav",268,0,0,0,0,0,0,0,0,0,0,0,0,0,33,0,0,2,0,0,0,0,0,0,0,1,0,0,0,0,0,0,0,0,0,0,0,0,0,1,0,0,0,6,0,0,0,0,0,0,0,0,1,10,0,0,0,0,0,2,0,0,0,0,0,1,0,0,0,0,0,0,0,0,0,0,0,0,0,0,0,0,0,0,0,0,0,0,1,0,0,0,0,0,0,0,0,0,0,1,0
"92_025. Fall Out Boy - Immortals (From Big Hero 6)_noise_-12.5dB_sample1.wav",248,0,0,0,0,0,0,0,0,0,0,0,0,0,30,0,0,4,0,0,0,0,0,0,1,1,0,9,0,0,0,1,0,0,1,0,0,0,0,0,0,0,0,0,0,0,0,0,0,0,0,0,0,0,0,0,0,0,0,0,0,0,0,0,0,0,0,0,3,0,0,0,0,0,0,0,0,0,0,0,0,0,0,2,1,0,0,0,0,0,0,0,0,0,0,0,4,0,0,1,0
"99_080. Melanie Martinez - Carousel (Official Music Video)_noise_-12.5dB_sample1.wav",245,0,0,0,0,0,0,0,0,0,2,0,0,0,32,0,0,2,0,0,0,0,0,0,0,2,0,9,0,0,0,0,0,0,0,0,0,0,0,0,0,0,0,0,0,0,0,0,0,0,0,0,0,0,0,0,0,0,0,0,0,0,0,0,0,0,0,171,0,0,0,0,0,0,0,0,0,0,0,0,0,0,0,0,0,0,0,15,0,0,0,0,0,0,0,0,0,0,0,0,1
"3_100. Owl City & Carly Rae Jepsen - Good Time (Official Video)_noise_-12.5dB_sample1.wav",249,0,0,0,0,0,0,0,0,0,0,0,0,1,33,0,0,4,0,0,0,0,0,0,0,0,0,0,0,0,0,0,0,0,0,0,0,0,2,0,0,0,37,0,0,1,0,6,0,0,7,1,0,2,2,0,0,0,2,0,0,0,0,0,0,0,0,0,0,0,0,0,0,0,0,0,0,7,0,0,0,0,0,0,1,0,0,0,0,0,0,0,0,0,3,0,0,0,0,1,0
"55_009. Taylor Swift - Shake It Off_noise_-12.5dB_sample2.wav",249,0,2,11,0,0,0,13,0,0,2,0,98,0,33,0,0,1,0,0,0,0,0,0,0,1,0,0,26,0,0,0,0,0,0,0,1,0,4,1304,0,0,0,0,0,7,0,0,0,0,0,0,0,0,0,0,7,0,0,2,0,0,0,0,0,24,0,0,0,0,35,0,0,0,7,0,0,0,0,0,0,2,0,0,7,2,0,0,0,0,0,0,0,0,0,0,0,12,0,0,8
"16_038. P!nk - Just Give Me A Reason ft. Nate Ruess_noise_-12.5dB_sample2.wav",269,11,0,0,0,6,0,0,0,0,2,0,0,0,33,0,0,2,1,1,0,0,0,0,0,1,0,0,0,0,2,0,0,0,0,0,0,0,0,0,0,0,0,0,0,0,0,0,1,22,0,0,0,0,0,0,4,0,0,0,0,0,0,0,3,0,0,0,0,0,4,1,0,31,0,1,0,0,0,0,1,0,0,0,0,0,4,0,0,0,0,0,0,0,2,0,6,0,0,1,0
"51_088. Steven Universe - We Are The Crystal Gems_noise_-12.5dB_sample1.wav",253,0,0,0,0,0,0,1,0,0,0,0,12,0,26,0,0,4,0,0,0,0,0,0,0,0,0,0,6,0,0,0,0,0,0,0,0,0,0,50,0,0,0,0,0,0,0,0,0,0,0,0,0,0,0,0,0,0,0,0,0,0,0,0,0,3,0,0,0,0,3,30,19,0,0,0,0,0,0,0,0,0,0,0,0,0,0,0,0,0,0,0,0,0,0,0,2,0,0,0,0
"13_030. Maroon 5 - Animals_noise_-12.5dB_sample2.wav",276,0,0,0,0,0,0,0,0,0,0,0,0,0,33,0,0,4,0,0,0,0,0,0,0,2,0,0,0,0,0,0,0,0,0,0,0,0,0,0,0,0,0,0,0,0,0,0,0,0,0,0,0,0,0,0,0,0,0,0,0,0,0,0,0,0,0,0,0,0,0,0,0,0,0,0,0,0,0,0,0,0,0,0,0,0,0,0,0,0,0,0,0,0,0,0,2,0,0,0,0
"63_087. Anaconda - Nicki Minaj  The Fitness Marshall  Dance Workout_noise_-12.5dB_sample2.wav",259,0,0,0,1,0,0,0,0,0,0,0,0,0,27,0,0,2,0,0,0,0,0,0,0,0,0,0,0,0,0,0,3,0,0,0,0,0,0,0,0,1,0,0,0,0,0,0,0,0,0,0,0,0,0,0,0,0,0,0,0,0,0,0,0,0,0,2,0,0,0,0,0,0,0,0,0,1,15,0,0,0,0,0,0,0,0,0,0,0,1,0,0,0,1,0,0,0,0,0,0
"87_079. twenty one pilots Heathens (from Suicide Squad The Album) [OFFICIAL VIDEO]_noise_-12.5dB_sample2.wav",249,0,0,0,0,0,0,0,0,0,0,0,0,0,33,0,0,2,0,0,0,0,0,0,0,0,0,0,0,0,0,0,0,0,0,0,0,0,0,1,0,0,0,0,0,0,22,0,0,0,0,0,0,0,0,0,0,0,0,0,0,0,0,0,0,0,0,0,0,0,0,0,0,0,0,53,0,0,0,0,0,0,0,0,0,0,0,0,0,0,0,0,0,0,0,0,2,0,0,0,0
"45_005. OneRepublic - Counting Stars_noise_-12.5dB_sample1.wav",251,0,0,0,1,0,0,1,0,0,0,0,0,6,33,0,0,2,1,0,0,0,0,0,0,1,0,0,0,0,0,0,0,0,0,0,0,0,0,0,0,0,0,0,0,0,0,0,0,0,0,0,0,0,0,0,0,0,0,0,0,0,0,0,0,0,0,0,0,0,0,0,0,2,0,0,0,0,1,0,0,0,0,0,0,0,0,7,0,0,0,0,0,0,1,0,2,0,0,0,0
"39_051. Galantis - No Money (Official Video)_noise_-12.5dB_sample2.wav",251,0,0,0,0,0,0,0,0,0,0,0,0,0,33,0,0,2,0,0,0,0,0,0,0,1,0,0,0,0,0,0,0,0,0,1,0,0,0,1,0,0,0,0,0,0,0,0,0,0,0,0,0,0,0,0,0,0,0,0,0,0,0,26,0,0,0,0,0,0,0,0,0,3,0,0,0,0,0,0,0,0,0,0,0,0,0,0,0,0,0,0,0,0,0,0,2,0,0,0,0
"93_015. Lukas Graham - 7 Years [Official Music Video]_noise_-12.5dB_sample2.wav",247,2,0,0,0,0,0,1,0,0,0,0,0,2,33,0,0,3,0,0,0,0,0,0,0,0,0,0,0,0,0,0,1,0,0,1,0,0,0,0,0,0,0,0,0,0,0,0,0,0,17,0,0,0,1,0,0,0,0,0,0,0,0,0,0,2,0,0,0,0,0,0,0,0,0,0,0,0,0,0,0,2,0,0,0,0,0,0,0,0,1,0,0,0,0,0,4,0,0,0,0
"0_096. Nightcore - Mad World_noise_-12.5dB_sample2.wav",252,0,0,0,0,0,0,0,0,0,0,0,0,5,33,0,0,1,0,0,1884,42,0,0,0,0,0,0,0,0,0,0,0,0,0,0,0,0,0,0,0,0,0,0,0,0,0,0,0,0,0,0,0,0,0,0,0,0,0,0,0,0,0,0,0,0,0,0,0,0,0,0,0,0,0,0,0,0,0,0,0,0,4,0,0,0,0,0,0,0,0,0,0,0,0,0,0,0,0,0,0
"40_052. Lindsey Stirling - Moon Trance (Official Music Video)_noise_-12.5dB_sample2.wav",248,0,0,0,0,0,0,0,0,0,0,0,0,0,33,0,0,4,1,117,0,0,0,0,0,2,1,0,0,0,1,1,0,0,0,2,0,0,0,1,0,0,0,0,0,0,0,0,0,0,0,0,0,0,0,0,0,0,0,0,0,0,0,0,0,3,0,0,0,0,1,0,0,0,0,0,0,0,0,0,0,0,0,0,0,0,3,0,0,0,0,0,2,0,1,0,2,0,0,1,0
"3_100. Owl City & Carly Rae Jepsen - Good Time (Official Video)_noise_-12.5dB_sample2.wav",246,0,0,11,0,1,23,11,0,2,0,0,0,0,33,1,0,1,0,0,0,0,0,0,0,0,0,0,0,0,0,0,5,0,0,0,1,0,0,0,0,0,6,0,0,0,0,9,0,4,0,0,0,0,21,1,1,1,0,0,0,0,2,0,0,11,0,0,0,0,0,0,0,0,0,0,0,7,0,0,0,0,1,0,6,0,3,0,0,0,0,0,0,0,32,1,2,0,0,1,0
"81_013. Passenger  Let Her Go (Official Video)_noise_-12.5dB_sample2.wav",246,0,0,0,0,0,0,0,0,0,0,0,0,0,32,0,0,0,0,0,0,0,0,0,0,0,0,0,0,0,0,0,0,0,0,0,0,0,0,0,0,0,0,0,0,0,0,0,0,0,0,0,0,0,0,0,0,0,0,0,0,0,31,0,0,0,0,0,0,0,0,0,0,2,0,0,0,2,0,0,0,0,0,0,0,0,0,0,0,0,0,0,0,0,0,0,2,0,0,0,0
"93_015. Lukas Graham - 7 Years [Official Music Video]_noise_-12.5dB_sample1.wav",250,0,0,0,0,0,0,0,0,0,0,0,0,0,31,0,0,5,0,0,0,0,0,0,0,0,0,0,0,0,0,0,0,0,0,0,0,0,0,0,0,0,0,0,0,0,0,0,0,0,7,0,8,0,0,0,0,0,0,0,0,0,0,0,0,0,0,0,0,0,0,0,0,1,0,0,0,0,0,0,0,0,0,0,0,0,0,0,0,0,0,0,2,0,1,0,4,0,0,0,0
"76_073. Lindsey Stirling - Crystallize (Dubstep Violin Original Song)_noise_-12.5dB_sample2.wav",248,0,1,144,0,5,12,11,0,3,0,0,0,0,33,0,0,2,0,0,0,1,0,0,0,2,0,0,0,1,0,0,0,2,11,0,1,0,0,0,0,0,0,0,0,0,0,44,0,0,0,0,0,0,11,0,0,7,0,3,0,0,9,0,0,64,0,4,0,0,0,0,0,0,0,0,0,27,0,0,0,0,0,0,24,0,0,0,0,0,0,0,0,0,194,1,4,0,0,10,0
"9_034. Pitbull - Timber (Official Video) ft. Ke$ha_noise_-12.5dB_sample2.wav",250,0,0,0,0,0,0,0,0,0,0,1,0,0,33,0,0,2,0,1,0,0,0,0,0,0,0,0,0,0,17,1,0,0,0,1,0,0,0,0,0,0,0,0,0,0,0,0,0,0,0,0,0,0,0,0,0,0,0,0,0,0,0,0,0,0,0,0,0,0,0,1,0,3,0,0,0,0,0,0,0,0,0,0,0,0,0,0,0,0,0,0,0,0,0,0,0,0,0,4,0
"103_037. Calvin Harris, Rihanna - This Is What You Came For (Official Video) ft. Rihanna_noise_-12.5dB_sample2.wav",246,0,0,0,0,0,0,0,0,0,0,0,0,0,33,0,0,2,0,0,0,0,0,0,0,1,0,0,0,0,0,1,6,0,0,0,0,0,0,0,0,1,0,0,0,0,0,0,0,4,0,0,0,5,0,0,0,0,0,0,0,0,0,0,0,1,0,0,0,0,0,0,0,0,5,0,0,0,0,0,0,0,0,2,0,0,0,0,0,0,0,0,0,0,1,0,4,0,2,0,9
"80_077. Emeli Sandé - Hurts_noise_-12.5dB_sample1.wav",251,0,0,196,0,0,0,44,0,0,0,0,0,0,33,30,0,26,0,0,0,0,0,0,0,1,163,0,0,0,265,0,76,0,0,0,8,0,0,0,0,0,0,0,21,0,0,0,0,110,0,0,0,0,0,0,0,0,0,0,0,0,0,0,2,0,16,0,28,3,0,8,0,2,0,21,0,44,0,0,0,0,0,64,0,0,0,0,0,0,1,54,24,0,0,0,2,36,2,0,0
"37_063. Bastille - Pompeii (Official Music Video)_noise_-12.5dB_sample2.wav",246,0,3,0,8,0,0,0,0,0,0,0,0,4,33,0,0,2,0,1,0,0,0,9,0,6,0,2,1,0,0,6,0,0,0,0,1,0,0,1,0,0,0,0,0,0,0,0,0,0,0,0,0,0,0,0,0,0,0,6,0,0,0,0,0,3,0,1,0,0,1,0,0,0,0,1,0,0,1,0,0,0,0,0,0,0,21,1,0,0,0,0,0,0,0,0,2,0,0,0,0
"41_The Bidding_noise_-12.5dB_sample2.wav",256,0,0,0,0,0,0,0,0,0,0,0,0,0,27,0,0,2,0,0,0,0,0,0,0,1,0,0,0,0,0,0,0,0,0,0,3,0,0,0,0,0,0,0,0,0,0,0,0,0,0,0,0,0,0,0,0,0,0,0,0,0,0,0,0,0,0,0,0,0,0,0,0,0,0,0,0,0,0,0,0,0,0,0,0,0,0,1,0,0,0,0,0,0,0,0,119,0,0,0,0
"8_081. The Beach Boys - I Get Around_noise_-12.5dB_sample2.wav",250,0,0,0,0,0,0,0,0,1,2,0,0,0,33,0,0,0,0,0,0,0,0,0,1,0,0,0,0,0,0,0,0,0,3,1,0,0,5,1,0,19,0,0,0,0,0,0,0,0,0,0,0,0,0,0,0,2,0,0,0,0,0,0,0,0,0,0,2,0,0,0,0,0,0,0,0,0,0,0,0,0,1,0,1,1,0,0,0,3,0,1,2,0,0,0,2,0,0,0,0
"50_006. Wiz Khalifa - See You Again ft. Charlie Puth [Official Video] Furious 7 Soundtrack_noise_-12.5dB_sample1.wav",255,0,2,0,0,0,0,200,0,0,0,0,0,0,33,3,0,40,0,0,0,0,0,0,0,3,0,0,0,0,0,0,4,6,0,0,0,0,0,1,0,0,0,0,0,0,0,0,0,26,4,0,0,0,23,0,0,4,0,0,0,0,0,0,0,13,0,0,1,0,0,0,0,2,0,0,0,0,0,0,0,0,0,0,0,0,4,0,0,0,0,0,0,0,1,0,0,0,0,0,0
"24_047. Girls Talk Boys (from the Ghostbusters Original Motion Picture Soundtrack)_noise_-12.5dB_sample2.wav",177,0,0,0,0,0,0,0,0,0,0,0,0,0,33,0,0,2,0,0,0,0,0,0,0,0,0,0,0,0,0,0,0,0,0,0,0,0,0,1,0,0,0,0,0,0,0,0,0,0,0,0,0,0,0,0,0,0,0,0,0,0,0,0,0,0,0,0,0,0,0,0,0,1,0,0,0,0,0,0,0,0,0,0,0,0,0,0,0,0,0,0,0,0,2,0,0,0,0,1,0
"85_011. Martin Garrix - Animals (Official Video)_noise_-12.5dB_sample1.wav",245,0,0,2,0,0,0,0,0,0,0,0,0,163,31,0,0,1,0,0,0,0,0,0,0,1,0,0,0,0,0,0,0,0,0,0,0,0,0,0,0,0,0,0,0,0,0,0,0,0,0,2,0,0,0,0,0,0,0,0,0,0,0,0,0,0,0,0,0,0,0,3,0,0,0,0,0,0,0,0,0,0,0,0,0,0,0,0,0,0,0,0,0,0,0,2,0,0,0,1,0
"44_Sacred Beast_noise_-12.5dB_sample2.wav",243,0,0,26,0,0,31,6,0,0,0,0,0,11,33,4,3,8,8,0,0,0,0,0,27,0,22,0,0,0,33,0,8,0,27,0,3,0,26,0,0,0,4,12,3,5,0,0,0,14,0,0,4,0,0,0,0,0,0,0,2,0,0,0,0,5,2,0,4,0,0,59,14,0,0,1,0,898,0,3,0,0,16,8,0,0,0,0,0,0,0,7,4,0,0,0,2,5,0,0,0
"66_Cruel_Summer_noise_-12.5dB_sample2.wav",196,0,0,0,0,0,0,0,0,0,0,0,0,0,33,0,0,2,0,0,0,0,0,0,0,0,0,0,0,0,0,0,0,0,0,0,0,0,0,1,0,0,0,0,0,0,0,0,9,0,0,0,0,0,0,0,0,0,0,0,0,0,0,0,0,0,0,0,0,0,0,0,0,0,0,0,0,0,0,0,0,0,0,0,0,0,2,1,0,0,0,0,0,0,0,0,2,0,0,1,0
"68_055. Madness - Our House (Official 4K Video)_noise_-12.5dB_sample2.wav",148,0,2,0,0,0,0,0,0,0,0,0,0,0,30,0,0,0,0,1,0,0,0,0,0,0,0,0,0,0,0,0,0,0,0,0,0,0,0,0,0,0,0,0,0,0,0,0,0,0,0,0,0,0,0,0,0,0,0,0,0,0,0,0,0,0,0,0,0,0,0,0,0,0,0,0,0,0,0,0,0,0,18,0,0,0,0,0,0,0,0,0,0,0,0,0,0,0,0,0,0
"91_Greener_noise_-12.5dB_sample2.wav",153,5,0,0,0,0,0,0,0,0,0,0,0,0,30,0,0,2,0,0,0,0,0,0,0,1,0,0,0,0,0,0,27,0,0,796,0,1,0,0,0,0,0,0,0,0,0,0,2,0,0,0,0,0,0,0,0,0,0,0,0,0,0,0,452,9,0,0,0,18,0,27,0,0,0,0,0,0,0,0,1,0,0,0,0,7,1,0,0,0,0,0,0,0,0,0,0,0,0,0,9
"98_021. Alan Walker - Faded_noise_-12.5dB_sample1.wav",148,0,0,0,0,0,0,0,0,0,0,0,0,0,32,0,0,2,0,0,0,0,0,0,0,1,0,0,0,0,0,0,0,0,0,0,0,0,0,0,0,0,3,0,0,2,0,20,0,0,24,45,2,8,2,0,1,0,6,0,0,0,0,0,0,0,0,0,0,0,0,6,5,0,0,0,0,2,0,0,0,0,0,0,11,0,0,0,0,0,1,0,0,0,0,0,2,0,0,1,0
"79_095. Alan Walker - Alone_noise_-12.5dB_sample2.wav",150,0,0,11,0,9,0,0,0,0,0,0,0,0,25,0,0,2,0,76,0,1,0,0,0,1,0,0,0,0,0,0,0,0,0,0,2,0,0,5,0,0,0,0,0,1,0,1,0,1,0,1,0,0,1,0,0,0,36,0,0,0,0,0,0,9,0,0,0,0,0,0,0,0,0,0,0,0,0,4,0,0,0,0,2,0,0,0,0,0,0,0,0,0,0,0,0,0,0,1,0
"61_045. The Black Eyed Peas - I Gotta Feeling (Official Music Video)_noise_-12.5dB_sample2.wav",155,0,0,0,0,0,1,0,0,0,0,0,0,0,32,7,0,2,0,0,0,0,0,0,0,0,0,0,0,0,0,0,0,0,0,6,0,0,0,0,0,0,1,0,0,4,0,0,0,0,0,0,0,0,0,0,0,0,0,0,0,0,0,0,0,0,0,0,0,0,0,0,0,0,0,0,0,0,0,0,0,0,0,0,0,69,0,0,0,0,0,0,0,0,0,0,0,0,0,0,0
"96_089. American Boy by Estelle and Kanye West_noise_-12.5dB_sample1.wav",160,0,0,0,0,0,0,0,0,0,0,0,0,0,33,0,0,0,0,0,0,0,0,0,0,0,0,0,0,0,0,0,0,0,0,0,0,0,0,0,0,0,0,0,0,0,0,0,0,0,0,0,0,0,1,0,0,0,0,0,0,0,0,0,0,0,4,0,0,0,0,0,0,0,0,0,0,8,0,0,0,0,0,0,0,0,0,0,0,0,0,0,0,0,1,0,2,0,24,0,0
"13_030. Maroon 5 - Animals_noise_-12.5dB_sample1.wav",163,0,1,0,0,0,0,0,0,0,0,0,0,0,29,1,0,1,0,1,0,1,0,0,0,1,0,0,0,0,2,0,3,0,0,0,0,0,0,1,57,0,0,0,0,0,0,0,0,0,0,0,0,0,0,0,0,0,0,0,0,0,0,0,0,0,0,0,0,0,1,8,0,0,0,0,0,0,0,0,0,0,1,0,0,0,0,0,0,0,0,0,0,0,0,0,2,0,0,1,0
"57_Numb_noise_-12.5dB_sample1.wav",151,0,0,1,0,0,0,0,0,0,0,0,0,0,27,0,0,0,0,0,0,0,0,0,0,0,0,0,0,3,0,7,0,0,0,0,1,0,0,0,0,0,0,0,0,0,0,0,0,0,0,0,0,0,0,0,0,0,0,0,0,0,0,0,0,0,0,0,1,0,0,0,0,0,0,0,0,0,0,0,0,0,0,0,0,0,39,0,0,0,0,0,0,0,0,0,5,0,0,1,0
"19_054. Owl City - When Can I See You Again (From Wreck it Ralph)_noise_-12.5dB_sample2.wav",160,0,0,0,0,0,0,0,0,0,0,0,0,0,30,0,0,4,0,0,0,0,0,0,0,0,0,0,0,0,0,0,3,0,0,0,0,0,0,0,0,0,0,0,0,0,1,0,0,0,0,0,0,0,0,0,0,0,0,0,0,0,0,0,0,0,0,0,0,0,0,0,0,0,0,0,0,0,0,0,0,0,0,2,0,0,0,0,0,0,0,0,0,0,0,0,4,0,3,0,0
"15_060. My OCD (Song)_noise_-12.5dB_sample1.wav",150,2,3,42,0,0,0,2,1,0,0,0,79,0,33,0,0,4,0,0,0,0,0,0,0,1,0,7,1,0,0,0,0,44,0,0,0,0,0,98,0,0,0,0,8,2,0,0,0,0,0,0,0,0,0,0,2,0,1,0,0,0,0,0,0,19,0,0,0,2,4,0,1,1,4,12,0,0,0,0,0,0,1,8,6,0,16,1,0,0,0,3,0,0,1,0,4,3,0,3,0
"86_019. Naughty Boy - La la la ft. Sam Smith (Official Video)_noise_-12.5dB_sample1.wav",155,0,0,0,0,0,0,0,0,0,0,0,0,0,22,7,0,2,0,1,0,0,0,0,0,0,0,0,0,0,0,0,21,0,0,0,0,0,0,0,0,0,0,0,0,0,0,0,0,0,0,0,0,0,2,0,0,0,0,0,0,0,0,0,0,0,0,1,0,0,0,0,0,0,0,0,0,0,0,0,0,0,0,0,0,0,0,5,0,0,0,0,0,0,0,0,2,0,0,1,0
"96_089. American Boy by Estelle and Kanye West_noise_-12.5dB_sample2.wav",148,0,0,0,0,0,0,1,0,0,0,0,0,1,31,0,0,2,0,0,0,0,0,0,0,0,0,0,0,0,0,0,0,0,0,6,0,0,0,0,0,0,0,0,0,0,0,0,0,0,0,0,0,0,0,0,0,0,0,0,0,0,0,0,0,0,0,0,0,8,0,0,0,2,0,0,0,0,0,0,0,3,0,0,0,0,1,0,0,0,0,0,0,0,0,0,4,0,12,2,0
"26_017. David Guetta - Titanium ft. Sia (Official Video)_noise_-12.5dB_sample2.wav",153,2,0,0,0,17,0,0,4,0,0,0,0,0,33,0,0,0,0,0,0,0,0,0,0,2,0,0,0,0,0,0,0,0,0,0,3,0,0,0,0,0,0,0,0,5,0,0,0,0,0,0,0,0,0,0,1,0,0,422,0,0,0,0,0,3,0,0,0,0,0,0,0,0,0,0,0,0,0,0,0,0,0,0,0,0,0,0,0,0,0,0,0,0,0,0,0,0,0,0,0
"43_098. Nightcore~ The Wolf_noise_-12.5dB_sample1.wav",150,0,0,0,0,0,0,0,0,0,1,0,0,2,24,0,0,2,0,0,0,0,0,0,0,1,0,0,0,0,0,0,0,0,0,0,0,0,0,1,0,0,0,0,0,0,0,10,0,0,0,0,0,0,0,0,0,0,0,0,0,0,0,0,0,0,0,0,0,0,0,0,0,0,0,0,0,0,0,0,0,0,0,0,0,0,0,0,0,0,0,0,0,0,0,2,2,0,0,0,0
"71_083. My Singing Monsters - Plant Island Theme_noise_-12.5dB_sample1.wav",156,0,0,0,9,0,0,0,0,0,0,0,0,0,14,0,0,2,1,0,0,0,1905,0,0,2,0,0,0,0,0,0,0,0,0,0,1,0,0,0,0,5,0,0,0,0,0,0,0,0,0,0,0,0,0,0,0,0,0,0,0,0,0,0,0,0,0,0,0,0,0,0,0,1,0,0,0,0,0,0,0,0,0,0,0,60,0,0,0,0,0,0,0,1,0,0,0,0,0,1,0
"64_097. Nightcore - Running With the Wolves [Lyrics]_noise_-12.5dB_sample2.wav",155,0,0,0,0,0,0,0,0,0,0,0,2,0,30,0,0,2,0,0,0,0,0,0,0,2,0,0,0,0,0,0,0,0,0,0,0,0,0,7,0,0,0,0,0,1,0,0,0,0,0,0,0,0,0,0,1,0,0,0,0,0,0,0,0,0,0,0,0,0,1,0,0,0,1,0,0,0,0,0,0,0,0,0,0,0,0,0,0,0,0,0,0,0,0,0,2,1,0,0,0
"26_017. David Guetta - Titanium ft. Sia (Official Video)_noise_-12.5dB_sample1.wav",164,0,0,0,0,0,0,0,0,0,0,0,0,0,26,0,0,0,0,0,0,0,0,0,0,0,0,0,0,0,0,0,0,0,0,0,0,0,0,0,0,0,0,0,0,0,0,0,0,0,0,0,0,0,0,0,0,0,0,4,0,0,0,0,0,0,0,0,0,0,0,0,0,0,0,0,0,0,0,0,0,0,0,0,0,0,0,0,0,0,0,0,0,0,0,0,0,0,0,0,0
"76_073. Lindsey Stirling - Crystallize (Dubstep Violin Original Song)_noise_-12.5dB_sample1.wav",214,0,0,61,0,11,0,10,0,0,5,27,0,0,33,6,0,3,6,0,0,0,0,0,109,4,20,8,0,0,32,0,5,33,30,0,0,0,0,1,0,0,0,0,5,0,2,0,0,14,0,0,0,0,10,0,1,1,0,0,0,0,0,0,0,276,8,0,6,0,0,4,0,3,8,0,0,8,0,0,0,0,3,21,0,0,15,0,0,0,0,8,3,0,0,0,6,29,0,1,0
"34_The Trap_noise_-12.5dB_sample1.wav",183,0,0,0,1,0,0,0,0,0,0,0,0,1,33,1,0,4,0,0,54,0,17,2,2,1,0,0,0,0,0,5,32,0,0,0,0,0,3,0,0,19,0,0,0,0,14537,0,0,0,0,0,1,6,0,0,1,3,0,0,0,0,0,0,0,0,0,0,1,0,0,0,2,0,19,36,0,9,0,0,0,0,0,14,0,0,0,0,0,0,0,0,0,0,0,0,17,0,22,0,0
"20_Never Meant to Know_noise_-12.5dB_sample2.wav",169,164,0,399,0,121,0,0,0,0,0,0,0,0,32,0,8,2,0,0,0,0,0,0,0,21,0,84,0,0,6,12,0,715,0,0,0,0,0,0,1,0,16,0,32,3,35,2,5,0,0,16,14,71,3,0,0,6,0,2,5,0,0,0,2,128,0,0,0,6,14,17,0,0,65,4,0,0,0,1,0,0,0,0,0,0,177,0,0,0,0,26,0,15,5,0,2,0,0,0,0
"83_004. Katy Perry - Roar_noise_-12.5dB_sample2.wav",171,0,0,0,0,0,0,0,0,0,0,0,0,0,33,0,0,4,0,2,0,0,0,0,0,2,0,0,0,0,0,0,0,0,0,0,0,0,0,0,0,0,0,0,0,0,0,0,0,0,0,0,0,0,0,0,0,0,0,0,0,0,0,0,0,0,0,0,0,0,0,0,0,2,0,0,0,0,0,0,0,0,0,0,0,0,5,0,0,0,0,0,0,0,2,0,4,0,0,0,0
"47_020. Warriors (ft. Imagine Dragons)  Worlds 2014 - League of Legends_noise_-12.5dB_sample1.wav",170,0,0,0,1,0,1,9,0,0,0,0,0,0,33,0,0,2,1,0,0,0,22,0,0,1,0,0,0,0,0,0,0,0,0,2,0,0,0,0,0,1,0,0,0,0,0,0,0,13,0,0,0,0,0,0,0,0,0,0,0,0,0,0,0,0,0,0,3,117,0,0,0,0,0,0,0,0,0,0,0,0,0,0,0,0,0,0,0,0,0,0,0,0,0,0,2,0,0,0,0
"34_The Trap_noise_-12.5dB_sample2.wav",163,0,0,0,0,0,0,0,0,0,0,0,0,0,33,0,2,4,0,0,0,0,0,0,0,1,0,0,0,0,0,0,0,0,0,1,0,0,0,1,0,0,0,0,0,0,0,4,0,0,0,0,0,0,0,0,0,0,0,0,0,0,0,0,0,0,0,1,0,3,0,0,0,0,0,0,0,2,0,0,0,0,0,0,0,1,0,1,0,0,0,0,0,0,0,0,2,0,0,1,0
"21_085. Janji ft. Johnning - Heroes Tonight 1 HOUR_noise_-12.5dB_sample1.wav",159,0,0,0,0,0,0,0,0,0,0,9,0,0,26,0,0,4,1,0,0,0,0,0,0,1,0,0,0,0,0,0,0,0,0,1,0,0,0,1,0,0,2,0,0,3,0,40,0,0,6,0,1,2,3,0,1,0,0,0,1,0,0,0,0,0,0,0,0,0,0,0,0,0,1,0,0,11,0,1,0,0,1,1,11,0,0,0,0,0,2,0,0,0,0,0,4,0,0,1,0
"29_010. Katy Perry - Part Of Me (Official)_noise_-12.5dB_sample2.wav",160,12,5,60,35,14,0,0,10,0,0,0,0,1,33,0,0,4,0,0,0,0,0,18,5,6,0,13,0,0,2,2,6,48,5,0,1,0,0,0,0,1,0,0,4,0,0,4,1,20,0,4,0,0,0,0,0,1,0,9,0,0,0,0,0,12,0,0,0,0,3,1,0,0,6,9,0,0,0,0,0,0,0,0,0,0,49,0,0,0,0,0,0,0,1,0,0,0,0,0,0
"101_070. Eminence - Knock Me Out (feat. Anna Cyzon) [Monstercat Official Music Video]_noise_-12.5dB_sample2.wav",163,0,0,0,0,0,0,0,0,0,0,0,0,0,33,0,0,2,0,0,0,0,0,1,0,0,0,0,0,0,0,0,15,0,0,0,0,0,0,0,0,3,0,0,0,0,0,0,0,0,0,0,0,0,0,0,0,0,0,0,0,0,0,0,0,0,0,0,0,0,0,0,0,3,0,0,0,0,0,0,0,0,0,0,0,0,0,0,0,2,0,0,0,0,0,0,2,0,0,0,0
"83_004. Katy Perry - Roar_noise_-12.5dB_sample1.wav",164,0,0,0,0,0,0,0,0,0,0,0,0,1,29,0,0,2,0,0,0,0,0,0,0,2,0,0,0,0,0,0,0,0,0,0,0,0,0,0,0,0,0,0,0,0,0,0,0,0,0,0,0,0,1,0,40,0,0,0,0,0,0,0,0,0,0,0,1,0,1,1,0,0,0,0,0,0,0,0,0,0,0,0,0,0,0,0,0,0,0,0,2,0,0,0,2,0,0,1,0
"2_023. Rachel Platten - Fight Song (Official Video)_noise_-12.5dB_sample2.wav",163,0,1,0,0,0,0,0,0,0,0,0,0,0,31,41,0,2,0,0,0,0,0,1,0,1,0,0,0,1,0,0,29,0,0,0,1,0,0,0,0,0,0,0,0,0,5,0,0,0,0,0,1,0,0,0,0,0,0,0,0,0,0,0,0,1,0,0,0,0,5,0,0,0,0,0,0,6,0,0,0,0,0,1,0,12,0,3,0,0,0,5,0,0,0,0,4,0,0,4,0
"1_028. Capital Cities - Safe And Sound_noise_-12.5dB_sample2.wav",164,0,0,9,0,0,0,16,0,0,0,0,0,0,33,0,0,2,0,0,0,2,0,0,0,1,4,0,0,1,40,0,25,0,0,1,70,0,0,1,0,1,0,0,0,0,1,0,3,4,0,0,0,0,0,0,0,1,0,0,1,13,0,0,0,0,0,0,0,27,0,14,0,2,0,14,0,0,0,0,0,0,0,1,0,0,4,0,0,0,0,1,0,0,1,0,2,0,1,0,0
"77_065. Nightcore - Ghostbusters_noise_-12.5dB_sample1.wav",163,0,0,0,0,0,0,0,0,0,0,0,0,0,30,0,0,2,1,0,0,49,0,0,0,1,0,0,0,0,0,0,0,0,0,0,0,0,0,1,0,0,0,0,0,0,0,0,0,0,0,0,0,0,0,0,0,0,0,0,0,0,0,0,0,0,0,0,0,0,0,0,0,0,0,0,0,0,0,0,0,0,0,0,0,0,3,0,0,0,0,0,0,0,0,0,4,0,0,1,0
"53_102. What_noise_-12.5dB_sample2.wav",163,0,0,0,0,0,0,0,2,0,0,0,0,1,33,0,0,4,1,0,2,0,0,1,0,1,0,0,0,20,0,0,305,0,0,99,8,0,0,1,0,0,0,0,0,0,0,0,0,1,0,0,0,0,0,0,0,0,0,0,1,0,0,0,43,0,0,0,1,15,0,1,0,2,0,0,0,0,0,0,0,2,0,0,0,1,0,0,0,0,0,0,0,0,1,0,2,0,0,0,0
"70_You and Me_noise_-12.5dB_sample1.wav",159,0,0,0,0,0,0,7,0,0,0,0,0,0,31,1,0,4,0,0,0,0,0,0,0,2,0,0,0,0,0,0,0,0,0,0,0,0,0,1,0,0,0,1,0,0,0,0,0,11,0,0,0,0,0,0,2,0,0,0,0,0,0,0,0,0,0,0,2,0,0,0,3,0,4,0,0,1,0,0,0,0,0,1,0,2,0,0,0,0,0,0,0,0,0,0,4,0,0,0,0
"35_036. Fall Out Boy - Centuries (Official Video)_noise_-12.5dB_sample2.wav",171,0,11,0,0,0,0,0,0,0,0,0,0,0,32,8,0,1,1,0,0,0,0,0,0,2,0,0,3,0,0,0,0,0,0,178,0,0,0,0,1,0,0,0,0,0,0,0,0,0,0,0,0,0,0,0,0,0,0,0,0,0,0,0,0,0,0,0,0,0,0,26,0,0,0,0,0,0,0,0,0,0,0,0,0,0,1,0,0,0,0,0,0,0,2,0,0,0,0,0,0
"18_044. tony igy-stop in my mind_noise_-12.5dB_sample2.wav",176,0,11,46,15,0,0,12,0,0,0,0,0,40,32,0,0,2,1,1,0,0,0,0,0,28,3,7,0,5,10,546,0,421,0,0,4,0,0,1,0,0,0,0,0,0,6,0,0,0,0,0,0,1,0,0,0,9,0,0,0,0,0,3,0,31,0,4,0,0,26,4,0,1,4,6,0,0,6,0,0,0,4,53,0,0,18,5,0,0,0,0,1,0,1,0,4,0,0,0,0
"67_090. Josh Groban - You Raise Me Up (Official Music Video) [HD Remaster]_noise_-12.5dB_sample2.wav",175,40,0,0,2,0,0,0,0,0,0,0,0,2,33,0,0,4,0,0,0,0,0,0,0,0,0,0,0,0,0,1,0,0,0,0,0,0,0,0,0,0,0,0,0,0,0,0,0,0,0,0,0,0,0,0,0,0,0,0,0,0,0,0,0,2,0,0,0,0,0,0,0,1,0,1,0,0,0,0,0,0,0,0,0,0,0,0,0,0,0,0,0,0,1,0,1,0,0,0,0
"46_032. Katy Perry - Wide Awake (Official Video)_noise_-12.5dB_sample1.wav",160,0,0,22,0,20,0,0,0,0,0,0,0,0,32,0,0,2,1,0,0,0,0,0,0,2,0,0,0,0,0,0,0,0,0,0,1,0,0,2,0,0,0,0,0,0,0,0,0,0,0,0,0,0,0,0,0,0,0,1,0,0,0,0,0,0,0,0,0,0,0,0,0,0,0,0,0,0,0,0,0,0,0,0,0,0,0,0,0,0,0,0,0,0,0,0,2,0,0,1,0
"84_001. Anna Kendrick - Cups_noise_-12.5dB_sample2.wav",153,0,0,0,0,0,0,0,7,0,0,0,0,0,30,0,0,4,0,0,0,0,0,0,0,0,0,0,0,0,0,0,0,0,0,0,0,0,0,0,0,0,0,0,0,0,0,0,0,0,0,0,0,0,0,0,0,0,0,0,0,0,0,0,0,0,0,0,0,0,0,0,0,0,0,0,0,0,0,0,0,0,0,0,0,0,0,0,0,0,0,0,0,0,0,0,0,0,0,0,0
"46_032. Katy Perry - Wide Awake (Official Video)_noise_-12.5dB_sample2.wav",161,2,1,77,0,257,0,99,0,6,0,0,0,0,31,2,0,4,0,0,0,0,0,0,0,3,0,0,0,0,0,0,11,5,0,0,2,0,0,0,0,0,0,0,0,0,0,21,0,0,0,0,0,0,11,0,0,2,0,16,0,0,7,0,0,1,0,0,0,0,0,0,1,0,0,0,0,0,0,2,0,0,0,0,0,0,11,0,0,0,1,0,0,0,26,2,4,0,0,0,0
"8_081. The Beach Boys - I Get Around_noise_-12.5dB_sample1.wav",155,0,0,0,0,0,0,0,0,0,0,0,0,0,31,0,0,2,0,1,0,0,0,0,0,1,0,0,0,0,2,1,0,0,0,0,0,0,0,0,0,85,0,0,0,0,4,0,0,0,0,0,0,0,0,0,0,0,0,0,0,0,0,0,0,0,0,0,3,0,0,0,0,0,0,0,0,0,0,0,0,0,0,0,0,0,0,0,0,0,0,0,0,0,0,0,4,0,0,0,0
"82_A Lady_noise_-12.5dB_sample2.wav",161,0,0,6,0,0,0,2,0,0,0,0,0,0,30,1,0,2,0,0,0,1,0,0,0,3,5,0,0,4,8,0,2,0,0,0,0,0,324,0,0,0,0,0,1,0,24,0,0,3,0,0,0,0,1,0,8,0,0,0,0,0,0,0,0,0,1,0,1,0,0,0,0,0,0,0,6,7,23,0,0,11,0,1,0,0,0,0,0,0,0,1,2,0,0,0,0,1,0,8,0
"39_051. Galantis - No Money (Official Video)_noise_-12.5dB_sample1.wav",152,0,0,0,0,0,0,0,0,0,0,0,0,0,28,0,0,1,0,0,0,0,0,0,0,0,0,0,0,0,0,0,0,0,0,2,0,0,0,0,0,0,0,0,0,0,0,0,0,0,0,0,0,0,0,0,0,0,0,0,0,0,0,13,0,0,0,0,0,0,0,0,0,0,0,0,0,0,0,0,0,0,0,0,0,0,0,0,0,0,0,0,0,0,0,0,0,0,0,1,0
"60_057. Get Off The Phone Song_noise_-12.5dB_sample1.wav",160,0,0,0,0,0,0,0,0,0,0,0,0,0,23,0,0,2,0,0,0,0,0,0,0,0,0,0,0,0,0,0,0,0,0,0,0,0,0,0,0,0,0,9,0,0,0,0,0,0,0,0,0,0,0,0,0,0,0,0,0,0,0,0,0,0,0,0,0,0,0,0,0,0,0,0,0,0,0,0,0,0,0,0,0,0,0,0,0,0,0,0,0,0,1,0,0,0,0,0,0
"23_048. Pharrell Williams - Happy (Official Music Video)_noise_-12.5dB_sample1.wav",166,0,0,0,1,0,0,0,0,0,0,0,0,1,31,0,0,2,0,0,0,0,0,0,0,0,0,0,0,0,0,1,0,0,0,1,0,0,0,0,0,0,0,1,0,0,0,0,0,0,0,0,0,1,0,0,0,0,0,0,0,0,0,0,0,0,0,0,0,0,0,0,0,0,0,0,0,0,0,1,0,0,0,0,0,0,1,0,0,0,24,0,0,0,0,0,0,0,1,3,0
"54_016. Taylor Swift - Blank Space_noise_-12.5dB_sample1.wav",164,0,0,0,0,1,0,2,0,0,0,0,0,6,33,0,0,3,0,0,0,0,0,0,0,1,0,0,0,0,0,4,0,0,0,0,0,0,0,1,0,0,0,0,0,0,0,0,0,0,0,0,0,0,0,0,0,1,0,0,0,0,0,0,0,0,0,0,0,0,0,0,0,0,0,0,0,0,2,0,0,0,0,0,1,0,0,0,0,0,0,0,0,0,1,0,0,0,0,0,0
"53_102. What_noise_-12.5dB_sample1.wav",161,0,0,0,0,0,0,0,0,0,0,0,0,0,29,0,0,2,0,0,0,0,0,0,0,0,0,0,0,0,0,0,0,0,0,0,0,0,0,0,0,0,0,0,0,0,0,0,0,0,0,0,0,0,0,0,0,0,0,0,0,0,0,0,0,5,0,0,0,0,0,0,0,1,0,0,0,0,0,0,0,0,0,0,0,0,0,0,0,0,0,0,2,0,0,0,2,0,0,2,0
"28_074. American Authors - Best Day Of My Life_noise_-12.5dB_sample2.wav",167,0,0,0,0,0,0,0,0,0,0,0,0,0,38,0,0,23,0,0,0,0,0,0,0,0,0,0,0,0,0,0,4,0,0,0,0,0,0,0,0,0,0,0,0,0,0,0,0,17,0,0,0,0,0,0,0,0,0,0,0,0,0,0,0,0,0,0,0,0,0,6,0,0,0,4,0,0,0,0,0,0,0,0,0,0,0,0,1,0,0,0,0,0,0,0,2,0,0,1,0
"32_086. Olly Murs - Grow Up (Official Video)_noise_-12.5dB_sample1.wav",166,0,0,0,0,0,0,2,0,0,0,0,0,0,33,0,0,0,0,0,0,0,0,0,0,1,0,0,0,0,0,0,0,0,0,0,2,0,0,0,0,0,0,0,0,11,3,0,0,0,0,0,0,0,0,0,0,0,0,0,0,0,0,0,0,0,0,0,0,0,0,0,0,0,0,0,0,0,0,36,0,1,0,0,0,0,7,0,0,0,0,0,0,2,0,0,0,0,0,0,0
"89_091. Faster Car - Anders Lystell feat. Kaliber [EPIDEMIC SOUND] (Lyrics)_noise_-12.5dB_sample1.wav",167,0,0,0,0,0,0,0,0,0,0,0,0,0,33,0,0,2,0,0,0,0,0,0,0,0,0,4,1,0,12,5,0,0,0,0,0,1,0,0,0,1,0,3,0,0,0,0,0,0,0,0,745,0,0,0,0,0,0,0,1,0,0,0,0,0,0,0,0,0,0,0,0,1,0,0,0,0,0,1,0,0,0,0,0,0,1,12,0,0,1,0,0,0,2,0,2,0,0,1,0
"28_074. American Authors - Best Day Of My Life_noise_-12.5dB_sample1.wav",170,0,0,0,0,0,0,8,0,0,0,0,0,0,33,0,0,82,0,0,0,2,0,0,0,1,5,0,0,0,0,0,0,0,0,0,2,0,0,0,0,0,0,0,0,0,0,0,0,0,0,0,0,0,5,0,0,0,0,0,0,0,0,0,0,0,0,0,0,2,0,0,0,1,0,0,0,0,0,0,0,0,0,0,0,0,0,0,0,0,0,0,0,0,1,0,5,0,0,0,0
"74_029. David Guetta - Hey Mama (Official Video) ft Nicki Minaj, Bebe Rexha & Afrojack_noise_-12.5dB_sample1.wav",163,0,0,1,0,0,0,0,0,0,0,0,0,0,33,0,0,2,0,0,0,0,0,0,0,0,0,0,0,0,0,0,5,0,0,2,2,0,0,0,0,0,0,0,0,0,0,0,0,0,0,0,0,0,0,0,0,0,0,0,0,0,0,0,0,0,0,0,0,0,0,9,0,0,0,0,0,0,0,0,0,0,0,0,0,1,0,1,0,0,0,0,29,0,0,0,0,0,0,0,0
"14_099. Sheppard Geronimo - [International Version] (Official music Video)_noise_-12.5dB_sample2.wav",163,1,0,163,0,0,0,36,0,0,0,0,0,3,30,25,0,22,0,0,0,3,0,0,1,1,271,2,0,0,213,4,57,0,0,0,1,0,0,0,0,0,0,0,18,0,0,0,0,92,0,0,0,0,0,0,0,0,0,0,0,0,0,0,0,0,13,0,24,23,0,7,0,0,0,15,0,38,1,0,0,0,0,53,0,0,0,2,0,0,0,46,20,0,0,0,2,31,0,0,0
"71_083. My Singing Monsters - Plant Island Theme_noise_-12.5dB_sample2.wav",164,17,0,0,16,0,0,0,0,0,0,0,0,0,33,0,0,4,0,0,0,0,2043,0,0,0,0,0,0,0,0,0,0,0,0,0,0,0,0,2,0,14,0,0,0,0,0,0,0,0,0,3,0,0,0,0,0,0,0,0,0,0,0,0,0,0,0,0,0,0,0,0,0,0,0,0,0,0,0,0,0,0,0,0,0,69,0,0,0,0,1,0,0,6,0,0,2,0,0,1,0
"38_082. Smoke and Mirrors_noise_-12.5dB_sample2.wav",165,41,0,0,0,23,0,0,0,0,0,1,0,0,33,0,0,4,0,0,0,0,0,0,0,2,1,0,6,0,8,1,0,0,0,0,1,0,0,0,0,0,0,0,0,0,0,1,3,740,0,0,0,0,0,0,6,0,0,0,0,0,0,0,0,0,0,0,0,5,0,0,0,3,0,5,0,0,0,0,4,15,2,0,0,0,1,0,1,0,0,0,0,0,5,0,4,0,0,2,0
"99_080. Melanie Martinez - Carousel (Official Music Video)_noise_-12.5dB_sample2.wav",164,0,0,0,0,0,1,0,0,0,0,0,0,0,31,0,0,0,0,0,0,0,0,0,0,1,0,0,0,0,0,0,0,0,0,0,2,0,0,0,0,0,0,0,0,0,0,0,0,0,0,0,0,0,0,0,0,0,0,0,0,0,0,0,0,0,0,661,0,0,0,0,0,0,0,0,0,0,0,0,0,0,0,0,0,0,0,1,0,0,0,0,0,0,0,0,2,0,0,1,0
"25_035. Alan Walker - Sing Me To Sleep_noise_-12.5dB_sample2.wav",166,0,0,2,2,0,0,3,0,0,0,0,0,6,33,0,0,2,0,0,0,0,0,0,1,1,1,0,0,0,0,2,0,0,0,6,0,0,0,0,0,0,0,0,0,0,0,0,0,0,0,0,0,0,0,0,0,0,0,0,0,0,0,0,0,0,0,0,2,0,0,0,0,0,0,0,0,0,6,0,0,0,0,0,0,8,1,2,0,0,0,0,0,0,0,0,2,106,0,1,0
"73_Turn the Lights Off_noise_-12.5dB_sample2.wav",174,0,17,5,0,0,0,0,2,0,0,3,0,0,47,34,0,4,3,0,0,0,0,4,0,3,0,0,0,788,17,181,209,0,0,0,11,0,3,1,86,0,0,0,0,0,1,0,0,0,0,0,0,0,0,0,0,0,0,0,0,0,0,1,0,0,0,0,11,4,6,33,0,1,0,3,0,0,0,0,0,2,0,0,0,0,16,10,0,0,0,5,0,0,1,0,0,0,0,0,0
"94_Banana Man_noise_-12.5dB_sample1.wav",160,0,1,0,0,0,0,0,0,0,0,0,1,0,32,0,0,3,0,0,0,0,0,0,0,51,0,0,0,0,0,0,0,0,0,0,0,0,0,0,0,0,0,0,0,0,1,0,0,0,0,0,0,12,0,0,0,0,0,0,0,0,0,0,0,0,0,0,0,0,0,0,0,0,0,0,0,0,0,0,0,0,1,0,0,0,0,0,0,0,0,0,0,0,0,0,0,0,0,2,0
"52_007. Katy Perry - Dark Horse ft. Juicy J_noise_-12.5dB_sample2.wav",164,0,0,0,0,0,1,0,0,0,0,0,0,0,26,0,0,2,0,0,1,0,0,0,0,0,0,0,0,0,0,0,0,0,8,0,3,0,0,0,0,0,0,0,0,0,0,13,0,0,0,0,0,0,5,0,0,16,0,0,0,0,0,0,0,34,0,0,0,0,0,0,0,0,0,0,0,12,0,0,0,0,0,0,6,0,0,0,0,0,0,0,0,0,58,0,4,0,0,101,0
"85_011. Martin Garrix - Animals (Official Video)_noise_-12.5dB_sample2.wav",160,0,0,2,0,0,0,0,0,0,0,0,0,388,29,0,0,4,0,0,0,0,0,0,0,2,0,0,0,0,0,0,0,0,0,0,0,0,0,0,0,0,0,0,0,0,0,0,0,0,0,1,0,0,0,0,0,0,0,0,0,0,0,0,0,1,0,0,0,0,0,0,0,0,0,0,0,0,0,0,0,0,2,0,0,0,0,0,0,0,0,0,0,0,0,2,2,0,0,2,0
"31_058. Rub Some Bacon on It_noise_-12.5dB_sample1.wav",167,0,4,2354,40,314,0,149,1,0,0,0,0,0,15,1,0,4,0,0,2,1,0,0,0,349,0,328,0,32,0,141,4,13872,0,0,0,0,0,0,0,0,0,0,189,0,37,0,0,4,0,0,0,0,12,2,0,11,0,0,0,0,0,0,0,1007,0,25,0,0,4,33,0,0,132,0,0,0,0,0,0,0,2,0,0,0,829,0,0,0,0,11,0,0,0,0,2,0,0,2,3
"42_046. Meghan Trainor - NO_noise_-12.5dB_sample1.wav",156,0,0,0,0,0,0,0,0,0,0,0,0,0,25,0,0,2,0,0,0,0,0,0,0,0,0,0,12,0,1,0,0,0,0,0,0,0,0,1,0,0,0,0,0,0,1,0,0,0,0,7,0,0,0,0,0,0,0,0,0,0,0,0,0,0,0,0,0,0,0,0,0,0,0,0,0,0,0,0,0,0,0,0,0,0,0,0,0,0,0,0,0,0,1,0,2,0,0,0,0
"41_The Bidding_noise_-12.5dB_sample1.wav",161,0,0,0,0,0,0,0,0,0,0,0,0,1,33,0,0,1,0,0,0,0,0,0,0,2,0,0,0,0,0,0,0,0,0,0,1,0,0,0,0,0,0,0,0,0,0,0,0,0,0,0,0,0,0,0,0,0,0,0,0,0,0,0,0,0,0,0,0,0,0,0,0,0,0,0,0,0,0,0,0,0,0,0,0,0,0,0,0,0,0,0,0,0,0,0,0,0,0,0,0
"102_018. Shawn Mendes - Stitches (Official Music Video)_noise_-12.5dB_sample1.wav",160,2,0,0,0,1,0,0,0,0,0,57,0,0,33,0,0,2,0,0,0,0,0,0,0,1,0,0,0,2,0,0,0,0,0,0,1,0,1,1,0,0,0,0,0,0,0,0,0,1,0,0,0,0,0,0,1,0,0,0,0,0,0,0,0,0,0,0,0,0,0,0,0,0,0,0,0,0,0,0,0,0,0,4,0,0,0,0,0,0,0,0,0,0,0,0,4,0,0,2,0
"66_Cruel_Summer_noise_-12.5dB_sample1.wav",156,0,0,54,0,15,0,24,0,0,0,0,0,0,15,1,0,11,0,0,0,0,0,0,0,4,0,12,0,1,0,3,8,44,0,0,1,0,0,1,0,0,0,0,5,0,1,0,41,0,0,0,0,0,4,0,0,7,0,0,0,0,2,0,0,18,0,1,0,0,4,3,0,0,11,1,0,0,0,0,0,0,0,0,0,0,18,0,0,0,0,1,0,0,0,0,3,0,0,1,0
"30_Cannibal_noise_-12.5dB_sample2.wav",161,0,0,0,0,0,0,0,0,0,0,0,0,0,33,0,0,2,0,0,1,0,0,0,0,1,0,0,0,0,0,1,0,0,0,0,0,0,0,0,0,0,0,0,0,0,0,0,0,0,0,0,0,0,0,0,0,0,0,0,0,0,0,0,0,0,0,0,0,0,0,0,0,0,2,0,0,0,0,0,0,0,0,2,0,0,14,0,0,0,0,0,0,0,1,0,0,0,0,0,0
"29_010. Katy Perry - Part Of Me (Official)_noise_-12.5dB_sample1.wav",155,0,2,10,25,0,0,0,0,0,0,0,0,0,30,0,0,8,0,0,0,0,0,0,0,2,0,2,0,0,0,0,0,0,0,0,0,0,0,0,0,0,0,0,0,0,0,0,0,0,0,0,0,0,0,0,0,1,0,0,0,0,0,0,0,1,1,3,0,0,1,0,0,0,0,0,0,0,0,0,0,0,0,0,0,0,0,0,0,0,0,0,0,0,2,0,2,0,0,0,2
"42_046. Meghan Trainor - NO_noise_-12.5dB_sample2.wav",157,0,0,0,0,0,0,0,0,0,0,0,0,1,33,0,0,2,0,0,1,0,0,0,0,0,0,0,64,0,0,0,0,0,0,0,0,0,0,0,0,1,0,0,0,0,0,0,0,0,0,0,0,0,0,0,0,0,0,0,0,0,0,0,0,0,0,0,0,0,0,0,0,0,0,0,0,0,0,0,0,0,0,0,0,0,0,0,0,0,0,0,0,0,0,0,2,0,0,0,0
"17_084. Thomas Rhett - Crash and Burn_noise_-12.5dB_sample1.wav",159,0,0,0,0,0,0,0,0,0,0,0,0,0,32,0,15,4,0,0,0,0,0,0,0,0,0,0,0,0,0,0,0,0,0,0,0,0,0,0,0,0,0,0,0,0,0,0,0,0,0,0,0,0,0,0,0,0,0,0,0,0,0,0,0,0,0,0,0,0,0,0,0,1,0,0,0,3,0,0,0,0,0,0,0,0,0,0,0,0,0,0,0,0,2,0,0,0,0,2,0
"101_070. Eminence - Knock Me Out (feat. Anna Cyzon) [Monstercat Official Music Video]_noise_-12.5dB_sample1.wav",166,0,16,454,20,136,0,0,0,0,0,0,0,9,33,0,0,2,0,0,0,1,0,12,5,23,0,82,0,1,0,2,22,440,5,68,0,0,0,1,0,1,0,0,45,0,8,0,0,1,0,0,0,0,0,0,0,6,0,2,0,0,0,0,50,149,0,2,1,2,1,23,0,0,76,15,0,0,1,0,0,0,0,0,0,1,176,0,0,0,0,8,0,0,3,0,2,0,2,1,2
"18_044. tony igy-stop in my mind_noise_-12.5dB_sample1.wav",156,0,0,0,2,0,0,2,0,0,2,0,0,22,33,0,0,4,1,0,0,0,0,0,0,20,2,1,0,0,0,131,0,26,0,0,0,0,1,0,0,1,0,0,0,0,0,0,0,0,0,0,0,0,0,0,0,12,0,0,0,0,0,0,0,8,0,1,0,0,6,0,0,3,0,1,0,0,3,0,0,0,0,0,0,0,27,0,0,0,0,0,2,0,1,0,2,0,0,3,0
"62_061. LEFT SCREEN ONLY Spot the Differences_noise_-12.5dB_sample2.wav",157,0,0,0,0,0,0,0,0,0,0,0,0,0,31,0,0,2,0,0,0,0,0,0,0,0,0,0,0,0,0,0,0,0,0,0,0,0,0,0,0,0,0,0,0,0,0,0,0,0,0,0,0,0,0,0,0,0,0,0,0,0,0,0,0,0,0,0,0,0,0,0,0,0,0,0,0,0,0,0,39,0,0,0,0,0,0,0,0,0,0,0,0,0,0,0,0,0,0,0,0
"36_072. Jessie J - Price Tag ft. B.o.B_noise_-12.5dB_sample1.wav",162,3,0,0,0,8,0,0,0,0,0,0,0,0,33,0,0,2,0,0,0,0,0,0,0,2,0,0,0,0,0,0,0,0,0,0,0,0,0,0,0,0,0,0,0,0,0,0,0,9,0,0,0,0,0,0,0,1,0,0,0,0,0,0,3,0,0,0,0,0,0,0,0,0,0,0,0,0,0,0,0,0,0,0,0,0,0,0,0,0,0,0,3,0,65,0,2,0,0,2,0
"64_097. Nightcore - Running With the Wolves [Lyrics]_noise_-12.5dB_sample1.wav",157,0,0,0,0,0,0,0,0,0,0,0,0,0,23,0,0,1,0,0,3,0,0,0,0,0,0,0,0,0,0,0,0,0,0,0,0,0,0,0,0,0,0,0,0,0,0,0,0,0,0,0,0,0,0,0,0,0,0,3,0,0,0,0,0,0,0,0,0,0,0,0,0,0,0,0,127,0,0,0,0,0,0,0,0,0,0,0,0,0,0,0,0,0,0,0,0,0,0,1,0
"27_022. Major Lazer & DJ Snake - Lean On (feat. MØ) [Official Music Video]_noise_-12.5dB_sample1.wav",169,0,0,44,0,1,0,0,0,74,0,0,0,0,31,1,0,1,0,0,0,0,2,0,3,0,0,0,0,0,0,1,0,0,3,0,1,0,2,2,0,1,0,0,0,0,0,16,0,0,1,0,0,0,1,0,0,5,0,0,0,0,11,0,0,1,0,0,0,0,0,1,0,3,0,0,0,1,0,0,0,0,0,0,0,3,0,0,0,0,0,5,0,0,21,1,2,0,0,2,0
"15_060. My OCD (Song)_noise_-12.5dB_sample2.wav",158,0,0,0,0,0,0,0,0,0,0,0,0,0,33,0,0,2,0,0,0,0,0,0,0,1,0,0,0,0,0,0,0,0,0,0,0,0,0,1,0,0,0,0,0,0,0,0,0,0,0,0,0,0,0,0,0,0,0,0,0,0,0,0,0,0,0,0,2,0,0,0,0,3,0,0,0,0,0,0,0,0,0,0,0,0,0,0,0,0,0,0,0,0,0,0,6,0,0,1,0
"104_024. twenty one pilots Stressed Out [OFFICIAL VIDEO]_noise_-12.5dB_sample1.wav",161,0,0,2,0,0,0,0,0,0,0,0,0,0,30,0,0,0,2,0,0,0,0,0,0,1,0,0,0,0,0,0,0,0,0,0,0,0,0,0,0,0,0,0,2,0,0,0,0,0,0,0,0,0,0,0,0,0,0,0,0,0,0,0,0,0,1,0,0,0,0,2,0,0,0,1,0,0,0,0,0,0,0,0,0,0,0,0,0,0,0,0,0,0,0,0,4,0,0,0,0
"37_063. Bastille - Pompeii (Official Music Video)_noise_-12.5dB_sample1.wav",155,9,1,7,5,0,0,0,0,0,0,0,0,0,29,0,0,1,0,0,0,0,0,2,0,2,13,5,0,0,2,2,0,22,0,0,0,0,0,0,0,0,0,0,0,0,0,0,0,0,0,0,0,1,0,0,0,0,0,1,0,0,0,0,0,4,0,0,0,44,1,0,0,0,0,7,0,0,0,0,0,1,0,0,0,0,2,0,0,0,0,1,0,0,0,0,4,0,0,1,0
"75_078. Kungs vs Cookin on 3 Burners - This Girl (Official Music Video)_noise_-12.5dB_sample1.wav",156,0,0,0,0,0,29,0,0,0,0,0,0,0,30,0,2,1,0,0,0,0,0,0,0,0,0,0,1,0,0,0,0,0,0,1,0,0,11,0,0,0,2,0,1,0,0,0,0,0,0,0,0,0,0,0,0,0,0,0,0,0,0,0,0,0,0,0,0,0,0,0,0,0,0,0,0,16,0,0,0,0,0,0,0,0,0,0,0,0,0,0,0,0,0,0,4,0,0,0,0
"63_087. Anaconda - Nicki Minaj  The Fitness Marshall  Dance Workout_noise_-12.5dB_sample1.wav",151,0,0,0,0,0,0,0,0,0,0,0,0,0,24,0,0,2,0,0,0,0,0,0,0,0,0,0,0,0,0,0,0,0,0,0,0,0,0,0,0,0,0,0,0,0,0,0,0,0,0,0,0,0,0,0,0,0,0,0,0,0,0,0,0,0,0,0,0,0,0,0,0,1,0,0,0,0,5,0,0,0,0,0,0,0,0,0,0,0,0,0,0,0,0,0,1,0,0,0,0
"27_022. Major Lazer & DJ Snake - Lean On (feat. MØ) [Official Music Video]_noise_-12.5dB_sample2.wav",155,0,0,0,0,0,0,0,0,3,0,0,0,0,33,0,0,0,0,0,0,0,0,0,0,0,0,0,0,0,0,1,0,0,0,0,0,0,0,0,0,0,0,0,0,0,0,1,0,0,0,0,0,0,0,0,0,0,0,0,0,0,0,0,0,0,0,0,0,0,0,0,0,1,0,0,0,0,0,0,0,0,0,0,0,0,0,0,0,0,0,0,0,0,3,0,0,0,0,0,0
"67_090. Josh Groban - You Raise Me Up (Official Music Video) [HD Remaster]_noise_-12.5dB_sample1.wav",163,4,0,44,2,6,26,0,0,4,0,5,0,0,31,0,0,3,0,1,0,0,0,0,0,1,0,0,0,0,0,0,0,0,9,1,4,0,0,1,0,0,5,0,0,32,0,79,0,0,20,3,1,6,42,5,4,15,5,2,1,0,11,0,0,99,0,0,0,0,0,0,0,0,0,0,0,53,0,3,0,0,3,0,32,0,0,0,0,0,0,0,0,0,226,0,2,2,0,5,0
"44_Sacred Beast_noise_-12.5dB_sample1.wav",216,0,0,23,0,0,0,0,0,0,0,1,0,0,33,0,0,3,0,0,0,0,0,0,20,1,0,0,0,0,0,0,0,0,20,0,3,0,17,1,0,0,14,0,0,0,0,0,0,10,0,0,6,0,14,0,0,0,0,0,0,0,0,0,0,8,0,0,1,0,0,3,5,1,0,0,0,178,0,0,0,0,0,0,0,0,0,0,0,0,0,0,0,0,0,0,2,8,0,0,0
"49_050. Carly Rae Jepsen - I Really Like You_noise_-12.5dB_sample1.wav",159,0,0,0,0,0,0,0,0,0,0,0,0,0,26,0,0,2,0,0,0,0,0,0,0,1,0,0,0,0,0,0,0,0,0,0,2,0,0,0,0,0,0,0,0,0,0,0,0,0,0,0,0,0,0,0,0,0,0,0,0,0,0,0,0,0,0,0,0,0,0,0,0,0,0,0,0,0,0,0,0,0,0,0,0,0,0,0,0,0,0,0,0,0,0,0,2,0,0,0,0
"45_005. OneRepublic - Counting Stars_noise_-12.5dB_sample2.wav",160,0,1,0,0,0,0,0,0,0,0,0,0,1,24,0,0,3,9,0,0,0,0,0,0,1,0,0,0,0,0,0,0,1,0,0,0,0,0,0,0,1,0,0,0,0,0,0,0,0,0,0,0,0,0,0,0,0,0,0,0,0,0,1,0,0,0,0,47,0,0,0,0,0,0,0,0,0,0,0,0,1,0,0,0,0,0,0,0,1,0,0,0,0,1,2,2,0,0,0,0
"40_052. Lindsey Stirling - Moon Trance (Official Music Video)_noise_-12.5dB_sample1.wav",210,0,0,0,2,0,0,0,0,0,0,0,0,0,33,0,0,4,0,48,0,0,0,4,0,0,0,0,0,0,0,2,0,0,0,0,0,0,0,0,0,0,0,0,0,0,0,0,0,0,0,0,0,0,0,0,0,1,0,1,0,0,0,0,0,1,0,0,0,0,0,0,0,0,0,0,0,0,0,0,0,0,0,0,0,0,3,0,0,0,0,0,0,0,1,0,2,0,0,1,0
"4_003. Lorde - Royals (US Version)_noise_-12.5dB_sample2.wav",164,0,0,0,0,0,0,0,0,0,0,0,0,0,33,0,0,4,30,0,0,0,0,0,0,1,0,1,0,0,0,0,0,0,0,0,0,0,0,2,0,0,0,0,1,0,0,0,0,0,0,0,0,0,0,0,0,0,0,0,0,0,0,0,0,3,0,0,0,0,0,0,0,0,0,0,0,0,0,0,0,0,0,0,0,0,0,0,0,0,0,0,0,0,0,0,2,0,0,0,0
"79_095. Alan Walker - Alone_noise_-12.5dB_sample1.wav",155,0,0,0,0,0,0,0,0,0,0,0,0,0,31,0,0,4,0,0,0,0,0,0,0,0,0,0,0,0,0,2,0,0,0,0,0,0,0,0,0,0,0,0,0,0,0,0,0,0,0,0,0,1,0,0,0,3,0,0,0,0,0,0,0,2,0,0,0,0,1,0,0,1,0,1,0,0,0,0,0,0,0,0,0,0,1,0,0,0,0,0,0,0,2,0,6,0,0,2,0
"38_082. Smoke and Mirrors_noise_-12.5dB_sample1.wav",160,1,0,0,0,0,0,0,0,0,0,0,0,0,33,0,0,2,0,1,0,0,0,0,0,3,0,0,0,0,0,0,0,0,1,0,0,0,0,0,0,0,0,0,0,0,0,0,0,23,0,0,0,0,0,0,0,0,0,0,0,0,0,0,0,0,0,0,0,0,0,0,0,0,3,0,0,0,0,0,0,0,0,1,0,4,0,0,0,0,0,0,0,0,0,0,2,0,0,0,0
"90_064. Eurythmics, Annie Lennox, Dave Stewart - Sweet Dreams (Are Made Of This) (Official Video)_noise_-12.5dB_sample2.wav",156,0,0,0,0,0,0,0,0,0,0,0,0,0,33,0,0,1,0,0,0,0,0,0,0,0,0,0,0,0,0,0,0,0,0,0,1,0,0,0,0,0,0,0,0,0,0,0,0,0,0,0,0,0,0,0,0,0,0,0,0,0,0,0,0,0,0,0,0,0,0,0,0,0,0,0,0,0,0,0,0,0,0,0,0,0,0,0,0,38,0,0,0,0,0,0,0,0,0,0,0
"35_036. Fall Out Boy - Centuries (Official Video)_noise_-12.5dB_sample1.wav",158,0,0,0,0,0,0,0,0,0,0,0,0,0,29,0,0,1,0,0,0,0,0,0,0,0,0,0,0,0,0,0,0,0,0,8,0,0,0,0,0,0,0,0,0,0,0,0,0,0,0,0,0,0,0,0,0,0,0,0,0,0,0,0,0,0,0,0,0,0,0,0,0,0,0,0,0,0,0,0,0,0,0,0,0,0,0,0,0,0,0,0,0,0,2,0,0,0,0,3,0
"0_096. Nightcore - Mad World_noise_-12.5dB_sample1.wav",156,0,0,0,0,0,0,0,0,0,0,0,0,0,33,0,0,0,0,0,5,0,0,0,6,0,0,0,0,0,0,0,0,0,0,0,0,0,0,0,0,0,0,0,0,0,0,0,0,0,0,0,0,0,0,0,0,0,0,0,0,0,0,0,0,0,0,0,0,0,0,0,0,0,0,0,0,6,0,0,0,0,0,0,0,0,0,0,0,0,0,0,0,0,0,0,0,0,0,0,0
"33_076. Galantis - Firebird (Official Audio)_noise_-12.5dB_sample2.wav",161,5,0,29,0,0,5,0,0,3,0,14,0,1,33,0,0,2,0,1,2,0,0,0,37,1,0,0,0,0,5,0,2,0,30,0,1,0,0,0,0,0,3,0,0,30,26,36,0,49,15,3,0,3,0,0,2,0,0,0,22,0,0,0,0,1,0,0,0,0,0,0,0,0,0,0,0,6,0,0,0,0,0,0,3,0,0,0,0,0,0,0,0,20,0,0,2,0,0,0,0
"89_091. Faster Car - Anders Lystell feat. Kaliber [EPIDEMIC SOUND] (Lyrics)_noise_-12.5dB_sample2.wav",162,0,0,1,0,0,0,65,0,0,0,0,0,0,33,0,0,0,0,0,0,0,0,0,0,0,0,1,3,0,0,0,0,0,0,0,0,0,0,0,0,0,0,0,0,0,0,0,0,0,0,0,95,3,0,0,0,0,0,0,0,0,0,1,0,0,0,0,2,0,0,0,0,0,0,0,0,0,0,0,0,0,0,0,0,6,56,0,0,1,2,0,0,0,0,0,2,0,0,3,0
"94_Banana Man_noise_-12.5dB_sample2.wav",159,0,3,0,0,0,0,0,0,0,0,0,0,0,33,0,0,2,0,0,0,0,0,0,0,0,0,0,0,0,0,0,0,0,0,0,0,0,0,0,0,0,0,0,0,0,0,0,0,0,0,0,0,0,0,0,0,0,0,0,0,0,0,0,0,0,0,0,7,0,0,1,0,0,0,0,0,0,0,0,0,0,0,0,0,0,0,0,0,0,0,0,0,0,0,0,4,0,0,0,0
"61_045. The Black Eyed Peas - I Gotta Feeling (Official Music Video)_noise_-12.5dB_sample1.wav",159,0,0,0,0,0,9,0,0,2,0,0,0,1,32,1,0,2,0,0,0,0,0,0,6,1,0,0,0,0,0,0,0,0,9,0,0,0,2,2,0,0,0,0,0,0,0,0,0,0,0,0,0,0,0,0,0,5,0,0,6,0,0,0,0,0,0,0,0,0,0,0,0,0,0,0,0,1,0,0,0,0,0,0,0,77,0,0,0,0,0,5,0,0,1,0,2,0,0,2,0
"19_054. Owl City - When Can I See You Again (From Wreck it Ralph)_noise_-12.5dB_sample1.wav",159,2,1,0,0,0,0,0,0,0,2,0,0,0,33,2,0,4,0,0,0,0,0,0,0,0,0,0,0,0,0,0,0,0,0,1,0,0,0,0,0,0,0,0,0,8,0,0,0,0,0,0,0,0,0,0,0,0,0,0,0,0,0,0,0,0,0,0,0,1,0,0,0,0,0,0,0,0,0,0,0,0,0,0,0,0,0,0,0,0,0,0,0,0,0,0,0,3,0,2,0
"69_066. Jessie J - Bang Bang ft. Ariana Grande, Nicki Minaj_noise_-12.5dB_sample2.wav",158,0,0,0,0,0,0,0,0,0,0,0,0,0,33,0,0,2,0,0,0,0,0,0,0,1,0,0,0,0,0,0,0,0,0,0,0,0,0,0,0,0,0,0,0,0,0,0,0,0,0,0,0,0,0,52,0,0,0,0,3,0,0,0,0,0,0,0,0,0,0,0,0,1,0,0,0,0,0,0,0,0,0,0,0,0,0,0,0,0,0,0,0,0,2,0,2,0,0,0,0
"86_019. Naughty Boy - La la la ft. Sam Smith (Official Video)_noise_-12.5dB_sample2.wav",159,0,1,0,0,0,0,0,0,0,2,0,0,0,33,8,0,4,0,0,0,0,0,0,0,0,0,0,0,0,0,0,21,0,0,0,0,0,0,0,0,0,0,0,0,0,0,0,0,0,0,0,0,0,0,0,0,0,0,0,0,0,0,0,0,0,0,0,0,0,1,3,0,1,0,0,0,0,0,0,0,0,0,0,0,0,0,23,0,0,0,0,0,0,1,0,0,0,0,0,0
"21_085. Janji ft. Johnning - Heroes Tonight 1 HOUR_noise_-12.5dB_sample2.wav",166,0,0,0,0,6,0,0,0,0,0,5,0,0,33,0,1,2,0,1,0,0,0,0,3,1,0,0,0,0,0,0,0,0,3,0,1,0,0,1,0,0,0,0,0,47,0,69,0,0,18,2,0,4,6,0,0,0,0,0,1,0,0,0,0,32,0,0,0,0,0,0,0,0,0,0,0,0,0,2,0,0,0,0,12,3,0,0,0,0,0,0,0,0,0,0,2,0,0,0,0
"91_Greener_noise_-12.5dB_sample1.wav",176,8,2,0,0,2,0,12,0,0,0,0,2,0,22,0,0,2,0,0,0,0,0,0,0,0,0,0,0,1,6,0,0,0,0,1,0,0,0,1,0,0,0,1,0,0,0,0,0,21,0,3,0,0,0,0,2,0,0,0,1,0,0,5,22,0,0,0,0,0,0,0,4,0,0,0,0,0,0,3,4,0,0,1,0,0,0,3,0,0,0,0,0,0,0,0,1,0,0,0,0
"48_027. MAGIC! - Rude (Official Video)_noise_-12.5dB_sample1.wav",158,0,0,0,0,0,0,0,0,0,0,0,0,0,33,0,0,4,0,0,0,0,0,0,0,1,0,1,0,0,0,0,0,0,0,0,0,5,0,1,0,0,0,0,0,0,0,0,0,0,0,0,0,0,0,0,0,0,0,0,0,0,0,0,0,0,0,0,0,0,0,0,0,0,0,0,0,0,0,0,0,0,0,0,0,0,0,0,0,0,0,0,0,0,0,0,4,0,0,1,0
"43_098. Nightcore~ The Wolf_noise_-12.5dB_sample2.wav",158,0,0,0,0,0,0,0,0,0,1,0,0,2,33,0,0,4,0,0,0,0,0,0,0,1,0,0,0,0,0,0,0,0,0,0,0,0,0,0,0,0,0,0,0,0,0,0,0,0,0,0,0,0,0,0,0,0,0,0,0,0,0,0,0,0,0,0,0,0,0,0,0,0,0,0,0,0,0,0,0,0,0,0,0,0,0,0,0,0,0,0,0,0,0,152,0,0,0,2,0
"59_014. Avicii - Hey Brother (Lyric)_noise_-12.5dB_sample2.wav",204,0,2,0,2,0,0,0,0,1,20,0,0,0,30,1,0,2,0,1,0,2,0,3,192,2,0,1,0,0,0,0,0,0,251,0,3,0,0,1,0,0,0,0,0,4,0,0,0,0,0,0,0,0,0,0,6,2,0,8,0,0,0,0,0,0,0,0,0,0,3,0,0,0,1,0,0,10,1,1,0,0,0,0,0,6,0,0,0,0,0,3,0,0,3,0,2,0,0,1,0
"95_053. Avicii - Hey Brother_noise_-12.5dB_sample1.wav",174,0,0,0,0,0,0,0,0,1,0,0,0,0,33,0,0,2,0,0,0,1,0,0,61,0,0,0,0,0,0,0,0,0,72,0,0,0,9,1,0,0,0,0,0,1,0,0,0,0,0,0,0,0,0,0,0,3,0,0,2,0,0,0,0,0,0,0,0,0,0,0,0,3,0,0,0,0,0,0,0,0,0,0,0,7,0,0,0,0,0,1,0,0,0,0,0,0,0,2,0
"52_007. Katy Perry - Dark Horse ft. Juicy J_noise_-12.5dB_sample1.wav",169,0,0,0,0,0,0,0,0,1,1,0,0,0,32,0,0,2,0,0,0,0,0,0,0,1,0,0,0,0,0,0,0,0,0,0,0,0,0,1,0,0,0,0,0,0,0,1,0,0,0,0,0,0,0,0,0,0,0,0,0,0,0,0,0,0,0,0,0,0,0,0,0,0,0,0,1,0,0,0,0,0,0,0,0,0,0,0,0,0,0,0,2,0,2,0,4,0,0,95,0
"47_020. Warriors (ft. Imagine Dragons)  Worlds 2014 - League of Legends_noise_-12.5dB_sample2.wav",160,0,0,0,0,0,0,0,0,0,0,0,0,0,31,0,0,2,0,0,0,1,0,0,0,0,0,0,0,0,0,0,2,0,0,11,0,0,0,1,0,0,0,0,0,0,0,0,0,0,0,0,0,0,0,0,0,0,0,0,0,0,0,0,9,1,0,0,0,37,0,2,0,0,0,0,0,0,0,0,0,0,0,0,0,1,0,0,0,0,0,0,0,0,0,0,0,0,0,1,1
"10_012. Calvin Harris - I Need Your Love (Official Video) ft. Ellie Goulding_noise_-12.5dB_sample2.wav",158,0,0,11,0,1,0,0,0,2,0,0,0,0,10,0,0,1,0,0,0,0,0,0,0,1,0,0,0,0,0,0,0,0,0,0,4,0,0,0,0,0,0,0,0,18,0,4,0,0,0,0,0,0,3,0,0,0,0,0,0,0,2,0,0,4,0,0,0,0,0,0,0,0,0,0,0,0,0,0,0,0,0,0,0,0,0,0,0,0,0,0,0,0,13,1,2,1,0,0,0
"49_050. Carly Rae Jepsen - I Really Like You_noise_-12.5dB_sample2.wav",161,0,0,0,0,0,0,0,0,0,0,0,0,0,29,0,0,0,0,0,0,0,0,0,0,1,0,0,0,0,0,0,0,0,0,0,0,0,0,0,0,1,0,0,0,5,0,60,0,0,31,3,0,12,3,0,1,0,5,0,1,0,0,0,0,0,0,0,0,0,0,0,0,0,0,0,0,0,0,0,0,0,0,0,30,0,0,0,0,0,0,0,0,0,0,0,0,0,0,0,0
"88_033. Fifth Harmony - Worth It (Official Video) ft. Kid Ink_noise_-12.5dB_sample1.wav",161,0,0,0,0,0,0,0,0,0,11,0,0,0,32,0,0,0,0,0,0,0,0,0,0,0,0,0,0,0,0,0,0,0,4,0,0,0,0,0,0,0,0,0,0,0,0,0,0,0,0,0,0,0,0,0,0,0,0,0,0,0,0,0,0,0,0,0,1,0,0,0,0,0,0,0,0,0,0,0,0,0,0,0,0,0,0,0,0,0,0,0,0,0,0,0,2,0,0,0,0
"31_058. Rub Some Bacon on It_noise_-12.5dB_sample2.wav",181,0,2,2378,87,330,0,29,0,0,0,0,0,0,33,0,0,18,0,0,0,4,0,0,0,557,0,338,0,85,0,278,0,19887,0,0,0,0,0,0,0,0,0,0,198,0,71,0,0,5,0,0,0,0,1,0,0,20,0,12,0,0,0,0,0,993,0,42,0,0,34,33,0,0,132,0,0,0,0,0,0,0,1,0,0,0,802,0,0,0,0,11,0,0,0,0,11,0,0,0,1
"81_013. Passenger  Let Her Go (Official Video)_noise_-12.5dB_sample1.wav",168,0,1,0,0,0,0,0,0,0,0,0,0,0,33,4,0,2,1,0,0,0,0,0,0,1,0,0,0,1,2,0,0,0,0,1,0,0,0,0,5,0,0,0,0,0,0,0,0,0,0,0,0,0,0,0,0,0,0,0,0,0,18,0,0,0,0,0,0,0,0,4,0,0,0,0,0,0,0,0,0,0,0,0,0,0,2,1,0,0,0,0,2,0,0,0,2,0,0,0,0
"22_094. Harry Potter Puppet Pals - The Mysterious Ticking Noise (Video With Lyrics)_noise_-12.5dB_sample2.wav",158,0,0,0,0,0,0,0,0,0,0,0,1,0,33,0,0,2,0,0,0,0,0,0,0,1,0,0,0,0,0,0,0,0,0,0,0,0,0,0,0,0,0,0,0,0,0,0,0,0,0,0,0,0,0,0,0,0,0,0,0,0,0,0,0,0,0,0,0,0,0,0,0,0,0,0,0,0,0,0,0,0,0,0,0,0,0,0,0,0,0,0,0,0,1,0,4,0,0,0,0
"78_026. Katy Perry - Firework (Official Music Video)_noise_-12.5dB_sample1.wav",162,4,0,9,22,4,6,0,0,44,0,12,0,1,8,0,2,2,0,0,0,0,0,0,0,3,0,0,0,0,0,0,0,0,10,0,4,0,0,0,0,2,88,0,0,90,5,4911,0,0,1298,22,0,99,55,3,11,9,33,0,11,0,0,0,0,68,0,0,0,0,0,0,0,0,0,0,0,27,0,22,0,1,1,0,143,0,0,1,0,2,0,0,0,0,174,0,2,0,0,22,0
"33_076. Galantis - Firebird (Official Audio)_noise_-12.5dB_sample1.wav",160,6,0,26,0,0,6,0,0,0,0,0,0,0,33,0,0,1,1,1,0,0,0,0,0,2,0,0,0,0,6,0,3,0,0,0,0,0,0,0,0,0,5,0,0,4,35,43,0,0,14,3,0,6,3,0,0,0,0,0,79,0,0,0,0,0,0,0,0,0,0,0,0,1,0,0,0,0,0,0,0,0,0,0,6,0,0,0,0,0,0,0,0,27,1,0,4,0,0,0,0
"97_075. Lindsey Stirling - Prism (Official Video)_noise_-12.5dB_sample1.wav",157,0,0,0,0,0,0,141,0,0,0,0,0,0,33,0,0,3,0,0,0,0,0,0,0,1,0,0,0,13,0,0,0,0,0,0,0,0,0,0,0,0,0,1,42,0,0,0,0,60,0,3,0,0,0,0,0,0,0,0,0,0,0,0,0,0,0,0,11,0,0,6,13,0,0,0,0,0,0,0,0,0,0,0,0,0,2,1,0,0,1,0,0,0,1,0,1,0,0,0,0
"14_099. Sheppard Geronimo - [International Version] (Official music Video)_noise_-12.5dB_sample1.wav",161,0,0,0,0,0,0,2,0,0,0,0,0,7,29,0,0,2,1,0,0,0,0,0,0,1,58,0,0,0,0,4,0,0,0,0,0,0,0,0,0,0,0,0,0,0,0,0,0,0,0,0,0,0,0,0,0,1,0,0,0,0,0,0,0,3,0,0,0,0,0,0,0,0,0,0,0,0,0,0,0,0,0,0,0,0,1,0,0,0,0,0,0,0,0,0,2,0,0,1,0
"68_055. Madness - Our House (Official 4K Video)_noise_-12.5dB_sample1.wav",253,0,0,0,0,0,0,0,0,0,0,0,0,0,28,0,0,0,0,0,0,2,0,0,0,0,0,0,0,0,0,0,0,0,0,0,0,0,0,0,0,0,0,0,0,0,0,0,0,0,0,0,0,0,0,0,0,0,0,0,0,0,0,0,0,0,0,0,0,0,0,0,0,0,0,0,0,0,0,0,0,0,11,0,0,0,0,0,0,0,0,0,0,0,0,0,0,0,0,0,0
"32_086. Olly Murs - Grow Up (Official Video)_noise_-12.5dB_sample2.wav",251,0,0,4,0,0,0,0,0,0,0,0,0,0,31,0,0,1,0,0,0,0,0,0,0,0,0,0,0,0,0,0,0,0,0,0,0,0,0,0,0,0,0,0,1,0,0,0,0,0,0,0,0,0,0,0,0,0,0,0,0,0,0,0,0,0,0,0,0,0,0,0,0,0,0,0,0,0,0,31,0,0,0,0,0,0,0,0,0,0,0,0,0,0,0,0,2,0,0,0,0
"92_025. Fall Out Boy - Immortals (From Big Hero 6)_noise_-12.5dB_sample2.wav",238,0,0,0,0,0,0,11,0,0,0,0,0,0,32,0,0,8,1,0,0,0,0,0,0,1,0,0,0,0,0,0,0,0,0,1,0,0,0,0,0,0,0,0,0,0,0,0,0,0,0,0,0,0,0,0,0,0,0,0,0,0,0,0,0,0,0,0,0,0,0,0,0,1,0,0,0,0,0,0,0,0,0,0,0,0,0,0,0,0,2,0,0,0,2,0,2,0,0,1,0
"100_059. Nilla Wafer Top Hat Time  Song - Rhett & Link_noise_-12.5dB_sample1.wav",177,0,0,5,0,0,0,0,0,0,0,0,0,0,33,0,0,1,1,0,0,0,0,0,0,1,0,1,0,0,0,0,0,2,0,0,2,0,0,0,0,0,0,0,0,0,0,0,0,0,0,0,0,0,0,0,0,0,0,0,0,0,0,0,0,0,0,0,0,0,0,0,0,0,0,0,0,0,0,0,0,0,0,0,0,0,0,0,5,0,0,0,0,0,0,0,4,0,0,0,0
"7_092. Harry Potter Medley on Marimba_noise_-12.5dB_sample1.wav",157,5,0,342,0,0,5,0,0,0,0,0,0,0,29,0,0,2,0,0,0,0,0,0,0,0,0,0,0,0,5,0,2,0,0,0,0,0,0,0,0,0,0,0,0,0,26,0,0,0,0,3,0,0,1,0,0,1,0,4,11,0,0,0,0,0,0,0,0,0,0,0,0,1,0,0,0,0,0,0,0,0,0,0,0,0,0,0,0,0,0,0,0,20,0,0,1,0,0,0,0
"6_043. Wintergatan - Marble Machine (music instrument using 2000 marbles)_noise_-12.5dB_sample2.wav",238,0,0,881,33,1,7,15,0,1,2,0,161,0,159,5,0,11,1,1404,4,0,0,36,0,1,0,0,130,12,8,0,142,0,9,0,40,0,30,1168,0,0,6,0,0,12,0,29,7,0,0,0,0,0,8,1,11,39,18,0,0,0,6,0,0,164,44,0,0,0,66,55,0,11,11,7,0,24,0,1,0,9,1,0,103,2,0,0,0,0,0,4,11,0,180,0,2,48,0,12,46
"4_003. Lorde - Royals (US Version)_noise_-12.5dB_sample1.wav",192,0,0,32,0,0,0,0,0,0,0,0,0,0,32,0,0,0,0,33,0,0,0,0,0,1,0,0,0,0,0,0,0,0,0,0,3,0,0,0,0,0,0,0,0,0,0,0,0,0,0,0,0,0,0,0,0,0,0,0,0,0,0,0,0,3,0,0,0,1,0,14,0,4,0,0,0,0,0,0,0,0,0,0,0,0,0,1,0,0,0,0,0,0,0,0,2,0,0,0,1
"9_034. Pitbull - Timber (Official Video) ft. Ke$ha_noise_-12.5dB_sample1.wav",153,8,0,37,0,0,8,6,0,0,0,0,0,0,33,2,0,2,0,0,0,0,0,0,0,0,8,0,0,0,22,0,10,0,0,0,1,0,0,1,0,0,0,0,0,1,51,0,0,5,0,5,0,1,0,0,0,0,0,0,19,0,0,0,0,0,0,0,0,0,0,1,0,0,0,4,0,1,0,0,0,0,0,2,0,0,0,0,0,0,0,2,1,40,0,0,0,0,0,0,0
"105_101. Yann Tiersen - Comptine d`un autre ete - l`apres-midi_noise_-12.5dB_sample2.wav",151,0,10,1,0,0,0,6,0,0,0,0,0,0,24,38,0,2,0,0,0,0,0,1,0,1,0,0,0,0,15,0,14,0,0,12,2,0,0,3,43,3,0,0,0,0,0,0,0,31,0,0,0,0,0,0,0,0,0,0,0,0,0,0,0,0,0,0,0,0,4,248,0,0,0,0,0,0,0,0,0,0,0,0,0,0,11,3,0,0,0,1,0,0,0,0,4,12,0,0,0
"62_061. LEFT SCREEN ONLY Spot the Differences_noise_-12.5dB_sample1.wav",161,0,0,0,0,0,0,0,0,0,0,0,0,0,33,0,0,0,0,0,0,0,0,0,0,0,0,0,0,0,0,0,0,0,0,0,0,0,0,0,0,0,0,0,0,0,0,0,0,0,0,0,0,0,0,0,0,0,0,0,0,0,0,0,0,0,0,0,0,0,0,0,0,0,0,0,0,0,0,0,0,0,0,0,0,0,0,0,0,0,0,0,0,0,0,0,0,0,0,0,0
"36_072. Jessie J - Price Tag ft. B.o.B_noise_-12.5dB_sample2.wav",155,0,0,0,0,0,0,0,0,0,0,0,0,0,32,0,0,2,0,0,0,0,0,0,0,0,0,0,0,0,0,0,0,0,0,0,0,0,0,0,0,0,0,0,0,0,0,0,0,0,0,0,0,0,0,0,0,0,0,0,0,0,0,0,0,0,0,0,0,0,0,0,0,2,0,0,0,0,0,0,0,0,0,0,0,0,0,0,0,0,0,0,0,0,9,0,0,0,0,4,0
"48_027. MAGIC! - Rude (Official Video)_noise_-12.5dB_sample2.wav",186,0,0,0,0,0,0,0,0,0,0,0,0,0,32,0,0,1,0,0,0,0,0,0,0,0,0,0,0,0,0,0,0,0,0,0,0,5,0,0,0,0,0,0,0,0,0,0,0,0,0,0,0,0,0,0,0,0,0,0,0,0,0,0,0,0,0,0,1,0,0,0,0,2,0,0,0,0,0,0,0,0,0,0,0,0,0,0,0,0,0,0,0,0,0,0,2,0,0,0,0
"75_078. Kungs vs Cookin on 3 Burners - This Girl (Official Music Video)_noise_-12.5dB_sample2.wav",177,0,0,0,0,0,255,0,0,0,0,0,0,0,30,0,3,2,0,0,0,0,0,3,0,1,0,0,0,0,0,0,0,0,0,0,0,0,20,0,0,0,6,0,0,0,0,0,0,0,0,0,0,0,0,0,0,0,0,0,0,0,0,0,0,0,0,0,0,0,0,1,0,0,0,0,0,43,0,0,0,0,0,0,0,0,0,0,0,0,0,0,0,0,0,0,4,0,0,2,0
"78_026. Katy Perry - Firework (Official Music Video)_noise_-12.5dB_sample2.wav",157,0,0,0,2,1,3,0,0,8,0,0,0,1,33,0,0,2,0,0,1,0,0,0,0,1,0,0,0,0,0,0,0,0,0,1,0,0,0,1,0,0,17,0,0,16,0,331,0,0,143,6,0,29,15,1,6,1,9,0,3,0,0,0,0,11,0,3,0,0,0,0,0,1,0,0,0,7,0,4,0,0,1,0,28,0,0,0,0,0,0,0,0,0,11,0,0,0,0,3,0
"69_066. Jessie J - Bang Bang ft. Ariana Grande, Nicki Minaj_noise_-12.5dB_sample1.wav",159,0,0,23,0,0,1,0,0,0,0,11,0,1,33,0,0,4,0,0,2,0,0,0,0,0,0,0,0,0,0,0,0,0,0,0,0,0,0,0,0,0,0,0,0,0,0,7,0,0,0,0,0,0,0,60,0,0,0,0,0,0,0,0,0,1,0,1,0,0,0,0,0,0,0,1,0,0,0,1,0,0,0,0,2,0,0,0,0,0,0,0,0,0,18,0,0,0,0,2,0
"55_009. Taylor Swift - Shake It Off_noise_-12.5dB_sample1.wav",164,0,1,3,0,0,0,11,0,0,0,0,78,0,29,0,0,2,0,0,0,0,0,0,0,1,0,0,16,0,0,0,0,0,0,0,0,0,4,1121,0,0,0,0,0,5,0,0,0,0,0,0,0,0,0,0,5,0,0,0,0,0,0,1,0,20,0,0,0,0,22,5,0,0,5,0,0,0,0,0,0,1,0,0,14,0,0,0,0,0,0,0,0,0,0,0,2,9,0,0,4
"17_084. Thomas Rhett - Crash and Burn_noise_-12.5dB_sample2.wav",169,0,0,0,0,0,0,0,0,3,0,0,0,0,25,0,11,0,0,0,0,0,0,0,4,2,1,0,0,0,0,0,0,0,15,0,0,0,0,0,0,0,4,0,0,0,4,15,0,0,3,0,0,0,4,0,3,0,0,0,0,0,0,0,0,0,0,0,0,0,0,0,0,0,0,0,0,0,0,0,0,0,0,0,0,0,0,0,0,0,0,0,0,0,1,0,2,0,0,0,0
"84_001. Anna Kendrick - Cups_noise_-12.5dB_sample1.wav",163,0,0,0,0,0,0,0,0,0,0,0,0,0,33,0,0,2,1,1,0,0,0,0,0,1,0,0,0,0,0,0,0,0,0,0,0,0,0,0,0,0,0,0,0,0,0,1,0,0,0,0,0,0,0,0,0,0,0,0,0,0,0,0,0,0,0,0,0,0,0,0,0,0,0,0,0,0,0,0,0,0,0,0,0,0,0,0,0,0,0,0,0,0,1,0,2,0,0,0,0
"54_016. Taylor Swift - Blank Space_noise_-12.5dB_sample2.wav",161,0,0,0,0,0,0,0,0,0,0,0,0,0,33,0,0,4,0,0,0,0,0,0,0,1,0,0,0,0,0,0,0,0,0,0,0,0,0,0,0,0,0,0,0,0,0,0,0,0,0,0,0,1,0,0,0,21,0,0,0,0,0,0,0,0,0,0,0,0,0,0,0,0,0,0,0,0,0,0,0,0,0,0,0,0,0,0,0,0,0,0,0,0,0,0,4,0,0,0,0
"97_075. Lindsey Stirling - Prism (Official Video)_noise_-12.5dB_sample2.wav",162,0,0,0,0,0,0,59,0,0,0,0,0,1,32,0,0,6,0,0,0,0,0,0,0,1,0,0,0,0,3,0,0,0,0,0,0,0,0,0,0,0,0,0,2,0,0,0,0,0,0,0,0,0,0,0,0,0,0,0,0,0,0,0,0,0,0,0,0,0,0,9,0,0,0,0,0,0,0,0,0,0,0,0,0,0,0,0,0,0,0,0,0,0,0,0,2,0,0,0,0
"58_039. OMFG - Hello_noise_-12.5dB_sample2.wav",166,0,0,0,0,0,0,0,0,0,0,0,0,0,29,0,0,0,0,0,0,0,0,0,0,0,0,0,0,0,0,0,0,0,0,0,0,0,0,0,0,0,0,0,0,0,0,0,0,0,0,0,0,0,0,0,0,0,0,0,0,0,0,0,0,0,0,0,0,0,0,0,0,0,0,0,0,0,0,0,0,0,0,0,0,0,0,1,0,0,0,0,0,12,0,0,5,0,0,1,0
"87_079. twenty one pilots Heathens (from Suicide Squad The Album) [OFFICIAL VIDEO]_noise_-12.5dB_sample1.wav",164,0,0,0,0,0,0,0,0,0,0,0,0,14,32,0,0,4,0,0,0,0,0,0,0,1,0,0,0,0,0,2,0,0,0,0,0,0,0,0,0,0,0,0,0,0,0,0,0,0,0,0,0,0,0,0,0,0,0,0,0,0,0,0,0,0,0,0,0,0,0,0,0,3,0,21,0,0,0,0,0,0,0,0,0,0,0,0,0,0,0,0,0,0,2,0,4,0,0,1,0
