"33_076. Galantis - Firebird (Official Audio)_noise_-5dB_sample2.wav",175,0,1,0,0,1,0,0,0,1,0,0,0,1,33,0,0,4,2,0,0,2,0,0,0,2,0,0,0,0,0,0,0,0,0,1,0,0,0,2,0,0,55,0,0,1,0,12,0,0,0,0,0,0,0,0,0,0,0,0,188,0,0,0,0,0,0,0,1,0,0,0,0,1,0,0,0,0,0,0,0,0,0,0,1,0,1,0,0,0,0,0,2,0,1,0,4,0,0,2,0
"67_090. Josh Groban - You Raise Me Up (Official Music Video) [HD Remaster]_noise_-5dB_sample1.wav",158,27,0,4,0,0,1,0,0,0,0,0,0,0,30,0,0,2,0,0,2,0,0,0,0,1,0,0,0,0,1,0,0,0,0,0,0,0,0,0,0,0,2,0,0,10,17,79,0,0,40,3,0,14,7,0,0,0,3,0,4,0,0,0,0,0,0,0,1,0,0,0,0,0,0,0,0,0,0,18,0,0,0,0,14,0,0,0,0,0,0,0,0,24,0,0,2,0,0,1,0
"32_086. Olly Murs - Grow Up (Official Video)_noise_-5dB_sample2.wav",157,0,0,0,0,0,0,0,0,0,0,1,0,0,33,0,0,2,0,1,0,0,0,0,0,0,0,0,0,0,0,0,0,0,0,0,1,0,0,0,0,0,3,0,0,0,0,1,0,0,0,0,0,0,0,0,0,0,0,0,0,0,0,0,0,0,0,2,0,0,0,0,0,0,0,0,0,0,0,51,0,0,0,0,0,0,0,0,0,0,0,0,0,0,1,0,4,0,0,0,0
"30_Cannibal_noise_-5dB_sample1.wav",157,0,0,0,0,0,0,0,0,0,0,0,0,0,31,0,0,2,0,0,0,0,0,0,0,2,0,0,0,0,0,0,0,0,0,0,0,0,0,0,0,0,0,0,0,0,0,0,0,0,0,0,0,1,0,0,0,0,0,0,0,0,0,0,0,0,0,0,0,0,0,0,0,0,0,0,0,0,0,0,0,0,0,15,0,0,0,0,0,0,0,0,0,0,0,0,2,0,0,0,0
"66_Cruel_Summer_noise_-5dB_sample2.wav",154,0,0,0,0,0,0,0,0,0,0,0,0,0,33,0,0,3,1,0,0,0,0,0,0,1,0,1,0,1,0,0,0,0,0,0,0,0,0,2,0,0,0,0,0,0,0,0,15,0,0,0,0,0,1,0,0,1,0,0,0,0,0,0,0,2,0,0,0,0,0,0,0,0,0,0,0,0,0,0,0,0,0,0,0,0,2,0,0,0,0,0,0,0,0,0,2,0,0,0,0
"39_051. Galantis - No Money (Official Video)_noise_-5dB_sample1.wav",157,0,0,0,0,0,0,0,0,0,0,0,0,0,33,0,0,0,0,0,0,0,0,0,0,0,0,1,0,2,0,2,0,0,0,0,0,0,0,1,0,0,0,0,1,0,0,0,0,0,0,0,0,0,0,0,0,0,0,0,0,0,0,0,0,0,0,0,0,0,0,0,0,0,0,0,0,1,0,0,0,1,0,0,0,0,0,0,0,0,0,0,0,0,0,0,2,0,0,0,0
"75_078. Kungs vs Cookin on 3 Burners - This Girl (Official Music Video)_noise_-5dB_sample2.wav",155,0,0,0,0,0,74,0,0,0,0,0,0,0,33,0,2,4,0,0,0,0,0,0,0,0,0,0,0,0,0,0,0,0,0,5,0,0,1,0,0,0,2,0,0,1,0,0,0,0,0,0,0,0,0,0,0,0,0,0,0,0,0,0,0,0,0,0,0,0,0,3,0,0,0,0,0,12,0,0,0,0,0,0,0,1,0,0,0,0,0,0,0,0,0,0,0,0,0,0,0
"27_022. Major Lazer & DJ Snake - Lean On (feat. MØ) [Official Music Video]_noise_-5dB_sample2.wav",161,0,0,0,0,3,0,5,0,87,0,5,0,0,32,0,0,0,0,0,0,0,0,0,0,0,0,0,0,0,0,0,0,0,0,0,0,0,0,0,0,0,2,0,0,5,1,10,0,0,0,0,0,0,0,0,0,0,0,0,0,0,0,0,0,0,0,0,0,0,0,0,0,0,0,0,0,0,0,0,0,0,0,0,2,1,0,5,0,0,0,0,0,0,0,0,4,0,0,0,0
"97_075. Lindsey Stirling - Prism (Official Video)_noise_-5dB_sample1.wav",160,0,0,0,0,0,0,50,0,0,0,0,0,0,31,0,0,4,0,0,0,0,0,0,0,0,0,0,0,0,0,0,0,0,0,0,0,0,0,1,0,0,0,0,1,0,0,0,0,0,0,4,0,0,0,0,0,0,0,0,0,0,0,0,0,0,0,0,0,0,0,8,0,1,0,0,0,0,0,0,0,0,0,0,0,0,0,0,0,0,0,0,0,0,2,0,2,0,0,0,0
"53_102. What_noise_-5dB_sample2.wav",152,0,0,0,0,0,0,0,0,0,1,0,0,0,33,0,0,4,0,0,0,0,0,0,0,0,0,1,0,0,0,0,0,0,0,0,0,0,0,0,0,0,0,0,0,0,0,0,0,0,0,0,0,0,0,0,0,0,0,0,0,0,0,0,0,0,0,0,0,0,0,0,0,0,0,0,0,0,0,0,0,0,0,0,0,0,0,0,0,0,0,0,0,0,0,0,2,0,0,0,0
"84_001. Anna Kendrick - Cups_noise_-5dB_sample2.wav",149,0,0,0,0,0,0,0,0,0,0,0,0,0,33,0,0,3,0,0,0,0,0,0,0,1,0,0,0,0,0,0,0,0,0,1,0,0,0,0,0,0,0,0,0,0,0,0,0,0,0,0,0,0,0,0,0,0,0,0,0,0,0,0,0,0,0,0,0,0,0,0,0,0,0,0,0,0,0,0,0,0,0,0,0,0,0,0,0,0,0,0,0,0,0,0,4,0,0,0,0
"18_044. tony igy-stop in my mind_noise_-5dB_sample2.wav",146,0,0,0,0,0,0,0,0,0,0,0,0,46,33,0,0,2,3,0,0,3,0,4,0,0,1,1,1,0,2,197,0,0,0,1,0,0,4,2,0,0,0,0,0,0,0,0,0,0,0,0,3,8,0,0,0,0,0,0,0,0,0,0,0,1,0,0,0,0,9,0,0,0,0,3,0,0,5,0,0,0,0,0,0,0,3,18,0,0,4,0,0,0,0,0,0,0,1,2,0
"46_032. Katy Perry - Wide Awake (Official Video)_noise_-5dB_sample2.wav",154,0,0,12,1,15,0,0,0,0,0,0,0,2,26,0,0,2,1,0,0,0,0,0,0,1,0,5,0,0,0,1,0,29,0,0,1,0,0,0,0,0,0,0,0,0,0,0,0,0,0,0,0,0,0,0,0,0,0,0,0,0,0,0,0,3,0,3,0,0,1,0,0,0,1,0,0,0,0,0,0,0,0,0,0,0,9,0,0,0,0,0,0,0,0,0,2,0,0,0,0
"15_060. My OCD (Song)_noise_-5dB_sample2.wav",156,0,0,0,0,0,0,0,0,0,0,0,0,0,33,0,0,1,0,0,0,0,0,0,0,1,0,0,0,0,0,0,0,0,0,0,0,0,0,0,0,0,0,0,0,0,0,0,0,0,0,0,0,0,0,0,0,0,0,0,0,0,0,0,0,0,0,0,0,0,0,0,0,0,0,0,0,0,0,0,0,0,0,0,0,0,0,0,0,0,0,0,0,0,0,0,2,0,0,3,0
"83_004. Katy Perry - Roar_noise_-5dB_sample1.wav",146,0,0,0,0,0,0,0,0,0,0,0,0,0,27,0,0,4,1,0,0,0,0,0,0,0,0,0,0,0,0,0,0,0,0,0,3,0,0,0,0,0,0,0,0,0,0,3,0,0,0,0,0,0,0,0,8,0,0,0,0,0,0,0,0,0,0,0,0,0,0,0,0,0,0,0,0,0,0,0,0,0,0,0,0,0,0,1,0,0,0,0,0,0,1,0,2,0,0,1,0
"102_018. Shawn Mendes - Stitches (Official Music Video)_noise_-5dB_sample2.wav",146,0,0,0,0,0,0,0,0,0,0,14,0,1,31,0,0,2,0,1,0,0,0,0,0,1,0,0,0,0,0,0,0,0,0,0,0,0,0,1,0,0,0,0,0,0,0,0,0,4,0,0,0,0,0,0,0,0,0,0,0,0,0,0,0,0,0,0,0,0,0,0,0,0,0,0,0,0,0,0,0,0,0,0,0,0,0,1,0,0,0,0,0,0,1,0,2,0,0,2,0
"95_053. Avicii - Hey Brother_noise_-5dB_sample1.wav",148,0,0,0,0,0,0,0,0,0,0,0,0,1,33,0,0,4,0,0,1,0,0,0,0,3,0,1,0,0,0,0,0,0,0,1,0,0,0,0,0,0,0,0,0,0,0,0,0,0,0,0,0,0,2,0,0,0,0,1,0,0,0,0,0,0,0,0,0,0,0,0,0,0,0,0,0,0,0,0,0,0,0,0,0,3,0,0,0,0,0,0,0,0,0,0,4,0,0,1,0
"103_037. Calvin Harris, Rihanna - This Is What You Came For (Official Video) ft. Rihanna_noise_-5dB_sample1.wav",149,0,0,66,0,3,0,31,0,11,1,0,0,1,33,0,0,2,0,1,2,0,0,0,0,1,0,0,0,0,26,0,14,0,0,17,3,0,0,3,0,0,0,0,0,0,0,24,0,20,0,0,0,0,3,0,0,0,0,0,0,0,15,0,0,1,2,0,0,0,0,28,0,3,0,16,3,10,0,0,0,0,0,0,0,0,0,0,0,0,0,0,6,0,31,3,2,0,0,2,18
"60_057. Get Off The Phone Song_noise_-5dB_sample2.wav",152,0,0,0,0,0,0,0,0,0,0,0,0,0,33,0,0,2,0,1,0,0,0,1,0,1,0,0,0,0,0,0,0,0,0,0,0,0,0,0,0,0,0,0,0,0,0,0,0,0,0,0,0,0,0,0,0,1,0,0,0,0,0,0,0,0,0,0,0,0,0,0,0,4,0,0,0,0,0,0,0,0,0,0,0,0,0,0,0,0,0,0,0,0,0,0,0,0,0,0,0
"13_030. Maroon 5 - Animals_noise_-5dB_sample2.wav",160,0,1,0,0,0,0,0,0,0,0,0,0,0,33,1,0,1,2,0,0,0,0,0,0,2,0,0,0,0,2,0,3,0,0,0,0,0,0,1,55,0,0,0,0,0,0,0,0,0,0,1,0,0,0,0,0,0,0,0,0,0,0,0,0,0,0,0,0,0,1,8,0,0,0,0,0,0,0,0,0,0,0,0,0,0,0,0,0,0,0,0,0,0,0,0,4,0,0,2,0
"6_043. Wintergatan - Marble Machine (music instrument using 2000 marbles)_noise_-5dB_sample1.wav",153,0,0,0,0,0,0,0,0,0,0,0,0,0,33,0,0,2,0,1,0,0,0,0,0,1,0,2,0,0,0,0,0,0,0,0,0,0,0,0,0,0,0,0,0,0,0,0,0,0,0,0,0,0,0,0,0,0,0,0,0,0,0,0,0,0,0,0,0,0,0,0,0,0,0,0,0,0,0,0,0,0,0,0,0,0,0,0,0,0,0,0,0,0,1,0,2,0,0,1,0
"77_065. Nightcore - Ghostbusters_noise_-5dB_sample2.wav",148,0,0,0,0,0,0,0,0,0,0,1,0,0,31,0,0,2,0,0,0,27,0,0,0,0,0,0,0,0,0,0,0,0,0,0,0,0,0,0,0,0,0,0,0,0,0,0,0,0,0,0,0,0,0,0,0,0,0,0,0,0,0,0,0,0,0,0,0,0,0,0,0,0,0,0,0,0,0,0,0,0,0,0,0,0,0,0,0,0,0,0,0,0,0,0,0,0,0,2,0
"58_039. OMFG - Hello_noise_-5dB_sample1.wav",152,0,0,0,0,0,0,0,0,0,0,0,3,0,33,0,0,2,0,0,0,0,0,0,0,0,0,0,0,0,0,0,0,0,0,1,0,0,0,0,0,0,0,0,0,0,0,0,0,0,0,0,0,0,0,0,0,0,0,0,0,0,0,0,0,0,0,0,0,0,0,0,0,1,0,0,0,0,0,0,0,0,0,0,0,0,0,0,0,0,0,0,0,20,1,0,2,0,0,0,0
"43_098. Nightcore~ The Wolf_noise_-5dB_sample2.wav",148,0,0,0,0,0,0,0,0,0,1,0,0,0,29,0,0,2,0,0,0,0,0,0,0,0,0,0,0,0,0,0,0,0,0,0,0,0,0,0,0,0,0,0,0,0,0,1,0,0,0,0,0,0,0,0,0,0,0,0,0,0,0,0,0,0,0,0,0,0,0,0,0,0,0,0,0,0,0,0,0,0,0,0,0,2,0,0,0,0,0,0,0,0,1,92,4,0,0,0,0
"49_050. Carly Rae Jepsen - I Really Like You_noise_-5dB_sample1.wav",149,0,0,0,0,0,0,0,0,0,0,0,0,2,33,0,0,4,0,1,0,0,0,0,0,2,0,0,0,0,0,0,0,0,0,2,0,0,0,0,0,0,0,0,0,0,0,0,0,0,0,0,0,0,0,0,0,0,0,0,0,0,0,0,0,0,0,0,0,0,0,0,0,0,0,0,0,0,0,0,0,0,0,0,3,0,2,0,0,0,0,0,0,0,0,0,4,0,0,0,0
"98_021. Alan Walker - Faded_noise_-5dB_sample1.wav",151,0,0,0,0,0,0,0,0,0,0,0,0,0,33,0,0,2,1,1,0,0,0,0,0,1,0,0,0,0,0,0,0,0,0,0,0,0,0,0,0,0,6,0,0,3,0,26,0,0,31,54,0,10,4,0,5,0,10,0,0,0,0,0,0,0,0,0,1,0,0,0,0,0,0,0,0,0,0,0,0,0,0,0,19,0,0,0,0,0,0,0,0,0,0,0,2,0,0,2,0
"4_003. Lorde - Royals (US Version)_noise_-5dB_sample2.wav",152,0,0,24,1,0,0,0,0,0,0,0,0,1,33,0,0,2,3,0,0,0,0,0,0,6,1,0,0,0,0,1,0,7,0,0,0,0,0,2,0,0,0,0,0,0,0,0,0,0,0,0,0,0,0,0,0,1,0,0,0,0,1,0,0,3,0,0,0,0,1,0,0,0,0,0,0,0,0,0,0,0,0,0,0,0,8,0,0,0,0,0,0,0,1,0,2,0,0,0,1
"23_048. Pharrell Williams - Happy (Official Music Video)_noise_-5dB_sample1.wav",147,0,0,0,0,0,0,0,0,0,0,0,0,0,24,0,0,2,0,0,0,0,0,0,0,1,0,1,0,1,2,3,0,0,0,1,0,1,0,0,0,0,0,0,0,0,0,0,0,0,0,0,2,36,0,0,0,0,0,0,0,0,0,0,0,1,0,0,0,0,0,0,0,0,0,0,0,0,0,1,0,0,0,0,0,0,1,0,0,0,110,0,0,0,0,0,3,0,0,0,0
"101_070. Eminence - Knock Me Out (feat. Anna Cyzon) [Monstercat Official Music Video]_noise_-5dB_sample2.wav",149,0,0,23,0,0,0,1,0,0,0,0,0,0,33,3,0,3,0,0,0,0,0,0,0,1,20,2,0,0,26,0,5,0,0,23,0,0,0,0,0,0,0,1,3,0,0,0,0,14,0,0,3,3,0,0,0,0,0,0,0,0,0,0,0,2,3,0,5,0,0,2,0,3,0,0,0,8,0,0,0,0,0,10,0,0,0,0,0,0,0,8,3,0,1,0,2,6,0,0,0
"87_079. twenty one pilots Heathens (from Suicide Squad The Album) [OFFICIAL VIDEO]_noise_-5dB_sample1.wav",148,0,1,0,0,0,0,0,0,0,0,0,0,3,32,0,0,2,0,0,0,0,0,0,0,4,0,0,0,0,0,1,0,0,0,0,0,0,0,0,0,1,0,0,0,0,0,0,0,0,0,0,0,0,0,0,0,2,0,2,0,0,0,0,0,9,0,1,0,0,5,0,0,0,0,67,0,0,0,0,0,0,5,0,0,0,6,0,0,0,0,0,0,0,1,0,0,0,0,0,0
"45_005. OneRepublic - Counting Stars_noise_-5dB_sample1.wav",154,0,0,3,0,0,0,0,0,0,0,0,0,1,33,4,0,2,0,0,2,0,0,0,0,0,0,0,0,0,0,0,3,0,0,0,0,0,0,1,0,0,0,0,1,0,0,0,0,0,0,0,0,0,0,0,0,0,0,0,0,0,0,0,0,0,0,0,0,0,0,29,0,1,0,0,0,0,0,0,0,0,0,0,0,0,0,0,0,0,0,0,0,0,0,0,2,0,0,2,66
"48_027. MAGIC! - Rude (Official Video)_noise_-5dB_sample2.wav",156,0,0,0,0,0,0,0,0,0,0,0,0,0,33,0,0,2,0,0,0,0,0,0,0,1,0,0,0,0,0,0,0,0,0,0,0,0,0,1,0,0,0,0,0,0,0,0,0,0,0,0,0,0,0,0,0,0,0,0,0,0,0,0,0,0,0,0,0,0,0,0,0,0,0,0,0,0,0,0,0,0,0,0,0,0,0,0,0,0,0,0,0,0,1,0,0,0,0,0,0
"50_006. Wiz Khalifa - See You Again ft. Charlie Puth [Official Video] Furious 7 Soundtrack_noise_-5dB_sample2.wav",153,0,0,0,2,1,6,6,0,0,0,0,0,0,33,0,0,8,0,1,0,0,0,0,0,1,0,0,0,0,0,0,0,0,7,0,4,0,0,0,0,0,0,0,0,0,2,22,0,0,4,1,0,1,111,1,0,7,0,4,0,0,0,0,0,54,0,0,0,0,0,0,0,3,0,0,0,25,0,0,0,0,1,0,10,0,0,0,0,0,0,0,0,0,95,0,4,2,0,6,0
"11_062. Pipe Guy - HouseTranceTechno Live_noise_-5dB_sample1.wav",150,0,0,0,0,0,0,0,0,0,0,0,0,0,33,0,0,1,0,0,0,0,0,0,0,1,0,0,0,0,0,0,0,0,0,1,2,0,0,0,0,0,0,0,0,0,0,4,0,0,0,0,0,1,0,0,0,2,0,0,0,0,0,0,0,2,0,0,0,0,0,0,0,0,2,0,0,0,0,0,0,0,0,0,1,0,0,0,0,0,0,0,0,0,0,0,0,0,0,0,0
"45_005. OneRepublic - Counting Stars_noise_-5dB_sample2.wav",150,0,3,0,0,0,0,0,0,0,0,0,0,0,31,0,0,4,0,0,0,0,0,0,3,1,0,2,0,0,0,0,0,0,2,0,1,0,0,0,0,0,0,0,0,0,2,0,0,0,0,0,1,0,0,0,0,0,0,0,0,0,0,0,0,0,0,0,24,0,0,0,0,0,0,0,0,0,0,0,0,0,0,0,0,0,0,0,0,0,0,0,0,0,1,0,2,0,0,1,0
"105_101. Yann Tiersen - Comptine d`un autre ete - l`apres-midi_noise_-5dB_sample1.wav",147,0,4,328,0,104,8,0,0,0,0,0,0,0,33,12,0,2,1,0,0,0,0,0,0,20,5,72,0,0,7,0,4,308,0,0,0,0,0,0,45,1,0,0,28,0,7,0,0,0,0,0,0,0,0,0,0,5,0,0,0,0,0,0,0,119,3,0,0,0,2,81,0,3,65,3,0,0,0,0,0,0,0,0,0,0,158,0,0,0,0,7,0,0,0,0,2,0,0,1,0
"76_073. Lindsey Stirling - Crystallize (Dubstep Violin Original Song)_noise_-5dB_sample1.wav",148,0,0,0,0,1,0,0,0,0,0,0,0,0,28,1,0,4,0,0,0,0,0,0,9,0,0,0,0,0,0,0,6,0,9,55,2,0,0,0,0,0,0,1,0,2,1,0,0,0,0,0,0,0,0,0,0,0,0,0,1,8,0,0,45,192,0,0,0,3,0,6,0,1,0,1,0,0,0,0,0,0,0,0,0,0,5,0,0,0,0,0,0,0,0,0,2,0,0,0,2
"81_013. Passenger  Let Her Go (Official Video)_noise_-5dB_sample1.wav",143,0,0,0,0,0,0,0,0,0,0,0,1,0,33,2,0,4,0,0,0,0,0,0,0,0,0,0,0,0,1,0,0,3,0,0,0,0,0,0,3,0,0,0,0,0,0,0,0,0,0,0,0,0,0,0,0,0,0,0,0,0,9,0,0,0,0,0,0,0,0,1,0,0,0,0,0,0,0,0,0,0,0,0,0,0,1,0,0,0,0,0,0,0,0,0,0,0,0,0,0
"89_091. Faster Car - Anders Lystell feat. Kaliber [EPIDEMIC SOUND] (Lyrics)_noise_-5dB_sample1.wav",153,0,0,0,0,0,0,0,0,0,0,0,0,0,33,0,0,2,1,0,0,0,0,0,0,1,0,0,0,0,2,0,0,0,0,0,0,0,0,0,0,0,0,0,0,0,0,0,0,0,0,0,37,0,0,0,0,0,0,0,0,0,0,0,0,0,0,0,0,0,0,0,0,0,0,0,0,0,0,0,0,0,0,0,0,0,0,0,0,0,0,0,0,0,0,0,2,0,0,0,0
"44_Sacred Beast_noise_-5dB_sample2.wav",151,0,0,0,0,0,0,0,0,0,0,0,0,0,33,0,0,2,0,0,0,0,0,0,0,0,0,0,0,0,0,0,0,0,0,0,0,0,0,1,0,0,0,0,0,0,0,0,0,0,0,0,0,0,2,0,0,0,0,0,0,0,0,0,0,0,0,0,0,8,0,0,0,0,0,0,0,17,0,0,0,0,0,0,0,0,0,0,1,0,1,0,2,0,0,0,0,0,0,0,0
"51_088. Steven Universe - We Are The Crystal Gems_noise_-5dB_sample2.wav",154,0,0,0,0,0,0,6,0,0,0,0,0,0,30,0,0,2,0,0,0,0,0,0,0,1,0,0,0,0,0,0,14,0,0,0,2,0,0,0,0,0,0,0,0,0,0,0,0,31,0,0,0,0,0,0,0,0,0,0,0,0,0,0,0,0,0,0,0,0,0,1,28,0,0,1,0,0,0,0,0,0,0,0,0,0,0,0,0,0,0,0,0,0,0,0,4,0,0,0,0
"48_027. MAGIC! - Rude (Official Video)_noise_-5dB_sample1.wav",153,0,0,0,0,0,0,0,0,0,0,0,0,0,33,0,0,2,0,0,0,2,0,0,0,1,0,0,0,0,0,0,0,0,0,0,0,7,0,0,0,0,0,0,0,0,0,0,0,0,0,0,0,0,0,0,0,0,0,0,0,0,0,0,0,0,0,0,0,0,0,0,0,3,0,0,0,0,0,0,0,0,0,0,0,1,0,0,0,0,0,0,0,0,0,0,2,0,0,0,0
"73_Turn the Lights Off_noise_-5dB_sample2.wav",152,0,0,0,0,0,0,6,0,0,2,0,0,0,33,1,0,4,0,0,0,0,0,0,0,0,0,7,0,40,0,0,0,0,0,0,0,7,0,1,0,0,0,0,29,0,0,0,0,0,0,2,2,0,0,0,0,0,0,0,0,0,0,0,0,0,0,0,0,0,0,0,0,0,0,0,0,4,0,3,0,0,0,0,0,0,7,0,0,0,25,0,0,0,0,0,4,0,0,0,0
"25_035. Alan Walker - Sing Me To Sleep_noise_-5dB_sample2.wav",152,0,0,0,0,0,0,0,0,1,0,0,0,0,33,0,0,2,0,0,0,0,0,0,0,0,0,0,0,0,0,0,0,0,0,0,0,0,0,1,0,0,0,0,0,0,1,0,0,0,0,0,0,0,0,0,0,0,0,0,0,0,0,0,0,0,0,0,0,1,0,1,0,0,0,0,0,0,0,0,0,0,0,0,0,2,0,0,0,0,0,0,0,0,0,0,2,27,0,4,0
"8_081. The Beach Boys - I Get Around_noise_-5dB_sample2.wav",151,0,0,0,0,0,0,0,0,0,0,0,0,0,29,0,3,4,0,0,0,0,0,0,0,1,0,0,0,0,0,0,0,0,0,0,0,0,0,1,0,16,0,0,0,0,0,0,0,0,0,0,0,0,0,0,0,0,0,0,0,0,0,0,0,0,0,0,0,0,0,0,0,0,0,0,0,3,0,0,0,0,0,0,0,0,0,0,0,7,0,0,0,0,1,0,0,0,0,0,0
"10_012. Calvin Harris - I Need Your Love (Official Video) ft. Ellie Goulding_noise_-5dB_sample1.wav",150,1,0,0,0,0,0,0,0,0,0,0,0,0,28,0,0,2,0,0,0,0,0,0,0,0,0,0,0,0,0,0,0,0,0,0,0,0,0,0,0,0,0,0,0,2,0,0,0,0,7,0,0,0,0,0,0,0,2,0,0,0,0,0,0,8,0,0,0,0,0,0,0,0,0,0,0,0,0,0,0,0,0,0,0,0,0,0,0,0,0,0,0,0,1,0,0,0,0,0,0
"47_020. Warriors (ft. Imagine Dragons)  Worlds 2014 - League of Legends_noise_-5dB_sample1.wav",152,0,0,0,0,0,0,0,0,0,0,0,0,0,28,0,0,3,0,0,0,0,0,2,0,1,0,0,0,0,0,0,0,0,0,10,3,0,0,1,0,0,0,0,0,0,0,0,0,0,0,0,0,0,0,0,0,0,0,0,0,0,0,0,0,0,0,0,0,112,0,0,0,0,0,0,0,0,0,0,0,0,0,0,0,0,0,0,2,0,0,0,0,0,1,0,2,0,0,0,0
"60_057. Get Off The Phone Song_noise_-5dB_sample1.wav",149,0,0,0,0,2,0,4,0,0,2,0,2,4,33,0,0,2,0,0,0,0,0,0,1,1,0,0,1,3,0,3,48,0,0,0,1,0,0,1,0,0,0,0,0,0,0,0,0,0,0,0,1,0,0,0,0,0,0,0,0,0,0,0,0,0,0,0,0,1,0,0,0,0,0,0,0,0,2,0,0,0,0,0,0,0,0,3,0,0,0,0,0,0,0,0,2,0,0,1,1
"69_066. Jessie J - Bang Bang ft. Ariana Grande, Nicki Minaj_noise_-5dB_sample1.wav",150,0,0,0,0,0,0,0,0,0,0,0,0,0,33,0,0,2,0,1,0,0,0,0,0,0,0,0,0,0,0,0,0,0,0,1,0,0,0,0,0,0,1,0,0,0,0,0,0,0,0,0,0,0,0,37,0,0,0,0,1,0,0,0,0,0,0,0,0,0,0,0,0,1,0,0,0,0,0,0,0,0,0,0,0,0,0,0,0,0,0,0,2,0,2,0,2,0,0,2,0
"59_014. Avicii - Hey Brother (Lyric)_noise_-5dB_sample2.wav",161,0,0,0,0,0,0,0,0,0,0,0,0,0,33,0,0,2,0,0,0,0,0,0,0,1,0,0,0,0,0,0,0,0,0,0,0,0,0,0,0,0,0,0,0,0,0,0,0,0,0,0,0,0,0,0,0,0,0,0,0,0,0,0,0,0,0,0,0,0,0,0,0,0,0,0,0,0,0,0,0,0,2,0,0,0,0,0,0,0,0,0,0,0,0,0,0,0,0,2,0
"64_097. Nightcore - Running With the Wolves [Lyrics]_noise_-5dB_sample2.wav",147,0,0,0,0,0,0,0,0,0,0,0,0,0,33,0,0,2,0,0,0,0,0,0,0,1,0,0,0,0,0,0,0,0,0,0,0,0,0,0,0,0,0,0,0,0,0,0,0,0,0,0,0,0,0,0,0,0,0,0,0,0,0,0,0,0,0,0,0,0,0,0,0,0,0,0,0,0,0,0,0,0,0,0,0,0,0,0,0,0,0,0,0,0,0,0,2,0,0,0,0
"33_076. Galantis - Firebird (Official Audio)_noise_-5dB_sample1.wav",148,48,0,19,1,0,4,0,0,0,0,0,0,0,27,0,0,1,1,0,0,0,0,0,0,1,0,0,0,0,4,0,2,0,0,0,1,0,0,0,0,0,6,0,0,0,26,0,0,0,0,3,0,0,0,0,0,0,0,0,36,0,1,0,0,1,0,0,0,0,0,0,0,0,0,0,0,0,0,0,0,0,0,0,0,0,6,0,0,0,0,0,0,26,0,0,2,0,0,1,0
"70_You and Me_noise_-5dB_sample1.wav",151,1,1,0,0,0,0,0,0,0,0,0,0,0,33,0,0,2,0,0,0,0,0,0,5,1,0,0,0,0,0,0,0,0,3,0,0,0,0,0,0,0,0,0,0,0,0,0,0,0,0,0,0,0,0,0,0,0,0,0,0,0,0,0,0,1,0,0,0,0,0,0,0,2,10,0,0,0,0,0,0,0,0,0,0,0,0,0,0,0,0,0,0,0,0,0,2,0,0,2,0
"2_023. Rachel Platten - Fight Song (Official Video)_noise_-5dB_sample1.wav",155,0,14,99,0,0,0,51,0,0,0,0,0,0,33,63,0,14,0,1,0,0,0,0,0,2,85,0,0,0,120,0,28,0,0,6,0,0,0,0,0,0,0,4,12,0,0,0,0,56,0,1,0,1,0,0,0,0,0,0,0,0,0,0,0,0,9,0,16,0,0,25,0,2,0,4,0,26,0,0,0,0,0,34,0,0,5,0,0,0,0,29,16,0,1,0,2,21,0,2,0
"11_062. Pipe Guy - HouseTranceTechno Live_noise_-5dB_sample2.wav",161,0,0,0,0,0,0,0,0,0,0,0,0,0,33,0,0,5,1,0,0,0,0,0,0,2,0,0,0,0,0,0,0,0,0,1,0,0,0,0,0,0,0,0,0,0,0,0,0,0,0,0,0,0,0,0,0,0,0,0,0,0,0,0,0,0,0,0,0,0,0,1,3,0,0,0,0,0,0,0,0,0,0,0,0,1,0,0,0,0,0,0,0,0,1,0,2,0,0,0,0
"81_013. Passenger  Let Her Go (Official Video)_noise_-5dB_sample2.wav",155,0,0,38,0,0,0,0,0,0,0,0,0,0,27,0,0,2,0,0,0,0,0,0,0,1,0,0,0,0,0,0,0,0,0,1,0,0,0,0,0,0,0,0,0,0,0,0,0,0,0,0,0,0,0,1,0,0,0,0,0,0,31,0,0,0,0,2,0,0,0,0,0,0,0,0,0,0,0,0,0,0,0,0,0,0,0,0,0,0,0,0,0,0,0,0,0,0,0,0,0
"54_016. Taylor Swift - Blank Space_noise_-5dB_sample1.wav",157,0,0,0,0,0,0,0,0,1,1,0,0,1,25,1,0,2,0,0,0,1,0,0,4,4,0,2,0,0,2,0,0,0,5,0,0,0,17,5,0,0,0,0,0,0,0,0,0,0,0,0,0,0,0,0,0,52,0,0,0,0,0,0,0,0,0,0,0,0,0,0,0,1,0,0,0,1,0,0,0,0,0,0,0,3,0,0,0,0,0,9,0,0,0,0,1,0,0,0,0
"29_010. Katy Perry - Part Of Me (Official)_noise_-5dB_sample2.wav",157,0,0,0,0,0,0,0,0,0,0,0,0,0,29,0,0,1,1,0,0,0,0,0,0,0,0,0,0,0,0,0,0,0,0,0,0,0,0,1,0,0,0,0,0,0,0,0,0,0,0,0,0,0,0,0,0,0,0,0,0,0,0,0,0,0,0,0,0,0,0,0,0,0,0,0,0,0,0,0,0,0,0,0,0,0,0,0,0,0,0,0,0,0,0,0,1,0,0,0,0
"78_026. Katy Perry - Firework (Official Music Video)_noise_-5dB_sample2.wav",163,0,0,0,0,0,0,0,0,0,0,0,0,0,33,0,0,4,0,0,0,0,0,0,0,0,0,2,0,0,0,1,0,0,0,0,0,0,0,1,0,0,0,0,0,0,0,27,0,0,1,0,0,20,0,0,0,0,0,0,0,0,0,0,0,0,0,0,0,0,0,0,0,0,0,0,0,0,0,0,0,0,0,0,0,0,0,0,0,0,0,0,2,0,0,0,2,0,0,0,0
"75_078. Kungs vs Cookin on 3 Burners - This Girl (Official Music Video)_noise_-5dB_sample1.wav",160,0,0,0,0,0,77,0,0,0,0,0,0,0,33,0,1,4,0,0,0,0,0,0,0,0,0,0,0,0,0,0,0,0,0,0,0,0,3,0,0,0,1,0,0,1,0,0,0,0,0,0,0,0,0,0,0,0,0,0,0,0,0,0,0,0,0,0,0,0,0,0,0,6,0,0,0,15,0,0,0,0,0,0,0,0,0,0,0,0,0,0,2,0,0,0,2,0,0,0,0
"96_089. American Boy by Estelle and Kanye West_noise_-5dB_sample2.wav",161,0,0,0,0,0,0,0,0,0,0,0,1,0,30,0,0,0,0,0,0,0,0,0,0,1,0,0,0,0,0,0,0,0,0,0,1,0,0,0,0,0,0,0,0,0,0,0,0,0,0,0,0,0,0,0,0,0,0,0,0,0,0,0,0,0,0,0,0,0,0,0,0,0,0,0,0,0,0,0,0,0,0,0,0,0,0,0,0,0,0,0,0,0,0,0,1,0,5,3,0
"20_Never Meant to Know_noise_-5dB_sample1.wav",164,64,0,0,0,0,0,0,0,0,0,0,0,0,32,0,0,2,0,0,0,0,0,0,0,0,0,0,0,0,0,0,0,0,0,0,0,0,0,1,0,0,10,0,0,0,1,0,0,0,0,35,2,173,0,0,0,0,0,0,0,0,0,0,0,0,0,0,0,0,0,0,0,2,0,0,0,0,0,0,0,0,0,0,0,0,0,0,0,0,0,0,0,0,2,0,0,0,0,4,0
"9_034. Pitbull - Timber (Official Video) ft. Ke$ha_noise_-5dB_sample1.wav",159,0,0,206,0,0,0,72,0,0,0,0,0,0,30,31,0,25,0,0,0,1,0,0,0,1,166,0,0,0,441,0,132,0,0,23,14,0,0,1,0,0,0,0,20,0,0,0,0,114,0,0,0,0,0,0,0,0,0,0,0,0,0,0,8,0,14,0,27,2,0,32,0,0,0,32,0,40,0,0,0,4,0,61,0,0,0,1,0,0,0,56,24,0,2,0,2,33,0,0,0
"1_028. Capital Cities - Safe And Sound_noise_-5dB_sample2.wav",163,0,0,0,0,0,0,0,0,0,0,0,0,0,33,0,0,2,0,0,0,0,0,0,0,1,0,0,0,0,0,0,4,0,0,1,3,0,0,1,0,0,0,0,0,0,0,0,0,0,0,0,0,0,0,0,0,0,0,0,0,0,0,0,0,0,0,0,1,1,0,0,0,0,0,3,0,0,0,0,0,0,0,0,0,0,0,0,0,0,0,0,0,0,0,0,2,0,0,0,0
"31_058. Rub Some Bacon on It_noise_-5dB_sample1.wav",173,0,0,1457,50,279,0,0,0,0,0,0,0,0,33,0,0,3,0,0,0,0,0,0,0,319,0,323,0,54,0,131,0,11554,0,0,0,0,0,1,0,0,0,0,121,0,38,0,0,0,0,0,0,0,0,0,0,16,0,0,0,0,23,0,0,623,0,41,0,0,11,33,0,0,129,0,0,0,0,0,0,0,0,0,0,0,1218,0,0,0,1,11,0,0,1,0,4,0,0,1,0
"37_063. Bastille - Pompeii (Official Music Video)_noise_-5dB_sample2.wav",165,0,0,0,0,0,0,0,0,0,0,0,0,0,33,0,0,2,0,0,0,0,0,0,0,1,0,0,0,0,0,0,0,0,0,0,1,0,0,0,0,0,0,0,0,0,0,0,0,0,0,0,0,0,0,0,0,0,0,0,0,0,0,0,0,0,0,0,0,0,0,0,0,1,0,0,0,0,0,0,0,0,0,0,0,0,0,0,0,0,0,0,0,0,0,0,4,0,0,0,0
"70_You and Me_noise_-5dB_sample2.wav",165,0,0,0,3,0,0,0,0,0,0,4,0,0,30,0,0,4,0,0,0,0,0,0,13,1,0,0,0,0,0,0,0,0,3,1,0,0,0,1,0,0,0,0,0,0,0,0,0,0,0,0,0,0,2,0,5,0,0,0,0,0,0,0,0,29,0,0,0,0,0,0,0,0,2,0,0,0,0,0,0,0,0,1,0,5,0,0,0,0,0,0,0,0,0,0,0,5,0,0,0
"28_074. American Authors - Best Day Of My Life_noise_-5dB_sample1.wav",273,0,1,33,0,9,0,0,0,0,0,0,0,2,25,3,0,2,0,0,0,0,0,0,0,5,0,5,0,0,2,8,1,33,0,1,1,0,0,0,6,1,0,0,3,0,2,0,0,2,0,0,0,0,0,0,0,2,0,0,0,0,0,0,0,17,0,2,0,0,1,5,0,0,9,4,0,0,1,0,0,0,0,0,0,0,17,1,0,0,0,2,0,0,1,0,2,5,0,2,0
"41_The Bidding_noise_-5dB_sample1.wav",210,0,0,0,0,0,0,0,0,0,0,0,0,0,30,0,0,4,0,0,0,0,0,0,0,1,0,0,0,0,0,0,0,0,0,0,1,0,0,0,0,0,0,0,0,0,0,0,0,0,0,0,0,0,0,0,0,0,0,0,0,0,0,0,0,0,0,1,0,0,0,0,0,0,0,0,0,0,0,0,0,0,0,0,0,0,0,0,0,0,0,0,0,0,0,0,4,0,0,0,0
"25_035. Alan Walker - Sing Me To Sleep_noise_-5dB_sample1.wav",165,0,0,22,0,1,11,0,0,4,0,0,0,0,26,1,0,2,0,0,0,0,0,0,1,0,1,0,0,1,0,12,0,0,0,0,2,0,0,0,0,0,0,0,0,0,0,11,0,0,0,0,0,0,5,1,0,1,0,0,0,0,5,0,0,16,0,0,0,0,0,0,0,0,0,0,0,7,0,0,0,0,1,0,7,0,0,0,0,0,0,0,0,0,53,1,0,8,0,1,0
"20_Never Meant to Know_noise_-5dB_sample2.wav",174,0,0,0,0,0,0,0,0,0,0,0,0,0,32,0,0,4,0,0,0,0,0,0,0,1,0,0,0,0,0,0,0,0,0,0,0,0,0,0,0,0,0,0,0,0,0,0,0,0,0,0,0,16,0,0,0,0,0,0,0,0,0,0,0,0,0,0,0,0,0,0,0,0,0,0,0,0,0,0,0,0,0,0,0,0,0,0,0,0,0,0,0,0,1,0,2,0,0,0,0
"34_The Trap_noise_-5dB_sample2.wav",172,0,0,11,0,5,0,0,0,0,0,0,0,0,33,0,5,4,0,0,0,0,0,1,0,0,1,5,0,0,0,0,0,11,0,0,0,0,0,0,0,0,0,0,1,0,1069,32,0,0,0,0,0,0,0,0,6,0,0,0,0,0,0,0,0,4,0,1,1,6,0,0,12,1,2,0,0,3,0,0,0,0,0,0,0,0,4,1,0,0,0,0,2,0,3,0,4,0,0,1,0
"95_053. Avicii - Hey Brother_noise_-5dB_sample2.wav",170,0,0,0,0,0,0,4,0,0,0,0,1,0,33,0,0,2,0,0,0,0,0,0,0,1,0,0,0,0,0,0,0,0,0,0,0,0,0,6,0,0,0,0,0,0,1,0,0,0,0,0,0,0,2,0,0,0,0,1,0,0,0,0,0,0,0,0,0,0,2,0,0,0,0,0,0,0,0,4,0,0,0,0,0,0,0,0,0,0,0,0,0,0,0,0,2,0,0,0,0
"55_009. Taylor Swift - Shake It Off_noise_-5dB_sample1.wav",165,0,1,5,0,0,0,5,0,0,0,0,44,0,32,0,0,2,0,18,0,0,0,0,0,1,0,0,9,0,0,0,0,0,0,0,0,0,4,583,0,0,0,0,0,2,0,0,0,0,0,0,0,0,0,0,2,0,1,0,0,0,0,0,0,14,0,0,0,0,19,0,0,0,2,0,0,0,0,0,0,2,0,0,5,0,0,0,0,0,0,0,0,0,0,0,2,5,0,2,1
"24_047. Girls Talk Boys (from the Ghostbusters Original Motion Picture Soundtrack)_noise_-5dB_sample2.wav",176,0,0,0,0,0,0,5,0,0,0,0,0,5,32,0,0,0,0,0,0,0,0,0,1,1,0,0,1,0,0,0,0,0,0,6,1,0,0,1,0,0,0,0,0,0,0,0,0,0,0,0,0,0,0,0,0,0,0,0,0,0,0,0,0,0,0,0,0,0,0,0,0,0,0,0,0,0,0,0,0,0,0,0,0,0,0,4,0,0,0,14,0,0,0,0,1,0,0,0,0
"3_100. Owl City & Carly Rae Jepsen - Good Time (Official Video)_noise_-5dB_sample2.wav",186,0,0,0,1,0,0,0,0,0,0,0,0,0,33,0,0,4,0,1,0,0,0,0,0,0,0,0,0,0,0,3,0,0,0,0,1,0,0,0,0,0,2,0,0,2,0,3,0,0,0,0,0,0,0,0,0,0,0,0,1,0,0,0,0,0,0,0,0,0,1,0,0,3,0,0,0,0,0,0,0,0,0,0,3,0,0,0,0,0,0,0,0,0,1,0,2,0,0,1,0
"94_Banana Man_noise_-5dB_sample1.wav",168,0,0,0,0,0,0,0,0,0,0,0,0,0,32,0,0,2,0,0,0,0,0,0,0,1,0,0,0,0,0,0,0,0,0,0,0,0,0,0,0,0,0,0,0,0,0,1,0,0,0,0,0,0,0,0,0,0,0,0,0,0,0,0,0,0,0,0,1,0,0,0,0,0,0,0,0,0,0,0,0,0,0,0,0,0,0,0,0,0,0,0,0,0,1,0,6,0,0,0,0
"71_083. My Singing Monsters - Plant Island Theme_noise_-5dB_sample1.wav",164,0,0,0,8,0,0,0,0,0,0,0,0,0,24,0,0,2,0,0,0,0,4198,0,0,1,0,0,0,0,0,0,0,0,0,0,2,0,0,0,0,7,0,0,0,0,0,0,0,0,0,0,0,0,0,0,0,0,0,0,0,0,0,0,0,0,0,0,0,0,0,0,0,0,0,0,0,0,0,0,0,0,0,0,0,178,0,0,0,0,0,0,0,0,1,0,2,0,0,0,0
"29_010. Katy Perry - Part Of Me (Official)_noise_-5dB_sample1.wav",163,0,0,0,0,1,9,0,0,0,0,0,0,0,32,0,0,4,0,0,0,0,0,0,0,1,0,0,0,0,0,0,0,0,12,1,0,0,0,1,0,0,0,0,0,0,0,36,0,0,0,0,0,0,15,2,0,13,0,0,0,0,0,0,0,86,0,0,0,0,0,0,0,2,0,0,0,40,0,0,0,1,1,0,16,0,0,0,0,0,1,0,0,0,88,0,2,0,0,36,0
"63_087. Anaconda - Nicki Minaj  The Fitness Marshall  Dance Workout_noise_-5dB_sample1.wav",159,0,0,0,0,0,0,0,0,0,0,0,0,0,30,0,0,9,0,1,0,0,0,0,0,1,0,0,0,0,0,0,0,0,0,0,0,0,0,1,0,0,0,0,0,0,0,0,0,0,0,0,0,0,0,0,0,0,0,0,0,0,0,0,0,0,0,0,0,0,0,0,0,0,0,0,0,0,0,0,0,0,0,0,0,0,0,0,0,0,0,0,0,0,0,0,2,0,0,0,0
"74_029. David Guetta - Hey Mama (Official Video) ft Nicki Minaj, Bebe Rexha & Afrojack_noise_-5dB_sample2.wav",164,0,0,22,0,0,0,29,0,0,0,0,0,0,33,1,0,4,0,0,0,0,0,0,0,1,7,0,0,0,77,0,36,0,0,23,3,0,0,2,0,0,0,0,1,0,0,0,0,5,0,0,0,0,0,0,0,0,0,0,0,0,0,0,0,0,3,0,2,3,0,20,0,1,0,22,0,3,0,0,0,0,0,4,0,0,0,0,2,0,0,3,54,0,0,0,4,2,0,0,3
"18_044. tony igy-stop in my mind_noise_-5dB_sample1.wav",159,0,0,0,5,0,0,2,0,0,0,0,0,21,26,0,0,1,0,0,0,0,0,0,0,20,1,1,0,0,0,143,0,19,0,0,0,0,0,0,0,0,0,0,0,0,0,0,0,0,0,0,0,0,0,0,0,12,0,0,0,0,0,0,0,8,0,1,0,0,2,0,0,0,0,1,0,0,3,0,0,0,0,0,0,0,19,0,0,0,0,0,0,0,0,0,0,0,0,1,0
"36_072. Jessie J - Price Tag ft. B.o.B_noise_-5dB_sample1.wav",160,0,0,0,0,0,0,0,0,0,0,0,0,0,20,0,0,2,0,2,0,0,0,0,0,1,0,0,0,0,0,0,0,0,0,0,2,0,0,0,0,0,0,0,0,0,0,0,0,2,0,0,0,0,0,0,0,0,0,0,0,0,0,0,0,0,0,0,0,0,0,0,0,0,0,0,0,0,0,0,0,0,0,0,0,0,0,0,0,0,0,0,0,0,0,0,2,0,0,2,0
"100_059. Nilla Wafer Top Hat Time  Song - Rhett & Link_noise_-5dB_sample2.wav",171,0,0,0,0,0,0,0,0,0,0,0,0,0,33,0,0,4,0,0,0,0,0,0,0,1,0,0,0,0,0,0,0,0,0,1,0,0,0,1,0,0,0,0,0,0,0,0,0,0,0,0,0,0,0,0,0,0,0,0,0,0,0,0,0,0,0,0,1,0,0,0,0,0,0,0,0,0,0,0,0,0,0,0,0,0,0,0,0,0,0,0,0,0,1,0,2,0,0,0,0
"58_039. OMFG - Hello_noise_-5dB_sample2.wav",172,0,0,0,0,0,0,0,0,0,0,0,0,1,33,0,1,2,0,1,0,0,0,0,0,0,0,0,0,0,0,0,0,0,0,1,0,0,0,0,0,0,0,0,0,0,0,0,0,0,0,0,0,0,0,0,0,0,0,0,0,0,0,0,0,0,0,0,0,10,0,0,0,3,0,0,0,0,0,0,0,0,0,0,0,0,0,0,0,0,0,0,0,30,0,0,1,0,0,1,0
"57_Numb_noise_-5dB_sample2.wav",198,0,6,587,0,67,0,0,0,0,0,0,0,0,24,13,0,1,0,1,0,0,0,0,0,11,0,91,0,0,5,12,1,737,0,0,0,0,0,0,17,0,0,0,71,0,4,0,0,0,0,0,0,0,0,0,0,3,0,0,0,0,0,0,0,274,0,0,6,0,1,11,0,0,33,0,0,0,0,0,0,0,0,0,0,0,426,0,0,0,0,4,0,0,0,0,0,0,0,1,0
"7_092. Harry Potter Medley on Marimba_noise_-5dB_sample2.wav",156,0,0,1,0,0,0,0,0,0,0,0,0,0,32,0,0,2,1,1,0,0,0,0,0,1,0,0,0,0,0,0,0,0,0,0,0,0,0,1,0,0,0,0,0,0,0,0,0,0,0,0,0,0,0,0,0,0,0,0,0,10,0,0,0,3,0,0,0,0,0,0,0,0,0,0,0,0,0,0,0,0,0,0,0,0,0,0,0,0,0,0,0,0,0,0,2,0,0,0,0
"67_090. Josh Groban - You Raise Me Up (Official Music Video) [HD Remaster]_noise_-5dB_sample2.wav",165,24,0,28,0,0,0,0,0,0,0,0,0,0,33,0,0,4,0,0,0,0,0,0,1,0,0,0,0,0,0,0,0,0,0,0,0,0,0,2,0,0,0,0,0,0,0,0,0,0,0,0,0,0,2,0,1,1,0,0,0,0,0,0,0,0,0,0,0,0,0,0,0,0,0,0,0,0,0,0,0,0,0,0,0,0,0,0,0,0,0,0,0,0,0,0,2,0,0,2,0
"93_015. Lukas Graham - 7 Years [Official Music Video]_noise_-5dB_sample1.wav",161,0,0,0,1,0,0,0,0,0,0,0,0,0,33,0,0,4,0,0,0,0,0,0,0,0,0,0,0,0,0,0,0,0,0,0,0,0,0,0,0,0,1,0,0,0,4,5,0,0,139,3,0,0,14,0,0,0,5,0,0,0,0,0,0,0,0,0,0,0,0,0,0,0,0,0,0,0,0,0,0,0,0,0,0,0,0,0,0,0,1,0,0,0,0,0,4,0,0,4,0
"10_012. Calvin Harris - I Need Your Love (Official Video) ft. Ellie Goulding_noise_-5dB_sample2.wav",163,0,0,0,0,0,0,0,0,0,0,0,0,0,31,0,1,4,0,0,0,0,0,0,0,1,0,0,0,0,0,0,0,0,0,0,0,0,0,0,0,0,0,0,0,23,0,0,0,0,0,0,0,0,0,0,0,0,0,0,0,0,0,0,0,0,0,0,0,0,0,0,0,0,0,0,0,0,0,0,0,0,0,0,0,0,0,0,0,0,0,0,0,0,0,0,0,0,0,0,0
"5_002. Avicii - Wake Me Up (Official Video)_noise_-5dB_sample1.wav",163,0,0,0,0,0,0,0,0,0,0,0,0,2,17,0,0,0,0,0,0,0,0,0,1,1,0,0,0,0,0,1,0,0,1,0,1,0,0,0,0,0,0,0,0,0,0,0,0,0,0,0,0,0,0,0,0,0,0,0,0,0,0,0,0,0,0,0,0,0,0,0,0,1,0,0,0,0,0,0,0,0,0,0,0,0,0,0,0,0,0,0,0,0,0,0,0,0,0,1,0
"79_095. Alan Walker - Alone_noise_-5dB_sample1.wav",207,0,0,11,0,0,0,0,0,0,0,0,0,0,33,0,0,2,0,11,0,0,0,0,0,1,1,0,0,0,0,0,0,0,0,0,0,0,0,1,0,0,0,0,0,0,0,0,0,0,0,0,0,0,0,0,0,0,43,0,0,0,0,0,0,0,0,4,0,0,0,1,0,3,1,0,0,0,0,0,0,0,0,0,2,0,0,0,0,0,0,0,0,0,0,0,2,0,0,0,0
"0_096. Nightcore - Mad World_noise_-5dB_sample2.wav",243,0,0,0,0,0,0,0,0,0,0,0,0,0,30,0,0,8,0,1,140,0,0,0,0,0,0,0,0,0,0,0,0,0,0,0,0,0,0,0,0,0,0,0,0,0,0,0,0,0,0,0,0,0,0,0,0,0,0,0,0,0,0,0,0,0,0,0,1,0,0,0,0,0,0,0,0,0,0,0,0,0,0,0,0,1,0,0,0,0,0,0,0,0,0,0,4,0,0,0,0
"82_A Lady_noise_-5dB_sample1.wav",157,2,0,0,0,0,0,0,0,0,0,0,0,0,28,0,0,2,0,0,0,0,0,0,0,0,0,0,0,4,0,1,0,0,0,0,1,0,214,0,0,0,0,0,0,0,13,0,0,0,0,0,0,0,0,0,5,0,0,0,0,0,0,0,0,0,0,0,0,0,0,3,0,0,0,0,0,0,13,0,0,4,0,0,0,0,0,0,0,0,0,0,0,0,0,0,4,0,0,6,22
"62_061. LEFT SCREEN ONLY Spot the Differences_noise_-5dB_sample2.wav",157,0,0,0,0,0,0,0,0,0,0,0,0,3,32,0,0,2,0,0,0,0,9,0,0,0,0,0,0,0,0,1,0,0,0,1,0,0,0,1,0,0,0,0,3,0,0,0,0,0,0,0,0,1,0,0,2,0,0,0,0,0,0,0,0,0,0,0,0,0,0,0,0,0,0,0,0,0,0,0,49,0,0,0,0,1,0,0,0,0,0,0,2,0,0,0,0,0,0,2,0
"78_026. Katy Perry - Firework (Official Music Video)_noise_-5dB_sample1.wav",161,0,0,0,0,0,0,0,0,0,0,0,0,0,33,0,0,4,0,0,0,0,0,0,0,0,0,0,0,0,0,0,0,0,0,0,0,0,0,1,0,0,0,0,0,0,0,0,0,0,0,0,0,0,0,0,0,0,0,0,0,0,0,0,0,0,0,0,0,0,0,0,0,0,0,0,0,0,0,0,0,0,0,0,0,0,0,0,0,0,0,0,0,0,1,0,2,0,0,2,0
"22_094. Harry Potter Puppet Pals - The Mysterious Ticking Noise (Video With Lyrics)_noise_-5dB_sample2.wav",156,0,0,0,0,0,0,0,0,0,0,0,0,0,33,0,0,4,0,0,0,0,0,0,0,0,0,0,0,0,0,0,9,0,0,0,0,0,0,0,0,0,0,0,0,0,0,0,0,0,0,0,0,0,0,0,0,0,0,0,0,0,0,0,0,0,0,0,0,0,0,0,0,3,0,0,0,0,0,0,0,2,0,0,0,0,0,0,0,0,0,0,0,0,1,0,2,0,0,2,0
"102_018. Shawn Mendes - Stitches (Official Music Video)_noise_-5dB_sample1.wav",151,0,0,0,0,0,0,0,0,0,0,4,0,0,31,0,0,2,0,0,0,0,0,0,0,1,0,0,0,0,0,0,0,0,0,0,0,0,0,1,0,0,0,0,0,0,0,0,0,0,0,0,0,0,0,0,0,0,0,0,0,0,0,0,0,0,0,0,0,0,0,0,0,0,0,0,0,0,0,0,0,0,0,0,0,0,0,0,0,0,0,0,0,0,0,0,2,0,0,0,0
"24_047. Girls Talk Boys (from the Ghostbusters Original Motion Picture Soundtrack)_noise_-5dB_sample1.wav",153,0,0,0,0,0,0,0,0,0,0,0,0,0,33,0,0,2,0,0,0,0,0,0,0,0,0,0,0,0,0,2,0,0,0,0,0,0,0,0,0,0,0,0,0,0,0,0,0,0,0,0,0,0,0,0,0,0,0,0,0,0,0,0,0,0,0,0,0,0,0,1,0,0,0,0,0,0,0,0,0,0,0,0,0,0,0,0,0,0,0,7,0,0,1,0,2,0,0,2,0
"61_045. The Black Eyed Peas - I Gotta Feeling (Official Music Video)_noise_-5dB_sample2.wav",156,0,0,0,0,0,0,0,0,0,0,0,0,3,33,0,0,2,0,0,0,0,0,0,0,1,0,0,0,0,0,5,0,0,0,0,2,0,0,0,0,0,0,1,0,0,0,0,0,0,0,0,0,0,0,0,0,0,0,0,0,0,0,0,0,0,0,0,0,0,0,0,5,0,3,0,0,0,0,0,0,0,0,0,0,0,0,0,0,0,0,0,0,0,0,0,0,0,0,0,0
"76_073. Lindsey Stirling - Crystallize (Dubstep Violin Original Song)_noise_-5dB_sample2.wav",154,0,0,77,9,41,0,6,0,0,0,0,8,0,33,0,0,1,5,0,0,0,0,1,0,8,0,16,0,0,0,0,0,77,0,1,0,0,0,23,0,0,0,0,7,0,3,1,0,0,0,0,0,0,2,0,0,0,0,6,0,0,0,0,0,148,6,6,0,0,7,8,0,0,18,0,0,0,0,0,0,0,0,0,0,0,33,0,0,0,0,3,2,0,3,0,0,1,0,2,0
"7_092. Harry Potter Medley on Marimba_noise_-5dB_sample1.wav",162,10,0,1194,0,0,0,69,0,0,0,0,0,1,41,45,0,38,0,0,0,0,0,0,0,0,232,0,0,1,522,0,273,0,0,4,12,0,0,3,0,0,0,0,30,0,0,0,0,213,0,0,2,0,0,0,0,0,0,0,0,0,33,0,117,0,43,0,53,0,0,433,0,66,0,39,0,60,0,1,0,0,0,140,0,0,0,0,1,0,0,73,52,0,1,0,4,60,22,1,5930
"77_065. Nightcore - Ghostbusters_noise_-5dB_sample1.wav",162,0,0,0,0,0,0,0,0,0,0,0,0,0,23,0,0,1,0,0,0,19,0,1,0,0,0,0,0,0,0,0,0,0,0,0,0,0,0,0,0,0,0,0,0,0,0,0,0,0,0,0,0,1,0,0,0,0,0,0,0,0,0,0,0,0,0,0,0,0,0,0,0,0,0,0,0,0,0,0,0,0,0,0,0,1,0,0,0,0,0,0,0,0,0,0,3,0,0,0,0
"40_052. Lindsey Stirling - Moon Trance (Official Music Video)_noise_-5dB_sample2.wav",163,0,0,0,0,0,0,0,0,0,0,0,0,0,31,0,0,2,0,75,0,0,0,0,0,0,0,0,0,0,0,0,0,0,0,1,0,0,0,0,0,0,0,0,0,0,0,0,0,0,0,0,0,0,0,0,0,0,0,0,0,0,0,0,0,0,0,0,1,0,0,0,0,1,0,0,0,0,0,0,0,0,0,0,0,0,2,0,0,0,0,0,4,0,2,0,4,0,0,0,0
"55_009. Taylor Swift - Shake It Off_noise_-5dB_sample2.wav",161,0,0,0,0,0,0,6,0,0,0,0,0,1,32,0,0,1,0,0,1,0,0,0,0,1,0,0,0,0,0,0,1,0,0,0,0,0,0,68,0,0,0,0,0,0,1,0,0,0,0,0,0,0,1,0,0,0,0,0,0,0,0,0,0,0,0,0,2,0,0,2,2,0,0,9,0,4,0,0,0,0,0,0,0,0,0,0,2,0,0,0,0,0,2,0,4,2,0,1,0
"90_064. Eurythmics, Annie Lennox, Dave Stewart - Sweet Dreams (Are Made Of This) (Official Video)_noise_-5dB_sample2.wav",152,0,0,0,0,0,0,0,0,0,0,0,0,0,33,0,0,4,0,0,0,0,0,0,0,0,0,0,0,0,0,0,0,0,0,0,0,0,0,0,0,0,0,0,0,0,0,0,0,0,0,0,0,0,0,0,0,0,0,0,0,0,0,0,0,0,0,0,0,0,0,0,0,0,0,0,0,0,0,0,0,0,0,0,0,0,0,0,0,0,0,0,0,0,0,0,0,0,0,4,0
"105_101. Yann Tiersen - Comptine d`un autre ete - l`apres-midi_noise_-5dB_sample2.wav",154,4,0,33,0,9,0,0,0,0,0,0,0,0,33,0,0,4,0,0,0,0,0,0,0,5,0,5,12,0,0,1,3,53,0,15,0,0,0,0,0,0,0,0,17,0,2,0,0,0,0,0,0,0,0,0,0,0,0,0,0,4,4,0,0,17,0,0,0,0,1,1001,0,0,9,10,0,0,0,0,0,0,0,0,0,0,17,0,0,0,0,2,1,0,0,0,4,0,0,2,0
"86_019. Naughty Boy - La la la ft. Sam Smith (Official Video)_noise_-5dB_sample1.wav",152,0,1,0,0,0,0,0,0,0,0,0,0,1,33,0,0,2,0,0,0,0,0,0,0,2,1,0,0,0,0,2,27,0,0,0,0,0,0,0,0,0,0,0,0,0,0,0,0,0,0,0,2,0,0,0,0,0,0,0,0,0,0,0,0,0,0,0,0,0,1,0,0,0,0,0,0,0,0,0,0,0,0,0,0,0,0,4,0,0,0,0,0,0,0,0,2,0,0,0,0
"19_054. Owl City - When Can I See You Again (From Wreck it Ralph)_noise_-5dB_sample2.wav",152,0,0,0,0,0,0,0,0,0,0,0,0,0,30,0,0,4,0,0,0,0,0,0,0,1,0,0,0,0,0,0,0,0,0,1,0,0,0,0,0,0,4,0,0,0,0,0,0,0,0,0,0,0,0,0,0,0,0,0,0,0,0,0,0,0,0,0,0,0,21,0,0,0,0,0,0,0,0,0,0,0,0,0,0,0,0,0,0,0,0,0,0,0,0,0,2,0,0,0,0
"41_The Bidding_noise_-5dB_sample2.wav",155,3,0,0,0,0,0,0,0,0,0,0,0,0,33,0,0,2,0,1,0,0,0,0,0,1,0,0,0,0,0,0,0,0,0,2,0,0,0,0,0,0,0,0,0,0,0,0,0,0,0,0,0,0,0,0,0,0,0,0,0,0,0,0,0,0,0,0,0,0,0,0,0,0,0,0,0,0,0,0,0,0,0,0,0,0,0,0,0,0,0,0,0,0,0,0,2,0,0,0,0
"84_001. Anna Kendrick - Cups_noise_-5dB_sample1.wav",151,0,0,0,0,0,0,0,0,0,0,0,0,0,30,0,0,2,0,1,0,0,0,0,0,0,0,0,0,0,0,0,0,0,1,1,0,0,0,0,0,0,0,0,0,0,0,0,0,0,0,0,0,0,0,0,0,0,0,0,0,0,0,0,0,0,0,0,0,0,0,0,0,2,0,0,0,0,0,0,0,0,0,0,0,0,0,0,0,0,0,0,0,0,1,0,0,0,0,1,0
"74_029. David Guetta - Hey Mama (Official Video) ft Nicki Minaj, Bebe Rexha & Afrojack_noise_-5dB_sample1.wav",154,0,0,0,0,0,0,0,0,0,0,0,0,0,32,0,0,2,0,0,0,0,0,0,0,1,0,0,0,0,3,0,5,0,0,0,1,0,0,1,0,0,0,0,0,0,0,1,0,0,0,0,0,0,7,0,0,0,0,0,0,0,0,1,0,0,0,0,0,0,0,6,0,2,0,0,0,0,0,0,0,0,0,0,0,0,0,0,0,0,0,0,15,0,1,0,4,1,0,0,0
"94_Banana Man_noise_-5dB_sample2.wav",206,0,0,0,0,0,0,0,0,0,0,0,0,0,24,0,0,2,0,0,0,0,0,0,0,1,0,0,0,0,0,0,0,0,0,0,1,0,0,1,0,0,0,0,0,0,0,0,0,0,0,0,0,0,0,0,0,0,0,0,0,0,0,0,0,0,0,0,0,0,0,1,0,0,0,0,0,0,0,0,0,0,0,0,0,0,0,0,0,0,0,0,0,0,0,0,2,0,0,0,0
"21_085. Janji ft. Johnning - Heroes Tonight 1 HOUR_noise_-5dB_sample1.wav",157,0,0,0,0,0,0,0,0,0,0,0,0,1,33,0,0,2,0,0,0,0,0,0,0,1,0,0,0,0,0,0,1,0,0,2,0,0,0,1,0,0,0,0,0,0,0,0,0,0,0,0,0,0,0,0,0,0,0,0,0,0,0,0,0,0,0,0,0,0,0,0,0,0,0,0,0,0,0,0,0,0,0,0,0,0,0,0,0,0,0,0,0,0,0,0,2,0,0,1,0
"17_084. Thomas Rhett - Crash and Burn_noise_-5dB_sample1.wav",151,0,0,0,0,0,0,0,0,0,0,0,0,0,31,0,9,0,0,0,0,0,0,0,3,0,0,0,0,0,0,0,0,0,7,0,0,0,0,0,0,0,0,0,0,0,1,0,0,0,0,0,0,0,0,0,0,0,0,0,0,0,0,0,0,0,0,0,0,0,0,0,0,0,0,0,0,16,0,0,0,0,0,0,0,0,0,0,0,1,0,0,0,0,0,0,2,0,0,0,0
"27_022. Major Lazer & DJ Snake - Lean On (feat. MØ) [Official Music Video]_noise_-5dB_sample1.wav",246,0,0,0,0,0,0,0,0,79,0,11,0,0,26,0,0,2,0,0,0,0,0,0,0,0,0,0,0,0,0,0,0,0,0,0,0,0,0,0,0,0,3,0,0,8,1,18,0,1,0,0,0,0,0,0,0,0,0,0,3,0,0,0,0,0,0,0,0,0,0,0,0,0,0,0,0,0,0,0,0,0,0,0,3,0,0,0,0,0,0,0,0,0,0,0,6,0,0,1,0
"47_020. Warriors (ft. Imagine Dragons)  Worlds 2014 - League of Legends_noise_-5dB_sample2.wav",208,0,0,0,0,0,0,0,0,0,0,0,0,0,33,0,2,2,0,0,0,0,0,0,0,0,0,0,0,0,0,0,0,0,0,0,0,0,0,0,0,0,0,0,0,0,9,0,0,0,0,0,0,0,0,0,0,0,0,0,0,0,0,0,0,0,0,0,0,9,0,0,0,1,0,0,0,0,0,0,0,0,0,0,0,0,0,0,0,0,0,0,0,0,2,0,2,0,0,0,0
"79_095. Alan Walker - Alone_noise_-5dB_sample2.wav",163,0,0,0,0,0,0,0,0,0,0,0,0,0,33,0,0,2,0,0,0,0,0,0,0,0,0,0,0,0,0,0,0,0,0,0,0,0,0,8,0,0,0,0,0,0,0,9,0,0,0,2,0,1,0,0,0,0,40,0,0,0,0,0,0,0,0,1,1,0,0,0,0,0,0,0,0,0,0,0,0,0,0,0,2,0,0,0,0,0,0,0,0,0,0,0,4,0,0,2,0
"86_019. Naughty Boy - La la la ft. Sam Smith (Official Video)_noise_-5dB_sample2.wav",161,0,0,0,2,0,0,0,0,0,0,0,0,0,33,0,0,4,1,1,0,0,0,0,0,0,0,1,0,0,0,0,2,0,0,0,0,0,0,0,0,0,0,0,0,0,0,0,0,0,0,0,0,0,0,0,0,0,0,0,0,0,0,0,0,1,0,0,0,0,1,0,0,3,0,0,0,0,0,0,0,0,0,0,0,0,0,6,0,0,0,0,0,0,0,0,0,0,0,1,0
"85_011. Martin Garrix - Animals (Official Video)_noise_-5dB_sample1.wav",160,0,0,0,0,0,0,0,0,0,0,0,0,9,33,0,0,4,0,0,0,0,0,0,0,2,0,0,0,0,0,1,0,0,0,1,0,0,0,1,0,0,0,0,0,1,2,1,0,0,0,0,0,2,0,0,0,0,0,0,1,0,0,0,0,0,0,0,0,0,0,2,0,1,0,0,0,0,0,0,0,1,0,0,0,0,0,0,0,0,0,0,0,0,1,0,2,2,0,1,11
"98_021. Alan Walker - Faded_noise_-5dB_sample2.wav",155,146,0,4,0,0,3,0,0,2,0,0,0,0,31,0,0,1,0,0,0,0,0,0,57,2,0,0,0,0,1,0,0,0,57,0,0,1,0,1,0,0,6,0,0,7,18,59,0,31,4,385,5,68,1,0,0,0,0,5,10,0,0,0,0,6,0,0,0,0,0,0,0,0,3,0,0,0,0,0,0,0,0,0,4,0,0,0,0,0,0,0,0,4,0,0,0,0,0,2,0
"9_034. Pitbull - Timber (Official Video) ft. Ke$ha_noise_-5dB_sample2.wav",165,0,0,0,0,0,0,0,0,0,0,0,0,0,26,0,0,2,0,0,0,0,0,0,0,0,0,0,0,0,0,0,0,0,0,0,0,0,0,0,0,0,0,0,0,0,0,0,0,0,0,0,0,0,0,0,0,0,0,0,0,0,0,0,0,0,0,0,0,0,0,0,0,0,0,0,0,0,0,0,0,0,0,0,0,0,0,0,0,0,0,0,0,0,0,0,0,0,0,1,0
"69_066. Jessie J - Bang Bang ft. Ariana Grande, Nicki Minaj_noise_-5dB_sample2.wav",155,0,0,0,0,0,0,0,0,0,0,0,0,0,25,0,0,1,0,0,0,0,0,0,0,0,0,0,0,0,0,0,0,0,0,0,0,0,0,0,0,0,0,1,0,0,4,0,0,8,0,1,0,0,0,9,0,0,0,0,0,0,0,0,0,0,0,0,0,0,0,0,0,0,0,0,0,0,0,0,0,0,0,0,0,0,0,0,0,0,0,0,0,0,0,0,0,0,0,0,0
"35_036. Fall Out Boy - Centuries (Official Video)_noise_-5dB_sample2.wav",157,0,0,0,0,0,0,0,0,0,0,0,0,7,32,0,0,2,0,0,0,0,0,0,0,1,0,0,0,0,0,2,0,0,0,0,1,0,3,1,0,0,0,0,0,0,0,0,0,0,0,0,0,0,0,0,0,0,0,0,0,0,4,0,0,0,0,0,0,0,0,0,0,0,0,0,0,0,0,0,0,0,0,0,0,0,2,0,0,0,0,0,0,0,0,0,4,0,0,0,0
"96_089. American Boy by Estelle and Kanye West_noise_-5dB_sample1.wav",169,0,0,0,1,0,0,0,0,0,0,0,0,0,33,0,0,1,0,0,0,0,0,0,0,1,0,0,0,0,0,0,0,0,0,0,0,0,0,0,0,0,0,0,0,0,0,0,0,0,0,0,0,0,0,0,0,0,0,0,0,0,0,0,0,0,1,0,0,0,0,0,0,0,0,0,0,0,0,0,0,0,0,0,0,0,0,0,0,0,0,0,0,0,0,0,0,0,0,0,0
"16_038. P!nk - Just Give Me A Reason ft. Nate Ruess_noise_-5dB_sample1.wav",175,0,0,0,0,0,0,0,0,0,0,0,0,1,33,0,0,3,0,0,2,0,0,0,0,1,0,0,0,0,0,0,0,0,0,0,0,0,0,0,0,0,0,0,0,0,0,0,0,5,0,0,0,0,0,0,0,0,0,0,0,0,4,0,11,0,0,0,2,0,0,0,0,27,0,0,0,0,0,0,0,0,0,0,0,0,0,0,0,0,0,0,3,0,0,0,2,0,2,0,44
"34_The Trap_noise_-5dB_sample1.wav",199,0,0,0,0,0,0,0,0,0,0,0,0,0,28,3,0,2,0,0,0,0,0,0,0,0,0,0,0,0,0,0,0,0,0,0,0,0,0,0,0,0,0,0,0,0,293,0,0,1,0,0,0,0,0,0,0,0,0,0,0,0,0,0,0,0,0,0,0,0,0,0,0,0,0,0,0,0,0,0,0,0,0,0,0,0,0,0,0,0,0,0,0,0,0,0,0,0,0,0,0
"28_074. American Authors - Best Day Of My Life_noise_-5dB_sample2.wav",210,0,0,1,0,0,0,6,0,0,0,0,0,0,33,0,0,12,0,2,0,3,0,0,0,1,0,0,0,0,0,0,0,6,0,1,0,0,0,1,0,0,0,0,0,0,0,0,0,0,0,0,0,0,0,0,0,0,0,0,0,0,0,0,0,4,0,0,0,0,0,3,0,0,1,0,0,0,0,0,0,0,0,0,0,0,0,0,0,0,1,0,0,0,1,0,2,0,0,1,0
"31_058. Rub Some Bacon on It_noise_-5dB_sample2.wav",230,0,0,0,0,0,0,0,0,0,2,0,0,0,33,1,0,2,0,0,0,0,0,0,0,2,0,0,0,0,0,0,0,0,0,0,0,0,0,0,0,0,0,0,0,0,0,0,0,0,0,0,0,0,0,0,0,0,0,0,0,0,0,0,0,0,0,0,2,0,0,7,0,2,0,0,0,0,0,0,0,0,0,0,0,0,0,0,0,0,1,0,0,0,0,0,2,4,0,0,0
"22_094. Harry Potter Puppet Pals - The Mysterious Ticking Noise (Video With Lyrics)_noise_-5dB_sample1.wav",157,0,0,0,0,0,0,0,0,0,0,0,0,2,24,0,0,1,0,0,0,0,0,0,0,0,0,0,0,1,0,0,0,0,0,0,0,0,0,0,0,0,0,0,0,0,0,0,0,0,0,0,0,0,0,0,0,0,0,0,0,0,0,0,0,0,0,0,0,0,0,0,0,0,0,0,0,0,0,0,0,0,0,0,0,0,0,0,0,0,0,0,0,0,1,0,2,0,0,0,0
"92_025. Fall Out Boy - Immortals (From Big Hero 6)_noise_-5dB_sample1.wav",156,0,0,0,1,0,0,1,0,0,0,0,0,0,30,0,0,3,0,0,0,0,0,0,0,2,0,44,0,12,0,3,3,0,0,2,0,0,0,1,0,0,0,0,2,0,0,0,0,0,0,1,12,33,0,0,0,0,0,1,0,0,0,0,0,0,0,0,0,0,1,0,0,0,0,0,0,3,0,1,0,0,0,0,0,0,0,3,0,0,4,0,0,0,0,0,0,0,1,2,0
"14_099. Sheppard Geronimo - [International Version] (Official music Video)_noise_-5dB_sample2.wav",156,0,0,0,0,0,0,5,0,0,0,0,0,6,32,0,0,2,0,1,0,0,0,0,0,1,3,1,0,0,0,4,0,0,0,0,0,0,0,1,0,0,0,0,0,0,0,1,0,0,0,0,9,0,0,0,0,0,0,0,0,0,0,0,0,0,0,0,0,0,0,0,0,1,0,0,0,0,0,1,0,0,0,0,0,0,0,1,0,0,0,0,0,0,2,0,4,0,0,0,0
"14_099. Sheppard Geronimo - [International Version] (Official music Video)_noise_-5dB_sample1.wav",156,0,0,0,0,0,0,0,0,0,0,0,1,0,33,0,0,1,0,0,0,0,0,0,0,1,18,0,0,0,1,16,0,0,0,0,0,0,0,0,0,0,0,0,0,0,0,0,0,0,0,0,2,0,0,0,0,0,0,0,0,0,2,0,0,0,0,0,2,0,0,0,0,0,0,0,0,0,0,0,0,0,0,0,0,0,1,0,0,0,0,0,0,0,0,0,6,0,0,0,0
"38_082. Smoke and Mirrors_noise_-5dB_sample1.wav",157,0,0,0,0,0,0,0,0,0,0,1,0,1,33,0,0,4,0,1,0,0,0,0,0,1,0,0,0,0,0,0,0,0,0,0,0,0,0,0,0,0,0,0,0,0,3,1,0,37,0,0,0,0,3,0,0,0,0,0,0,0,0,0,0,0,0,0,0,0,0,0,0,0,0,0,0,0,0,0,0,0,0,0,0,0,0,0,0,0,0,0,0,0,0,0,0,0,0,1,0
"53_102. What_noise_-5dB_sample1.wav",152,0,0,0,0,0,0,0,0,0,0,0,0,0,33,0,0,3,0,1,0,0,0,0,0,1,0,0,0,4,0,0,10,0,0,0,1,0,0,0,0,0,0,0,0,0,0,0,0,0,0,0,0,0,0,0,0,0,0,0,0,2,0,0,0,0,0,0,0,0,0,0,0,0,0,0,0,0,0,0,0,1,0,0,0,0,0,0,0,0,0,0,0,0,0,0,2,0,0,0,0
"104_024. twenty one pilots Stressed Out [OFFICIAL VIDEO]_noise_-5dB_sample2.wav",154,0,0,0,0,0,0,0,0,0,0,0,0,0,30,0,0,2,0,0,0,0,0,0,0,0,0,0,0,0,0,0,0,0,0,0,0,0,0,1,0,0,0,0,0,0,0,0,0,0,0,0,0,0,0,0,0,0,0,0,0,0,0,0,0,0,0,0,0,0,0,0,0,0,0,0,0,0,0,0,0,0,0,0,0,0,0,0,0,0,0,0,0,0,0,0,4,0,0,0,0
"54_016. Taylor Swift - Blank Space_noise_-5dB_sample2.wav",157,0,0,0,0,0,0,0,0,0,0,0,0,2,33,0,0,4,1,0,4,0,0,0,0,1,0,0,0,0,0,0,0,0,0,0,0,0,0,0,0,0,0,0,0,0,0,0,0,0,0,0,0,0,0,0,0,0,0,0,0,0,0,0,0,0,2,0,0,0,0,5,0,0,0,0,0,0,0,0,0,0,0,0,0,0,0,0,0,0,0,0,0,0,0,0,2,0,0,0,0
"66_Cruel_Summer_noise_-5dB_sample1.wav",152,0,0,0,1,0,0,0,0,0,0,0,0,0,26,0,0,2,0,0,0,0,0,0,0,1,0,0,0,0,0,0,0,0,0,0,0,0,0,0,0,0,0,0,0,0,0,0,31,0,0,0,0,0,0,0,0,0,0,0,0,0,0,0,0,0,0,0,0,0,0,0,0,0,0,0,0,0,0,0,0,0,0,0,0,0,0,0,0,0,0,0,0,0,0,0,1,0,0,0,0
"4_003. Lorde - Royals (US Version)_noise_-5dB_sample1.wav",159,0,0,0,0,0,0,0,0,0,0,0,0,0,33,0,0,4,3,0,0,0,0,0,0,1,0,0,0,0,0,1,0,0,0,0,0,0,0,0,0,0,0,0,0,0,0,0,0,0,0,0,0,0,0,0,0,0,0,0,0,0,0,0,0,1,0,0,0,0,1,0,0,0,0,0,0,0,0,0,0,0,0,0,0,0,0,0,0,0,0,0,2,0,0,0,4,0,0,0,0
"35_036. Fall Out Boy - Centuries (Official Video)_noise_-5dB_sample1.wav",158,0,0,0,0,0,0,0,0,0,2,0,0,0,33,0,0,2,0,0,0,0,0,0,0,0,0,0,0,0,0,0,0,0,0,3,0,0,0,0,0,0,0,0,0,0,0,0,0,0,0,0,0,0,0,0,0,0,0,0,0,0,0,0,0,0,0,0,0,0,0,0,0,1,0,0,0,0,0,0,0,0,0,0,0,0,0,0,0,0,0,0,0,0,2,0,2,0,0,2,0
"59_014. Avicii - Hey Brother (Lyric)_noise_-5dB_sample1.wav",152,0,0,0,0,0,0,0,0,1,0,0,0,1,33,4,0,4,0,2,0,0,0,0,6,1,0,0,0,0,0,0,0,0,8,1,0,0,5,1,0,0,0,0,0,0,0,0,0,0,0,0,0,0,0,0,0,1,0,0,0,0,0,0,0,0,0,0,0,0,0,0,0,2,0,0,0,0,0,0,0,0,0,1,0,2,0,0,0,0,0,0,0,0,1,0,2,0,0,0,0
"36_072. Jessie J - Price Tag ft. B.o.B_noise_-5dB_sample2.wav",156,0,1,0,0,0,0,0,0,0,0,0,0,0,33,0,0,2,1,0,0,0,0,1,0,1,0,0,0,0,0,0,0,0,0,1,0,0,0,0,0,1,0,0,0,0,0,1,0,0,0,0,0,0,0,0,0,0,0,0,0,0,0,0,0,0,0,0,0,0,0,0,0,0,0,0,0,0,0,0,0,0,0,0,0,0,0,0,0,0,0,0,0,0,3,0,6,0,0,0,0
"42_046. Meghan Trainor - NO_noise_-5dB_sample2.wav",156,0,0,1,0,0,0,0,0,0,0,0,0,0,33,0,0,4,0,1,0,0,0,0,0,1,0,10,0,0,0,0,0,0,0,0,0,0,0,0,0,0,0,0,0,0,0,0,0,0,0,0,0,0,0,0,0,0,0,0,0,0,0,0,0,0,0,0,0,0,0,5,0,2,0,0,0,0,0,0,0,1,0,0,0,0,0,4,0,0,0,0,0,0,1,0,0,0,0,0,0
"52_007. Katy Perry - Dark Horse ft. Juicy J_noise_-5dB_sample2.wav",153,0,0,0,0,0,0,0,0,2,0,0,0,0,33,0,0,2,0,0,0,0,0,0,0,1,0,0,0,0,0,0,0,0,0,0,0,0,0,0,0,0,0,0,0,0,0,0,0,0,0,0,0,0,0,0,0,0,0,0,0,0,0,1,0,0,0,0,0,0,0,0,0,0,0,0,0,0,0,0,0,0,0,0,0,0,0,0,0,0,2,0,0,0,0,0,2,0,0,51,0
"16_038. P!nk - Just Give Me A Reason ft. Nate Ruess_noise_-5dB_sample2.wav",153,0,0,0,0,0,0,0,0,0,0,0,0,0,32,0,0,0,0,0,0,0,0,0,0,0,0,0,0,0,0,0,0,0,0,0,0,0,0,0,0,0,0,0,0,0,0,0,0,5,0,0,0,0,0,0,0,0,0,0,0,0,4,0,14,0,0,0,2,0,0,0,0,41,0,0,0,0,0,0,0,0,0,0,0,0,0,0,0,0,0,0,2,0,0,0,2,0,2,1,66
"26_017. David Guetta - Titanium ft. Sia (Official Video)_noise_-5dB_sample1.wav",155,0,0,0,0,0,0,0,0,0,0,0,0,0,33,0,0,2,0,1,0,0,0,0,0,3,0,0,0,0,0,0,0,0,0,0,1,0,0,0,0,0,0,0,0,0,0,1,0,0,0,0,0,0,0,0,0,0,0,2,0,0,0,0,0,0,0,0,0,0,0,0,0,1,0,1,1,0,0,0,0,0,0,0,0,0,3,0,0,1,0,0,0,0,3,0,4,0,0,0,0
"63_087. Anaconda - Nicki Minaj  The Fitness Marshall  Dance Workout_noise_-5dB_sample2.wav",156,0,0,0,0,0,0,0,0,0,0,0,0,0,33,0,0,6,0,0,0,0,0,0,0,1,0,0,0,0,0,1,0,0,0,0,1,0,0,0,0,0,0,0,0,0,0,0,0,0,0,0,0,0,0,0,0,0,0,0,0,0,0,0,0,0,0,0,0,0,0,0,0,0,0,0,0,0,4,0,0,0,0,0,0,0,0,0,0,0,0,0,0,0,1,0,0,0,0,2,0
"88_033. Fifth Harmony - Worth It (Official Video) ft. Kid Ink_noise_-5dB_sample1.wav",155,0,0,0,0,0,0,0,0,2,35,0,0,0,31,0,0,4,0,0,0,0,0,0,0,0,0,0,0,0,0,0,0,0,3,0,1,0,0,0,0,0,0,0,0,0,0,1,0,0,0,0,1,0,0,0,0,0,0,0,0,1,0,0,0,0,0,0,0,0,0,0,0,6,0,0,11,0,0,0,0,0,0,0,0,0,0,0,0,0,0,0,0,0,1,0,2,8,0,2,0
"2_023. Rachel Platten - Fight Song (Official Video)_noise_-5dB_sample2.wav",155,0,0,8,0,0,0,0,0,0,0,0,0,0,33,2,0,2,0,0,0,0,0,0,0,1,7,0,0,0,9,0,2,0,0,0,0,0,0,1,0,0,0,0,1,0,0,0,0,5,0,0,0,0,0,0,0,0,0,0,0,0,0,0,0,0,1,0,2,0,0,1,0,0,0,0,0,3,0,0,0,0,0,4,0,0,0,0,0,0,0,3,1,0,0,0,4,2,0,0,0
"100_059. Nilla Wafer Top Hat Time  Song - Rhett & Link_noise_-5dB_sample1.wav",156,0,0,0,0,0,0,6,0,0,0,0,2,0,30,0,0,4,0,1,0,0,0,0,0,2,0,0,0,0,0,1,0,0,0,0,2,0,0,1,1,0,0,1,0,0,0,0,0,14,0,0,0,0,0,0,0,0,0,0,0,0,0,0,0,0,0,0,0,0,0,0,9,0,2,0,0,0,0,0,0,0,0,0,0,0,0,0,213,0,0,0,0,0,2,0,4,0,0,0,0
"1_028. Capital Cities - Safe And Sound_noise_-5dB_sample1.wav",155,0,0,0,0,0,0,0,3,0,2,0,0,0,31,0,0,2,0,0,0,0,0,1,0,1,0,0,0,11,0,0,19,0,0,0,25,0,0,0,0,0,0,0,0,0,0,0,0,0,0,0,0,3,0,0,0,0,0,0,0,0,0,0,0,0,0,0,0,1,0,14,0,0,0,0,0,0,0,1,0,0,0,0,0,0,0,0,0,0,0,0,0,0,0,0,0,0,0,0,0
"38_082. Smoke and Mirrors_noise_-5dB_sample2.wav",153,0,0,0,0,0,0,0,0,0,0,0,0,2,29,0,0,2,0,0,0,0,0,0,0,2,0,0,0,0,0,0,0,0,0,0,0,0,0,2,0,0,0,0,0,0,0,0,0,0,0,0,0,0,0,0,0,0,0,0,0,0,0,0,0,0,0,0,0,0,0,0,0,0,0,0,0,0,0,0,0,0,0,0,0,0,0,0,0,0,0,0,0,0,0,0,2,0,0,0,0
"39_051. Galantis - No Money (Official Video)_noise_-5dB_sample2.wav",172,0,3,0,1,0,0,0,0,0,0,0,0,0,33,1,0,2,0,0,0,0,0,0,0,0,0,0,0,3,3,6,121,0,0,0,1,0,0,0,0,1,0,0,0,0,0,0,0,0,0,0,0,0,0,0,0,0,0,0,0,0,0,7,0,0,0,0,0,0,0,7,0,0,0,0,0,0,0,0,0,0,0,0,0,0,0,0,0,0,0,0,0,0,0,0,2,0,0,1,4
"87_079. twenty one pilots Heathens (from Suicide Squad The Album) [OFFICIAL VIDEO]_noise_-5dB_sample2.wav",152,0,0,23,0,0,0,9,0,0,0,0,0,0,25,1,0,3,1,0,0,0,0,0,0,0,8,0,0,0,28,0,21,0,3,0,4,0,0,1,0,0,0,0,0,0,0,6,0,37,0,0,0,0,0,0,0,11,0,0,0,0,0,0,0,24,0,0,0,0,0,9,0,0,0,27,0,5,0,0,0,1,6,3,0,0,0,0,0,0,0,3,1,0,30,0,6,1,0,1,0
"32_086. Olly Murs - Grow Up (Official Video)_noise_-5dB_sample1.wav",155,0,0,0,0,1,0,0,0,0,0,16,1,0,31,0,0,1,0,0,0,0,0,0,0,0,0,0,0,0,0,0,0,0,0,0,0,0,0,0,0,0,0,0,0,6,0,15,0,0,0,0,0,0,0,0,0,0,0,0,0,0,0,0,0,0,0,0,0,0,0,0,0,0,0,0,0,0,0,8,0,0,0,0,0,0,0,0,0,0,0,0,0,0,0,0,4,0,0,0,0
"80_077. Emeli Sandé - Hurts_noise_-5dB_sample2.wav",172,0,0,77,2,25,0,6,0,2,0,0,0,6,33,1,1,2,4,0,0,0,0,0,0,10,2,19,11,18,12,10,6,113,0,1,2,0,0,1,0,0,0,0,85,0,6,0,0,0,0,11,0,0,0,0,0,10,0,5,1,0,0,0,0,33,0,3,0,0,8,10,0,0,20,10,0,0,1,0,0,4,0,2,0,0,35,0,0,0,0,2,0,2,0,0,2,0,0,0,0
"90_064. Eurythmics, Annie Lennox, Dave Stewart - Sweet Dreams (Are Made Of This) (Official Video)_noise_-5dB_sample1.wav",210,0,0,0,0,0,0,0,0,0,0,0,0,0,33,0,0,2,0,0,0,0,0,0,0,2,0,0,0,0,0,0,0,0,0,0,0,0,0,0,0,0,0,0,0,0,0,0,0,0,0,0,0,0,0,0,0,0,0,0,0,0,0,0,0,0,0,0,0,0,0,0,0,0,0,0,0,0,0,0,0,0,0,0,0,0,0,0,0,17,0,0,0,0,2,0,2,0,0,0,0
"99_080. Melanie Martinez - Carousel (Official Music Video)_noise_-5dB_sample1.wav",156,0,1,0,1,0,0,0,0,0,0,0,0,1,33,0,0,0,2,0,0,0,0,0,0,0,1,0,0,1,0,2,0,0,0,1,0,0,0,0,0,0,0,0,0,0,0,0,0,0,0,0,0,0,0,0,0,1,0,0,0,0,0,0,0,4,0,177,0,0,3,0,0,1,0,2,0,0,0,0,0,0,0,0,0,0,0,3,0,0,0,0,0,0,2,0,2,0,0,2,0
"30_Cannibal_noise_-5dB_sample2.wav",157,0,0,0,0,0,0,0,0,0,0,0,0,0,33,0,0,2,0,1,0,0,0,0,0,2,0,0,0,5,0,0,2,0,0,17,2,0,0,0,0,0,0,0,0,0,0,1,0,0,0,0,0,0,0,0,0,0,0,0,0,0,0,0,0,0,0,0,0,1,0,0,0,1,0,0,0,0,0,0,0,1,0,3,0,0,4,0,0,0,0,2,0,0,1,0,0,0,0,2,0
"44_Sacred Beast_noise_-5dB_sample1.wav",155,0,0,0,0,0,0,0,0,0,0,0,0,0,29,4,0,2,0,1,0,0,0,0,1,0,0,0,0,0,0,0,0,0,1,0,0,0,0,1,0,0,0,0,0,0,0,0,0,0,0,0,0,0,8,0,0,0,0,0,0,0,0,0,0,0,0,0,0,0,0,0,0,0,0,0,0,4,0,0,0,0,0,0,0,0,0,0,0,0,0,0,0,0,0,0,4,0,0,0,0
"92_025. Fall Out Boy - Immortals (From Big Hero 6)_noise_-5dB_sample2.wav",155,0,0,0,1,0,0,0,0,0,0,0,0,6,33,0,0,4,1,1,0,0,0,7,0,3,0,4,0,1,0,4,0,9,0,0,0,0,0,0,0,0,0,0,3,0,0,0,0,0,0,0,0,1,0,0,0,0,0,3,0,0,0,0,0,1,0,0,0,0,0,0,0,2,0,4,0,0,0,0,0,0,0,1,0,0,0,0,0,0,0,0,0,0,0,0,6,0,0,1,0
"61_045. The Black Eyed Peas - I Gotta Feeling (Official Music Video)_noise_-5dB_sample1.wav",157,0,0,0,0,0,0,0,0,0,0,0,0,0,33,2,0,3,0,0,0,0,0,0,0,0,0,0,0,0,0,0,0,0,0,0,0,0,0,0,0,0,0,0,0,1,0,0,0,0,0,0,0,0,0,0,2,0,0,0,0,0,0,0,0,0,0,0,0,0,0,0,0,0,0,0,0,0,0,0,0,0,0,1,0,14,0,0,0,0,0,0,0,0,1,0,2,0,0,0,0
"23_048. Pharrell Williams - Happy (Official Music Video)_noise_-5dB_sample2.wav",156,1,0,0,0,0,0,0,0,0,0,0,0,0,22,0,0,3,0,0,0,0,0,0,0,1,0,0,0,0,0,0,0,0,0,1,1,0,0,0,0,0,0,0,0,0,0,0,0,0,0,0,0,0,0,0,0,0,0,0,0,0,0,0,0,0,0,0,1,0,0,0,0,1,0,0,0,0,0,0,0,0,0,0,0,0,0,0,0,0,21,0,0,0,2,0,0,0,0,1,0
"21_085. Janji ft. Johnning - Heroes Tonight 1 HOUR_noise_-5dB_sample2.wav",158,0,0,0,0,0,0,0,0,0,0,0,0,0,30,0,0,4,0,0,0,0,0,0,9,2,0,0,0,0,3,3,0,0,9,0,0,0,0,0,0,0,0,0,0,2,1,0,0,7,0,0,5,0,0,0,0,0,0,0,1,0,0,0,0,2,0,0,1,0,0,0,0,0,2,0,2,0,0,0,0,0,0,1,0,0,0,0,0,0,0,0,0,0,0,0,2,0,0,0,0
"91_Greener_noise_-5dB_sample2.wav",156,2,0,0,0,0,0,0,0,0,0,1,1,0,31,0,0,2,0,0,0,0,0,0,0,0,0,0,0,0,0,0,2,0,0,0,0,0,0,0,0,0,0,0,0,0,0,1,0,0,0,0,0,0,0,0,0,0,0,0,0,0,0,0,1,0,0,0,0,0,0,0,0,0,0,0,0,0,0,0,0,0,0,0,0,0,0,0,0,0,0,0,0,0,1,0,6,0,0,1,0
"51_088. Steven Universe - We Are The Crystal Gems_noise_-5dB_sample1.wav",154,0,0,0,0,0,0,0,0,0,0,0,0,0,31,0,2,4,0,1,0,0,0,0,0,2,0,0,0,0,0,0,0,0,0,0,0,0,0,1,0,0,0,0,0,0,0,0,0,0,0,0,0,0,0,0,0,0,0,0,0,0,0,0,0,0,0,0,0,0,0,0,76,0,0,0,0,20,0,0,0,0,0,0,0,0,0,0,0,0,0,0,0,0,0,0,4,0,0,0,0
"73_Turn the Lights Off_noise_-5dB_sample1.wav",154,0,0,0,0,0,0,7,0,0,0,0,0,0,33,0,0,2,0,0,0,0,0,0,0,1,0,0,1,3,0,0,0,0,0,0,0,0,0,0,0,0,0,0,1,0,0,0,0,0,0,0,0,0,0,0,0,0,0,0,0,0,0,2,0,0,0,0,0,0,0,7,0,0,0,0,0,0,0,0,0,0,0,0,0,0,1,0,0,0,0,0,0,0,0,0,2,0,0,0,0
"83_004. Katy Perry - Roar_noise_-5dB_sample2.wav",159,0,0,0,0,0,0,0,0,0,0,0,0,0,33,0,0,4,0,0,0,0,0,0,0,2,0,0,0,0,0,0,0,0,0,0,0,0,0,0,0,0,0,0,0,0,0,0,0,0,0,0,0,0,0,0,0,0,0,0,0,0,0,0,0,0,0,0,0,0,0,0,0,0,0,0,0,0,0,0,0,0,0,0,0,0,0,0,0,0,2,0,0,0,1,0,4,0,0,2,0
"80_077. Emeli Sandé - Hurts_noise_-5dB_sample1.wav",155,0,0,0,0,0,0,0,0,0,0,0,0,0,26,0,0,4,0,0,0,0,0,0,0,2,0,0,0,0,0,0,0,0,0,0,0,0,0,0,0,0,0,0,7,0,0,0,0,0,0,0,0,0,0,0,0,0,0,0,0,0,0,0,0,0,0,0,0,0,0,0,0,1,0,0,0,0,0,0,0,0,0,0,0,0,0,1,0,0,0,0,0,0,0,0,0,0,0,0,0
"103_037. Calvin Harris, Rihanna - This Is What You Came For (Official Video) ft. Rihanna_noise_-5dB_sample2.wav",156,0,0,66,0,3,0,31,0,11,0,0,0,0,33,0,0,12,0,0,0,0,0,0,0,1,0,0,0,0,26,0,14,0,0,17,3,0,0,4,0,0,0,0,0,0,0,24,0,20,0,0,0,0,3,0,0,0,0,0,0,0,15,0,0,1,2,1,1,0,0,28,0,0,0,16,0,20,0,0,0,0,0,0,0,0,0,0,0,0,0,0,6,0,31,3,2,0,0,0,51
"104_024. twenty one pilots Stressed Out [OFFICIAL VIDEO]_noise_-5dB_sample1.wav",160,0,0,23,0,0,0,1,0,0,0,0,0,0,33,3,0,3,0,0,0,0,0,0,0,2,20,0,0,0,32,0,5,0,0,1,0,0,0,0,0,0,0,0,5,0,0,1,0,14,0,0,0,0,0,0,0,0,0,0,0,0,4,0,0,0,8,0,6,0,0,2,0,1,0,0,0,8,0,0,0,2,1,21,0,0,0,0,0,0,0,8,3,0,3,0,2,6,0,1,3
"91_Greener_noise_-5dB_sample1.wav",154,0,0,0,0,0,0,0,0,0,0,0,0,0,33,0,0,2,0,0,0,0,0,0,0,0,0,0,0,0,0,0,0,0,0,0,0,0,0,0,0,0,0,0,0,0,0,0,0,0,0,0,0,0,0,0,0,0,0,0,0,0,0,0,1,0,0,0,0,0,0,0,0,0,0,0,0,0,0,0,0,0,0,0,0,0,0,0,0,0,0,0,0,0,0,0,2,0,0,0,0
"40_052. Lindsey Stirling - Moon Trance (Official Music Video)_noise_-5dB_sample1.wav",152,0,0,0,0,2,0,13,0,0,0,0,0,0,33,1,0,2,0,8,0,2,0,0,0,0,0,0,0,0,0,0,9,0,0,0,3,0,0,0,0,0,0,6,0,0,2,0,0,1,0,0,0,0,0,0,0,0,0,0,0,0,0,0,0,0,0,0,0,0,0,4,0,0,0,0,0,0,0,0,0,0,0,0,0,0,12,0,0,0,0,0,1,0,2,0,0,0,0,0,1
"99_080. Melanie Martinez - Carousel (Official Music Video)_noise_-5dB_sample2.wav",157,0,0,0,0,0,0,0,0,0,0,0,0,0,20,0,0,2,0,0,2,0,0,0,0,0,0,4,0,0,0,0,0,0,0,0,0,0,0,0,0,0,0,0,0,0,0,0,0,0,0,0,0,0,0,0,0,0,0,0,0,0,0,0,0,0,0,279,0,0,0,0,0,0,0,0,0,0,0,0,0,0,0,0,0,0,0,4,0,0,0,0,0,0,0,0,1,0,0,0,1
"64_097. Nightcore - Running With the Wolves [Lyrics]_noise_-5dB_sample1.wav",165,0,0,0,0,0,0,0,0,0,2,0,0,0,33,0,0,2,0,0,0,0,0,0,0,2,0,0,0,0,0,0,0,0,1,0,0,0,0,0,0,0,0,0,0,0,0,0,0,0,0,5,0,0,0,0,0,0,0,0,0,5,0,0,0,0,0,0,0,0,0,0,0,3,0,0,277,0,0,0,0,0,0,0,0,0,0,0,0,0,1,0,0,0,0,0,0,0,0,0,0
"42_046. Meghan Trainor - NO_noise_-5dB_sample1.wav",160,0,0,0,0,0,0,0,0,0,0,0,0,0,33,0,0,1,1,0,0,0,0,0,0,1,0,0,21,0,0,0,0,0,0,0,0,0,0,0,0,0,0,0,0,0,1,0,0,0,0,0,0,0,0,0,0,0,0,0,0,0,0,0,0,0,0,0,1,0,0,0,0,0,0,0,0,0,0,0,0,0,1,0,0,0,0,0,0,0,0,0,0,0,0,0,4,0,0,2,0
"6_043. Wintergatan - Marble Machine (music instrument using 2000 marbles)_noise_-5dB_sample2.wav",157,0,0,22,2,0,0,3,0,0,0,0,47,1,39,1,0,4,1,44,0,0,0,0,0,0,0,0,31,0,3,0,3,0,0,1,0,0,10,316,0,0,1,0,0,5,0,0,0,2,0,0,0,0,0,0,5,0,1,0,0,0,0,0,0,16,4,0,0,0,22,6,0,2,5,2,0,0,0,0,0,4,0,0,4,0,0,0,3,0,0,3,9,0,1,0,4,8,0,0,11
"8_081. The Beach Boys - I Get Around_noise_-5dB_sample1.wav",161,0,0,0,0,0,0,1,0,0,0,0,0,0,32,0,0,4,0,0,0,0,0,0,0,0,0,0,0,0,0,0,0,0,0,1,0,0,0,0,0,0,0,0,0,0,0,0,0,0,0,0,0,0,0,0,0,0,0,0,0,0,0,0,0,0,0,0,0,0,0,0,0,0,0,0,0,0,0,0,0,0,0,0,0,0,0,0,0,0,0,0,0,0,2,0,4,0,0,0,0
"0_096. Nightcore - Mad World_noise_-5dB_sample1.wav",157,0,0,0,0,0,0,0,0,0,0,0,0,0,28,0,0,2,0,0,3,0,0,0,0,1,0,0,0,0,0,1,0,0,0,0,1,0,0,0,0,0,0,0,0,0,0,0,0,0,0,0,0,0,0,0,0,0,0,0,0,0,0,0,0,0,0,0,1,0,0,0,0,0,0,0,0,0,0,0,0,0,0,0,0,0,0,0,0,0,0,1,0,0,0,0,0,0,0,1,0
"17_084. Thomas Rhett - Crash and Burn_noise_-5dB_sample2.wav",163,0,0,0,0,0,0,0,0,0,0,0,0,0,33,0,0,4,0,1,0,0,0,0,0,0,0,0,0,0,0,0,0,0,0,0,0,0,0,1,0,0,0,0,0,0,0,0,0,0,0,0,0,0,0,0,0,0,0,0,0,0,0,0,0,0,0,0,0,0,0,0,0,0,0,0,0,0,0,0,0,0,0,0,0,0,0,0,0,0,0,0,0,0,0,0,0,0,0,0,0
"13_030. Maroon 5 - Animals_noise_-5dB_sample1.wav",157,0,1,0,1,0,0,15,0,0,0,0,0,0,30,0,0,2,0,1,0,0,0,0,0,1,0,0,0,0,0,0,0,0,0,0,0,0,0,0,1,0,0,0,0,0,0,0,0,0,0,0,0,0,0,0,0,0,0,0,0,0,0,0,0,0,0,0,0,0,0,1,0,0,0,0,0,0,0,0,0,0,0,0,0,0,0,0,0,0,0,0,0,0,2,0,2,0,0,2,0
"37_063. Bastille - Pompeii (Official Music Video)_noise_-5dB_sample1.wav",154,0,0,9,2,0,0,0,0,0,0,0,0,0,33,0,0,0,0,0,0,0,0,1,0,0,0,0,0,0,0,0,0,0,0,0,0,0,0,0,0,0,0,0,0,0,0,0,0,0,0,0,0,0,0,0,0,0,0,1,0,0,0,0,0,0,0,0,0,0,1,0,0,0,0,1,0,0,0,0,0,0,0,4,0,0,2,0,0,0,0,0,0,0,0,0,4,0,0,2,0
"15_060. My OCD (Song)_noise_-5dB_sample1.wav",159,0,0,0,0,0,0,0,0,0,0,0,8,0,32,0,0,2,0,2,0,0,0,0,0,1,0,0,0,0,0,1,10,0,0,1,0,0,0,0,0,0,0,0,0,0,0,0,0,0,0,0,0,0,0,0,0,0,0,0,0,0,0,0,0,0,0,0,0,0,0,0,1,0,0,0,0,0,0,0,0,0,0,0,0,0,0,0,0,0,0,0,2,0,0,0,2,0,0,0,0
"43_098. Nightcore~ The Wolf_noise_-5dB_sample1.wav",154,0,0,2,0,0,0,0,0,0,1,0,0,2,31,0,0,4,0,0,0,0,0,0,0,1,0,0,0,1,0,0,0,0,0,0,0,0,10,0,0,0,0,0,0,1,5,5,0,0,1,5,0,0,0,0,0,0,0,0,4,0,0,0,0,0,0,0,0,0,0,0,0,0,0,0,0,0,0,0,0,0,0,0,1,0,0,0,0,0,0,0,0,0,0,53,2,0,0,4,0
"46_032. Katy Perry - Wide Awake (Official Video)_noise_-5dB_sample1.wav",221,0,0,51,0,186,0,0,0,2,0,0,0,0,33,0,0,2,0,0,0,0,0,0,0,0,0,0,0,0,0,0,0,0,3,0,1,0,0,3,0,0,0,0,0,0,12,4,1,0,0,0,0,0,1,0,0,1,0,12,0,0,2,0,0,0,0,0,0,0,0,0,0,0,0,0,0,0,0,0,0,0,0,0,0,0,3,0,0,0,3,0,0,0,5,1,6,0,0,0,0
"26_017. David Guetta - Titanium ft. Sia (Official Video)_noise_-5dB_sample2.wav",155,1,0,0,0,12,0,0,1,0,0,0,0,0,20,0,0,2,0,0,0,0,0,0,0,0,0,0,0,0,0,0,1,0,0,0,2,0,0,0,1,0,0,0,0,4,0,0,0,0,0,0,0,0,0,0,1,0,0,411,0,0,0,0,0,4,0,0,1,0,0,0,0,0,0,0,0,0,0,0,0,0,0,1,0,0,0,0,0,0,0,2,0,0,0,0,1,0,2,2,0
"82_A Lady_noise_-5dB_sample2.wav",177,0,0,1,0,0,0,0,2,2,0,0,0,0,33,0,0,4,0,0,0,0,0,0,0,4,0,0,2,3,0,1,0,0,0,0,0,0,1,3,0,0,0,0,0,0,50,0,0,0,0,1,0,0,0,0,0,0,0,0,1,1,0,0,0,0,0,5,0,0,0,17,0,0,0,0,0,0,0,0,0,0,0,0,0,0,0,0,0,0,0,0,0,0,0,0,0,0,0,0,0
"57_Numb_noise_-5dB_sample1.wav",155,0,3,0,0,0,0,0,0,0,0,0,0,0,31,11,0,4,0,2,0,0,0,0,0,0,0,3,0,0,3,0,4,0,2,0,0,4,0,0,9,0,0,0,0,0,0,0,0,1,0,0,0,0,0,0,0,0,0,0,0,0,0,0,0,0,0,0,0,0,6,8,0,0,0,0,0,0,0,1,0,0,0,0,0,0,31,0,0,0,3,0,0,0,0,0,4,0,0,0,0
"68_055. Madness - Our House (Official 4K Video)_noise_-5dB_sample2.wav",157,0,0,0,0,0,0,0,0,0,0,0,0,0,32,0,0,4,1,0,0,0,0,0,0,2,0,0,0,0,0,0,0,0,0,0,0,0,0,0,0,0,0,0,0,0,0,0,0,0,0,0,0,0,0,0,0,0,0,0,0,0,0,0,0,0,0,0,0,0,0,0,0,0,0,0,0,0,0,0,0,0,17,0,0,0,0,0,0,0,0,0,0,0,0,0,4,0,0,0,0
"93_015. Lukas Graham - 7 Years [Official Music Video]_noise_-5dB_sample2.wav",155,0,0,0,0,0,0,0,0,0,0,0,0,0,33,0,0,4,0,0,0,0,0,0,0,1,0,0,0,0,0,0,0,0,0,0,2,0,0,1,0,0,0,0,0,0,0,0,0,0,0,0,0,0,1,0,0,0,0,0,0,0,0,0,0,1,0,0,0,0,0,0,0,0,0,0,0,0,0,0,0,0,0,0,0,0,0,0,0,0,0,0,0,0,0,0,0,0,0,0,0
"88_033. Fifth Harmony - Worth It (Official Video) ft. Kid Ink_noise_-5dB_sample2.wav",157,0,0,0,0,0,0,0,0,0,0,0,0,0,33,0,0,2,1,1,0,0,0,0,0,2,0,0,0,0,0,3,0,0,0,1,0,0,0,0,0,0,0,0,0,0,0,0,0,0,0,0,0,0,0,0,0,0,0,0,0,0,0,0,0,0,0,0,0,0,0,0,0,0,0,0,0,0,0,0,0,0,6,0,0,0,0,0,0,0,0,0,1,0,0,0,2,0,0,0,0
"5_002. Avicii - Wake Me Up (Official Video)_noise_-5dB_sample2.wav",152,0,0,0,0,0,0,0,0,0,0,0,0,0,32,0,0,2,0,0,0,0,0,0,0,0,0,0,0,0,0,0,0,0,0,0,0,0,0,0,0,0,0,0,0,0,0,0,0,0,0,0,0,0,0,0,0,0,0,0,0,0,0,0,0,0,0,0,0,0,0,0,0,3,0,0,0,0,0,0,0,0,0,0,0,0,0,0,0,0,0,0,0,0,1,0,0,0,0,4,0
"19_054. Owl City - When Can I See You Again (From Wreck it Ralph)_noise_-5dB_sample1.wav",157,0,0,0,0,0,0,0,0,0,0,0,0,0,32,0,0,2,0,0,0,0,0,0,0,1,0,0,0,0,0,0,0,0,0,0,0,0,0,0,0,0,0,0,0,0,0,0,0,0,0,0,0,0,0,0,0,0,0,0,0,0,0,0,0,0,0,0,0,0,0,0,0,0,0,0,0,0,0,0,0,0,0,0,0,0,0,0,0,0,0,0,0,0,0,0,0,0,0,2,0
"3_100. Owl City & Carly Rae Jepsen - Good Time (Official Video)_noise_-5dB_sample1.wav",158,10,0,28,1,1,19,0,0,4,0,0,0,1,33,0,0,4,0,0,2,0,0,0,0,0,0,0,0,0,0,1,0,0,8,0,2,0,0,1,0,0,7,0,0,4,0,137,0,0,15,1,0,5,16,1,2,7,1,0,0,0,5,0,0,66,0,0,0,0,0,0,0,0,0,0,0,33,0,2,0,0,1,0,17,0,0,0,0,0,0,0,0,0,124,1,2,0,0,5,0
"49_050. Carly Rae Jepsen - I Really Like You_noise_-5dB_sample2.wav",153,0,0,5,3,0,0,0,0,0,0,0,20,0,30,0,0,4,0,11,0,0,0,0,1,0,0,0,1,0,0,0,0,0,0,0,0,0,0,80,0,0,0,0,0,4,0,0,0,6,0,0,0,0,0,0,4,0,0,0,1,0,0,0,0,7,0,0,0,0,13,0,0,0,4,0,0,0,0,0,0,0,0,0,2,0,0,0,0,0,0,0,0,0,0,0,2,7,0,0,0
"50_006. Wiz Khalifa - See You Again ft. Charlie Puth [Official Video] Furious 7 Soundtrack_noise_-5dB_sample1.wav",157,0,0,89,0,0,0,0,0,1,0,0,0,0,33,0,0,0,0,0,0,0,0,0,0,0,0,0,0,0,0,0,0,0,0,0,1,0,0,0,0,0,0,0,0,0,0,21,0,0,0,0,0,0,73,0,0,0,0,0,0,0,0,0,0,15,0,0,0,0,0,0,0,0,0,0,0,0,0,0,0,0,0,0,0,0,0,0,0,0,0,0,0,0,0,0,4,0,0,0,0
"101_070. Eminence - Knock Me Out (feat. Anna Cyzon) [Monstercat Official Music Video]_noise_-5dB_sample1.wav",159,0,0,0,0,0,0,33,0,0,0,0,0,2,33,3,0,2,0,1,0,1,0,0,0,1,0,0,0,5,0,0,97,0,0,0,1,0,0,0,0,0,0,0,3,0,0,0,0,0,0,0,0,0,4,0,0,0,0,0,1,0,0,0,0,0,0,0,0,0,0,0,0,0,0,0,0,0,0,3,0,0,0,0,0,0,8,0,0,0,0,1,0,0,0,0,2,1,0,0,7
"85_011. Martin Garrix - Animals (Official Video)_noise_-5dB_sample2.wav",155,0,0,0,0,0,0,0,0,0,0,0,0,0,33,0,0,0,0,0,0,0,0,0,0,0,0,0,0,0,0,0,0,0,0,0,0,0,0,0,0,0,0,0,0,0,0,0,0,0,0,0,0,0,0,0,0,0,0,0,0,0,0,0,0,0,0,0,0,0,0,0,0,0,0,0,0,0,0,0,0,0,0,0,0,0,0,0,0,0,0,0,0,0,0,0,0,0,0,0,0
"62_061. LEFT SCREEN ONLY Spot the Differences_noise_-5dB_sample1.wav",159,0,0,0,0,0,0,0,0,0,0,0,0,0,33,0,0,3,0,0,0,0,0,0,0,0,0,0,0,0,0,1,0,0,0,0,1,0,0,0,0,1,0,0,0,0,0,0,0,0,0,0,0,0,0,0,0,0,0,0,0,0,0,0,0,0,0,0,1,0,0,0,0,0,0,0,0,0,0,0,8,0,0,0,0,0,0,0,0,0,0,0,0,0,0,0,2,0,0,1,0
"71_083. My Singing Monsters - Plant Island Theme_noise_-5dB_sample2.wav",162,0,0,0,12,0,0,0,0,0,0,0,0,0,33,0,0,2,2,0,0,0,167,0,0,1,0,0,0,0,0,0,0,0,0,0,0,0,0,1,0,6,0,0,0,0,0,0,0,0,0,0,0,0,0,0,0,0,0,0,0,0,0,0,0,0,0,0,0,0,0,0,0,1,0,0,0,0,0,0,0,0,0,0,0,1,0,0,0,0,0,0,0,0,4,0,2,1,0,0,0
"68_055. Madness - Our House (Official 4K Video)_noise_-5dB_sample1.wav",151,0,0,0,0,0,0,0,0,0,0,0,0,0,33,0,0,7,0,0,0,0,0,0,0,0,0,0,0,0,0,0,0,0,0,0,0,0,0,0,0,0,0,0,0,0,0,0,0,0,0,0,0,0,0,0,0,0,0,0,0,0,0,0,0,0,0,0,0,0,0,0,0,1,0,0,0,0,0,0,0,0,0,0,0,0,0,0,0,0,0,0,0,0,2,0,0,0,0,0,0
"89_091. Faster Car - Anders Lystell feat. Kaliber [EPIDEMIC SOUND] (Lyrics)_noise_-5dB_sample2.wav",147,0,0,0,0,0,0,0,0,0,0,1,0,0,33,0,0,1,0,0,0,0,0,0,1,0,0,0,0,0,0,0,0,0,0,1,0,0,0,0,0,0,0,0,0,0,0,2,0,0,0,0,27,0,0,0,1,0,0,3,0,0,0,0,0,0,0,0,0,0,0,0,0,0,0,0,0,0,0,0,0,0,0,0,0,0,0,0,0,0,0,0,0,0,0,1,2,0,0,0,0
"52_007. Katy Perry - Dark Horse ft. Juicy J_noise_-5dB_sample1.wav",149,0,0,0,0,0,0,0,0,0,0,0,0,0,33,0,0,4,0,0,0,0,0,0,0,0,0,0,0,0,0,0,0,0,0,1,0,0,0,0,0,0,0,0,0,0,0,5,0,0,0,0,0,0,0,0,0,0,0,0,0,0,0,0,0,0,0,0,0,0,0,0,0,2,0,0,0,0,0,0,0,0,0,0,0,0,0,0,0,0,0,0,0,0,1,0,6,0,0,26,0
"97_075. Lindsey Stirling - Prism (Official Video)_noise_-5dB_sample2.wav",150,0,0,0,0,0,0,127,0,0,2,0,1,1,33,0,0,0,1,0,0,0,0,0,0,3,0,0,0,0,0,0,0,0,0,1,0,0,0,0,0,0,0,1,1,0,0,0,0,130,0,0,0,0,0,0,0,0,0,0,2,0,0,3,1,0,0,0,20,0,0,8,15,0,1,0,0,0,0,0,0,0,0,0,0,0,0,0,0,0,0,0,0,0,1,0,2,0,0,0,0
